file_name,a0_spectral_entropy_x,a0_spectral_centroid_x,a0_spectral_flatness_x,a0_spectral_bandwidth_x,a0_std_dev_time_diff_x,a0_mean_time_diff_x,a0_median_time_diff_x,a0_peaks_per_second_x,a0_percent_time_above_threshold_x,a0_num_boilings_x,a0_unused_peak_proportion_x,a0_skewness_x,a0_kurtosis_x,a0_crest_factor_x,a0_burstiness_x,a0_spectral_flux_x,a0_low_band_power_x,a0_mid_band_power_x,a0_high_band_power_x,a0_high_to_low_ratio_x,a0_mean_spectral_entropy_time_x,a0_var_spectral_centroid_time_x,a0_wavelet_energy_low_scale_x,a0_wavelet_energy_mid_scale_x,a0_wavelet_energy_high_scale_x,a0_regime_dominance_x,a0_rms_change_points_x,a0_skew_peak_magnitude_x,a0_kurtosis_peak_magnitude_x,a0_iqr_peak_magnitude_x,a1_spectral_entropy_x,a1_spectral_centroid_x,a1_spectral_flatness_x,a1_spectral_bandwidth_x,a1_std_dev_time_diff_x,a1_mean_time_diff_x,a1_median_time_diff_x,a1_peaks_per_second_x,a1_percent_time_above_threshold_x,a1_num_boilings_x,a1_unused_peak_proportion_x,num_peak_mag_high_diff_x,peak_mag_correlation_x,a1_skewness_x,a1_kurtosis_x,a1_crest_factor_x,a1_burstiness_x,a1_spectral_flux_x,a1_low_band_power_x,a1_mid_band_power_x,a1_high_band_power_x,a1_high_to_low_ratio_x,a1_mean_spectral_entropy_time_x,a1_var_spectral_centroid_time_x,a1_wavelet_energy_low_scale_x,a1_wavelet_energy_mid_scale_x,a1_wavelet_energy_high_scale_x,a1_regime_dominance_x,a1_rms_change_points_x,a1_skew_peak_magnitude_x,a1_kurtosis_peak_magnitude_x,a1_iqr_peak_magnitude_x,cluster,a0_spectral_entropy_y,a0_spectral_centroid_y,a0_spectral_flatness_y,a0_spectral_bandwidth_y,a0_std_dev_time_diff_y,a0_mean_time_diff_y,a0_median_time_diff_y,a0_peaks_per_second_y,a0_percent_time_above_threshold_y,a0_num_boilings_y,a0_unused_peak_proportion_y,a0_skewness_y,a0_kurtosis_y,a0_crest_factor_y,a0_burstiness_y,a0_spectral_flux_y,a0_low_band_power_y,a0_mid_band_power_y,a0_high_band_power_y,a0_high_to_low_ratio_y,a0_mean_spectral_entropy_time_y,a0_var_spectral_centroid_time_y,a0_wavelet_energy_low_scale_y,a0_wavelet_energy_mid_scale_y,a0_wavelet_energy_high_scale_y,a0_regime_dominance_y,a0_rms_change_points_y,a0_skew_peak_magnitude_y,a0_kurtosis_peak_magnitude_y,a0_iqr_peak_magnitude_y,a1_spectral_entropy_y,a1_spectral_centroid_y,a1_spectral_flatness_y,a1_spectral_bandwidth_y,a1_std_dev_time_diff_y,a1_mean_time_diff_y,a1_median_time_diff_y,a1_peaks_per_second_y,a1_percent_time_above_threshold_y,a1_num_boilings_y,a1_unused_peak_proportion_y,num_peak_mag_high_diff_y,peak_mag_correlation_y,a1_skewness_y,a1_kurtosis_y,a1_crest_factor_y,a1_burstiness_y,a1_spectral_flux_y,a1_low_band_power_y,a1_mid_band_power_y,a1_high_band_power_y,a1_high_to_low_ratio_y,a1_mean_spectral_entropy_time_y,a1_var_spectral_centroid_time_y,a1_wavelet_energy_low_scale_y,a1_wavelet_energy_mid_scale_y,a1_wavelet_energy_high_scale_y,a1_regime_dominance_y,a1_rms_change_points_y,a1_skew_peak_magnitude_y,a1_kurtosis_peak_magnitude_y,a1_iqr_peak_magnitude_y
Boiling_at_Heater_T85_RefVideo1.csv,4.126415678226095,2201.3717315729104,0.0929395727953503,2969.4094335875707,1.2170761835270267,1.4009133330406334,1.0072599997999496,0.7000014001489766,3.2e-05,0,1.0,-0.0047653199855695,0.0173692017705273,4.740627211048741,0.8687733600803167,3.905026007148242e-16,0.0088427657791084,0.1003843915413871,0.8907428058219918,100.73124496030694,3.682474312309492,295858.65892291773,19.939497518514106,57.84164174974809,17.166440007342057,0.0,2.0,-0.1604663843046261,-1.786452643611809,0.0020699363946914,4.823646506517054,3032.7111446470767,0.1771222790746755,3606.446928683538,0.0,0.0,0.0,0.0,0.0,0,0.0,0,0.0,0.0,0.0,0.0,0.0,0.0,0.0,0.0,0.0,0.0,0.0,0.0,0.0,0.0,0.0,0.0,0.0,0.0,0.0,0.0,0,4.126415678226095,2201.3717315729104,0.0929395727953503,2969.4094335875707,1.2170761835270267,1.4009133330406334,1.0072599997999496,0.7000014001489766,3.2e-05,0,1.0,-0.0047653199855695,0.0173692017705273,4.740627211048741,0.8687733600803167,3.905026007148242e-16,0.0088427657791084,0.1003843915413871,0.8907428058219918,100.73124496030694,3.682474312309492,295858.65892291773,19.939497518514106,57.84164174974809,17.166440007342057,0.0,2.0,-0.1604663843046261,-1.786452643611809,0.0020699363946914,4.823646506517054,3032.7111446470767,0.1771222790746755,3606.446928683538,0.0,0.0,0.0,0.0,0.0,0,0.0,0,0.0,0.0,0.0,0.0,0.0,0.0,0.0,0.0,0.0,0.0,0.0,0.0,0.0,0.0,0.0,0.0,0.0,0.0,0.0,0.0
Boiling_at_Heater_T98_RefVideo3.csv,3.616228482115903,1387.868379064046,0.0474191639635649,2011.2917842414745,0.0,0.0,0.0,0.0,0.0,0,0.0,0.0,0.0,0.0,0.0,0.0,0.0,0.0,0.0,0.0,0.0,0.0,0.0,0.0,0.0,0.0,0.0,0.0,0.0,0.0,4.068988025840776,1820.006497733073,0.096046210725818,2650.6821442672463,0.0,0.0,0.0,0.0,0.0,0,0.0,0,0.0,0.0,0.0,0.0,0.0,0.0,0.0,0.0,0.0,0.0,0.0,0.0,0.0,0.0,0.0,0.0,0.0,0.0,0.0,0.0,0,3.616228482115903,1387.868379064046,0.0474191639635649,2011.2917842414745,0.0,0.0,0.0,0.0,0.0,0,0.0,0.0,0.0,0.0,0.0,0.0,0.0,0.0,0.0,0.0,0.0,0.0,0.0,0.0,0.0,0.0,0.0,0.0,0.0,0.0,4.068988025840776,1820.006497733073,0.096046210725818,2650.6821442672463,0.0,0.0,0.0,0.0,0.0,0,0.0,0,0.0,0.0,0.0,0.0,0.0,0.0,0.0,0.0,0.0,0.0,0.0,0.0,0.0,0.0,0.0,0.0,0.0,0.0,0.0,0.0
Calm_to_Boiling_50V_on_StartT80.csv,3.670039547831637,1446.4364415985658,0.0438543797703808,1929.2287110171665,0.0,0.0,0.0,0.0,0.0,0,0.0,0.0,0.0,0.0,0.0,0.0,0.0,0.0,0.0,0.0,0.0,0.0,0.0,0.0,0.0,0.0,0.0,0.0,0.0,0.0,3.9706103977232976,1707.3236414974008,0.0872587710565453,2489.5759043383,0.0,0.0,0.0,0.0,0.0,0,0.0,0,0.0,0.0,0.0,0.0,0.0,0.0,0.0,0.0,0.0,0.0,0.0,0.0,0.0,0.0,0.0,0.0,0.0,0.0,0.0,0.0,0,3.670039547831637,1446.4364415985658,0.0438543797703808,1929.2287110171665,0.0,0.0,0.0,0.0,0.0,0,0.0,0.0,0.0,0.0,0.0,0.0,0.0,0.0,0.0,0.0,0.0,0.0,0.0,0.0,0.0,0.0,0.0,0.0,0.0,0.0,3.9706103977232976,1707.3236414974008,0.0872587710565453,2489.5759043383,0.0,0.0,0.0,0.0,0.0,0,0.0,0,0.0,0.0,0.0,0.0,0.0,0.0,0.0,0.0,0.0,0.0,0.0,0.0,0.0,0.0,0.0,0.0,0.0,0.0,0.0,0.0
"MATLAB 1-11 PM Thu, Oct 31, 2024 Run0 .csv",5.117713706607439,2285.246157938116,0.6994351970008273,1928.6225968880503,0.0,0.0,0.0,0.0,0.0,0,0.0,0.0,0.0,0.0,0.0,0.0,0.0,0.0,0.0,0.0,0.0,0.0,0.0,0.0,0.0,0.0,0.0,0.0,0.0,0.0,4.202090406535042,1450.714942973075,0.5275880562336049,1806.1342072196328,0.0,0.0,0.0,0.0,0.0,0,0.0,0,0.0,0.0,0.0,0.0,0.0,0.0,0.0,0.0,0.0,0.0,0.0,0.0,0.0,0.0,0.0,0.0,0.0,0.0,0.0,0.0,0,5.117713706607439,2285.246157938116,0.6994351970008273,1928.6225968880503,0.0,0.0,0.0,0.0,0.0,0,0.0,0.0,0.0,0.0,0.0,0.0,0.0,0.0,0.0,0.0,0.0,0.0,0.0,0.0,0.0,0.0,0.0,0.0,0.0,0.0,4.202090406535042,1450.714942973075,0.5275880562336049,1806.1342072196328,0.0,0.0,0.0,0.0,0.0,0,0.0,0,0.0,0.0,0.0,0.0,0.0,0.0,0.0,0.0,0.0,0.0,0.0,0.0,0.0,0.0,0.0,0.0,0.0,0.0,0.0,0.0
"MATLAB 1-12 PM Tue, Oct 29, 2024 Run3 .csv",4.75888278168075,2231.4792159018084,0.5003051344906333,1959.53454003124,0.0,0.0,0.0,0.0,0.0,0,0.0,0.0,0.0,0.0,0.0,0.0,0.0,0.0,0.0,0.0,0.0,0.0,0.0,0.0,0.0,0.0,0.0,0.0,0.0,0.0,3.42347165100194,1130.3240258866276,0.2946244055680123,1707.5610364783795,0.0,0.0,0.0,0.0,0.0,0,0.0,0,0.0,0.0,0.0,0.0,0.0,0.0,0.0,0.0,0.0,0.0,0.0,0.0,0.0,0.0,0.0,0.0,0.0,0.0,0.0,0.0,0,4.75888278168075,2231.4792159018084,0.5003051344906333,1959.53454003124,0.0,0.0,0.0,0.0,0.0,0,0.0,0.0,0.0,0.0,0.0,0.0,0.0,0.0,0.0,0.0,0.0,0.0,0.0,0.0,0.0,0.0,0.0,0.0,0.0,0.0,3.42347165100194,1130.3240258866276,0.2946244055680123,1707.5610364783795,0.0,0.0,0.0,0.0,0.0,0,0.0,0,0.0,0.0,0.0,0.0,0.0,0.0,0.0,0.0,0.0,0.0,0.0,0.0,0.0,0.0,0.0,0.0,0.0,0.0,0.0,0.0
"MATLAB 1-18 PM Fri, May 31, 2024 Run4 .csv",4.214147572747791,1383.8263012019147,0.3469765053723483,1624.0075376504385,0.0,0.0,0.0,0.0,0.0,0,0.0,0.0,0.0,0.0,0.0,0.0,0.0,0.0,0.0,0.0,0.0,0.0,0.0,0.0,0.0,0.0,0.0,0.0,0.0,0.0,4.069108968773936,1088.1479780999252,0.2772702559643749,1443.8719634813472,0.0,0.0,0.0,0.0,0.0,0,0.0,0,0.0,0.0,0.0,0.0,0.0,0.0,0.0,0.0,0.0,0.0,0.0,0.0,0.0,0.0,0.0,0.0,0.0,0.0,0.0,0.0,0,4.214147572747791,1383.8263012019147,0.3469765053723483,1624.0075376504385,0.0,0.0,0.0,0.0,0.0,0,0.0,0.0,0.0,0.0,0.0,0.0,0.0,0.0,0.0,0.0,0.0,0.0,0.0,0.0,0.0,0.0,0.0,0.0,0.0,0.0,4.069108968773936,1088.1479780999252,0.2772702559643749,1443.8719634813472,0.0,0.0,0.0,0.0,0.0,0,0.0,0,0.0,0.0,0.0,0.0,0.0,0.0,0.0,0.0,0.0,0.0,0.0,0.0,0.0,0.0,0.0,0.0,0.0,0.0,0.0,0.0
"MATLAB 1-19 PM Tue, Oct 29, 2024 Run4 .csv",5.534398459706222,2987.198420226956,0.6132780227799011,1684.1936324169894,0.0,0.0,0.0,0.0,0.0,0,0.0,0.0,0.0,0.0,0.0,0.0,0.0,0.0,0.0,0.0,0.0,0.0,0.0,0.0,0.0,0.0,0.0,0.0,0.0,0.0,4.838041775802783,2374.245989004593,0.4698977505818725,1847.4529459797184,0.0,0.0,0.0,0.0,0.0,0,0.0,0,0.0,0.0,0.0,0.0,0.0,0.0,0.0,0.0,0.0,0.0,0.0,0.0,0.0,0.0,0.0,0.0,0.0,0.0,0.0,0.0,0,5.534398459706222,2987.198420226956,0.6132780227799011,1684.1936324169894,0.0,0.0,0.0,0.0,0.0,0,0.0,0.0,0.0,0.0,0.0,0.0,0.0,0.0,0.0,0.0,0.0,0.0,0.0,0.0,0.0,0.0,0.0,0.0,0.0,0.0,4.838041775802783,2374.245989004593,0.4698977505818725,1847.4529459797184,0.0,0.0,0.0,0.0,0.0,0,0.0,0,0.0,0.0,0.0,0.0,0.0,0.0,0.0,0.0,0.0,0.0,0.0,0.0,0.0,0.0,0.0,0.0,0.0,0.0,0.0,0.0
"MATLAB 1-21 PM Tue, Oct 29, 2024 Run5 .csv",5.033327802055983,2945.115815149079,0.5754356235065302,1778.0441761331515,0.0,0.0,0.0,0.0,0.0,0,0.0,0.0,0.0,0.0,0.0,0.0,0.0,0.0,0.0,0.0,0.0,0.0,0.0,0.0,0.0,0.0,0.0,0.0,0.0,0.0,4.204908423855237,2260.8783858521824,0.4133479594132517,1953.8599767248488,0.0,0.0,0.0,0.0,0.0,0,0.0,0,0.0,0.0,0.0,0.0,0.0,0.0,0.0,0.0,0.0,0.0,0.0,0.0,0.0,0.0,0.0,0.0,0.0,0.0,0.0,0.0,0,5.033327802055983,2945.115815149079,0.5754356235065302,1778.0441761331515,0.0,0.0,0.0,0.0,0.0,0,0.0,0.0,0.0,0.0,0.0,0.0,0.0,0.0,0.0,0.0,0.0,0.0,0.0,0.0,0.0,0.0,0.0,0.0,0.0,0.0,4.204908423855237,2260.8783858521824,0.4133479594132517,1953.8599767248488,0.0,0.0,0.0,0.0,0.0,0,0.0,0,0.0,0.0,0.0,0.0,0.0,0.0,0.0,0.0,0.0,0.0,0.0,0.0,0.0,0.0,0.0,0.0,0.0,0.0,0.0,0.0
"MATLAB 1-27 PM Fri, Sep 13, 2024 Run0 .csv",2.2860915293552466,1332.4584952359485,0.1028582804082939,602.6900435294294,0.0,0.0,0.0,0.0,0.0,0,0.0,0.0,0.0,0.0,0.0,0.0,0.0,0.0,0.0,0.0,0.0,0.0,0.0,0.0,0.0,0.0,0.0,0.0,0.0,0.0,2.007495070875307,1277.9121781119718,0.0543723435371682,390.7514018204949,0.0,0.0,0.0,0.0,0.0,0,0.0,0,0.0,0.0,0.0,0.0,0.0,0.0,0.0,0.0,0.0,0.0,0.0,0.0,0.0,0.0,0.0,0.0,0.0,0.0,0.0,0.0,0,2.2860915293552466,1332.4584952359485,0.1028582804082939,602.6900435294294,0.0,0.0,0.0,0.0,0.0,0,0.0,0.0,0.0,0.0,0.0,0.0,0.0,0.0,0.0,0.0,0.0,0.0,0.0,0.0,0.0,0.0,0.0,0.0,0.0,0.0,2.007495070875307,1277.9121781119718,0.0543723435371682,390.7514018204949,0.0,0.0,0.0,0.0,0.0,0,0.0,0,0.0,0.0,0.0,0.0,0.0,0.0,0.0,0.0,0.0,0.0,0.0,0.0,0.0,0.0,0.0,0.0,0.0,0.0,0.0,0.0
"MATLAB 1-28 PM Tue, Oct 29, 2024 Run6 .csv",4.819871886439122,2436.9044926215056,0.5462613221678451,1902.3931726232493,0.0,0.0,0.0,0.0,0.0,0,0.0,0.0,0.0,0.0,0.0,0.0,0.0,0.0,0.0,0.0,0.0,0.0,0.0,0.0,0.0,0.0,0.0,0.0,0.0,0.0,3.785076335003781,1706.4850841772245,0.3629156497533746,1935.8390651940647,0.0,0.0,0.0,0.0,0.0,0,0.0,0,0.0,0.0,0.0,0.0,0.0,0.0,0.0,0.0,0.0,0.0,0.0,0.0,0.0,0.0,0.0,0.0,0.0,0.0,0.0,0.0,0,4.819871886439122,2436.9044926215056,0.5462613221678451,1902.3931726232493,0.0,0.0,0.0,0.0,0.0,0,0.0,0.0,0.0,0.0,0.0,0.0,0.0,0.0,0.0,0.0,0.0,0.0,0.0,0.0,0.0,0.0,0.0,0.0,0.0,0.0,3.785076335003781,1706.4850841772245,0.3629156497533746,1935.8390651940647,0.0,0.0,0.0,0.0,0.0,0,0.0,0,0.0,0.0,0.0,0.0,0.0,0.0,0.0,0.0,0.0,0.0,0.0,0.0,0.0,0.0,0.0,0.0,0.0,0.0,0.0,0.0
"MATLAB 1-30 PM Thu, Oct 31, 2024 Run1 .csv",4.896590503518775,1708.6227782349429,0.701347719296746,1674.7003618382296,0.0,0.0,0.0,0.0,0.0,0,0.0,0.0,0.0,0.0,0.0,0.0,0.0,0.0,0.0,0.0,0.0,0.0,0.0,0.0,0.0,0.0,0.0,0.0,0.0,0.0,3.949429513231308,1463.720557628611,0.4919113725938342,1837.674067722152,0.0,0.0,0.0,0.0,0.0,0,0.0,0,0.0,0.0,0.0,0.0,0.0,0.0,0.0,0.0,0.0,0.0,0.0,0.0,0.0,0.0,0.0,0.0,0.0,0.0,0.0,0.0,0,4.896590503518775,1708.6227782349429,0.701347719296746,1674.7003618382296,0.0,0.0,0.0,0.0,0.0,0,0.0,0.0,0.0,0.0,0.0,0.0,0.0,0.0,0.0,0.0,0.0,0.0,0.0,0.0,0.0,0.0,0.0,0.0,0.0,0.0,3.949429513231308,1463.720557628611,0.4919113725938342,1837.674067722152,0.0,0.0,0.0,0.0,0.0,0,0.0,0,0.0,0.0,0.0,0.0,0.0,0.0,0.0,0.0,0.0,0.0,0.0,0.0,0.0,0.0,0.0,0.0,0.0,0.0,0.0,0.0
"MATLAB 1-32 PM Tue, Jun 4, 2024 Run1.csv",6.026158636246176,1211.671184972443,0.4554152730239011,1215.9504479435498,0.0,0.0,0.0,0.0,0.0,0,0.0,0.0,0.0,0.0,0.0,0.0,0.0,0.0,0.0,0.0,0.0,0.0,0.0,0.0,0.0,0.0,0.0,0.0,0.0,0.0,5.621818082607662,900.1363367781092,0.3227543802004864,1059.6952380844705,1.6916668693392107,1.2576249988872006,0.333899999702659,0.5000050004925916,5e-05,1,0.4,0,0.0,-0.0095828725100468,-0.0177538094000113,4.187271129207449,1.3451282145600387,7.671597190743047e-15,0.3414811705278453,0.1094655490524244,0.547442939052841,1.6031423876362785,5.103650384717247,22664.825686384604,1.7165803847344414,5.63330154296855,9.6955683390105,1.0,2.0,1.0114590642740084,-0.5030099079654162,0.0004581296443938,0,6.026158636246176,1211.671184972443,0.4554152730239011,1215.9504479435498,0.0,0.0,0.0,0.0,0.0,0,0.0,0.0,0.0,0.0,0.0,0.0,0.0,0.0,0.0,0.0,0.0,0.0,0.0,0.0,0.0,0.0,0.0,0.0,0.0,0.0,5.621818082607662,900.1363367781092,0.3227543802004864,1059.6952380844705,1.6916668693392107,1.2576249988872006,0.333899999702659,0.5000050004925916,5e-05,1,0.4,0,0.0,-0.0095828725100468,-0.0177538094000113,4.187271129207449,1.3451282145600387,7.671597190743047e-15,0.3414811705278453,0.1094655490524244,0.547442939052841,1.6031423876362785,5.103650384717247,22664.825686384604,1.7165803847344414,5.63330154296855,9.6955683390105,1.0,2.0,1.0114590642740084,-0.5030099079654162,0.0004581296443938
"MATLAB 1-34 PM Tue, Jun 11, 2024 Run0 .csv",5.873512804774865,1247.750082409449,0.4844797138558911,1447.7592866459831,0.0,0.0,0.0,0.0,0.0,0,0.0,0.0,0.0,0.0,0.0,0.0,0.0,0.0,0.0,0.0,0.0,0.0,0.0,0.0,0.0,0.0,0.0,0.0,0.0,0.0,4.85471431089678,650.9149115173442,0.2246936551557637,1002.1880311045722,0.0,0.0,0.0,0.0,0.0,0,0.0,0,0.0,0.0,0.0,0.0,0.0,0.0,0.0,0.0,0.0,0.0,0.0,0.0,0.0,0.0,0.0,0.0,0.0,0.0,0.0,0.0,0,5.873512804774865,1247.750082409449,0.4844797138558911,1447.7592866459831,0.0,0.0,0.0,0.0,0.0,0,0.0,0.0,0.0,0.0,0.0,0.0,0.0,0.0,0.0,0.0,0.0,0.0,0.0,0.0,0.0,0.0,0.0,0.0,0.0,0.0,4.85471431089678,650.9149115173442,0.2246936551557637,1002.1880311045722,0.0,0.0,0.0,0.0,0.0,0,0.0,0,0.0,0.0,0.0,0.0,0.0,0.0,0.0,0.0,0.0,0.0,0.0,0.0,0.0,0.0,0.0,0.0,0.0,0.0,0.0,0.0
"MATLAB 1-38 PM Fri, Sep 13, 2024 Run1 .csv",4.989857433153853,1238.271212041231,0.9767257957491275,1592.9869493898293,0.0,0.0,0.0,0.0,0.0,0,0.0,0.0,0.0,0.0,0.0,0.0,0.0,0.0,0.0,0.0,0.0,0.0,0.0,0.0,0.0,0.0,0.0,0.0,0.0,0.0,4.60675109461183,1077.408199168216,0.8689921493504075,1493.5849507946882,0.0,0.0,0.0,0.0,0.0,0,0.0,0,0.0,0.0,0.0,0.0,0.0,0.0,0.0,0.0,0.0,0.0,0.0,0.0,0.0,0.0,0.0,0.0,0.0,0.0,0.0,0.0,0,4.989857433153853,1238.271212041231,0.9767257957491275,1592.9869493898293,0.0,0.0,0.0,0.0,0.0,0,0.0,0.0,0.0,0.0,0.0,0.0,0.0,0.0,0.0,0.0,0.0,0.0,0.0,0.0,0.0,0.0,0.0,0.0,0.0,0.0,4.60675109461183,1077.408199168216,0.8689921493504075,1493.5849507946882,0.0,0.0,0.0,0.0,0.0,0,0.0,0,0.0,0.0,0.0,0.0,0.0,0.0,0.0,0.0,0.0,0.0,0.0,0.0,0.0,0.0,0.0,0.0,0.0,0.0,0.0,0.0
"MATLAB 1-43 PM Fri, Jun 14, 2024 Run3 .csv",6.185301599460113,1986.024201195868,0.5632680981165269,1805.0619427457727,0.0,0.0,0.0,0.0,0.0,0,0.0,0.0,0.0,0.0,0.0,0.0,0.0,0.0,0.0,0.0,0.0,0.0,0.0,0.0,0.0,0.0,0.0,0.0,0.0,0.0,5.361807701870195,1235.99024610225,0.4267594720226879,1446.400480192039,0.0633093483353536,0.1260124998883443,0.104499999907406,1.7000170016748113,0.00216,3,0.0,0,0.0,0.1412061680468814,-0.1955979086385757,3.814013874766894,0.5024053041678411,7.929146999309978e-15,0.4585086045923774,0.0682490175471436,0.4730155151784017,1.0316393420771703,5.069460024920234,133691.28441162538,0.9237529024405878,1.4391496871774323,3.714798149156611,0.3928571428571428,1.0,0.1158126828698319,-1.3947809863120668,0.0026273381710053,0,6.185301599460113,1986.024201195868,0.5632680981165269,1805.0619427457727,0.0,0.0,0.0,0.0,0.0,0,0.0,0.0,0.0,0.0,0.0,0.0,0.0,0.0,0.0,0.0,0.0,0.0,0.0,0.0,0.0,0.0,0.0,0.0,0.0,0.0,5.361807701870195,1235.99024610225,0.4267594720226879,1446.400480192039,0.0633093483353536,0.1260124998883443,0.104499999907406,1.7000170016748113,0.00216,3,0.0,0,0.0,0.1412061680468814,-0.1955979086385757,3.814013874766894,0.5024053041678411,7.929146999309978e-15,0.4585086045923774,0.0682490175471436,0.4730155151784017,1.0316393420771703,5.069460024920234,133691.28441162538,0.9237529024405878,1.4391496871774323,3.714798149156611,0.3928571428571428,1.0,0.1158126828698319,-1.3947809863120668,0.0026273381710053
"MATLAB 1-43 PM Thu, Oct 31, 2024 Run2 .csv",5.720618072966664,2501.673763823273,0.6399971287936604,1647.3006309372947,0.0,0.0,0.0,0.0,0.0,0,0.0,0.0,0.0,0.0,0.0,0.0,0.0,0.0,0.0,0.0,0.0,0.0,0.0,0.0,0.0,0.0,0.0,0.0,0.0,0.0,4.904640452581612,1929.7184878979529,0.4898743046378435,1836.1253407203155,0.0,0.0,0.0,0.0,0.0,0,0.0,0,0.0,0.0,0.0,0.0,0.0,0.0,0.0,0.0,0.0,0.0,0.0,0.0,0.0,0.0,0.0,0.0,0.0,0.0,0.0,0.0,0,5.720618072966664,2501.673763823273,0.6399971287936604,1647.3006309372947,0.0,0.0,0.0,0.0,0.0,0,0.0,0.0,0.0,0.0,0.0,0.0,0.0,0.0,0.0,0.0,0.0,0.0,0.0,0.0,0.0,0.0,0.0,0.0,0.0,0.0,4.904640452581612,1929.7184878979529,0.4898743046378435,1836.1253407203155,0.0,0.0,0.0,0.0,0.0,0,0.0,0,0.0,0.0,0.0,0.0,0.0,0.0,0.0,0.0,0.0,0.0,0.0,0.0,0.0,0.0,0.0,0.0,0.0,0.0,0.0,0.0
"MATLAB 1-45 PM Tue, Oct 22, 2024 Run0 .csv",4.917852723395592,2856.936574895504,0.3023231439473672,1257.8500806126506,0.0,0.0,0.0,0.0,0.0,0,0.0,0.0,0.0,0.0,0.0,0.0,0.0,0.0,0.0,0.0,0.0,0.0,0.0,0.0,0.0,0.0,0.0,0.0,0.0,0.0,4.95741186128768,2206.291816694759,0.2782557507872809,1401.2743632405932,0.0,0.0,0.0,0.0,0.0,0,0.0,0,1.0,0.0,0.0,0.0,0.0,0.0,0.0,0.0,0.0,0.0,0.0,0.0,0.0,0.0,0.0,0.0,0.0,0.0,0.0,0.0,0,4.917852723395592,2856.936574895504,0.3023231439473672,1257.8500806126506,0.0,0.0,0.0,0.0,0.0,0,0.0,0.0,0.0,0.0,0.0,0.0,0.0,0.0,0.0,0.0,0.0,0.0,0.0,0.0,0.0,0.0,0.0,0.0,0.0,0.0,4.95741186128768,2206.291816694759,0.2782557507872809,1401.2743632405932,0.0,0.0,0.0,0.0,0.0,0,0.0,0,1.0,0.0,0.0,0.0,0.0,0.0,0.0,0.0,0.0,0.0,0.0,0.0,0.0,0.0,0.0,0.0,0.0,0.0,0.0,0.0
"MATLAB 1-51 PM Tue, Oct 15, 2024 Run0 .csv",5.823920065280072,2433.3073234322637,0.3876433708051532,1256.0171189488804,0.0,0.0,0.0,0.0,0.0,0,0.0,0.0,0.0,0.0,0.0,0.0,0.0,0.0,0.0,0.0,0.0,0.0,0.0,0.0,0.0,0.0,0.0,0.0,0.0,0.0,5.812698828153015,2021.0805007444765,0.419185797300335,1341.9962939770028,0.0,0.0,0.0,0.0,0.0,0,0.0,0,1.0,0.0,0.0,0.0,0.0,0.0,0.0,0.0,0.0,0.0,0.0,0.0,0.0,0.0,0.0,0.0,0.0,0.0,0.0,0.0,0,5.823920065280072,2433.3073234322637,0.3876433708051532,1256.0171189488804,0.0,0.0,0.0,0.0,0.0,0,0.0,0.0,0.0,0.0,0.0,0.0,0.0,0.0,0.0,0.0,0.0,0.0,0.0,0.0,0.0,0.0,0.0,0.0,0.0,0.0,5.812698828153015,2021.0805007444765,0.419185797300335,1341.9962939770028,0.0,0.0,0.0,0.0,0.0,0,0.0,0,1.0,0.0,0.0,0.0,0.0,0.0,0.0,0.0,0.0,0.0,0.0,0.0,0.0,0.0,0.0,0.0,0.0,0.0,0.0,0.0
"MATLAB 1-52 PM Fri, Jun 14, 2024 Run4 .csv",5.670817902903311,1400.3912347001003,0.4765485033704355,1623.6837712609504,0.0,0.0,0.0,0.0,0.0,0,0.0,0.0,0.0,0.0,0.0,0.0,0.0,0.0,0.0,0.0,0.0,0.0,0.0,0.0,0.0,0.0,0.0,0.0,0.0,0.0,4.403697568015829,718.3402932688499,0.2881778896380625,1187.951512674885,0.1438771005527243,0.2027299998205528,0.141849999874311,1.1000110010837014,0.00023,3,0.0909090909090909,0,0.0,0.1675715861775814,-0.6327957750806497,3.332624048286953,0.7096981240076833,1.0889359254726291e-14,0.6493188859661674,0.0529537676842734,0.2975836121425926,0.4583011807823778,4.355962971412901,107175.72212718424,0.6113721899393395,0.9796536947573592,3.1109403504140056,0.375,2.0,-0.0431734622691107,-1.7005511901176449,0.0017756539583207,0,5.670817902903311,1400.3912347001003,0.4765485033704355,1623.6837712609504,0.0,0.0,0.0,0.0,0.0,0,0.0,0.0,0.0,0.0,0.0,0.0,0.0,0.0,0.0,0.0,0.0,0.0,0.0,0.0,0.0,0.0,0.0,0.0,0.0,0.0,4.403697568015829,718.3402932688499,0.2881778896380625,1187.951512674885,0.1438771005527243,0.2027299998205528,0.141849999874311,1.1000110010837014,0.00023,3,0.0909090909090909,0,0.0,0.1675715861775814,-0.6327957750806497,3.332624048286953,0.7096981240076833,1.0889359254726291e-14,0.6493188859661674,0.0529537676842734,0.2975836121425926,0.4583011807823778,4.355962971412901,107175.72212718424,0.6113721899393395,0.9796536947573592,3.1109403504140056,0.375,2.0,-0.0431734622691107,-1.7005511901176449,0.0017756539583207
"MATLAB 1-55 PM Fri, Jun 14, 2024 Run5 .csv",5.147878876711308,911.4557646079128,0.3727797775700432,1326.7911908865774,0.0,0.0,0.0,0.0,0.0,0,0.0,0.0,0.0,0.0,0.0,0.0,0.0,0.0,0.0,0.0,0.0,0.0,0.0,0.0,0.0,0.0,0.0,0.0,0.0,0.0,3.8869838065178097,491.3498610401585,0.2178589678331533,977.2125835354408,0.0,0.0,0.0,0.0,0.0,0,0.0,0,0.0,0.0,0.0,0.0,0.0,0.0,0.0,0.0,0.0,0.0,0.0,0.0,0.0,0.0,0.0,0.0,0.0,0.0,0.0,0.0,0,5.147878876711308,911.4557646079128,0.3727797775700432,1326.7911908865774,0.0,0.0,0.0,0.0,0.0,0,0.0,0.0,0.0,0.0,0.0,0.0,0.0,0.0,0.0,0.0,0.0,0.0,0.0,0.0,0.0,0.0,0.0,0.0,0.0,0.0,3.8869838065178097,491.3498610401585,0.2178589678331533,977.2125835354408,0.0,0.0,0.0,0.0,0.0,0,0.0,0,0.0,0.0,0.0,0.0,0.0,0.0,0.0,0.0,0.0,0.0,0.0,0.0,0.0,0.0,0.0,0.0,0.0,0.0,0.0,0.0
"MATLAB 1-55 PM Mon, Oct 28, 2024 Run0 .csv",5.993953420271031,2491.0759486572224,0.4630812478372637,1429.3286863953026,0.0,0.0,0.0,0.0,0.0,0,0.0,0.0,0.0,0.0,0.0,0.0,0.0,0.0,0.0,0.0,0.0,0.0,0.0,0.0,0.0,0.0,0.0,0.0,0.0,0.0,6.188424671360297,2288.2961714093453,0.5627638660532065,1375.508847272243,0.0,0.0,0.0,0.0,0.0,0,0.0,0,0.0,0.0,0.0,0.0,0.0,0.0,0.0,0.0,0.0,0.0,0.0,0.0,0.0,0.0,0.0,0.0,0.0,0.0,0.0,0.0,0,5.993953420271031,2491.0759486572224,0.4630812478372637,1429.3286863953026,0.0,0.0,0.0,0.0,0.0,0,0.0,0.0,0.0,0.0,0.0,0.0,0.0,0.0,0.0,0.0,0.0,0.0,0.0,0.0,0.0,0.0,0.0,0.0,0.0,0.0,6.188424671360297,2288.2961714093453,0.5627638660532065,1375.508847272243,0.0,0.0,0.0,0.0,0.0,0,0.0,0,0.0,0.0,0.0,0.0,0.0,0.0,0.0,0.0,0.0,0.0,0.0,0.0,0.0,0.0,0.0,0.0,0.0,0.0,0.0,0.0
"MATLAB 1-56 PM Thu, Oct 24, 2024 Run0 .csv",5.470864119520456,2448.9271971370435,0.3031194726049526,1213.7397925720898,0.0,0.0,0.0,0.0,0.0,0,0.0,0.0,0.0,0.0,0.0,0.0,0.0,0.0,0.0,0.0,0.0,0.0,0.0,0.0,0.0,0.0,0.0,0.0,0.0,0.0,5.916657543844849,2239.320107535003,0.4394056625113242,1245.3035295308946,0.0,0.0,0.0,0.0,0.0,0,0.0,0,0.0,0.0,0.0,0.0,0.0,0.0,0.0,0.0,0.0,0.0,0.0,0.0,0.0,0.0,0.0,0.0,0.0,0.0,0.0,0.0,0,5.470864119520456,2448.9271971370435,0.3031194726049526,1213.7397925720898,0.0,0.0,0.0,0.0,0.0,0,0.0,0.0,0.0,0.0,0.0,0.0,0.0,0.0,0.0,0.0,0.0,0.0,0.0,0.0,0.0,0.0,0.0,0.0,0.0,0.0,5.916657543844849,2239.320107535003,0.4394056625113242,1245.3035295308946,0.0,0.0,0.0,0.0,0.0,0,0.0,0,0.0,0.0,0.0,0.0,0.0,0.0,0.0,0.0,0.0,0.0,0.0,0.0,0.0,0.0,0.0,0.0,0.0,0.0,0.0,0.0
"MATLAB 1-59 PM Tue, Oct 22, 2024 Run1 .csv",5.831079117998857,2857.583433452512,0.596202062075764,1530.1958336155203,0.0,0.0,0.0,0.0,0.0,0,0.0,0.0,0.0,0.0,0.0,0.0,0.0,0.0,0.0,0.0,0.0,0.0,0.0,0.0,0.0,0.0,0.0,0.0,0.0,0.0,5.56755213895883,2043.3275059393748,0.5859762659169211,1573.1551403424537,0.0,0.0,0.0,0.0,0.0,0,0.0,0,0.0,0.0,0.0,0.0,0.0,0.0,0.0,0.0,0.0,0.0,0.0,0.0,0.0,0.0,0.0,0.0,0.0,0.0,0.0,0.0,0,5.831079117998857,2857.583433452512,0.596202062075764,1530.1958336155203,0.0,0.0,0.0,0.0,0.0,0,0.0,0.0,0.0,0.0,0.0,0.0,0.0,0.0,0.0,0.0,0.0,0.0,0.0,0.0,0.0,0.0,0.0,0.0,0.0,0.0,5.56755213895883,2043.3275059393748,0.5859762659169211,1573.1551403424537,0.0,0.0,0.0,0.0,0.0,0,0.0,0,0.0,0.0,0.0,0.0,0.0,0.0,0.0,0.0,0.0,0.0,0.0,0.0,0.0,0.0,0.0,0.0,0.0,0.0,0.0,0.0
"MATLAB 10-49 AM Tue, Jun 4, 2024 Run0 .csv",4.202819720269091,457.2808420221176,0.2268669491446123,758.782109947729,0.0,0.0,0.0,0.0,0.0,0,0.0,0.0,0.0,0.0,0.0,0.0,0.0,0.0,0.0,0.0,0.0,0.0,0.0,0.0,0.0,0.0,0.0,0.0,0.0,0.0,3.448088295797488,300.06621537371626,0.1181749028326616,593.1694659821488,0.0,0.0,0.0,0.0,0.0,0,0.0,0,0.0,0.0,0.0,0.0,0.0,0.0,0.0,0.0,0.0,0.0,0.0,0.0,0.0,0.0,0.0,0.0,0.0,0.0,0.0,0.0,0,4.202819720269091,457.2808420221176,0.2268669491446123,758.782109947729,0.0,0.0,0.0,0.0,0.0,0,0.0,0.0,0.0,0.0,0.0,0.0,0.0,0.0,0.0,0.0,0.0,0.0,0.0,0.0,0.0,0.0,0.0,0.0,0.0,0.0,3.448088295797488,300.06621537371626,0.1181749028326616,593.1694659821488,0.0,0.0,0.0,0.0,0.0,0,0.0,0,0.0,0.0,0.0,0.0,0.0,0.0,0.0,0.0,0.0,0.0,0.0,0.0,0.0,0.0,0.0,0.0,0.0,0.0,0.0,0.0
"MATLAB 11-16 AM Wed, Mar 6, 2024 Run0 .csv",1.5774415319689736,191.06360792047775,0.104321938019654,780.2046091525416,0.0,0.0,0.0,0.0,0.0,0,0.0,0.0,0.0,0.0,0.0,0.0,0.0,0.0,0.0,0.0,0.0,0.0,0.0,0.0,0.0,0.0,0.0,0.0,0.0,0.0,2.70771990938308,622.6049290388876,0.4508211556893662,1633.6894476719904,0.0,0.0,0.0,0.0,0.0,0,0.0,0,0.0,0.0,0.0,0.0,0.0,0.0,0.0,0.0,0.0,0.0,0.0,0.0,0.0,0.0,0.0,0.0,0.0,0.0,0.0,0.0,0,1.5774415319689736,191.06360792047775,0.104321938019654,780.2046091525416,0.0,0.0,0.0,0.0,0.0,0,0.0,0.0,0.0,0.0,0.0,0.0,0.0,0.0,0.0,0.0,0.0,0.0,0.0,0.0,0.0,0.0,0.0,0.0,0.0,0.0,2.70771990938308,622.6049290388876,0.4508211556893662,1633.6894476719904,0.0,0.0,0.0,0.0,0.0,0,0.0,0,0.0,0.0,0.0,0.0,0.0,0.0,0.0,0.0,0.0,0.0,0.0,0.0,0.0,0.0,0.0,0.0,0.0,0.0,0.0,0.0
"MATLAB 11-23 AM Wed, Mar 6, 2024 Run1.csv",2.589472160915009,520.7118714966758,0.3833874601812119,1459.8475193257193,0.0,0.0,0.0,0.0,0.0,0,0.0,0.0,0.0,0.0,0.0,0.0,0.0,0.0,0.0,0.0,0.0,0.0,0.0,0.0,0.0,0.0,0.0,0.0,0.0,0.0,4.292387272899896,1380.4788591489364,1.05500943559456,2310.83089047554,0.0,0.0,0.0,0.0,0.0,0,0.0,0,0.0,0.0,0.0,0.0,0.0,0.0,0.0,0.0,0.0,0.0,0.0,0.0,0.0,0.0,0.0,0.0,0.0,0.0,0.0,0.0,0,2.589472160915009,520.7118714966758,0.3833874601812119,1459.8475193257193,0.0,0.0,0.0,0.0,0.0,0,0.0,0.0,0.0,0.0,0.0,0.0,0.0,0.0,0.0,0.0,0.0,0.0,0.0,0.0,0.0,0.0,0.0,0.0,0.0,0.0,4.292387272899896,1380.4788591489364,1.05500943559456,2310.83089047554,0.0,0.0,0.0,0.0,0.0,0,0.0,0,0.0,0.0,0.0,0.0,0.0,0.0,0.0,0.0,0.0,0.0,0.0,0.0,0.0,0.0,0.0,0.0,0.0,0.0,0.0,0.0
"MATLAB 11-25 AM Wed, Mar 6, 2024 Run2.csv",2.5559081265819183,514.5508416287194,0.3740105188666097,1450.9462838959196,0.0,0.0,0.0,0.0,0.0,0,0.0,0.0,0.0,0.0,0.0,0.0,0.0,0.0,0.0,0.0,0.0,0.0,0.0,0.0,0.0,0.0,0.0,0.0,0.0,0.0,4.2681095642515565,1371.3523531420046,1.0295429910532556,2299.8302987077923,0.0,0.0,0.0,0.0,0.0,0,0.0,0,0.0,0.0,0.0,0.0,0.0,0.0,0.0,0.0,0.0,0.0,0.0,0.0,0.0,0.0,0.0,0.0,0.0,0.0,0.0,0.0,0,2.5559081265819183,514.5508416287194,0.3740105188666097,1450.9462838959196,0.0,0.0,0.0,0.0,0.0,0,0.0,0.0,0.0,0.0,0.0,0.0,0.0,0.0,0.0,0.0,0.0,0.0,0.0,0.0,0.0,0.0,0.0,0.0,0.0,0.0,4.2681095642515565,1371.3523531420046,1.0295429910532556,2299.8302987077923,0.0,0.0,0.0,0.0,0.0,0,0.0,0,0.0,0.0,0.0,0.0,0.0,0.0,0.0,0.0,0.0,0.0,0.0,0.0,0.0,0.0,0.0,0.0,0.0,0.0,0.0,0.0
"MATLAB 11-27 AM Wed, Mar 6, 2024 Run3.csv",2.6189888827951613,546.7557107084009,0.3828787626550051,1498.8187564809757,0.0,0.0,0.0,0.0,0.0,0,0.0,0.0,0.0,0.0,0.0,0.0,0.0,0.0,0.0,0.0,0.0,0.0,0.0,0.0,0.0,0.0,0.0,0.0,0.0,0.0,4.395045251096303,1467.8351536106331,1.0347408760516552,2346.262601812591,0.0,0.0,0.0,0.0,0.0,0,0.0,0,0.0,0.0,0.0,0.0,0.0,0.0,0.0,0.0,0.0,0.0,0.0,0.0,0.0,0.0,0.0,0.0,0.0,0.0,0.0,0.0,0,2.6189888827951613,546.7557107084009,0.3828787626550051,1498.8187564809757,0.0,0.0,0.0,0.0,0.0,0,0.0,0.0,0.0,0.0,0.0,0.0,0.0,0.0,0.0,0.0,0.0,0.0,0.0,0.0,0.0,0.0,0.0,0.0,0.0,0.0,4.395045251096303,1467.8351536106331,1.0347408760516552,2346.262601812591,0.0,0.0,0.0,0.0,0.0,0,0.0,0,0.0,0.0,0.0,0.0,0.0,0.0,0.0,0.0,0.0,0.0,0.0,0.0,0.0,0.0,0.0,0.0,0.0,0.0,0.0,0.0
"MATLAB 11-35 AM Fri, May 31, 2024 Run0 .csv",4.699278639579815,858.3322023151671,0.0912994367680667,431.950041666122,0.0,0.0,0.0,0.0,0.0,0,0.0,0.0,0.0,0.0,0.0,0.0,0.0,0.0,0.0,0.0,0.0,0.0,0.0,0.0,0.0,0.0,0.0,0.0,0.0,0.0,4.857887392881021,882.4410243545689,0.0499498550309406,376.06851542157074,0.0,0.0,0.0,0.0,0.0,0,0.0,0,0.0,0.0,0.0,0.0,0.0,0.0,0.0,0.0,0.0,0.0,0.0,0.0,0.0,0.0,0.0,0.0,0.0,0.0,0.0,0.0,0,4.699278639579815,858.3322023151671,0.0912994367680667,431.950041666122,0.0,0.0,0.0,0.0,0.0,0,0.0,0.0,0.0,0.0,0.0,0.0,0.0,0.0,0.0,0.0,0.0,0.0,0.0,0.0,0.0,0.0,0.0,0.0,0.0,0.0,4.857887392881021,882.4410243545689,0.0499498550309406,376.06851542157074,0.0,0.0,0.0,0.0,0.0,0,0.0,0,0.0,0.0,0.0,0.0,0.0,0.0,0.0,0.0,0.0,0.0,0.0,0.0,0.0,0.0,0.0,0.0,0.0,0.0,0.0,0.0
"MATLAB 11-51 AM Tue, Mar 5, 2024 Run1 .csv",5.227292042509227,2787.2883225671567,0.2393547506807924,1813.4147113066376,0.1972120512758362,0.146200147366272,0.0772499999366971,6.800006805884698,0.001092,3,0.0,0.03370271675899,0.1143735542982158,5.715849587523167,1.348918279690685,5.2256514588579855e-15,0.0030044235821522,0.0023089663120683,0.994598411503034,331.0446694039499,4.498577104870459,191135.78504845215,36.39786325155816,11.066743346133032,0.5257467404071141,0.265625,0.0,1.1893726234995852,1.1561700872390055,0.0022779580950737,5.59643135985322,3799.9503767903775,0.3435854110870751,2294.012733664505,0.0,0.0,0.0,0.0,0.0,0,0.0,0,0.0,0.0,0.0,0.0,0.0,0.0,0.0,0.0,0.0,0.0,0.0,0.0,0.0,0.0,0.0,0.0,0.0,0.0,0.0,0.0,0,5.227292042509227,2787.2883225671567,0.2393547506807924,1813.4147113066376,0.1972120512758362,0.146200147366272,0.0772499999366971,6.800006805884698,0.001092,3,0.0,0.03370271675899,0.1143735542982158,5.715849587523167,1.348918279690685,5.2256514588579855e-15,0.0030044235821522,0.0023089663120683,0.994598411503034,331.0446694039499,4.498577104870459,191135.78504845215,36.39786325155816,11.066743346133032,0.5257467404071141,0.265625,0.0,1.1893726234995852,1.1561700872390055,0.0022779580950737,5.59643135985322,3799.9503767903775,0.3435854110870751,2294.012733664505,0.0,0.0,0.0,0.0,0.0,0,0.0,0,0.0,0.0,0.0,0.0,0.0,0.0,0.0,0.0,0.0,0.0,0.0,0.0,0.0,0.0,0.0,0.0,0.0,0.0,0.0,0.0
"MATLAB 12-11 PM Tue, Apr 2, 2024 Run0 .csv",3.3347954102645234,530.98275829201,0.2229808847579072,1058.3312056508485,0.0,0.0,0.0,0.0,0.0,0,0.0,0.0,0.0,0.0,0.0,0.0,0.0,0.0,0.0,0.0,0.0,0.0,0.0,0.0,0.0,0.0,0.0,0.0,0.0,0.0,5.038598341240877,1429.7691106789698,0.4946577957148116,1602.9205655391825,0.0,0.0,0.0,0.0,0.0,0,0.0,0,0.0,0.0,0.0,0.0,0.0,0.0,0.0,0.0,0.0,0.0,0.0,0.0,0.0,0.0,0.0,0.0,0.0,0.0,0.0,0.0,0,3.3347954102645234,530.98275829201,0.2229808847579072,1058.3312056508485,0.0,0.0,0.0,0.0,0.0,0,0.0,0.0,0.0,0.0,0.0,0.0,0.0,0.0,0.0,0.0,0.0,0.0,0.0,0.0,0.0,0.0,0.0,0.0,0.0,0.0,5.038598341240877,1429.7691106789698,0.4946577957148116,1602.9205655391825,0.0,0.0,0.0,0.0,0.0,0,0.0,0,0.0,0.0,0.0,0.0,0.0,0.0,0.0,0.0,0.0,0.0,0.0,0.0,0.0,0.0,0.0,0.0,0.0,0.0,0.0,0.0
"MATLAB 12-14 PM Tue, Apr 2, 2024 Run1 .csv",4.502636519985091,1288.3882806041102,0.1209200148266143,830.2725778150427,0.0,0.0,0.0,0.0,0.0,0,0.0,0.0,0.0,0.0,0.0,0.0,0.0,0.0,0.0,0.0,0.0,0.0,0.0,0.0,0.0,0.0,0.0,0.0,0.0,0.0,3.43667913424552,1484.9154637214062,0.112203480576862,573.8363800014886,0.0,0.0,0.0,0.0,0.0,0,0.0,0,0.0,0.0,0.0,0.0,0.0,0.0,0.0,0.0,0.0,0.0,0.0,0.0,0.0,0.0,0.0,0.0,0.0,0.0,0.0,0.0,0,4.502636519985091,1288.3882806041102,0.1209200148266143,830.2725778150427,0.0,0.0,0.0,0.0,0.0,0,0.0,0.0,0.0,0.0,0.0,0.0,0.0,0.0,0.0,0.0,0.0,0.0,0.0,0.0,0.0,0.0,0.0,0.0,0.0,0.0,3.43667913424552,1484.9154637214062,0.112203480576862,573.8363800014886,0.0,0.0,0.0,0.0,0.0,0,0.0,0,0.0,0.0,0.0,0.0,0.0,0.0,0.0,0.0,0.0,0.0,0.0,0.0,0.0,0.0,0.0,0.0,0.0,0.0,0.0,0.0
"MATLAB 12-24 PM Tue, Apr 2, 2024 Run2 .csv",2.582165738352991,265.5327459541967,0.0995637635074246,663.2859345519719,0.0,0.0,0.0,0.0,0.0,0,0.0,0.0,0.0,0.0,0.0,0.0,0.0,0.0,0.0,0.0,0.0,0.0,0.0,0.0,0.0,0.0,0.0,0.0,0.0,0.0,3.712955305692615,603.09977781722,0.2834520165850954,1044.0315755207057,0.0,0.0,0.0,0.0,0.0,0,0.0,0,0.0,0.0,0.0,0.0,0.0,0.0,0.0,0.0,0.0,0.0,0.0,0.0,0.0,0.0,0.0,0.0,0.0,0.0,0.0,0.0,0,2.582165738352991,265.5327459541967,0.0995637635074246,663.2859345519719,0.0,0.0,0.0,0.0,0.0,0,0.0,0.0,0.0,0.0,0.0,0.0,0.0,0.0,0.0,0.0,0.0,0.0,0.0,0.0,0.0,0.0,0.0,0.0,0.0,0.0,3.712955305692615,603.09977781722,0.2834520165850954,1044.0315755207057,0.0,0.0,0.0,0.0,0.0,0,0.0,0,0.0,0.0,0.0,0.0,0.0,0.0,0.0,0.0,0.0,0.0,0.0,0.0,0.0,0.0,0.0,0.0,0.0,0.0,0.0,0.0
"MATLAB 12-27 PM Fri, Sep 6, 2024 Run1 .csv",5.75541571260047,2592.9576969631357,0.3010148567518875,1091.9015531395555,0.0,0.0,0.0,0.0,0.0,0,0.0,0.0,0.0,0.0,0.0,0.0,0.0,0.0,0.0,0.0,0.0,0.0,0.0,0.0,0.0,0.0,0.0,0.0,0.0,0.0,6.093958802182487,2746.673901917692,0.3236858130924117,1146.4957082983765,0.0,0.0,0.0,0.0,0.0,0,0.0,0,0.0,0.0,0.0,0.0,0.0,0.0,0.0,0.0,0.0,0.0,0.0,0.0,0.0,0.0,0.0,0.0,0.0,0.0,0.0,0.0,0,5.75541571260047,2592.9576969631357,0.3010148567518875,1091.9015531395555,0.0,0.0,0.0,0.0,0.0,0,0.0,0.0,0.0,0.0,0.0,0.0,0.0,0.0,0.0,0.0,0.0,0.0,0.0,0.0,0.0,0.0,0.0,0.0,0.0,0.0,6.093958802182487,2746.673901917692,0.3236858130924117,1146.4957082983765,0.0,0.0,0.0,0.0,0.0,0,0.0,0,0.0,0.0,0.0,0.0,0.0,0.0,0.0,0.0,0.0,0.0,0.0,0.0,0.0,0.0,0.0,0.0,0.0,0.0,0.0,0.0
"MATLAB 12-29 PM Tue, Apr 2, 2024 Run3 .csv",3.67893543101434,528.0461598394036,0.1840271288378,881.2204077257614,0.0,0.0,0.0,0.0,0.0,0,0.0,0.0,0.0,0.0,0.0,0.0,0.0,0.0,0.0,0.0,0.0,0.0,0.0,0.0,0.0,0.0,0.0,0.0,0.0,0.0,4.466174855737426,870.1407738773157,0.3669063188577179,1136.7950140437913,0.0,0.0,0.0,0.0,0.0,0,0.0,0,0.0,0.0,0.0,0.0,0.0,0.0,0.0,0.0,0.0,0.0,0.0,0.0,0.0,0.0,0.0,0.0,0.0,0.0,0.0,0.0,0,3.67893543101434,528.0461598394036,0.1840271288378,881.2204077257614,0.0,0.0,0.0,0.0,0.0,0,0.0,0.0,0.0,0.0,0.0,0.0,0.0,0.0,0.0,0.0,0.0,0.0,0.0,0.0,0.0,0.0,0.0,0.0,0.0,0.0,4.466174855737426,870.1407738773157,0.3669063188577179,1136.7950140437913,0.0,0.0,0.0,0.0,0.0,0,0.0,0,0.0,0.0,0.0,0.0,0.0,0.0,0.0,0.0,0.0,0.0,0.0,0.0,0.0,0.0,0.0,0.0,0.0,0.0,0.0,0.0
"MATLAB 12-31 PM Fri, Jun 28, 2024 Run0 .csv",4.911798684361681,1619.0460438125128,0.5718758862556936,1778.0214404998555,0.0,0.0,0.0,0.0,0.0,0,0.0,0.0,0.0,0.0,0.0,0.0,0.0,0.0,0.0,0.0,0.0,0.0,0.0,0.0,0.0,0.0,0.0,0.0,0.0,0.0,3.4880619301152103,757.5280062848568,0.3269207177940335,1383.9217133943232,0.0,0.0,0.0,0.0,0.0,0,0.0,0,0.0,0.0,0.0,0.0,0.0,0.0,0.0,0.0,0.0,0.0,0.0,0.0,0.0,0.0,0.0,0.0,0.0,0.0,0.0,0.0,0,4.911798684361681,1619.0460438125128,0.5718758862556936,1778.0214404998555,0.0,0.0,0.0,0.0,0.0,0,0.0,0.0,0.0,0.0,0.0,0.0,0.0,0.0,0.0,0.0,0.0,0.0,0.0,0.0,0.0,0.0,0.0,0.0,0.0,0.0,3.4880619301152103,757.5280062848568,0.3269207177940335,1383.9217133943232,0.0,0.0,0.0,0.0,0.0,0,0.0,0,0.0,0.0,0.0,0.0,0.0,0.0,0.0,0.0,0.0,0.0,0.0,0.0,0.0,0.0,0.0,0.0,0.0,0.0,0.0,0.0
"MATLAB 12-34 PM Fri, Jun 28, 2024 Run1 .csv",2.949459919501958,450.04454496218335,0.431698491198134,1081.7218887408487,0.0,0.0,0.0,0.0,0.0,0,0.0,0.0,0.0,0.0,0.0,0.0,0.0,0.0,0.0,0.0,0.0,0.0,0.0,0.0,0.0,0.0,0.0,0.0,0.0,0.0,2.0144534423492253,183.9816971515299,0.1722010979788083,642.7800359024452,0.0,0.0,0.0,0.0,0.0,0,0.0,0,0.0,0.0,0.0,0.0,0.0,0.0,0.0,0.0,0.0,0.0,0.0,0.0,0.0,0.0,0.0,0.0,0.0,0.0,0.0,0.0,0,2.949459919501958,450.04454496218335,0.431698491198134,1081.7218887408487,0.0,0.0,0.0,0.0,0.0,0,0.0,0.0,0.0,0.0,0.0,0.0,0.0,0.0,0.0,0.0,0.0,0.0,0.0,0.0,0.0,0.0,0.0,0.0,0.0,0.0,2.0144534423492253,183.9816971515299,0.1722010979788083,642.7800359024452,0.0,0.0,0.0,0.0,0.0,0,0.0,0,0.0,0.0,0.0,0.0,0.0,0.0,0.0,0.0,0.0,0.0,0.0,0.0,0.0,0.0,0.0,0.0,0.0,0.0,0.0,0.0
"MATLAB 12-36 PM Tue, Oct 29, 2024 Run0 .csv",6.112774019947324,2658.415908292924,0.7120127416239168,1489.254653088882,0.0,0.0,0.0,0.0,0.0,0,0.0,0.0,0.0,0.0,0.0,0.0,0.0,0.0,0.0,0.0,0.0,0.0,0.0,0.0,0.0,0.0,0.0,0.0,0.0,0.0,5.718779943059425,1968.199484760598,0.6202321565420441,1475.4407813853404,0.0,0.0,0.0,0.0,0.0,0,0.0,0,0.0,0.0,0.0,0.0,0.0,0.0,0.0,0.0,0.0,0.0,0.0,0.0,0.0,0.0,0.0,0.0,0.0,0.0,0.0,0.0,0,6.112774019947324,2658.415908292924,0.7120127416239168,1489.254653088882,0.0,0.0,0.0,0.0,0.0,0,0.0,0.0,0.0,0.0,0.0,0.0,0.0,0.0,0.0,0.0,0.0,0.0,0.0,0.0,0.0,0.0,0.0,0.0,0.0,0.0,5.718779943059425,1968.199484760598,0.6202321565420441,1475.4407813853404,0.0,0.0,0.0,0.0,0.0,0,0.0,0,0.0,0.0,0.0,0.0,0.0,0.0,0.0,0.0,0.0,0.0,0.0,0.0,0.0,0.0,0.0,0.0,0.0,0.0,0.0,0.0
"MATLAB 12-37 PM Fri, May 31, 2024 Run1 .csv",5.744489985119733,961.706418171158,0.2597750390521066,878.0545996552934,0.0,0.0,0.0,0.0,0.0,0,0.0,0.0,0.0,0.0,0.0,0.0,0.0,0.0,0.0,0.0,0.0,0.0,0.0,0.0,0.0,0.0,0.0,0.0,0.0,0.0,5.212874407352851,824.5566343664221,0.291158542773944,1026.386064470248,0.0,0.0,0.0,0.0,0.0,0,0.0,0,0.0,0.0,0.0,0.0,0.0,0.0,0.0,0.0,0.0,0.0,0.0,0.0,0.0,0.0,0.0,0.0,0.0,0.0,0.0,0.0,0,5.744489985119733,961.706418171158,0.2597750390521066,878.0545996552934,0.0,0.0,0.0,0.0,0.0,0,0.0,0.0,0.0,0.0,0.0,0.0,0.0,0.0,0.0,0.0,0.0,0.0,0.0,0.0,0.0,0.0,0.0,0.0,0.0,0.0,5.212874407352851,824.5566343664221,0.291158542773944,1026.386064470248,0.0,0.0,0.0,0.0,0.0,0,0.0,0,0.0,0.0,0.0,0.0,0.0,0.0,0.0,0.0,0.0,0.0,0.0,0.0,0.0,0.0,0.0,0.0,0.0,0.0,0.0,0.0
"MATLAB 12-38 PM Fri, Jun 28, 2024 Run2 .csv",5.46948659277753,1473.4249013305714,0.3665802785535412,1085.0945842573522,0.0,0.0,0.0,0.0,0.0,0,0.0,0.0,0.0,0.0,0.0,0.0,0.0,0.0,0.0,0.0,0.0,0.0,0.0,0.0,0.0,0.0,0.0,0.0,0.0,0.0,4.72669759185468,1277.643288287434,0.1927577029895438,771.4577629552181,1.4891215138308662,2.4281749978509106,2.4733499978083158,0.5000050004925916,0.00016,0,1.0,0,0.0,1.0361192706330025,44.22567172855896,25.413782096451264,0.6132677896563606,3.559372541749197e-15,0.0875371965393877,0.1028241701732873,0.8095445501500613,9.24800635791213,2.5218048710929466,177202.4395373606,0.0556282003691543,0.1244463876135615,0.0052797605988538,0.0,1.0,0.6786320263833306,-0.7626659128349851,0.0053812563419342,0,5.46948659277753,1473.4249013305714,0.3665802785535412,1085.0945842573522,0.0,0.0,0.0,0.0,0.0,0,0.0,0.0,0.0,0.0,0.0,0.0,0.0,0.0,0.0,0.0,0.0,0.0,0.0,0.0,0.0,0.0,0.0,0.0,0.0,0.0,4.72669759185468,1277.643288287434,0.1927577029895438,771.4577629552181,1.4891215138308662,2.4281749978509106,2.4733499978083158,0.5000050004925916,0.00016,0,1.0,0,0.0,1.0361192706330025,44.22567172855896,25.413782096451264,0.6132677896563606,3.559372541749197e-15,0.0875371965393877,0.1028241701732873,0.8095445501500613,9.24800635791213,2.5218048710929466,177202.4395373606,0.0556282003691543,0.1244463876135615,0.0052797605988538,0.0,1.0,0.6786320263833306,-0.7626659128349851,0.0053812563419342
"MATLAB 12-39 PM Tue, Oct 29, 2024 Run1 .csv",5.501384143650872,2336.2349665757683,0.2901035184696822,1234.9464843453077,0.0,0.0,0.0,0.0,0.0,0,0.0,0.0,0.0,0.0,0.0,0.0,0.0,0.0,0.0,0.0,0.0,0.0,0.0,0.0,0.0,0.0,0.0,0.0,0.0,0.0,5.941739983514028,2401.4342435427534,0.4029708827035126,1157.5289041595,0.0,0.0,0.0,0.0,0.0,0,0.0,0,0.0,0.0,0.0,0.0,0.0,0.0,0.0,0.0,0.0,0.0,0.0,0.0,0.0,0.0,0.0,0.0,0.0,0.0,0.0,0.0,0,5.501384143650872,2336.2349665757683,0.2901035184696822,1234.9464843453077,0.0,0.0,0.0,0.0,0.0,0,0.0,0.0,0.0,0.0,0.0,0.0,0.0,0.0,0.0,0.0,0.0,0.0,0.0,0.0,0.0,0.0,0.0,0.0,0.0,0.0,5.941739983514028,2401.4342435427534,0.4029708827035126,1157.5289041595,0.0,0.0,0.0,0.0,0.0,0,0.0,0,0.0,0.0,0.0,0.0,0.0,0.0,0.0,0.0,0.0,0.0,0.0,0.0,0.0,0.0,0.0,0.0,0.0,0.0,0.0,0.0
"MATLAB 12-40 PM Fri, Jun 28, 2024 Run3 .csv",5.354229072175055,1334.95016502287,0.3595734556939264,1093.3068015516358,0.0,0.0,0.0,0.0,0.0,0,0.0,0.0,0.0,0.0,0.0,0.0,0.0,0.0,0.0,0.0,0.0,0.0,0.0,0.0,0.0,0.0,0.0,0.0,0.0,0.0,4.829857317122213,1179.1705537870948,0.2065954649339502,817.7210343173175,0.1691167116861557,0.6546666660865873,0.5759999994896248,0.4000040003940732,0.00013,1,0.25,0,0.0,-0.4908662237834638,1.3760268090774597,11.325985312321516,0.258324916246443,1.0739682746607303e-15,0.1192844740804907,0.1500029342502468,0.7306185959298754,6.125009994484856,2.495387344062512,135298.04995005002,0.0469033625298254,0.1395514617357348,0.0046186224857351,1.0,1.0,0.4403444912383343,-1.2608796183750282,0.004572622179985,0,5.354229072175055,1334.95016502287,0.3595734556939264,1093.3068015516358,0.0,0.0,0.0,0.0,0.0,0,0.0,0.0,0.0,0.0,0.0,0.0,0.0,0.0,0.0,0.0,0.0,0.0,0.0,0.0,0.0,0.0,0.0,0.0,0.0,0.0,4.829857317122213,1179.1705537870948,0.2065954649339502,817.7210343173175,0.1691167116861557,0.6546666660865873,0.5759999994896248,0.4000040003940732,0.00013,1,0.25,0,0.0,-0.4908662237834638,1.3760268090774597,11.325985312321516,0.258324916246443,1.0739682746607303e-15,0.1192844740804907,0.1500029342502468,0.7306185959298754,6.125009994484856,2.495387344062512,135298.04995005002,0.0469033625298254,0.1395514617357348,0.0046186224857351,1.0,1.0,0.4403444912383343,-1.2608796183750282,0.004572622179985
"MATLAB 12-41 PM Tue, Apr 2, 2024 Run4 .csv",2.6309196520815656,271.97927729587394,0.0836181599408194,660.1528063063861,0.0,0.0,0.0,0.0,0.0,0,0.0,0.0,0.0,0.0,0.0,0.0,0.0,0.0,0.0,0.0,0.0,0.0,0.0,0.0,0.0,0.0,0.0,0.0,0.0,0.0,3.566127928648758,570.3303443152511,0.2202956512036814,1006.6284102320462,0.0,0.0,0.0,0.0,0.0,0,0.0,0,0.0,0.0,0.0,0.0,0.0,0.0,0.0,0.0,0.0,0.0,0.0,0.0,0.0,0.0,0.0,0.0,0.0,0.0,0.0,0.0,0,2.6309196520815656,271.97927729587394,0.0836181599408194,660.1528063063861,0.0,0.0,0.0,0.0,0.0,0,0.0,0.0,0.0,0.0,0.0,0.0,0.0,0.0,0.0,0.0,0.0,0.0,0.0,0.0,0.0,0.0,0.0,0.0,0.0,0.0,3.566127928648758,570.3303443152511,0.2202956512036814,1006.6284102320462,0.0,0.0,0.0,0.0,0.0,0,0.0,0,0.0,0.0,0.0,0.0,0.0,0.0,0.0,0.0,0.0,0.0,0.0,0.0,0.0,0.0,0.0,0.0,0.0,0.0,0.0,0.0
"MATLAB 12-42 PM Fri, Jun 28, 2024 Run4 .csv",5.549271425386869,1454.0555600028424,0.4078180409102095,1123.173896153862,0.0,0.0,0.0,0.0,0.0,0,0.0,0.0,0.0,0.0,0.0,0.0,0.0,0.0,0.0,0.0,0.0,0.0,0.0,0.0,0.0,0.0,0.0,0.0,0.0,0.0,5.001561689621581,1240.7696945842297,0.234574845334432,821.8828959574387,1.8994499983183464,2.0480499981860185,2.0480499981860185,0.3000030002955549,0.00019,0,1.0,0,0.0,-0.0243036897838768,13.272479468678103,22.566072532443822,0.9274431776571428,2.8822611905550786e-15,0.1243862162895702,0.1105310621144315,0.7648939231886898,6.149346334388224,2.704911534021029,177895.50503608678,0.0403767721260753,0.091645573982271,0.0046115245254041,0.0,0.0,0.5594832086961997,-1.4999999999999991,0.011170203089714,0,5.549271425386869,1454.0555600028424,0.4078180409102095,1123.173896153862,0.0,0.0,0.0,0.0,0.0,0,0.0,0.0,0.0,0.0,0.0,0.0,0.0,0.0,0.0,0.0,0.0,0.0,0.0,0.0,0.0,0.0,0.0,0.0,0.0,0.0,5.001561689621581,1240.7696945842297,0.234574845334432,821.8828959574387,1.8994499983183464,2.0480499981860185,2.0480499981860185,0.3000030002955549,0.00019,0,1.0,0,0.0,-0.0243036897838768,13.272479468678103,22.566072532443822,0.9274431776571428,2.8822611905550786e-15,0.1243862162895702,0.1105310621144315,0.7648939231886898,6.149346334388224,2.704911534021029,177895.50503608678,0.0403767721260753,0.091645573982271,0.0046115245254041,0.0,0.0,0.5594832086961997,-1.4999999999999991,0.011170203089714
"MATLAB 12-52 PM Fri, Jun 14, 2024 Run0 .csv",6.282742093068397,2274.409762374118,0.6096600240840957,1425.8389497141516,0.0,0.0,0.0,0.0,0.0,0,0.0,0.0,0.0,0.0,0.0,0.0,0.0,0.0,0.0,0.0,0.0,0.0,0.0,0.0,0.0,0.0,0.0,0.0,0.0,0.0,6.01359350419404,3330.2752336337426,0.4091877363473492,1106.7126455197188,0.0841590868485884,0.119365060135308,0.1007999999106843,8.400084008275538,0.00491,3,0.1071428571428571,0,0.0,0.053807359463236,0.0316093570349904,5.210799901856617,0.7050562933004738,1.0770666875418378e-13,0.004196699606284,0.0520412097476956,0.9423473475306754,224.5448652363951,5.443987127638116,20713.936596898773,2.2095476738582187,4.179122108721408,0.185162374872275,0.0764119601328903,0.0,1.2811236255692753,2.1031880688763414,0.0062494859099388,0,6.282742093068397,2274.409762374118,0.6096600240840957,1425.8389497141516,0.0,0.0,0.0,0.0,0.0,0,0.0,0.0,0.0,0.0,0.0,0.0,0.0,0.0,0.0,0.0,0.0,0.0,0.0,0.0,0.0,0.0,0.0,0.0,0.0,0.0,6.01359350419404,3330.2752336337426,0.4091877363473492,1106.7126455197188,0.0841590868485884,0.119365060135308,0.1007999999106843,8.400084008275538,0.00491,3,0.1071428571428571,0,0.0,0.053807359463236,0.0316093570349904,5.210799901856617,0.7050562933004738,1.0770666875418378e-13,0.004196699606284,0.0520412097476956,0.9423473475306754,224.5448652363951,5.443987127638116,20713.936596898773,2.2095476738582187,4.179122108721408,0.185162374872275,0.0764119601328903,0.0,1.2811236255692753,2.1031880688763414,0.0062494859099388
"MATLAB 12-56 PM Tue, Oct 29, 2024 Run2 .csv",4.735946718222818,1824.140010547517,0.614334551013633,1881.5297665984388,0.0,0.0,0.0,0.0,0.0,0,0.0,0.0,0.0,0.0,0.0,0.0,0.0,0.0,0.0,0.0,0.0,0.0,0.0,0.0,0.0,0.0,0.0,0.0,0.0,0.0,2.96020583350559,660.9361476400344,0.3021938491038389,1339.5561416395196,0.0,0.0,0.0,0.0,0.0,0,0.0,0,0.0,0.0,0.0,0.0,0.0,0.0,0.0,0.0,0.0,0.0,0.0,0.0,0.0,0.0,0.0,0.0,0.0,0.0,0.0,0.0,0,4.735946718222818,1824.140010547517,0.614334551013633,1881.5297665984388,0.0,0.0,0.0,0.0,0.0,0,0.0,0.0,0.0,0.0,0.0,0.0,0.0,0.0,0.0,0.0,0.0,0.0,0.0,0.0,0.0,0.0,0.0,0.0,0.0,0.0,2.96020583350559,660.9361476400344,0.3021938491038389,1339.5561416395196,0.0,0.0,0.0,0.0,0.0,0,0.0,0,0.0,0.0,0.0,0.0,0.0,0.0,0.0,0.0,0.0,0.0,0.0,0.0,0.0,0.0,0.0,0.0,0.0,0.0,0.0,0.0
"MATLAB 12-59 PM Fri, May 31, 2024 Run2 .csv",5.108469151821551,669.3815937705684,0.2912996326854855,877.2245379716436,0.0,0.0,0.0,0.0,0.0,0,0.0,0.0,0.0,0.0,0.0,0.0,0.0,0.0,0.0,0.0,0.0,0.0,0.0,0.0,0.0,0.0,0.0,0.0,0.0,0.0,4.49572979915154,737.687882063798,0.309754075143076,1302.6406933861715,0.0,0.0,0.0,0.0,0.0,0,0.0,0,0.0,0.0,0.0,0.0,0.0,0.0,0.0,0.0,0.0,0.0,0.0,0.0,0.0,0.0,0.0,0.0,0.0,0.0,0.0,0.0,0,5.108469151821551,669.3815937705684,0.2912996326854855,877.2245379716436,0.0,0.0,0.0,0.0,0.0,0,0.0,0.0,0.0,0.0,0.0,0.0,0.0,0.0,0.0,0.0,0.0,0.0,0.0,0.0,0.0,0.0,0.0,0.0,0.0,0.0,4.49572979915154,737.687882063798,0.309754075143076,1302.6406933861715,0.0,0.0,0.0,0.0,0.0,0,0.0,0,0.0,0.0,0.0,0.0,0.0,0.0,0.0,0.0,0.0,0.0,0.0,0.0,0.0,0.0,0.0,0.0,0.0,0.0,0.0,0.0
"MATLAB 2-00 PM Fri, Sep 13, 2024 Run2 .csv",5.775448878536722,2710.545623868217,0.6093604270208755,1663.4354881644217,0.0,0.0,0.0,0.0,0.0,0,0.0,0.0,0.0,0.0,0.0,0.0,0.0,0.0,0.0,0.0,0.0,0.0,0.0,0.0,0.0,0.0,0.0,0.0,0.0,0.0,5.606965006447343,2011.5248703970892,0.6719416380427403,1616.0959920698333,0.0,0.0,0.0,0.0,0.0,0,0.0,0,0.0,0.0,0.0,0.0,0.0,0.0,0.0,0.0,0.0,0.0,0.0,0.0,0.0,0.0,0.0,0.0,0.0,0.0,0.0,0.0,0,5.775448878536722,2710.545623868217,0.6093604270208755,1663.4354881644217,0.0,0.0,0.0,0.0,0.0,0,0.0,0.0,0.0,0.0,0.0,0.0,0.0,0.0,0.0,0.0,0.0,0.0,0.0,0.0,0.0,0.0,0.0,0.0,0.0,0.0,5.606965006447343,2011.5248703970892,0.6719416380427403,1616.0959920698333,0.0,0.0,0.0,0.0,0.0,0,0.0,0,0.0,0.0,0.0,0.0,0.0,0.0,0.0,0.0,0.0,0.0,0.0,0.0,0.0,0.0,0.0,0.0,0.0,0.0,0.0,0.0
"MATLAB 2-00 PM Tue, Jun 4, 2024 Run2 .csv",5.795213964335173,1068.2310564739098,0.3712245476483501,1108.5890754822497,0.0,0.0,0.0,0.0,0.0,0,0.0,0.0,0.0,0.0,0.0,0.0,0.0,0.0,0.0,0.0,0.0,0.0,0.0,0.0,0.0,0.0,0.0,0.0,0.0,0.0,5.184393321064784,822.3739912123611,0.2938488566849376,1049.9431870754847,0.0,0.0,0.0,0.0,0.0,0,0.0,0,0.0,0.0,0.0,0.0,0.0,0.0,0.0,0.0,0.0,0.0,0.0,0.0,0.0,0.0,0.0,0.0,0.0,0.0,0.0,0.0,0,5.795213964335173,1068.2310564739098,0.3712245476483501,1108.5890754822497,0.0,0.0,0.0,0.0,0.0,0,0.0,0.0,0.0,0.0,0.0,0.0,0.0,0.0,0.0,0.0,0.0,0.0,0.0,0.0,0.0,0.0,0.0,0.0,0.0,0.0,5.184393321064784,822.3739912123611,0.2938488566849376,1049.9431870754847,0.0,0.0,0.0,0.0,0.0,0,0.0,0,0.0,0.0,0.0,0.0,0.0,0.0,0.0,0.0,0.0,0.0,0.0,0.0,0.0,0.0,0.0,0.0,0.0,0.0,0.0,0.0
"MATLAB 2-01 PM Mon, Oct 28, 2024 Run1 .csv",5.424039306670874,2292.565500970766,0.2854210711820743,1319.4728369489633,0.0,0.0,0.0,0.0,0.0,0,0.0,0.0,0.0,0.0,0.0,0.0,0.0,0.0,0.0,0.0,0.0,0.0,0.0,0.0,0.0,0.0,0.0,0.0,0.0,0.0,5.945379818808108,2385.560939433971,0.3875765486765154,1147.065043670612,0.0,0.0,0.0,0.0,0.0,0,0.0,0,1.0,0.0,0.0,0.0,0.0,0.0,0.0,0.0,0.0,0.0,0.0,0.0,0.0,0.0,0.0,0.0,0.0,0.0,0.0,0.0,0,5.424039306670874,2292.565500970766,0.2854210711820743,1319.4728369489633,0.0,0.0,0.0,0.0,0.0,0,0.0,0.0,0.0,0.0,0.0,0.0,0.0,0.0,0.0,0.0,0.0,0.0,0.0,0.0,0.0,0.0,0.0,0.0,0.0,0.0,5.945379818808108,2385.560939433971,0.3875765486765154,1147.065043670612,0.0,0.0,0.0,0.0,0.0,0,0.0,0,1.0,0.0,0.0,0.0,0.0,0.0,0.0,0.0,0.0,0.0,0.0,0.0,0.0,0.0,0.0,0.0,0.0,0.0,0.0,0.0
"MATLAB 2-03 PM Tue, Oct 8, 2024 Run0 .csv",6.173114810925074,2626.790542649257,0.5736261288636456,1500.712366195647,0.0,0.0,0.0,0.0,0.0,0,0.0,0.0,0.0,0.0,0.0,0.0,0.0,0.0,0.0,0.0,0.0,0.0,0.0,0.0,0.0,0.0,0.0,0.0,0.0,0.0,6.031915989291738,2305.8085897534083,0.5328735265749641,1490.9692161298717,0.0,0.0,0.0,0.0,0.0,0,0.0,0,0.0,0.0,0.0,0.0,0.0,0.0,0.0,0.0,0.0,0.0,0.0,0.0,0.0,0.0,0.0,0.0,0.0,0.0,0.0,0.0,0,6.173114810925074,2626.790542649257,0.5736261288636456,1500.712366195647,0.0,0.0,0.0,0.0,0.0,0,0.0,0.0,0.0,0.0,0.0,0.0,0.0,0.0,0.0,0.0,0.0,0.0,0.0,0.0,0.0,0.0,0.0,0.0,0.0,0.0,6.031915989291738,2305.8085897534083,0.5328735265749641,1490.9692161298717,0.0,0.0,0.0,0.0,0.0,0,0.0,0,0.0,0.0,0.0,0.0,0.0,0.0,0.0,0.0,0.0,0.0,0.0,0.0,0.0,0.0,0.0,0.0,0.0,0.0,0.0,0.0
"MATLAB 2-04 PM Mon, Oct 28, 2024 Run2 .csv",4.901963708332087,2238.8571693217746,0.6061534881037101,1860.565198724507,0.0,0.0,0.0,0.0,0.0,0,0.0,0.0,0.0,0.0,0.0,0.0,0.0,0.0,0.0,0.0,0.0,0.0,0.0,0.0,0.0,0.0,0.0,0.0,0.0,0.0,3.953363286670589,1381.5847440937544,0.4473905036527161,1809.4618123537336,0.0,0.0,0.0,0.0,0.0,0,0.0,0,0.0,0.0,0.0,0.0,0.0,0.0,0.0,0.0,0.0,0.0,0.0,0.0,0.0,0.0,0.0,0.0,0.0,0.0,0.0,0.0,0,4.901963708332087,2238.8571693217746,0.6061534881037101,1860.565198724507,0.0,0.0,0.0,0.0,0.0,0,0.0,0.0,0.0,0.0,0.0,0.0,0.0,0.0,0.0,0.0,0.0,0.0,0.0,0.0,0.0,0.0,0.0,0.0,0.0,0.0,3.953363286670589,1381.5847440937544,0.4473905036527161,1809.4618123537336,0.0,0.0,0.0,0.0,0.0,0,0.0,0,0.0,0.0,0.0,0.0,0.0,0.0,0.0,0.0,0.0,0.0,0.0,0.0,0.0,0.0,0.0,0.0,0.0,0.0,0.0,0.0
"MATLAB 2-04 PM Tue, Oct 22, 2024 Run2 .csv",5.584172553274457,2297.007632733576,0.3030378298540653,1217.5215726106796,0.0,0.0,0.0,0.0,0.0,0,0.0,0.0,0.0,0.0,0.0,0.0,0.0,0.0,0.0,0.0,0.0,0.0,0.0,0.0,0.0,0.0,0.0,0.0,0.0,0.0,5.591372865810245,1926.5837950343152,0.3770145080238212,1234.1454816770638,0.0,0.0,0.0,0.0,0.0,0,0.0,0,0.0,0.0,0.0,0.0,0.0,0.0,0.0,0.0,0.0,0.0,0.0,0.0,0.0,0.0,0.0,0.0,0.0,0.0,0.0,0.0,0,5.584172553274457,2297.007632733576,0.3030378298540653,1217.5215726106796,0.0,0.0,0.0,0.0,0.0,0,0.0,0.0,0.0,0.0,0.0,0.0,0.0,0.0,0.0,0.0,0.0,0.0,0.0,0.0,0.0,0.0,0.0,0.0,0.0,0.0,5.591372865810245,1926.5837950343152,0.3770145080238212,1234.1454816770638,0.0,0.0,0.0,0.0,0.0,0,0.0,0,0.0,0.0,0.0,0.0,0.0,0.0,0.0,0.0,0.0,0.0,0.0,0.0,0.0,0.0,0.0,0.0,0.0,0.0,0.0,0.0
"MATLAB 2-04 PM Wed, Sep 18, 2024 Run0 .csv",4.8424883506002,1044.0553980430163,1.07957328415137,1454.9395152625511,0.0,0.0,0.0,0.0,0.0,0,0.0,0.0,0.0,0.0,0.0,0.0,0.0,0.0,0.0,0.0,0.0,0.0,0.0,0.0,0.0,0.0,0.0,0.0,0.0,0.0,3.4697281967778406,609.5280740858559,0.5917402313404858,1145.317041160068,0.0,0.0,0.0,0.0,0.0,0,0.0,0,0.0,0.0,0.0,0.0,0.0,0.0,0.0,0.0,0.0,0.0,0.0,0.0,0.0,0.0,0.0,0.0,0.0,0.0,0.0,0.0,0,4.8424883506002,1044.0553980430163,1.07957328415137,1454.9395152625511,0.0,0.0,0.0,0.0,0.0,0,0.0,0.0,0.0,0.0,0.0,0.0,0.0,0.0,0.0,0.0,0.0,0.0,0.0,0.0,0.0,0.0,0.0,0.0,0.0,0.0,3.4697281967778406,609.5280740858559,0.5917402313404858,1145.317041160068,0.0,0.0,0.0,0.0,0.0,0,0.0,0,0.0,0.0,0.0,0.0,0.0,0.0,0.0,0.0,0.0,0.0,0.0,0.0,0.0,0.0,0.0,0.0,0.0,0.0,0.0,0.0
"MATLAB 2-06 PM Thu, Oct 31, 2024 Run4 .csv",4.737990094467859,2366.788468627016,0.618218463985499,1919.0927485603409,0.0,0.0,0.0,0.0,0.0,0,0.0,0.0,0.0,0.0,0.0,0.0,0.0,0.0,0.0,0.0,0.0,0.0,0.0,0.0,0.0,0.0,0.0,0.0,0.0,0.0,3.742590514460961,2578.049117897608,0.2998203508104861,2045.660002879824,0.0,0.0,0.0,0.0,0.0,0,0.0,0,0.0,0.0,0.0,0.0,0.0,0.0,0.0,0.0,0.0,0.0,0.0,0.0,0.0,0.0,0.0,0.0,0.0,0.0,0.0,0.0,0,4.737990094467859,2366.788468627016,0.618218463985499,1919.0927485603409,0.0,0.0,0.0,0.0,0.0,0,0.0,0.0,0.0,0.0,0.0,0.0,0.0,0.0,0.0,0.0,0.0,0.0,0.0,0.0,0.0,0.0,0.0,0.0,0.0,0.0,3.742590514460961,2578.049117897608,0.2998203508104861,2045.660002879824,0.0,0.0,0.0,0.0,0.0,0,0.0,0,0.0,0.0,0.0,0.0,0.0,0.0,0.0,0.0,0.0,0.0,0.0,0.0,0.0,0.0,0.0,0.0,0.0,0.0,0.0,0.0
"MATLAB 2-12 PM Mon, Sep 9, 2024 Run0 .csv",5.980413652041619,2897.137506866618,0.4551413080571623,1261.1151595978251,0.0,0.0,0.0,0.0,0.0,0,0.0,0.0,0.0,0.0,0.0,0.0,0.0,0.0,0.0,0.0,0.0,0.0,0.0,0.0,0.0,0.0,0.0,0.0,0.0,0.0,6.01577703288172,2296.958567321847,0.5368074824485992,1443.6176359994836,0.0,0.0,0.0,0.0,0.0,0,0.0,0,0.0,0.0,0.0,0.0,0.0,0.0,0.0,0.0,0.0,0.0,0.0,0.0,0.0,0.0,0.0,0.0,0.0,0.0,0.0,0.0,0,5.980413652041619,2897.137506866618,0.4551413080571623,1261.1151595978251,0.0,0.0,0.0,0.0,0.0,0,0.0,0.0,0.0,0.0,0.0,0.0,0.0,0.0,0.0,0.0,0.0,0.0,0.0,0.0,0.0,0.0,0.0,0.0,0.0,0.0,6.01577703288172,2296.958567321847,0.5368074824485992,1443.6176359994836,0.0,0.0,0.0,0.0,0.0,0,0.0,0,0.0,0.0,0.0,0.0,0.0,0.0,0.0,0.0,0.0,0.0,0.0,0.0,0.0,0.0,0.0,0.0,0.0,0.0,0.0,0.0
"MATLAB 2-12 PM Wed, Sep 18, 2024 Run1 .csv",5.959902444343071,2960.562147419705,0.3707211068154765,1205.2492516003344,0.0,0.0,0.0,0.0,0.0,0,0.0,0.0,0.0,0.0,0.0,0.0,0.0,0.0,0.0,0.0,0.0,0.0,0.0,0.0,0.0,0.0,0.0,0.0,0.0,0.0,5.735105839656956,2443.108448145405,0.3268936493686907,1090.8683972025594,0.0,0.0,0.0,0.0,0.0,0,0.0,0,0.0,0.0,0.0,0.0,0.0,0.0,0.0,0.0,0.0,0.0,0.0,0.0,0.0,0.0,0.0,0.0,0.0,0.0,0.0,0.0,0,5.959902444343071,2960.562147419705,0.3707211068154765,1205.2492516003344,0.0,0.0,0.0,0.0,0.0,0,0.0,0.0,0.0,0.0,0.0,0.0,0.0,0.0,0.0,0.0,0.0,0.0,0.0,0.0,0.0,0.0,0.0,0.0,0.0,0.0,5.735105839656956,2443.108448145405,0.3268936493686907,1090.8683972025594,0.0,0.0,0.0,0.0,0.0,0,0.0,0,0.0,0.0,0.0,0.0,0.0,0.0,0.0,0.0,0.0,0.0,0.0,0.0,0.0,0.0,0.0,0.0,0.0,0.0,0.0,0.0
"MATLAB 2-13 PM Mon, Oct 28, 2024 Run3 .csv",5.017381346380271,2353.487367495862,0.6451988474110196,1809.0447558350463,0.0,0.0,0.0,0.0,0.0,0,0.0,0.0,0.0,0.0,0.0,0.0,0.0,0.0,0.0,0.0,0.0,0.0,0.0,0.0,0.0,0.0,0.0,0.0,0.0,0.0,4.086214271100776,1327.317986406908,0.5132507323175634,1765.5650170801289,0.0,0.0,0.0,0.0,0.0,0,0.0,0,0.0,0.0,0.0,0.0,0.0,0.0,0.0,0.0,0.0,0.0,0.0,0.0,0.0,0.0,0.0,0.0,0.0,0.0,0.0,0.0,0,5.017381346380271,2353.487367495862,0.6451988474110196,1809.0447558350463,0.0,0.0,0.0,0.0,0.0,0,0.0,0.0,0.0,0.0,0.0,0.0,0.0,0.0,0.0,0.0,0.0,0.0,0.0,0.0,0.0,0.0,0.0,0.0,0.0,0.0,4.086214271100776,1327.317986406908,0.5132507323175634,1765.5650170801289,0.0,0.0,0.0,0.0,0.0,0,0.0,0,0.0,0.0,0.0,0.0,0.0,0.0,0.0,0.0,0.0,0.0,0.0,0.0,0.0,0.0,0.0,0.0,0.0,0.0,0.0,0.0
"MATLAB 2-13 PM Tue, Oct 15, 2024 Run1 .csv",5.153366035216765,4187.473148983414,0.284942709838608,1077.0659781750223,0.0,0.0,0.0,0.0,0.0,0,0.0,0.0,0.0,0.0,0.0,0.0,0.0,0.0,0.0,0.0,0.0,0.0,0.0,0.0,0.0,0.0,0.0,0.0,0.0,0.0,4.862762820256107,4036.5483814929016,0.2325037983000435,1407.847470987087,0.0,0.0,0.0,0.0,0.0,0,0.0,0,1.0,0.0,0.0,0.0,0.0,0.0,0.0,0.0,0.0,0.0,0.0,0.0,0.0,0.0,0.0,0.0,0.0,0.0,0.0,0.0,0,5.153366035216765,4187.473148983414,0.284942709838608,1077.0659781750223,0.0,0.0,0.0,0.0,0.0,0,0.0,0.0,0.0,0.0,0.0,0.0,0.0,0.0,0.0,0.0,0.0,0.0,0.0,0.0,0.0,0.0,0.0,0.0,0.0,0.0,4.862762820256107,4036.5483814929016,0.2325037983000435,1407.847470987087,0.0,0.0,0.0,0.0,0.0,0,0.0,0,1.0,0.0,0.0,0.0,0.0,0.0,0.0,0.0,0.0,0.0,0.0,0.0,0.0,0.0,0.0,0.0,0.0,0.0,0.0,0.0
"MATLAB 2-17 PM Thu, Oct 3, 2024 Run0 .csv",4.3438048374044325,1219.5462249617635,0.7744216810265662,1656.2634578152138,0.0,0.0,0.0,0.0,0.0,0,0.0,0.0,0.0,0.0,0.0,0.0,0.0,0.0,0.0,0.0,0.0,0.0,0.0,0.0,0.0,0.0,0.0,0.0,0.0,0.0,3.2879887582130563,1060.434169523464,0.385849203085979,1646.146071409603,0.0,0.0,0.0,0.0,0.0,0,0.0,0,0.0,0.0,0.0,0.0,0.0,0.0,0.0,0.0,0.0,0.0,0.0,0.0,0.0,0.0,0.0,0.0,0.0,0.0,0.0,0.0,0,4.3438048374044325,1219.5462249617635,0.7744216810265662,1656.2634578152138,0.0,0.0,0.0,0.0,0.0,0,0.0,0.0,0.0,0.0,0.0,0.0,0.0,0.0,0.0,0.0,0.0,0.0,0.0,0.0,0.0,0.0,0.0,0.0,0.0,0.0,3.2879887582130563,1060.434169523464,0.385849203085979,1646.146071409603,0.0,0.0,0.0,0.0,0.0,0,0.0,0,0.0,0.0,0.0,0.0,0.0,0.0,0.0,0.0,0.0,0.0,0.0,0.0,0.0,0.0,0.0,0.0,0.0,0.0,0.0,0.0
"MATLAB 2-18 PM Tue, Apr 30, 2024 Run0 .csv",4.923234559981223,1063.2592166363731,0.2976852746760942,1472.3764950790558,0.0,0.0,0.0,0.0,0.0,0,0.0,0.0,0.0,0.0,0.0,0.0,0.0,0.0,0.0,0.0,0.0,0.0,0.0,0.0,0.0,0.0,0.0,0.0,0.0,0.0,3.8343176817654654,386.6008834764111,0.1122968255557698,649.2869400858272,0.0,0.0,0.0,0.0,0.0,0,0.0,0,0.0,0.0,0.0,0.0,0.0,0.0,0.0,0.0,0.0,0.0,0.0,0.0,0.0,0.0,0.0,0.0,0.0,0.0,0.0,0.0,0,4.923234559981223,1063.2592166363731,0.2976852746760942,1472.3764950790558,0.0,0.0,0.0,0.0,0.0,0,0.0,0.0,0.0,0.0,0.0,0.0,0.0,0.0,0.0,0.0,0.0,0.0,0.0,0.0,0.0,0.0,0.0,0.0,0.0,0.0,3.8343176817654654,386.6008834764111,0.1122968255557698,649.2869400858272,0.0,0.0,0.0,0.0,0.0,0,0.0,0,0.0,0.0,0.0,0.0,0.0,0.0,0.0,0.0,0.0,0.0,0.0,0.0,0.0,0.0,0.0,0.0,0.0,0.0,0.0,0.0
"MATLAB 2-18 PM Tue, Oct 15, 2024 Run2 .csv",5.11973327482462,1689.6477336699406,0.315135021866542,1367.5639711711062,0.0,0.0,0.0,0.0,0.0,0,0.0,0.0,0.0,0.0,0.0,0.0,0.0,0.0,0.0,0.0,0.0,0.0,0.0,0.0,0.0,0.0,0.0,0.0,0.0,0.0,3.99712613504528,1047.2789577537571,0.2171892258246036,1124.1794564001157,0.0,0.0,0.0,0.0,0.0,0,0.0,0,0.0,0.0,0.0,0.0,0.0,0.0,0.0,0.0,0.0,0.0,0.0,0.0,0.0,0.0,0.0,0.0,0.0,0.0,0.0,0.0,0,5.11973327482462,1689.6477336699406,0.315135021866542,1367.5639711711062,0.0,0.0,0.0,0.0,0.0,0,0.0,0.0,0.0,0.0,0.0,0.0,0.0,0.0,0.0,0.0,0.0,0.0,0.0,0.0,0.0,0.0,0.0,0.0,0.0,0.0,3.99712613504528,1047.2789577537571,0.2171892258246036,1124.1794564001157,0.0,0.0,0.0,0.0,0.0,0,0.0,0,0.0,0.0,0.0,0.0,0.0,0.0,0.0,0.0,0.0,0.0,0.0,0.0,0.0,0.0,0.0,0.0,0.0,0.0,0.0,0.0
"MATLAB 2-19 PM Fri, Jun 14, 2024 Run6 .csv",5.053254120046648,762.0321739709161,0.3477459494390379,1175.041051251918,0.0,0.0,0.0,0.0,0.0,0,0.0,0.0,0.0,0.0,0.0,0.0,0.0,0.0,0.0,0.0,0.0,0.0,0.0,0.0,0.0,0.0,0.0,0.0,0.0,0.0,4.328874809273833,657.8600127098612,0.3039849988586146,1130.38817177352,0.7732276032606711,0.7414499993438389,0.3841499996579109,1.300013001280738,0.00025,1,0.6153846153846154,0,0.0,0.192115110705947,11.062435546883696,26.318136023327654,1.0428587280935389,8.375253710738242e-15,0.642003534755895,0.0631403808096204,0.2947449881036414,0.4591018150946949,3.77481538009154,128892.28989205652,0.5286301804010697,0.8640930842094025,0.9230357220683004,1.0,1.0,1.7291054231015937,2.1975512162999307,0.0269294130802154,0,5.053254120046648,762.0321739709161,0.3477459494390379,1175.041051251918,0.0,0.0,0.0,0.0,0.0,0,0.0,0.0,0.0,0.0,0.0,0.0,0.0,0.0,0.0,0.0,0.0,0.0,0.0,0.0,0.0,0.0,0.0,0.0,0.0,0.0,4.328874809273833,657.8600127098612,0.3039849988586146,1130.38817177352,0.7732276032606711,0.7414499993438389,0.3841499996579109,1.300013001280738,0.00025,1,0.6153846153846154,0,0.0,0.192115110705947,11.062435546883696,26.318136023327654,1.0428587280935389,8.375253710738242e-15,0.642003534755895,0.0631403808096204,0.2947449881036414,0.4591018150946949,3.77481538009154,128892.28989205652,0.5286301804010697,0.8640930842094025,0.9230357220683004,1.0,1.0,1.7291054231015937,2.1975512162999307,0.0269294130802154
"MATLAB 2-19 PM Tue, Apr 30, 2024 Run0 .csv",4.69291634991989,812.097842867129,0.282883364028435,1248.9043006712934,0.0,0.0,0.0,0.0,0.0,0,0.0,0.0,0.0,0.0,0.0,0.0,0.0,0.0,0.0,0.0,0.0,0.0,0.0,0.0,0.0,0.0,0.0,0.0,0.0,0.0,3.669030940122844,344.0402135692797,0.0906267683391206,586.0486739696296,0.0,0.0,0.0,0.0,0.0,0,0.0,0,0.0,0.0,0.0,0.0,0.0,0.0,0.0,0.0,0.0,0.0,0.0,0.0,0.0,0.0,0.0,0.0,0.0,0.0,0.0,0.0,0,4.69291634991989,812.097842867129,0.282883364028435,1248.9043006712934,0.0,0.0,0.0,0.0,0.0,0,0.0,0.0,0.0,0.0,0.0,0.0,0.0,0.0,0.0,0.0,0.0,0.0,0.0,0.0,0.0,0.0,0.0,0.0,0.0,0.0,3.669030940122844,344.0402135692797,0.0906267683391206,586.0486739696296,0.0,0.0,0.0,0.0,0.0,0,0.0,0,0.0,0.0,0.0,0.0,0.0,0.0,0.0,0.0,0.0,0.0,0.0,0.0,0.0,0.0,0.0,0.0,0.0,0.0,0.0,0.0
"MATLAB 2-20 PM Tue, Apr 30, 2024 Run1 .csv",4.822586143955867,923.0523850884318,0.2906348881533331,1369.4294607221348,0.0,0.0,0.0,0.0,0.0,0,0.0,0.0,0.0,0.0,0.0,0.0,0.0,0.0,0.0,0.0,0.0,0.0,0.0,0.0,0.0,0.0,0.0,0.0,0.0,0.0,3.805876912971725,383.67287898932176,0.1028934890560122,624.841501802329,0.0,0.0,0.0,0.0,0.0,0,0.0,0,0.0,0.0,0.0,0.0,0.0,0.0,0.0,0.0,0.0,0.0,0.0,0.0,0.0,0.0,0.0,0.0,0.0,0.0,0.0,0.0,0,4.822586143955867,923.0523850884318,0.2906348881533331,1369.4294607221348,0.0,0.0,0.0,0.0,0.0,0,0.0,0.0,0.0,0.0,0.0,0.0,0.0,0.0,0.0,0.0,0.0,0.0,0.0,0.0,0.0,0.0,0.0,0.0,0.0,0.0,3.805876912971725,383.67287898932176,0.1028934890560122,624.841501802329,0.0,0.0,0.0,0.0,0.0,0,0.0,0,0.0,0.0,0.0,0.0,0.0,0.0,0.0,0.0,0.0,0.0,0.0,0.0,0.0,0.0,0.0,0.0,0.0,0.0,0.0,0.0
"MATLAB 2-22 PM Wed, Apr 3, 2024 Run0 .csv",2.396815314926252,204.3890289935512,0.1076316552179938,556.9550742739352,0.0,0.0,0.0,0.0,0.0,0,0.0,0.0,0.0,0.0,0.0,0.0,0.0,0.0,0.0,0.0,0.0,0.0,0.0,0.0,0.0,0.0,0.0,0.0,0.0,0.0,3.474110589636465,442.1437963648456,0.3441311826891179,950.9731511234507,0.0,0.0,0.0,0.0,0.0,0,0.0,0,0.0,0.0,0.0,0.0,0.0,0.0,0.0,0.0,0.0,0.0,0.0,0.0,0.0,0.0,0.0,0.0,0.0,0.0,0.0,0.0,0,2.396815314926252,204.3890289935512,0.1076316552179938,556.9550742739352,0.0,0.0,0.0,0.0,0.0,0,0.0,0.0,0.0,0.0,0.0,0.0,0.0,0.0,0.0,0.0,0.0,0.0,0.0,0.0,0.0,0.0,0.0,0.0,0.0,0.0,3.474110589636465,442.1437963648456,0.3441311826891179,950.9731511234507,0.0,0.0,0.0,0.0,0.0,0,0.0,0,0.0,0.0,0.0,0.0,0.0,0.0,0.0,0.0,0.0,0.0,0.0,0.0,0.0,0.0,0.0,0.0,0.0,0.0,0.0,0.0
"MATLAB 2-24 PM Tue, Apr 30, 2024 Run2 .csv",4.454954614259237,602.1600783376585,0.2330048676205379,926.9330240335296,0.0,0.0,0.0,0.0,0.0,0,0.0,0.0,0.0,0.0,0.0,0.0,0.0,0.0,0.0,0.0,0.0,0.0,0.0,0.0,0.0,0.0,0.0,0.0,0.0,0.0,3.659653218782137,350.5000921430332,0.1202035255305802,648.3640218686372,0.0,0.0,0.0,0.0,0.0,0,0.0,0,0.0,0.0,0.0,0.0,0.0,0.0,0.0,0.0,0.0,0.0,0.0,0.0,0.0,0.0,0.0,0.0,0.0,0.0,0.0,0.0,0,4.454954614259237,602.1600783376585,0.2330048676205379,926.9330240335296,0.0,0.0,0.0,0.0,0.0,0,0.0,0.0,0.0,0.0,0.0,0.0,0.0,0.0,0.0,0.0,0.0,0.0,0.0,0.0,0.0,0.0,0.0,0.0,0.0,0.0,3.659653218782137,350.5000921430332,0.1202035255305802,648.3640218686372,0.0,0.0,0.0,0.0,0.0,0,0.0,0,0.0,0.0,0.0,0.0,0.0,0.0,0.0,0.0,0.0,0.0,0.0,0.0,0.0,0.0,0.0,0.0,0.0,0.0,0.0,0.0
"MATLAB 2-26 PM Fri, Jun 14, 2024 Run9 .csv",2.5957841980829204,327.3249699742993,0.2421439811087005,933.3335265215404,0.0,0.0,0.0,0.0,0.0,0,0.0,0.0,0.0,0.0,0.0,0.0,0.0,0.0,0.0,0.0,0.0,0.0,0.0,0.0,0.0,0.0,0.0,0.0,0.0,0.0,1.8537011520196505,116.73867459506845,0.0493644428021427,448.05378026932647,0.0,0.0,0.0,0.0,0.0,0,0.0,0,0.0,0.0,0.0,0.0,0.0,0.0,0.0,0.0,0.0,0.0,0.0,0.0,0.0,0.0,0.0,0.0,0.0,0.0,0.0,0.0,0,2.5957841980829204,327.3249699742993,0.2421439811087005,933.3335265215404,0.0,0.0,0.0,0.0,0.0,0,0.0,0.0,0.0,0.0,0.0,0.0,0.0,0.0,0.0,0.0,0.0,0.0,0.0,0.0,0.0,0.0,0.0,0.0,0.0,0.0,1.8537011520196505,116.73867459506845,0.0493644428021427,448.05378026932647,0.0,0.0,0.0,0.0,0.0,0,0.0,0,0.0,0.0,0.0,0.0,0.0,0.0,0.0,0.0,0.0,0.0,0.0,0.0,0.0,0.0,0.0,0.0,0.0,0.0,0.0,0.0
"MATLAB 2-27 PM Fri, Jun 14, 2024 Run10 .csv",5.405908371387554,1279.47533836843,0.7805872329262928,1480.465969950879,0.0,0.0,0.0,0.0,0.0,0,0.0,0.0,0.0,0.0,0.0,0.0,0.0,0.0,0.0,0.0,0.0,0.0,0.0,0.0,0.0,0.0,0.0,0.0,0.0,0.0,4.261640568034449,638.4419613046939,0.2959826750924815,946.981368541301,0.0,0.0,0.0,0.0,0.0,0,0.0,0,0.0,0.0,0.0,0.0,0.0,0.0,0.0,0.0,0.0,0.0,0.0,0.0,0.0,0.0,0.0,0.0,0.0,0.0,0.0,0.0,0,5.405908371387554,1279.47533836843,0.7805872329262928,1480.465969950879,0.0,0.0,0.0,0.0,0.0,0,0.0,0.0,0.0,0.0,0.0,0.0,0.0,0.0,0.0,0.0,0.0,0.0,0.0,0.0,0.0,0.0,0.0,0.0,0.0,0.0,4.261640568034449,638.4419613046939,0.2959826750924815,946.981368541301,0.0,0.0,0.0,0.0,0.0,0,0.0,0,0.0,0.0,0.0,0.0,0.0,0.0,0.0,0.0,0.0,0.0,0.0,0.0,0.0,0.0,0.0,0.0,0.0,0.0,0.0,0.0
"MATLAB 2-27 PM Wed, Apr 3, 2024 Run1 .csv",3.2749587210557456,399.4546088954287,0.2050290214111191,821.624037423504,0.0,0.0,0.0,0.0,0.0,0,0.0,0.0,0.0,0.0,0.0,0.0,0.0,0.0,0.0,0.0,0.0,0.0,0.0,0.0,0.0,0.0,0.0,0.0,0.0,0.0,4.485901444438923,860.6259568328152,0.5150060346823626,1343.7778719763082,0.0,0.0,0.0,0.0,0.0,0,0.0,0,0.0,0.0,0.0,0.0,0.0,0.0,0.0,0.0,0.0,0.0,0.0,0.0,0.0,0.0,0.0,0.0,0.0,0.0,0.0,0.0,0,3.2749587210557456,399.4546088954287,0.2050290214111191,821.624037423504,0.0,0.0,0.0,0.0,0.0,0,0.0,0.0,0.0,0.0,0.0,0.0,0.0,0.0,0.0,0.0,0.0,0.0,0.0,0.0,0.0,0.0,0.0,0.0,0.0,0.0,4.485901444438923,860.6259568328152,0.5150060346823626,1343.7778719763082,0.0,0.0,0.0,0.0,0.0,0,0.0,0,0.0,0.0,0.0,0.0,0.0,0.0,0.0,0.0,0.0,0.0,0.0,0.0,0.0,0.0,0.0,0.0,0.0,0.0,0.0,0.0
"MATLAB 2-30 PM Fri, Jun 14, 2024 Run11 .csv",5.757488635921795,1754.0506472405914,0.3362814736352572,780.906983845886,0.0,0.0,0.0,0.0,0.0,0,0.0,0.0,0.0,0.0,0.0,0.0,0.0,0.0,0.0,0.0,0.0,0.0,0.0,0.0,0.0,0.0,0.0,0.0,0.0,0.0,5.20013922186488,1223.7635919364914,0.1861515028003217,640.8794139491401,0.0,0.0,0.0,0.0,0.0,0,0.0,0,0.0,0.0,0.0,0.0,0.0,0.0,0.0,0.0,0.0,0.0,0.0,0.0,0.0,0.0,0.0,0.0,0.0,0.0,0.0,0.0,0,5.757488635921795,1754.0506472405914,0.3362814736352572,780.906983845886,0.0,0.0,0.0,0.0,0.0,0,0.0,0.0,0.0,0.0,0.0,0.0,0.0,0.0,0.0,0.0,0.0,0.0,0.0,0.0,0.0,0.0,0.0,0.0,0.0,0.0,5.20013922186488,1223.7635919364914,0.1861515028003217,640.8794139491401,0.0,0.0,0.0,0.0,0.0,0,0.0,0,0.0,0.0,0.0,0.0,0.0,0.0,0.0,0.0,0.0,0.0,0.0,0.0,0.0,0.0,0.0,0.0,0.0,0.0,0.0,0.0
"MATLAB 2-32 PM Fri, Sep 13, 2024 Run3 .csv",5.925096818637251,3073.2703321247586,0.3505915253646617,1046.8267082601983,0.0,0.0,0.0,0.0,0.0,0,0.0,0.0,0.0,0.0,0.0,0.0,0.0,0.0,0.0,0.0,0.0,0.0,0.0,0.0,0.0,0.0,0.0,0.0,0.0,0.0,6.0969281320486015,3156.9747952755843,0.3567470463282565,1084.3374686449365,0.0,0.0,0.0,0.0,0.0,0,0.0,0,1.0,0.0,0.0,0.0,0.0,0.0,0.0,0.0,0.0,0.0,0.0,0.0,0.0,0.0,0.0,0.0,0.0,0.0,0.0,0.0,0,5.925096818637251,3073.2703321247586,0.3505915253646617,1046.8267082601983,0.0,0.0,0.0,0.0,0.0,0,0.0,0.0,0.0,0.0,0.0,0.0,0.0,0.0,0.0,0.0,0.0,0.0,0.0,0.0,0.0,0.0,0.0,0.0,0.0,0.0,6.0969281320486015,3156.9747952755843,0.3567470463282565,1084.3374686449365,0.0,0.0,0.0,0.0,0.0,0,0.0,0,1.0,0.0,0.0,0.0,0.0,0.0,0.0,0.0,0.0,0.0,0.0,0.0,0.0,0.0,0.0,0.0,0.0,0.0,0.0,0.0
"MATLAB 2-35 PM Tue, Oct 8, 2024 Run1 .csv",5.2212236420827685,1485.572898843962,1.0485407153232629,1664.114811135655,0.0,0.0,0.0,0.0,0.0,0,0.0,0.0,0.0,0.0,0.0,0.0,0.0,0.0,0.0,0.0,0.0,0.0,0.0,0.0,0.0,0.0,0.0,0.0,0.0,0.0,4.1778575095996535,1816.4874647074664,0.5373041698717171,1904.937797854524,0.0,0.0,0.0,0.0,0.0,0,0.0,0,0.0,0.0,0.0,0.0,0.0,0.0,0.0,0.0,0.0,0.0,0.0,0.0,0.0,0.0,0.0,0.0,0.0,0.0,0.0,0.0,0,5.2212236420827685,1485.572898843962,1.0485407153232629,1664.114811135655,0.0,0.0,0.0,0.0,0.0,0,0.0,0.0,0.0,0.0,0.0,0.0,0.0,0.0,0.0,0.0,0.0,0.0,0.0,0.0,0.0,0.0,0.0,0.0,0.0,0.0,4.1778575095996535,1816.4874647074664,0.5373041698717171,1904.937797854524,0.0,0.0,0.0,0.0,0.0,0,0.0,0,0.0,0.0,0.0,0.0,0.0,0.0,0.0,0.0,0.0,0.0,0.0,0.0,0.0,0.0,0.0,0.0,0.0,0.0,0.0,0.0
"MATLAB 2-36 PM Wed, Sep 18, 2024 Run2 .csv",5.904256190503158,3159.7425373446986,0.3077950561729717,1008.7717672338566,0.0,0.0,0.0,0.0,0.0,0,0.0,0.0,0.0,0.0,0.0,0.0,0.0,0.0,0.0,0.0,0.0,0.0,0.0,0.0,0.0,0.0,0.0,0.0,0.0,0.0,5.75532806152099,2574.147495371135,0.2927031913215856,959.2776756254405,0.0,0.0,0.0,0.0,0.0,0,0.0,0,0.0,0.0,0.0,0.0,0.0,0.0,0.0,0.0,0.0,0.0,0.0,0.0,0.0,0.0,0.0,0.0,0.0,0.0,0.0,0.0,0,5.904256190503158,3159.7425373446986,0.3077950561729717,1008.7717672338566,0.0,0.0,0.0,0.0,0.0,0,0.0,0.0,0.0,0.0,0.0,0.0,0.0,0.0,0.0,0.0,0.0,0.0,0.0,0.0,0.0,0.0,0.0,0.0,0.0,0.0,5.75532806152099,2574.147495371135,0.2927031913215856,959.2776756254405,0.0,0.0,0.0,0.0,0.0,0,0.0,0,0.0,0.0,0.0,0.0,0.0,0.0,0.0,0.0,0.0,0.0,0.0,0.0,0.0,0.0,0.0,0.0,0.0,0.0,0.0,0.0
"MATLAB 2-38 PM Thu, May 23, 2024 Run0 .csv",3.287931966640596,510.6880571932033,0.419559968755987,1182.4028773099042,0.0,0.0,0.0,0.0,0.0,0,0.0,0.0,0.0,0.0,0.0,0.0,0.0,0.0,0.0,0.0,0.0,0.0,0.0,0.0,0.0,0.0,0.0,0.0,0.0,0.0,3.050256914943903,626.6989629443134,0.2867319835944088,1340.3211036940838,0.0,0.0,0.0,0.0,0.0,0,0.0,0,0.0,0.0,0.0,0.0,0.0,0.0,0.0,0.0,0.0,0.0,0.0,0.0,0.0,0.0,0.0,0.0,0.0,0.0,0.0,0.0,0,3.287931966640596,510.6880571932033,0.419559968755987,1182.4028773099042,0.0,0.0,0.0,0.0,0.0,0,0.0,0.0,0.0,0.0,0.0,0.0,0.0,0.0,0.0,0.0,0.0,0.0,0.0,0.0,0.0,0.0,0.0,0.0,0.0,0.0,3.050256914943903,626.6989629443134,0.2867319835944088,1340.3211036940838,0.0,0.0,0.0,0.0,0.0,0,0.0,0,0.0,0.0,0.0,0.0,0.0,0.0,0.0,0.0,0.0,0.0,0.0,0.0,0.0,0.0,0.0,0.0,0.0,0.0,0.0,0.0
"MATLAB 2-38 PM Wed, Apr 3, 2024 Run2.csv",2.916393920201332,279.5119736807172,0.1152768787436723,598.9474681088165,0.0,0.0,0.0,0.0,0.0,0,0.0,0.0,0.0,0.0,0.0,0.0,0.0,0.0,0.0,0.0,0.0,0.0,0.0,0.0,0.0,0.0,0.0,0.0,0.0,0.0,3.889911436265084,502.3369822709646,0.3585594900646452,950.7573316767772,0.0,0.0,0.0,0.0,0.0,0,0.0,0,0.0,0.0,0.0,0.0,0.0,0.0,0.0,0.0,0.0,0.0,0.0,0.0,0.0,0.0,0.0,0.0,0.0,0.0,0.0,0.0,0,2.916393920201332,279.5119736807172,0.1152768787436723,598.9474681088165,0.0,0.0,0.0,0.0,0.0,0,0.0,0.0,0.0,0.0,0.0,0.0,0.0,0.0,0.0,0.0,0.0,0.0,0.0,0.0,0.0,0.0,0.0,0.0,0.0,0.0,3.889911436265084,502.3369822709646,0.3585594900646452,950.7573316767772,0.0,0.0,0.0,0.0,0.0,0,0.0,0,0.0,0.0,0.0,0.0,0.0,0.0,0.0,0.0,0.0,0.0,0.0,0.0,0.0,0.0,0.0,0.0,0.0,0.0,0.0,0.0
"MATLAB 2-40 PM Fri, Aug 23, 2024 Run0 .csv",5.593023234659688,1858.9615421567305,1.0982094501888364,1776.530181312951,0.0,0.0,0.0,0.0,0.0,0,0.0,0.0,0.0,0.0,0.0,0.0,0.0,0.0,0.0,0.0,0.0,0.0,0.0,0.0,0.0,0.0,0.0,0.0,0.0,0.0,4.353464837162174,1168.3419480465875,0.7044417944037799,1608.8558075836982,0.0,0.0,0.0,0.0,0.0,0,0.0,0,0.0,0.0,0.0,0.0,0.0,0.0,0.0,0.0,0.0,0.0,0.0,0.0,0.0,0.0,0.0,0.0,0.0,0.0,0.0,0.0,0,5.593023234659688,1858.9615421567305,1.0982094501888364,1776.530181312951,0.0,0.0,0.0,0.0,0.0,0,0.0,0.0,0.0,0.0,0.0,0.0,0.0,0.0,0.0,0.0,0.0,0.0,0.0,0.0,0.0,0.0,0.0,0.0,0.0,0.0,4.353464837162174,1168.3419480465875,0.7044417944037799,1608.8558075836982,0.0,0.0,0.0,0.0,0.0,0,0.0,0,0.0,0.0,0.0,0.0,0.0,0.0,0.0,0.0,0.0,0.0,0.0,0.0,0.0,0.0,0.0,0.0,0.0,0.0,0.0,0.0
"MATLAB 2-42 PM Wed, Sep 18, 2024 Run3 .csv",5.962936839226591,2915.896160798165,0.401726491994138,1364.827082255131,0.0,0.0,0.0,0.0,0.0,0,0.0,0.0,0.0,0.0,0.0,0.0,0.0,0.0,0.0,0.0,0.0,0.0,0.0,0.0,0.0,0.0,0.0,0.0,0.0,0.0,5.8312839203385884,2462.65212236133,0.3627853459566801,1224.1940815591138,0.0,0.0,0.0,0.0,0.0,0,0.0,0,0.0,0.0,0.0,0.0,0.0,0.0,0.0,0.0,0.0,0.0,0.0,0.0,0.0,0.0,0.0,0.0,0.0,0.0,0.0,0.0,0,5.962936839226591,2915.896160798165,0.401726491994138,1364.827082255131,0.0,0.0,0.0,0.0,0.0,0,0.0,0.0,0.0,0.0,0.0,0.0,0.0,0.0,0.0,0.0,0.0,0.0,0.0,0.0,0.0,0.0,0.0,0.0,0.0,0.0,5.8312839203385884,2462.65212236133,0.3627853459566801,1224.1940815591138,0.0,0.0,0.0,0.0,0.0,0,0.0,0,0.0,0.0,0.0,0.0,0.0,0.0,0.0,0.0,0.0,0.0,0.0,0.0,0.0,0.0,0.0,0.0,0.0,0.0,0.0,0.0
"MATLAB 2-45 PM Fri, Aug 23, 2024 Run1 .csv",5.9345652974178975,2045.596331983891,0.9680850469559852,1670.5175396462885,0.0,0.0,0.0,0.0,0.0,0,0.0,0.0,0.0,0.0,0.0,0.0,0.0,0.0,0.0,0.0,0.0,0.0,0.0,0.0,0.0,0.0,0.0,0.0,0.0,0.0,4.56169209253703,1044.259821780183,0.6489381255943453,1407.7939739865335,0.0,0.0,0.0,0.0,0.0,0,0.0,0,0.0,0.0,0.0,0.0,0.0,0.0,0.0,0.0,0.0,0.0,0.0,0.0,0.0,0.0,0.0,0.0,0.0,0.0,0.0,0.0,0,5.9345652974178975,2045.596331983891,0.9680850469559852,1670.5175396462885,0.0,0.0,0.0,0.0,0.0,0,0.0,0.0,0.0,0.0,0.0,0.0,0.0,0.0,0.0,0.0,0.0,0.0,0.0,0.0,0.0,0.0,0.0,0.0,0.0,0.0,4.56169209253703,1044.259821780183,0.6489381255943453,1407.7939739865335,0.0,0.0,0.0,0.0,0.0,0,0.0,0,0.0,0.0,0.0,0.0,0.0,0.0,0.0,0.0,0.0,0.0,0.0,0.0,0.0,0.0,0.0,0.0,0.0,0.0,0.0,0.0
"MATLAB 2-46 PM Fri, Sep 13, 2024 Run4 .csv",5.947051438117227,2923.2137464836737,0.3295632704759326,1021.5123673664316,0.0,0.0,0.0,0.0,0.0,0,0.0,0.0,0.0,0.0,0.0,0.0,0.0,0.0,0.0,0.0,0.0,0.0,0.0,0.0,0.0,0.0,0.0,0.0,0.0,0.0,5.976546565350716,2977.7250085212268,0.2883903055375374,1096.8498972023112,0.0,0.0,0.0,0.0,0.0,0,0.0,0,0.0,0.0,0.0,0.0,0.0,0.0,0.0,0.0,0.0,0.0,0.0,0.0,0.0,0.0,0.0,0.0,0.0,0.0,0.0,0.0,0,5.947051438117227,2923.2137464836737,0.3295632704759326,1021.5123673664316,0.0,0.0,0.0,0.0,0.0,0,0.0,0.0,0.0,0.0,0.0,0.0,0.0,0.0,0.0,0.0,0.0,0.0,0.0,0.0,0.0,0.0,0.0,0.0,0.0,0.0,5.976546565350716,2977.7250085212268,0.2883903055375374,1096.8498972023112,0.0,0.0,0.0,0.0,0.0,0,0.0,0,0.0,0.0,0.0,0.0,0.0,0.0,0.0,0.0,0.0,0.0,0.0,0.0,0.0,0.0,0.0,0.0,0.0,0.0,0.0,0.0
"MATLAB 2-46 PM Tue, Oct 8, 2024 Run2 .csv",4.852669293000641,1399.4834871550966,0.78993378868975,1712.5531535007588,0.0,0.0,0.0,0.0,0.0,0,0.0,0.0,0.0,0.0,0.0,0.0,0.0,0.0,0.0,0.0,0.0,0.0,0.0,0.0,0.0,0.0,0.0,0.0,0.0,0.0,4.04005166492146,1621.2797726221747,0.4402727650712984,1890.5871769014211,0.0,0.0,0.0,0.0,0.0,0,0.0,0,0.0,0.0,0.0,0.0,0.0,0.0,0.0,0.0,0.0,0.0,0.0,0.0,0.0,0.0,0.0,0.0,0.0,0.0,0.0,0.0,0,4.852669293000641,1399.4834871550966,0.78993378868975,1712.5531535007588,0.0,0.0,0.0,0.0,0.0,0,0.0,0.0,0.0,0.0,0.0,0.0,0.0,0.0,0.0,0.0,0.0,0.0,0.0,0.0,0.0,0.0,0.0,0.0,0.0,0.0,4.04005166492146,1621.2797726221747,0.4402727650712984,1890.5871769014211,0.0,0.0,0.0,0.0,0.0,0,0.0,0,0.0,0.0,0.0,0.0,0.0,0.0,0.0,0.0,0.0,0.0,0.0,0.0,0.0,0.0,0.0,0.0,0.0,0.0,0.0,0.0
"MATLAB 2-46 PM Wed, Sep 18, 2024 Run4 .csv",5.939655915698392,2922.1591358607498,0.3290569343591403,1167.9367433075745,0.0,0.0,0.0,0.0,0.0,0,0.0,0.0,0.0,0.0,0.0,0.0,0.0,0.0,0.0,0.0,0.0,0.0,0.0,0.0,0.0,0.0,0.0,0.0,0.0,0.0,5.546009570393437,2510.5133833788677,0.2433963951005631,987.4670808762156,0.0,0.0,0.0,0.0,0.0,0,0.0,0,0.0,0.0,0.0,0.0,0.0,0.0,0.0,0.0,0.0,0.0,0.0,0.0,0.0,0.0,0.0,0.0,0.0,0.0,0.0,0.0,0,5.939655915698392,2922.1591358607498,0.3290569343591403,1167.9367433075745,0.0,0.0,0.0,0.0,0.0,0,0.0,0.0,0.0,0.0,0.0,0.0,0.0,0.0,0.0,0.0,0.0,0.0,0.0,0.0,0.0,0.0,0.0,0.0,0.0,0.0,5.546009570393437,2510.5133833788677,0.2433963951005631,987.4670808762156,0.0,0.0,0.0,0.0,0.0,0,0.0,0,0.0,0.0,0.0,0.0,0.0,0.0,0.0,0.0,0.0,0.0,0.0,0.0,0.0,0.0,0.0,0.0,0.0,0.0,0.0,0.0
"MATLAB 2-49 PM Thu, Oct 17, 2024 Run0 .csv",5.723942629691536,2499.3307834585707,0.340835425078563,1248.6249303364286,0.0,0.0,0.0,0.0,0.0,0,0.0,0.0,0.0,0.0,0.0,0.0,0.0,0.0,0.0,0.0,0.0,0.0,0.0,0.0,0.0,0.0,0.0,0.0,0.0,0.0,5.309452668766424,1717.472495137332,0.3410717652023087,1309.2501875235982,0.0,0.0,0.0,0.0,0.0,0,0.0,0,0.0,0.0,0.0,0.0,0.0,0.0,0.0,0.0,0.0,0.0,0.0,0.0,0.0,0.0,0.0,0.0,0.0,0.0,0.0,0.0,0,5.723942629691536,2499.3307834585707,0.340835425078563,1248.6249303364286,0.0,0.0,0.0,0.0,0.0,0,0.0,0.0,0.0,0.0,0.0,0.0,0.0,0.0,0.0,0.0,0.0,0.0,0.0,0.0,0.0,0.0,0.0,0.0,0.0,0.0,5.309452668766424,1717.472495137332,0.3410717652023087,1309.2501875235982,0.0,0.0,0.0,0.0,0.0,0,0.0,0,0.0,0.0,0.0,0.0,0.0,0.0,0.0,0.0,0.0,0.0,0.0,0.0,0.0,0.0,0.0,0.0,0.0,0.0,0.0,0.0
"MATLAB 2-50 PM Thu, Oct 3, 2024 Run1 .csv",5.89409102156904,2499.302804379446,0.3178989838830639,1310.7337600834924,0.0,0.0,0.0,0.0,0.0,0,0.0,0.0,0.0,0.0,0.0,0.0,0.0,0.0,0.0,0.0,0.0,0.0,0.0,0.0,0.0,0.0,0.0,0.0,0.0,0.0,5.868224744752492,2721.519316841385,0.3168486664254025,1142.5163715262322,0.0,0.0,0.0,0.0,0.0,0,0.0,0,1.0,0.0,0.0,0.0,0.0,0.0,0.0,0.0,0.0,0.0,0.0,0.0,0.0,0.0,0.0,0.0,0.0,0.0,0.0,0.0,0,5.89409102156904,2499.302804379446,0.3178989838830639,1310.7337600834924,0.0,0.0,0.0,0.0,0.0,0,0.0,0.0,0.0,0.0,0.0,0.0,0.0,0.0,0.0,0.0,0.0,0.0,0.0,0.0,0.0,0.0,0.0,0.0,0.0,0.0,5.868224744752492,2721.519316841385,0.3168486664254025,1142.5163715262322,0.0,0.0,0.0,0.0,0.0,0,0.0,0,1.0,0.0,0.0,0.0,0.0,0.0,0.0,0.0,0.0,0.0,0.0,0.0,0.0,0.0,0.0,0.0,0.0,0.0,0.0,0.0
"MATLAB 2-50 PM Tue, Mar 19, 2024 Run0 .csv",2.85243707962859,586.3903883440167,0.0526830946332375,1210.7278562858194,0.0,0.0,0.0,0.0,0.0,0,0.0,0.0,0.0,0.0,0.0,0.0,0.0,0.0,0.0,0.0,0.0,0.0,0.0,0.0,0.0,0.0,0.0,0.0,0.0,0.0,4.75742684321958,1899.5397113790796,0.1064551226917784,1714.6715308044995,0.0,0.0,0.0,0.0,0.0,0,0.0,0,0.0,0.0,0.0,0.0,0.0,0.0,0.0,0.0,0.0,0.0,0.0,0.0,0.0,0.0,0.0,0.0,0.0,0.0,0.0,0.0,0,2.85243707962859,586.3903883440167,0.0526830946332375,1210.7278562858194,0.0,0.0,0.0,0.0,0.0,0,0.0,0.0,0.0,0.0,0.0,0.0,0.0,0.0,0.0,0.0,0.0,0.0,0.0,0.0,0.0,0.0,0.0,0.0,0.0,0.0,4.75742684321958,1899.5397113790796,0.1064551226917784,1714.6715308044995,0.0,0.0,0.0,0.0,0.0,0,0.0,0,0.0,0.0,0.0,0.0,0.0,0.0,0.0,0.0,0.0,0.0,0.0,0.0,0.0,0.0,0.0,0.0,0.0,0.0,0.0,0.0
"MATLAB 2-51 PM Thu, May 23, 2024 Run1 .csv",4.45469889775654,1074.691398043317,0.4384851752701301,1312.663189235937,0.0,0.0,0.0,0.0,0.0,0,0.0,0.0,0.0,0.0,0.0,0.0,0.0,0.0,0.0,0.0,0.0,0.0,0.0,0.0,0.0,0.0,0.0,0.0,0.0,0.0,4.128872767743359,953.046270428813,0.3383361750229534,1394.8521240153182,0.0,0.0,0.0,0.0,0.0,0,0.0,0,0.0,0.0,0.0,0.0,0.0,0.0,0.0,0.0,0.0,0.0,0.0,0.0,0.0,0.0,0.0,0.0,0.0,0.0,0.0,0.0,0,4.45469889775654,1074.691398043317,0.4384851752701301,1312.663189235937,0.0,0.0,0.0,0.0,0.0,0,0.0,0.0,0.0,0.0,0.0,0.0,0.0,0.0,0.0,0.0,0.0,0.0,0.0,0.0,0.0,0.0,0.0,0.0,0.0,0.0,4.128872767743359,953.046270428813,0.3383361750229534,1394.8521240153182,0.0,0.0,0.0,0.0,0.0,0,0.0,0,0.0,0.0,0.0,0.0,0.0,0.0,0.0,0.0,0.0,0.0,0.0,0.0,0.0,0.0,0.0,0.0,0.0,0.0,0.0,0.0
"MATLAB 2-52 PM Tue, Oct 15, 2024 Run4 .csv",4.084989204683885,1285.3577797090445,0.1785988347628758,1185.1842440638077,0.0,0.0,0.0,0.0,0.0,0,0.0,0.0,0.0,0.0,0.0,0.0,0.0,0.0,0.0,0.0,0.0,0.0,0.0,0.0,0.0,0.0,0.0,0.0,0.0,0.0,2.8588498750640947,824.7938741311058,0.114358586464232,856.9195661999698,0.0,0.0,0.0,0.0,0.0,0,0.0,0,0.0,0.0,0.0,0.0,0.0,0.0,0.0,0.0,0.0,0.0,0.0,0.0,0.0,0.0,0.0,0.0,0.0,0.0,0.0,0.0,0,4.084989204683885,1285.3577797090445,0.1785988347628758,1185.1842440638077,0.0,0.0,0.0,0.0,0.0,0,0.0,0.0,0.0,0.0,0.0,0.0,0.0,0.0,0.0,0.0,0.0,0.0,0.0,0.0,0.0,0.0,0.0,0.0,0.0,0.0,2.8588498750640947,824.7938741311058,0.114358586464232,856.9195661999698,0.0,0.0,0.0,0.0,0.0,0,0.0,0,0.0,0.0,0.0,0.0,0.0,0.0,0.0,0.0,0.0,0.0,0.0,0.0,0.0,0.0,0.0,0.0,0.0,0.0,0.0,0.0
"MATLAB 2-55 PM Wed, Nov 6, 2024 Run0 .csv",5.57411646570984,3298.6395600083315,0.4444037612478672,1665.941415361718,0.0,0.0,0.0,0.0,0.0,0,0.0,0.0,0.0,0.0,0.0,0.0,0.0,0.0,0.0,0.0,0.0,0.0,0.0,0.0,0.0,0.0,0.0,0.0,0.0,0.0,4.936952880356858,2491.805016149641,0.3453848830124072,1912.842244541101,0.0,0.0,0.0,0.0,0.0,0,0.0,0,0.9999999999999998,0.0,0.0,0.0,0.0,0.0,0.0,0.0,0.0,0.0,0.0,0.0,0.0,0.0,0.0,0.0,0.0,0.0,0.0,0.0,0,5.57411646570984,3298.6395600083315,0.4444037612478672,1665.941415361718,0.0,0.0,0.0,0.0,0.0,0,0.0,0.0,0.0,0.0,0.0,0.0,0.0,0.0,0.0,0.0,0.0,0.0,0.0,0.0,0.0,0.0,0.0,0.0,0.0,0.0,4.936952880356858,2491.805016149641,0.3453848830124072,1912.842244541101,0.0,0.0,0.0,0.0,0.0,0,0.0,0,0.9999999999999998,0.0,0.0,0.0,0.0,0.0,0.0,0.0,0.0,0.0,0.0,0.0,0.0,0.0,0.0,0.0,0.0,0.0,0.0,0.0
"MATLAB 2-58 PM Tue, Oct 8, 2024 Run3 .csv",5.7347914054803,2265.904553074102,0.2782656758972702,1292.0610939055491,0.0,0.0,0.0,0.0,0.0,0,0.0,0.0,0.0,0.0,0.0,0.0,0.0,0.0,0.0,0.0,0.0,0.0,0.0,0.0,0.0,0.0,0.0,0.0,0.0,0.0,5.953096184601492,2650.39165995493,0.3248344113548175,1182.9913600665077,0.0,0.0,0.0,0.0,0.0,0,0.0,0,0.0,0.0,0.0,0.0,0.0,0.0,0.0,0.0,0.0,0.0,0.0,0.0,0.0,0.0,0.0,0.0,0.0,0.0,0.0,0.0,0,5.7347914054803,2265.904553074102,0.2782656758972702,1292.0610939055491,0.0,0.0,0.0,0.0,0.0,0,0.0,0.0,0.0,0.0,0.0,0.0,0.0,0.0,0.0,0.0,0.0,0.0,0.0,0.0,0.0,0.0,0.0,0.0,0.0,0.0,5.953096184601492,2650.39165995493,0.3248344113548175,1182.9913600665077,0.0,0.0,0.0,0.0,0.0,0,0.0,0,0.0,0.0,0.0,0.0,0.0,0.0,0.0,0.0,0.0,0.0,0.0,0.0,0.0,0.0,0.0,0.0,0.0,0.0,0.0,0.0
"MATLAB 2-59 PM Thu, Oct 17, 2024 Run1 .csv",5.349661169734308,1709.03613274395,1.0197828187415905,1731.1588781988992,0.0,0.0,0.0,0.0,0.0,0,0.0,0.0,0.0,0.0,0.0,0.0,0.0,0.0,0.0,0.0,0.0,0.0,0.0,0.0,0.0,0.0,0.0,0.0,0.0,0.0,4.025662467796977,961.9986918271538,0.6131347812276767,1444.271309218128,0.0,0.0,0.0,0.0,0.0,0,0.0,0,0.0,0.0,0.0,0.0,0.0,0.0,0.0,0.0,0.0,0.0,0.0,0.0,0.0,0.0,0.0,0.0,0.0,0.0,0.0,0.0,0,5.349661169734308,1709.03613274395,1.0197828187415905,1731.1588781988992,0.0,0.0,0.0,0.0,0.0,0,0.0,0.0,0.0,0.0,0.0,0.0,0.0,0.0,0.0,0.0,0.0,0.0,0.0,0.0,0.0,0.0,0.0,0.0,0.0,0.0,4.025662467796977,961.9986918271538,0.6131347812276767,1444.271309218128,0.0,0.0,0.0,0.0,0.0,0,0.0,0,0.0,0.0,0.0,0.0,0.0,0.0,0.0,0.0,0.0,0.0,0.0,0.0,0.0,0.0,0.0,0.0,0.0,0.0,0.0,0.0
"MATLAB 3-00 PM Thu, May 23, 2024 Run2 .csv",5.688170603847789,2018.7992617714888,0.4064782505924704,1299.8095539218782,0.0,0.0,0.0,0.0,0.0,0,0.0,0.0,0.0,0.0,0.0,0.0,0.0,0.0,0.0,0.0,0.0,0.0,0.0,0.0,0.0,0.0,0.0,0.0,0.0,0.0,5.209259674557508,1798.6176798289812,0.3076539737907027,1251.8708429814883,0.0,0.0,0.0,0.0,0.0,0,0.0,0,0.0,0.0,0.0,0.0,0.0,0.0,0.0,0.0,0.0,0.0,0.0,0.0,0.0,0.0,0.0,0.0,0.0,0.0,0.0,0.0,0,5.688170603847789,2018.7992617714888,0.4064782505924704,1299.8095539218782,0.0,0.0,0.0,0.0,0.0,0,0.0,0.0,0.0,0.0,0.0,0.0,0.0,0.0,0.0,0.0,0.0,0.0,0.0,0.0,0.0,0.0,0.0,0.0,0.0,0.0,5.209259674557508,1798.6176798289812,0.3076539737907027,1251.8708429814883,0.0,0.0,0.0,0.0,0.0,0,0.0,0,0.0,0.0,0.0,0.0,0.0,0.0,0.0,0.0,0.0,0.0,0.0,0.0,0.0,0.0,0.0,0.0,0.0,0.0,0.0,0.0
"MATLAB 3-03 PM Thu, Oct 10, 2024 Run0 .csv",5.969761937908145,2164.610528991982,0.9069592517337056,1723.104825344651,0.0,0.0,0.0,0.0,0.0,0,0.0,0.0,0.0,0.0,0.0,0.0,0.0,0.0,0.0,0.0,0.0,0.0,0.0,0.0,0.0,0.0,0.0,0.0,0.0,0.0,4.9499680712188665,1626.1250665495336,0.5703144398208547,1501.754484721087,0.0,0.0,0.0,0.0,0.0,0,0.0,0,0.0,0.0,0.0,0.0,0.0,0.0,0.0,0.0,0.0,0.0,0.0,0.0,0.0,0.0,0.0,0.0,0.0,0.0,0.0,0.0,0,5.969761937908145,2164.610528991982,0.9069592517337056,1723.104825344651,0.0,0.0,0.0,0.0,0.0,0,0.0,0.0,0.0,0.0,0.0,0.0,0.0,0.0,0.0,0.0,0.0,0.0,0.0,0.0,0.0,0.0,0.0,0.0,0.0,0.0,4.9499680712188665,1626.1250665495336,0.5703144398208547,1501.754484721087,0.0,0.0,0.0,0.0,0.0,0,0.0,0,0.0,0.0,0.0,0.0,0.0,0.0,0.0,0.0,0.0,0.0,0.0,0.0,0.0,0.0,0.0,0.0,0.0,0.0,0.0,0.0
"MATLAB 3-05 PM Mon, Sep 9, 2024 Run3 .csv",6.123405206323792,2906.7167481919023,0.5448641835703381,1279.465181036716,0.0,0.0,0.0,0.0,0.0,0,0.0,0.0,0.0,0.0,0.0,0.0,0.0,0.0,0.0,0.0,0.0,0.0,0.0,0.0,0.0,0.0,0.0,0.0,0.0,0.0,5.7119711446108825,2263.291194309896,0.4546870720186158,1138.951376222148,0.0,0.0,0.0,0.0,0.0,0,0.0,0,0.0,0.0,0.0,0.0,0.0,0.0,0.0,0.0,0.0,0.0,0.0,0.0,0.0,0.0,0.0,0.0,0.0,0.0,0.0,0.0,0,6.123405206323792,2906.7167481919023,0.5448641835703381,1279.465181036716,0.0,0.0,0.0,0.0,0.0,0,0.0,0.0,0.0,0.0,0.0,0.0,0.0,0.0,0.0,0.0,0.0,0.0,0.0,0.0,0.0,0.0,0.0,0.0,0.0,0.0,5.7119711446108825,2263.291194309896,0.4546870720186158,1138.951376222148,0.0,0.0,0.0,0.0,0.0,0,0.0,0,0.0,0.0,0.0,0.0,0.0,0.0,0.0,0.0,0.0,0.0,0.0,0.0,0.0,0.0,0.0,0.0,0.0,0.0,0.0,0.0
"MATLAB 3-05 PM Thu, May 23, 2024 Run3 .csv",5.725251094812079,2358.824789121059,0.3368423011211406,950.6375158920608,0.0,0.0,0.0,0.0,0.0,0,0.0,0.0,0.0,0.0,0.0,0.0,0.0,0.0,0.0,0.0,0.0,0.0,0.0,0.0,0.0,0.0,0.0,0.0,0.0,0.0,4.676103824239631,1988.9591786270944,0.2118894024202471,831.5732502194855,4.18889999629428,4.261199996230217,4.261199996230217,0.3000030002955549,0.0005,0,1.0,0,-1.0,0.1160146929195132,1.497063752253199,8.762987752957484,0.9830329484652448,1.4147481159306242e-14,0.0332878886795995,0.0002667962272661,0.9663285264245152,29.029432768342865,4.4007964005913776,187737.6110028377,0.0687585815185631,0.0018535059731114,0.0096560404138363,0.0,0.0,-0.2541401461431511,-1.4999999999999991,0.007861453294754,0,5.725251094812079,2358.824789121059,0.3368423011211406,950.6375158920608,0.0,0.0,0.0,0.0,0.0,0,0.0,0.0,0.0,0.0,0.0,0.0,0.0,0.0,0.0,0.0,0.0,0.0,0.0,0.0,0.0,0.0,0.0,0.0,0.0,0.0,4.676103824239631,1988.9591786270944,0.2118894024202471,831.5732502194855,4.18889999629428,4.261199996230217,4.261199996230217,0.3000030002955549,0.0005,0,1.0,0,-1.0,0.1160146929195132,1.497063752253199,8.762987752957484,0.9830329484652448,1.4147481159306242e-14,0.0332878886795995,0.0002667962272661,0.9663285264245152,29.029432768342865,4.4007964005913776,187737.6110028377,0.0687585815185631,0.0018535059731114,0.0096560404138363,0.0,0.0,-0.2541401461431511,-1.4999999999999991,0.007861453294754
"MATLAB 3-05 PM Wed, Nov 6, 2024 Run1 .csv",4.615678164050337,2192.353709986409,0.6393426317159864,1921.0284188465664,0.0,0.0,0.0,0.0,0.0,0,0.0,0.0,0.0,0.0,0.0,0.0,0.0,0.0,0.0,0.0,0.0,0.0,0.0,0.0,0.0,0.0,0.0,0.0,0.0,0.0,3.7422668497059126,898.1153213135315,0.5335679954598896,1461.9863548982669,0.0,0.0,0.0,0.0,0.0,0,0.0,0,0.0,0.0,0.0,0.0,0.0,0.0,0.0,0.0,0.0,0.0,0.0,0.0,0.0,0.0,0.0,0.0,0.0,0.0,0.0,0.0,0,4.615678164050337,2192.353709986409,0.6393426317159864,1921.0284188465664,0.0,0.0,0.0,0.0,0.0,0,0.0,0.0,0.0,0.0,0.0,0.0,0.0,0.0,0.0,0.0,0.0,0.0,0.0,0.0,0.0,0.0,0.0,0.0,0.0,0.0,3.7422668497059126,898.1153213135315,0.5335679954598896,1461.9863548982669,0.0,0.0,0.0,0.0,0.0,0,0.0,0,0.0,0.0,0.0,0.0,0.0,0.0,0.0,0.0,0.0,0.0,0.0,0.0,0.0,0.0,0.0,0.0,0.0,0.0,0.0,0.0
"MATLAB 3-06 PM Tue, Oct 8, 2024 Run4 .csv",5.594244731324762,2080.37212909158,0.2636595624558198,1203.2453323575314,0.0,0.0,0.0,0.0,0.0,0,0.0,0.0,0.0,0.0,0.0,0.0,0.0,0.0,0.0,0.0,0.0,0.0,0.0,0.0,0.0,0.0,0.0,0.0,0.0,0.0,5.898217981159717,2532.695585813582,0.3147314448737491,1145.6870355985234,0.0,0.0,0.0,0.0,0.0,0,0.0,0,0.0,0.0,0.0,0.0,0.0,0.0,0.0,0.0,0.0,0.0,0.0,0.0,0.0,0.0,0.0,0.0,0.0,0.0,0.0,0.0,0,5.594244731324762,2080.37212909158,0.2636595624558198,1203.2453323575314,0.0,0.0,0.0,0.0,0.0,0,0.0,0.0,0.0,0.0,0.0,0.0,0.0,0.0,0.0,0.0,0.0,0.0,0.0,0.0,0.0,0.0,0.0,0.0,0.0,0.0,5.898217981159717,2532.695585813582,0.3147314448737491,1145.6870355985234,0.0,0.0,0.0,0.0,0.0,0,0.0,0,0.0,0.0,0.0,0.0,0.0,0.0,0.0,0.0,0.0,0.0,0.0,0.0,0.0,0.0,0.0,0.0,0.0,0.0,0.0,0.0
"MATLAB 3-07 PM Wed, Nov 6, 2024 Run2 .csv",4.578038363543487,2160.9960232985354,0.6428095225095924,1929.7720873731755,0.0,0.0,0.0,0.0,0.0,0,0.0,0.0,0.0,0.0,0.0,0.0,0.0,0.0,0.0,0.0,0.0,0.0,0.0,0.0,0.0,0.0,0.0,0.0,0.0,0.0,3.703850629864681,891.8216039082139,0.5239804364194226,1463.014481536537,0.0,0.0,0.0,0.0,0.0,0,0.0,0,0.0,0.0,0.0,0.0,0.0,0.0,0.0,0.0,0.0,0.0,0.0,0.0,0.0,0.0,0.0,0.0,0.0,0.0,0.0,0.0,0,4.578038363543487,2160.9960232985354,0.6428095225095924,1929.7720873731755,0.0,0.0,0.0,0.0,0.0,0,0.0,0.0,0.0,0.0,0.0,0.0,0.0,0.0,0.0,0.0,0.0,0.0,0.0,0.0,0.0,0.0,0.0,0.0,0.0,0.0,3.703850629864681,891.8216039082139,0.5239804364194226,1463.014481536537,0.0,0.0,0.0,0.0,0.0,0,0.0,0,0.0,0.0,0.0,0.0,0.0,0.0,0.0,0.0,0.0,0.0,0.0,0.0,0.0,0.0,0.0,0.0,0.0,0.0,0.0,0.0
"MATLAB 3-08 PM Tue, Oct 1, 2024 Run0 .csv",5.132530609172351,1516.4552858910447,1.0295710171092507,1717.0079935959302,0.0,0.0,0.0,0.0,0.0,0,0.0,0.0,0.0,0.0,0.0,0.0,0.0,0.0,0.0,0.0,0.0,0.0,0.0,0.0,0.0,0.0,0.0,0.0,0.0,0.0,3.7200925697094926,902.2961816161688,0.5652552799599506,1480.609786337369,0.0,0.0,0.0,0.0,0.0,0,0.0,0,0.0,0.0,0.0,0.0,0.0,0.0,0.0,0.0,0.0,0.0,0.0,0.0,0.0,0.0,0.0,0.0,0.0,0.0,0.0,0.0,0,5.132530609172351,1516.4552858910447,1.0295710171092507,1717.0079935959302,0.0,0.0,0.0,0.0,0.0,0,0.0,0.0,0.0,0.0,0.0,0.0,0.0,0.0,0.0,0.0,0.0,0.0,0.0,0.0,0.0,0.0,0.0,0.0,0.0,0.0,3.7200925697094926,902.2961816161688,0.5652552799599506,1480.609786337369,0.0,0.0,0.0,0.0,0.0,0,0.0,0,0.0,0.0,0.0,0.0,0.0,0.0,0.0,0.0,0.0,0.0,0.0,0.0,0.0,0.0,0.0,0.0,0.0,0.0,0.0,0.0
"MATLAB 3-11 PM Tue, Oct 22, 2024 Run18 .csv",5.30170238374491,2126.4388864916104,0.2567871321052461,1338.6822519125,0.0,0.0,0.0,0.0,0.0,0,0.0,0.0,0.0,0.0,0.0,0.0,0.0,0.0,0.0,0.0,0.0,0.0,0.0,0.0,0.0,0.0,0.0,0.0,0.0,0.0,5.498796733930123,2166.2603211487167,0.3167122534670519,1252.997634434257,0.0,0.0,0.0,0.0,0.0,0,0.0,0,-1.0,0.0,0.0,0.0,0.0,0.0,0.0,0.0,0.0,0.0,0.0,0.0,0.0,0.0,0.0,0.0,0.0,0.0,0.0,0.0,0,5.30170238374491,2126.4388864916104,0.2567871321052461,1338.6822519125,0.0,0.0,0.0,0.0,0.0,0,0.0,0.0,0.0,0.0,0.0,0.0,0.0,0.0,0.0,0.0,0.0,0.0,0.0,0.0,0.0,0.0,0.0,0.0,0.0,0.0,5.498796733930123,2166.2603211487167,0.3167122534670519,1252.997634434257,0.0,0.0,0.0,0.0,0.0,0,0.0,0,-1.0,0.0,0.0,0.0,0.0,0.0,0.0,0.0,0.0,0.0,0.0,0.0,0.0,0.0,0.0,0.0,0.0,0.0,0.0,0.0
"MATLAB 3-13 PM Tue, Sep 17, 2024 Run0 .csv",5.272317358001491,1330.3725121834275,1.1812512452434931,1613.8107749562705,0.0,0.0,0.0,0.0,0.0,0,0.0,0.0,0.0,0.0,0.0,0.0,0.0,0.0,0.0,0.0,0.0,0.0,0.0,0.0,0.0,0.0,0.0,0.0,0.0,0.0,4.537242255262694,1061.6617053275986,0.8907381899316437,1534.9765635758638,0.0,0.0,0.0,0.0,0.0,0,0.0,0,0.0,0.0,0.0,0.0,0.0,0.0,0.0,0.0,0.0,0.0,0.0,0.0,0.0,0.0,0.0,0.0,0.0,0.0,0.0,0.0,0,5.272317358001491,1330.3725121834275,1.1812512452434931,1613.8107749562705,0.0,0.0,0.0,0.0,0.0,0,0.0,0.0,0.0,0.0,0.0,0.0,0.0,0.0,0.0,0.0,0.0,0.0,0.0,0.0,0.0,0.0,0.0,0.0,0.0,0.0,4.537242255262694,1061.6617053275986,0.8907381899316437,1534.9765635758638,0.0,0.0,0.0,0.0,0.0,0,0.0,0,0.0,0.0,0.0,0.0,0.0,0.0,0.0,0.0,0.0,0.0,0.0,0.0,0.0,0.0,0.0,0.0,0.0,0.0,0.0,0.0
"MATLAB 3-14 PM Thu, Jun 27, 2024 Run0 .csv",5.84872945270799,1185.5565581595474,0.5558452787944015,1444.6809993244913,0.0,0.0,0.0,0.0,0.0,0,0.0,0.0,0.0,0.0,0.0,0.0,0.0,0.0,0.0,0.0,0.0,0.0,0.0,0.0,0.0,0.0,0.0,0.0,0.0,0.0,4.500331779382886,701.3659686901653,0.3232379041224215,1227.0353156757174,0.3645499996784407,4.849049995708026,4.849049995708026,0.3000030002955549,2e-05,0,1.0,0,0.0,0.0114056059339876,-0.0364093456889946,4.86670497940401,0.0751796743694352,1.6781310438313333e-14,0.591608285285637,0.101327848717999,0.3065812765048742,0.5182166716222582,4.355641369130099,100971.8241793212,1.2095228840729555,2.0770842343396345,1.2515439531093353,0.0,1.0,0.441967855133189,-1.499999999999999,0.0011488580703735,0,5.84872945270799,1185.5565581595474,0.5558452787944015,1444.6809993244913,0.0,0.0,0.0,0.0,0.0,0,0.0,0.0,0.0,0.0,0.0,0.0,0.0,0.0,0.0,0.0,0.0,0.0,0.0,0.0,0.0,0.0,0.0,0.0,0.0,0.0,4.500331779382886,701.3659686901653,0.3232379041224215,1227.0353156757174,0.3645499996784407,4.849049995708026,4.849049995708026,0.3000030002955549,2e-05,0,1.0,0,0.0,0.0114056059339876,-0.0364093456889946,4.86670497940401,0.0751796743694352,1.6781310438313333e-14,0.591608285285637,0.101327848717999,0.3065812765048742,0.5182166716222582,4.355641369130099,100971.8241793212,1.2095228840729555,2.0770842343396345,1.2515439531093353,0.0,1.0,0.441967855133189,-1.499999999999999,0.0011488580703735
"MATLAB 3-15 PM Mon, Oct 28, 2024 Run17 .csv",5.637233419979793,2282.7402317477445,0.2954865479835531,1326.0871304481325,0.0,0.0,0.0,0.0,0.0,0,0.0,0.0,0.0,0.0,0.0,0.0,0.0,0.0,0.0,0.0,0.0,0.0,0.0,0.0,0.0,0.0,0.0,0.0,0.0,0.0,5.872119392048651,2842.741482503465,0.352305512307879,1191.6880016856524,0.0,0.0,0.0,0.0,0.0,0,0.0,0,0.0,0.0,0.0,0.0,0.0,0.0,0.0,0.0,0.0,0.0,0.0,0.0,0.0,0.0,0.0,0.0,0.0,0.0,0.0,0.0,0,5.637233419979793,2282.7402317477445,0.2954865479835531,1326.0871304481325,0.0,0.0,0.0,0.0,0.0,0,0.0,0.0,0.0,0.0,0.0,0.0,0.0,0.0,0.0,0.0,0.0,0.0,0.0,0.0,0.0,0.0,0.0,0.0,0.0,0.0,5.872119392048651,2842.741482503465,0.352305512307879,1191.6880016856524,0.0,0.0,0.0,0.0,0.0,0,0.0,0,0.0,0.0,0.0,0.0,0.0,0.0,0.0,0.0,0.0,0.0,0.0,0.0,0.0,0.0,0.0,0.0,0.0,0.0,0.0,0.0
"MATLAB 3-16 PM Thu, Oct 17, 2024 Run3 .csv",4.915292092194024,1580.8100820990974,0.7735172013447684,1799.5190833811455,0.0,0.0,0.0,0.0,0.0,0,0.0,0.0,0.0,0.0,0.0,0.0,0.0,0.0,0.0,0.0,0.0,0.0,0.0,0.0,0.0,0.0,0.0,0.0,0.0,0.0,3.845283084490243,996.2385362310262,0.5219959163432247,1571.112839583982,0.0,0.0,0.0,0.0,0.0,0,0.0,0,0.0,0.0,0.0,0.0,0.0,0.0,0.0,0.0,0.0,0.0,0.0,0.0,0.0,0.0,0.0,0.0,0.0,0.0,0.0,0.0,0,4.915292092194024,1580.8100820990974,0.7735172013447684,1799.5190833811455,0.0,0.0,0.0,0.0,0.0,0,0.0,0.0,0.0,0.0,0.0,0.0,0.0,0.0,0.0,0.0,0.0,0.0,0.0,0.0,0.0,0.0,0.0,0.0,0.0,0.0,3.845283084490243,996.2385362310262,0.5219959163432247,1571.112839583982,0.0,0.0,0.0,0.0,0.0,0,0.0,0,0.0,0.0,0.0,0.0,0.0,0.0,0.0,0.0,0.0,0.0,0.0,0.0,0.0,0.0,0.0,0.0,0.0,0.0,0.0,0.0
"MATLAB 3-16 PM Thu, Oct 3, 2024 Run4 .csv",5.857853286485742,2295.044949615067,0.316939124189498,1191.282396248129,0.0,0.0,0.0,0.0,0.0,0,0.0,0.0,0.0,0.0,0.0,0.0,0.0,0.0,0.0,0.0,0.0,0.0,0.0,0.0,0.0,0.0,0.0,0.0,0.0,0.0,5.880982481419254,2705.7193578496776,0.3027152516590022,1061.7571481084196,0.0,0.0,0.0,0.0,0.0,0,0.0,0,0.0,0.0,0.0,0.0,0.0,0.0,0.0,0.0,0.0,0.0,0.0,0.0,0.0,0.0,0.0,0.0,0.0,0.0,0.0,0.0,0,5.857853286485742,2295.044949615067,0.316939124189498,1191.282396248129,0.0,0.0,0.0,0.0,0.0,0,0.0,0.0,0.0,0.0,0.0,0.0,0.0,0.0,0.0,0.0,0.0,0.0,0.0,0.0,0.0,0.0,0.0,0.0,0.0,0.0,5.880982481419254,2705.7193578496776,0.3027152516590022,1061.7571481084196,0.0,0.0,0.0,0.0,0.0,0,0.0,0,0.0,0.0,0.0,0.0,0.0,0.0,0.0,0.0,0.0,0.0,0.0,0.0,0.0,0.0,0.0,0.0,0.0,0.0,0.0,0.0
"MATLAB 3-17 PM Thu, Jun 27, 2024 Run1.csv",5.826731265841986,3036.492788454645,0.3655356284929015,1709.1586999373037,0.0,0.0,0.0,0.0,0.0,0,0.0,0.0,0.0,0.0,0.0,0.0,0.0,0.0,0.0,0.0,0.0,0.0,0.0,0.0,0.0,0.0,0.0,0.0,0.0,0.0,3.569099643649105,1126.2075720091057,0.2172823937512603,1796.9984880282027,0.0,0.0,0.0,0.0,0.0,0,0.0,0,0.0,0.0,0.0,0.0,0.0,0.0,0.0,0.0,0.0,0.0,0.0,0.0,0.0,0.0,0.0,0.0,0.0,0.0,0.0,0.0,0,5.826731265841986,3036.492788454645,0.3655356284929015,1709.1586999373037,0.0,0.0,0.0,0.0,0.0,0,0.0,0.0,0.0,0.0,0.0,0.0,0.0,0.0,0.0,0.0,0.0,0.0,0.0,0.0,0.0,0.0,0.0,0.0,0.0,0.0,3.569099643649105,1126.2075720091057,0.2172823937512603,1796.9984880282027,0.0,0.0,0.0,0.0,0.0,0,0.0,0,0.0,0.0,0.0,0.0,0.0,0.0,0.0,0.0,0.0,0.0,0.0,0.0,0.0,0.0,0.0,0.0,0.0,0.0,0.0,0.0
"MATLAB 3-18 PM Thu, Jun 27, 2024 Run2.csv",4.308201978022535,1316.740868669652,0.5349777464032988,1782.0338530615093,0.0,0.0,0.0,0.0,0.0,0,0.0,0.0,0.0,0.0,0.0,0.0,0.0,0.0,0.0,0.0,0.0,0.0,0.0,0.0,0.0,0.0,0.0,0.0,0.0,0.0,2.720093905685174,529.8452203754563,0.2377712801230425,1267.5148834854112,0.0,0.0,0.0,0.0,0.0,0,0.0,0,0.0,0.0,0.0,0.0,0.0,0.0,0.0,0.0,0.0,0.0,0.0,0.0,0.0,0.0,0.0,0.0,0.0,0.0,0.0,0.0,0,4.308201978022535,1316.740868669652,0.5349777464032988,1782.0338530615093,0.0,0.0,0.0,0.0,0.0,0,0.0,0.0,0.0,0.0,0.0,0.0,0.0,0.0,0.0,0.0,0.0,0.0,0.0,0.0,0.0,0.0,0.0,0.0,0.0,0.0,2.720093905685174,529.8452203754563,0.2377712801230425,1267.5148834854112,0.0,0.0,0.0,0.0,0.0,0,0.0,0,0.0,0.0,0.0,0.0,0.0,0.0,0.0,0.0,0.0,0.0,0.0,0.0,0.0,0.0,0.0,0.0,0.0,0.0,0.0,0.0
"MATLAB 3-19 PM Thu, Jun 27, 2024 Run3.csv",3.156624581235953,664.9559512425737,0.3552519790770098,1380.3123360235077,0.0,0.0,0.0,0.0,0.0,0,0.0,0.0,0.0,0.0,0.0,0.0,0.0,0.0,0.0,0.0,0.0,0.0,0.0,0.0,0.0,0.0,0.0,0.0,0.0,0.0,2.314395255698675,359.3372346227954,0.1561706541733788,1050.2862072744067,0.0,0.0,0.0,0.0,0.0,0,0.0,0,0.0,0.0,0.0,0.0,0.0,0.0,0.0,0.0,0.0,0.0,0.0,0.0,0.0,0.0,0.0,0.0,0.0,0.0,0.0,0.0,0,3.156624581235953,664.9559512425737,0.3552519790770098,1380.3123360235077,0.0,0.0,0.0,0.0,0.0,0,0.0,0.0,0.0,0.0,0.0,0.0,0.0,0.0,0.0,0.0,0.0,0.0,0.0,0.0,0.0,0.0,0.0,0.0,0.0,0.0,2.314395255698675,359.3372346227954,0.1561706541733788,1050.2862072744067,0.0,0.0,0.0,0.0,0.0,0,0.0,0,0.0,0.0,0.0,0.0,0.0,0.0,0.0,0.0,0.0,0.0,0.0,0.0,0.0,0.0,0.0,0.0,0.0,0.0,0.0,0.0
"MATLAB 3-21 PM Thu, Jun 27, 2024 Run4.csv",3.102763570789333,494.15247875985096,0.5214519185293436,1135.8573152628726,0.0,0.0,0.0,0.0,0.0,0,0.0,0.0,0.0,0.0,0.0,0.0,0.0,0.0,0.0,0.0,0.0,0.0,0.0,0.0,0.0,0.0,0.0,0.0,0.0,0.0,2.2921506780678973,310.40799350562884,0.2260309717170485,954.2489371174532,0.0,0.0,0.0,0.0,0.0,0,0.0,0,0.0,0.0,0.0,0.0,0.0,0.0,0.0,0.0,0.0,0.0,0.0,0.0,0.0,0.0,0.0,0.0,0.0,0.0,0.0,0.0,0,3.102763570789333,494.15247875985096,0.5214519185293436,1135.8573152628726,0.0,0.0,0.0,0.0,0.0,0,0.0,0.0,0.0,0.0,0.0,0.0,0.0,0.0,0.0,0.0,0.0,0.0,0.0,0.0,0.0,0.0,0.0,0.0,0.0,0.0,2.2921506780678973,310.40799350562884,0.2260309717170485,954.2489371174532,0.0,0.0,0.0,0.0,0.0,0,0.0,0,0.0,0.0,0.0,0.0,0.0,0.0,0.0,0.0,0.0,0.0,0.0,0.0,0.0,0.0,0.0,0.0,0.0,0.0,0.0,0.0
"MATLAB 3-31 PM Thu, Oct 10, 2024 Run1 .csv",6.119596287430539,2473.333952798647,0.7469311528575505,1568.5468514995212,0.0,0.0,0.0,0.0,0.0,0,0.0,0.0,0.0,0.0,0.0,0.0,0.0,0.0,0.0,0.0,0.0,0.0,0.0,0.0,0.0,0.0,0.0,0.0,0.0,0.0,5.682804080330085,1940.1743161943275,0.6520269969420849,1550.2025007223644,0.0,0.0,0.0,0.0,0.0,0,0.0,0,0.0,0.0,0.0,0.0,0.0,0.0,0.0,0.0,0.0,0.0,0.0,0.0,0.0,0.0,0.0,0.0,0.0,0.0,0.0,0.0,0,6.119596287430539,2473.333952798647,0.7469311528575505,1568.5468514995212,0.0,0.0,0.0,0.0,0.0,0,0.0,0.0,0.0,0.0,0.0,0.0,0.0,0.0,0.0,0.0,0.0,0.0,0.0,0.0,0.0,0.0,0.0,0.0,0.0,0.0,5.682804080330085,1940.1743161943275,0.6520269969420849,1550.2025007223644,0.0,0.0,0.0,0.0,0.0,0,0.0,0,0.0,0.0,0.0,0.0,0.0,0.0,0.0,0.0,0.0,0.0,0.0,0.0,0.0,0.0,0.0,0.0,0.0,0.0,0.0,0.0
"MATLAB 3-34 PM Thu, Oct 3, 2024 Run5 .csv",5.770296312522169,2335.2046436654527,0.2619192337227425,1196.375157553604,0.0,0.0,0.0,0.0,0.0,0,0.0,0.0,0.0,0.0,0.0,0.0,0.0,0.0,0.0,0.0,0.0,0.0,0.0,0.0,0.0,0.0,0.0,0.0,0.0,0.0,5.779892657178937,2820.7659957006736,0.2627285957916434,1078.1871365574702,0.0,0.0,0.0,0.0,0.0,0,0.0,0,1.0,0.0,0.0,0.0,0.0,0.0,0.0,0.0,0.0,0.0,0.0,0.0,0.0,0.0,0.0,0.0,0.0,0.0,0.0,0.0,0,5.770296312522169,2335.2046436654527,0.2619192337227425,1196.375157553604,0.0,0.0,0.0,0.0,0.0,0,0.0,0.0,0.0,0.0,0.0,0.0,0.0,0.0,0.0,0.0,0.0,0.0,0.0,0.0,0.0,0.0,0.0,0.0,0.0,0.0,5.779892657178937,2820.7659957006736,0.2627285957916434,1078.1871365574702,0.0,0.0,0.0,0.0,0.0,0,0.0,0,1.0,0.0,0.0,0.0,0.0,0.0,0.0,0.0,0.0,0.0,0.0,0.0,0.0,0.0,0.0,0.0,0.0,0.0,0.0,0.0
"MATLAB 3-34 PM Tue, Oct 1, 2024 Run1 .csv",5.910565821546763,2512.7512595466283,0.4444234970491287,1482.5907671603616,0.0,0.0,0.0,0.0,0.0,0,0.0,0.0,0.0,0.0,0.0,0.0,0.0,0.0,0.0,0.0,0.0,0.0,0.0,0.0,0.0,0.0,0.0,0.0,0.0,0.0,5.87445715872255,2358.773797049388,0.4505293227680997,1393.327656623581,0.0,0.0,0.0,0.0,0.0,0,0.0,0,1.0,0.0,0.0,0.0,0.0,0.0,0.0,0.0,0.0,0.0,0.0,0.0,0.0,0.0,0.0,0.0,0.0,0.0,0.0,0.0,0,5.910565821546763,2512.7512595466283,0.4444234970491287,1482.5907671603616,0.0,0.0,0.0,0.0,0.0,0,0.0,0.0,0.0,0.0,0.0,0.0,0.0,0.0,0.0,0.0,0.0,0.0,0.0,0.0,0.0,0.0,0.0,0.0,0.0,0.0,5.87445715872255,2358.773797049388,0.4505293227680997,1393.327656623581,0.0,0.0,0.0,0.0,0.0,0,0.0,0,1.0,0.0,0.0,0.0,0.0,0.0,0.0,0.0,0.0,0.0,0.0,0.0,0.0,0.0,0.0,0.0,0.0,0.0,0.0,0.0
"MATLAB 3-35 PM Thu, Mar 7, 2024 Run0 .csv",4.679219205564083,1750.3120722106553,0.1617565145018854,1068.6742558849,0.0,0.0,0.0,0.0,0.0,0,0.0,0.0,0.0,0.0,0.0,0.0,0.0,0.0,0.0,0.0,0.0,0.0,0.0,0.0,0.0,0.0,0.0,0.0,0.0,0.0,5.104787319703531,2429.7257148045496,0.2170660797509965,1332.8639582790026,0.0,0.0,0.0,0.0,0.0,0,0.0,0,0.0,0.0,0.0,0.0,0.0,0.0,0.0,0.0,0.0,0.0,0.0,0.0,0.0,0.0,0.0,0.0,0.0,0.0,0.0,0.0,0,4.679219205564083,1750.3120722106553,0.1617565145018854,1068.6742558849,0.0,0.0,0.0,0.0,0.0,0,0.0,0.0,0.0,0.0,0.0,0.0,0.0,0.0,0.0,0.0,0.0,0.0,0.0,0.0,0.0,0.0,0.0,0.0,0.0,0.0,5.104787319703531,2429.7257148045496,0.2170660797509965,1332.8639582790026,0.0,0.0,0.0,0.0,0.0,0,0.0,0,0.0,0.0,0.0,0.0,0.0,0.0,0.0,0.0,0.0,0.0,0.0,0.0,0.0,0.0,0.0,0.0,0.0,0.0,0.0,0.0
"MATLAB 3-37 PM Thu, Aug 29, 2024 Run0 .csv",6.081466692625344,2607.921486708081,0.5598454777517238,1445.409957667941,0.0,0.0,0.0,0.0,0.0,0,0.0,0.0,0.0,0.0,0.0,0.0,0.0,0.0,0.0,0.0,0.0,0.0,0.0,0.0,0.0,0.0,0.0,0.0,0.0,0.0,5.812081145895672,1879.716661976852,0.5426097753614718,1376.8816049929217,0.0,0.0,0.0,0.0,0.0,0,0.0,0,-1.0,0.0,0.0,0.0,0.0,0.0,0.0,0.0,0.0,0.0,0.0,0.0,0.0,0.0,0.0,0.0,0.0,0.0,0.0,0.0,0,6.081466692625344,2607.921486708081,0.5598454777517238,1445.409957667941,0.0,0.0,0.0,0.0,0.0,0,0.0,0.0,0.0,0.0,0.0,0.0,0.0,0.0,0.0,0.0,0.0,0.0,0.0,0.0,0.0,0.0,0.0,0.0,0.0,0.0,5.812081145895672,1879.716661976852,0.5426097753614718,1376.8816049929217,0.0,0.0,0.0,0.0,0.0,0,0.0,0,-1.0,0.0,0.0,0.0,0.0,0.0,0.0,0.0,0.0,0.0,0.0,0.0,0.0,0.0,0.0,0.0,0.0,0.0,0.0,0.0
"MATLAB 3-41 PM Tue, Sep 17, 2024 Run1 .csv",5.995094708186523,3083.058072551915,0.2986567798082724,1036.9808320475915,0.0,0.0,0.0,0.0,0.0,0,0.0,0.0,0.0,0.0,0.0,0.0,0.0,0.0,0.0,0.0,0.0,0.0,0.0,0.0,0.0,0.0,0.0,0.0,0.0,0.0,5.956183508393466,3201.28202953904,0.2443072311915535,1025.1342724785086,0.0,0.0,0.0,0.0,0.0,0,0.0,0,1.0,0.0,0.0,0.0,0.0,0.0,0.0,0.0,0.0,0.0,0.0,0.0,0.0,0.0,0.0,0.0,0.0,0.0,0.0,0.0,0,5.995094708186523,3083.058072551915,0.2986567798082724,1036.9808320475915,0.0,0.0,0.0,0.0,0.0,0,0.0,0.0,0.0,0.0,0.0,0.0,0.0,0.0,0.0,0.0,0.0,0.0,0.0,0.0,0.0,0.0,0.0,0.0,0.0,0.0,5.956183508393466,3201.28202953904,0.2443072311915535,1025.1342724785086,0.0,0.0,0.0,0.0,0.0,0,0.0,0,1.0,0.0,0.0,0.0,0.0,0.0,0.0,0.0,0.0,0.0,0.0,0.0,0.0,0.0,0.0,0.0,0.0,0.0,0.0,0.0
"MATLAB 3-45 PM Wed, Nov 6, 2024 Run3 .csv",4.848411995365462,2049.092399478054,0.5932869916259186,1847.839540213528,0.0,0.0,0.0,0.0,0.0,0,0.0,0.0,0.0,0.0,0.0,0.0,0.0,0.0,0.0,0.0,0.0,0.0,0.0,0.0,0.0,0.0,0.0,0.0,0.0,0.0,3.8256191929499694,953.470683296286,0.4817994036475311,1457.9741561754804,0.0,0.0,0.0,0.0,0.0,0,0.0,0,0.0,0.0,0.0,0.0,0.0,0.0,0.0,0.0,0.0,0.0,0.0,0.0,0.0,0.0,0.0,0.0,0.0,0.0,0.0,0.0,0,4.848411995365462,2049.092399478054,0.5932869916259186,1847.839540213528,0.0,0.0,0.0,0.0,0.0,0,0.0,0.0,0.0,0.0,0.0,0.0,0.0,0.0,0.0,0.0,0.0,0.0,0.0,0.0,0.0,0.0,0.0,0.0,0.0,0.0,3.8256191929499694,953.470683296286,0.4817994036475311,1457.9741561754804,0.0,0.0,0.0,0.0,0.0,0,0.0,0,0.0,0.0,0.0,0.0,0.0,0.0,0.0,0.0,0.0,0.0,0.0,0.0,0.0,0.0,0.0,0.0,0.0,0.0,0.0,0.0
"MATLAB 3-49 PM Wed, Nov 6, 2024 Run4 .csv",4.791126652956748,2661.880210239662,0.4646016213258212,1843.733743713844,0.0,0.0,0.0,0.0,0.0,0,0.0,0.0,0.0,0.0,0.0,0.0,0.0,0.0,0.0,0.0,0.0,0.0,0.0,0.0,0.0,0.0,0.0,0.0,0.0,0.0,4.491768508287755,1476.0863164538746,0.5324181957340921,1748.5826509039102,0.0,0.0,0.0,0.0,0.0,0,0.0,0,0.0,0.0,0.0,0.0,0.0,0.0,0.0,0.0,0.0,0.0,0.0,0.0,0.0,0.0,0.0,0.0,0.0,0.0,0.0,0.0,0,4.791126652956748,2661.880210239662,0.4646016213258212,1843.733743713844,0.0,0.0,0.0,0.0,0.0,0,0.0,0.0,0.0,0.0,0.0,0.0,0.0,0.0,0.0,0.0,0.0,0.0,0.0,0.0,0.0,0.0,0.0,0.0,0.0,0.0,4.491768508287755,1476.0863164538746,0.5324181957340921,1748.5826509039102,0.0,0.0,0.0,0.0,0.0,0,0.0,0,0.0,0.0,0.0,0.0,0.0,0.0,0.0,0.0,0.0,0.0,0.0,0.0,0.0,0.0,0.0,0.0,0.0,0.0,0.0,0.0
"MATLAB 3-50 PM Thu, Mar 7, 2024 Run1 .csv",4.58721353272149,1438.095043151894,0.1546415130505352,834.0525698695318,0.0,0.0,0.0,0.0,0.0,0,0.0,0.0,0.0,0.0,0.0,0.0,0.0,0.0,0.0,0.0,0.0,0.0,0.0,0.0,0.0,0.0,0.0,0.0,0.0,0.0,5.073098075257833,1665.8567729202273,0.2375834727341622,1024.4807006258416,0.0,0.0,0.0,0.0,0.0,0,0.0,0,0.0,0.0,0.0,0.0,0.0,0.0,0.0,0.0,0.0,0.0,0.0,0.0,0.0,0.0,0.0,0.0,0.0,0.0,0.0,0.0,0,4.58721353272149,1438.095043151894,0.1546415130505352,834.0525698695318,0.0,0.0,0.0,0.0,0.0,0,0.0,0.0,0.0,0.0,0.0,0.0,0.0,0.0,0.0,0.0,0.0,0.0,0.0,0.0,0.0,0.0,0.0,0.0,0.0,0.0,5.073098075257833,1665.8567729202273,0.2375834727341622,1024.4807006258416,0.0,0.0,0.0,0.0,0.0,0,0.0,0,0.0,0.0,0.0,0.0,0.0,0.0,0.0,0.0,0.0,0.0,0.0,0.0,0.0,0.0,0.0,0.0,0.0,0.0,0.0,0.0
"MATLAB 3-52 PM Tue, Oct 1, 2024 Run2 .csv",5.104597343791326,1662.8418039307146,0.9334736052337612,1780.635570339425,0.0,0.0,0.0,0.0,0.0,0,0.0,0.0,0.0,0.0,0.0,0.0,0.0,0.0,0.0,0.0,0.0,0.0,0.0,0.0,0.0,0.0,0.0,0.0,0.0,0.0,3.875053090117478,1199.787463104799,0.5143686623663397,1727.3351510173,0.0,0.0,0.0,0.0,0.0,0,0.0,0,0.0,0.0,0.0,0.0,0.0,0.0,0.0,0.0,0.0,0.0,0.0,0.0,0.0,0.0,0.0,0.0,0.0,0.0,0.0,0.0,0,5.104597343791326,1662.8418039307146,0.9334736052337612,1780.635570339425,0.0,0.0,0.0,0.0,0.0,0,0.0,0.0,0.0,0.0,0.0,0.0,0.0,0.0,0.0,0.0,0.0,0.0,0.0,0.0,0.0,0.0,0.0,0.0,0.0,0.0,3.875053090117478,1199.787463104799,0.5143686623663397,1727.3351510173,0.0,0.0,0.0,0.0,0.0,0,0.0,0,0.0,0.0,0.0,0.0,0.0,0.0,0.0,0.0,0.0,0.0,0.0,0.0,0.0,0.0,0.0,0.0,0.0,0.0,0.0,0.0
"MATLAB 3-53 PM Wed, Nov 6, 2024 Run5 .csv",5.604350306509021,2066.8031473833357,0.3217918148197507,1234.230508680393,0.0,0.0,0.0,0.0,0.0,0,0.0,0.0,0.0,0.0,0.0,0.0,0.0,0.0,0.0,0.0,0.0,0.0,0.0,0.0,0.0,0.0,0.0,0.0,0.0,0.0,5.587000422909912,2261.5557236919667,0.3410081796891485,1040.0117305001934,0.0,0.0,0.0,0.0,0.0,0,0.0,0,0.9999999999999998,0.0,0.0,0.0,0.0,0.0,0.0,0.0,0.0,0.0,0.0,0.0,0.0,0.0,0.0,0.0,0.0,0.0,0.0,0.0,0,5.604350306509021,2066.8031473833357,0.3217918148197507,1234.230508680393,0.0,0.0,0.0,0.0,0.0,0,0.0,0.0,0.0,0.0,0.0,0.0,0.0,0.0,0.0,0.0,0.0,0.0,0.0,0.0,0.0,0.0,0.0,0.0,0.0,0.0,5.587000422909912,2261.5557236919667,0.3410081796891485,1040.0117305001934,0.0,0.0,0.0,0.0,0.0,0,0.0,0,0.9999999999999998,0.0,0.0,0.0,0.0,0.0,0.0,0.0,0.0,0.0,0.0,0.0,0.0,0.0,0.0,0.0,0.0,0.0,0.0,0.0
"MATLAB 3-59 PM Tue, Oct 1, 2024 Run3 .csv",5.978937788358345,2494.508815815568,0.3236519194224164,1274.7315830996574,0.0,0.0,0.0,0.0,0.0,0,0.0,0.0,0.0,0.0,0.0,0.0,0.0,0.0,0.0,0.0,0.0,0.0,0.0,0.0,0.0,0.0,0.0,0.0,0.0,0.0,5.84434085207481,2640.378591440563,0.3019239725898626,1114.4600965665427,0.0,0.0,0.0,0.0,0.0,0,0.0,0,0.0,0.0,0.0,0.0,0.0,0.0,0.0,0.0,0.0,0.0,0.0,0.0,0.0,0.0,0.0,0.0,0.0,0.0,0.0,0.0,0,5.978937788358345,2494.508815815568,0.3236519194224164,1274.7315830996574,0.0,0.0,0.0,0.0,0.0,0,0.0,0.0,0.0,0.0,0.0,0.0,0.0,0.0,0.0,0.0,0.0,0.0,0.0,0.0,0.0,0.0,0.0,0.0,0.0,0.0,5.84434085207481,2640.378591440563,0.3019239725898626,1114.4600965665427,0.0,0.0,0.0,0.0,0.0,0,0.0,0,0.0,0.0,0.0,0.0,0.0,0.0,0.0,0.0,0.0,0.0,0.0,0.0,0.0,0.0,0.0,0.0,0.0,0.0,0.0,0.0
"MATLAB 4-05 PM Thu, Oct 10, 2024 Run3 .csv",6.1539903570383965,2873.8845860580764,0.5439835116354608,1368.7630400166595,0.0,0.0,0.0,0.0,0.0,0,0.0,0.0,0.0,0.0,0.0,0.0,0.0,0.0,0.0,0.0,0.0,0.0,0.0,0.0,0.0,0.0,0.0,0.0,0.0,0.0,5.948301408832914,2781.317886497095,0.4490099075586283,1333.2998966215127,0.0,0.0,0.0,0.0,0.0,0,0.0,0,0.0,0.0,0.0,0.0,0.0,0.0,0.0,0.0,0.0,0.0,0.0,0.0,0.0,0.0,0.0,0.0,0.0,0.0,0.0,0.0,0,6.1539903570383965,2873.8845860580764,0.5439835116354608,1368.7630400166595,0.0,0.0,0.0,0.0,0.0,0,0.0,0.0,0.0,0.0,0.0,0.0,0.0,0.0,0.0,0.0,0.0,0.0,0.0,0.0,0.0,0.0,0.0,0.0,0.0,0.0,5.948301408832914,2781.317886497095,0.4490099075586283,1333.2998966215127,0.0,0.0,0.0,0.0,0.0,0,0.0,0,0.0,0.0,0.0,0.0,0.0,0.0,0.0,0.0,0.0,0.0,0.0,0.0,0.0,0.0,0.0,0.0,0.0,0.0,0.0,0.0
"MATLAB 4-08 PM Tue, Jun 4, 2024 Run4 .csv",4.688563435902581,1497.143579549393,0.2842377625476283,1467.4612263101535,0.0,0.0,0.0,0.0,0.0,0,0.0,0.0,0.0,0.0,0.0,0.0,0.0,0.0,0.0,0.0,0.0,0.0,0.0,0.0,0.0,0.0,0.0,0.0,0.0,0.0,4.785711205909409,1071.8545157230303,0.2795702657199095,1190.879320452004,0.0,0.0,0.0,0.0,0.0,0,0.0,0,0.0,0.0,0.0,0.0,0.0,0.0,0.0,0.0,0.0,0.0,0.0,0.0,0.0,0.0,0.0,0.0,0.0,0.0,0.0,0.0,0,4.688563435902581,1497.143579549393,0.2842377625476283,1467.4612263101535,0.0,0.0,0.0,0.0,0.0,0,0.0,0.0,0.0,0.0,0.0,0.0,0.0,0.0,0.0,0.0,0.0,0.0,0.0,0.0,0.0,0.0,0.0,0.0,0.0,0.0,4.785711205909409,1071.8545157230303,0.2795702657199095,1190.879320452004,0.0,0.0,0.0,0.0,0.0,0,0.0,0,0.0,0.0,0.0,0.0,0.0,0.0,0.0,0.0,0.0,0.0,0.0,0.0,0.0,0.0,0.0,0.0,0.0,0.0,0.0,0.0
"MATLAB 4-10 PM Wed, Jun 19, 2024 Run0 .csv",3.6918697077342735,664.151810789853,0.7366643904241971,1263.4120706966291,0.0,0.0,0.0,0.0,0.0,0,0.0,0.0,0.0,0.0,0.0,0.0,0.0,0.0,0.0,0.0,0.0,0.0,0.0,0.0,0.0,0.0,0.0,0.0,0.0,0.0,1.902753186725632,146.37803876183224,0.134292885331829,560.2854796144851,0.0,0.0,0.0,0.0,0.0,0,0.0,0,0.0,0.0,0.0,0.0,0.0,0.0,0.0,0.0,0.0,0.0,0.0,0.0,0.0,0.0,0.0,0.0,0.0,0.0,0.0,0.0,0,3.6918697077342735,664.151810789853,0.7366643904241971,1263.4120706966291,0.0,0.0,0.0,0.0,0.0,0,0.0,0.0,0.0,0.0,0.0,0.0,0.0,0.0,0.0,0.0,0.0,0.0,0.0,0.0,0.0,0.0,0.0,0.0,0.0,0.0,1.902753186725632,146.37803876183224,0.134292885331829,560.2854796144851,0.0,0.0,0.0,0.0,0.0,0,0.0,0,0.0,0.0,0.0,0.0,0.0,0.0,0.0,0.0,0.0,0.0,0.0,0.0,0.0,0.0,0.0,0.0,0.0,0.0,0.0,0.0
"MATLAB 4-15 PM Wed, Jun 19, 2024 Run1 .csv",4.517784042523291,1461.0583666708692,0.4127909085825755,1046.387528705185,0.0,0.0,0.0,0.0,0.0,0,0.0,0.0,0.0,0.0,0.0,0.0,0.0,0.0,0.0,0.0,0.0,0.0,0.0,0.0,0.0,0.0,0.0,0.0,0.0,0.0,3.4686871550424367,1062.0214806791562,0.0884010153038036,522.1531091416597,0.0,0.0,0.0,0.0,0.0,0,0.0,0,0.0,0.0,0.0,0.0,0.0,0.0,0.0,0.0,0.0,0.0,0.0,0.0,0.0,0.0,0.0,0.0,0.0,0.0,0.0,0.0,0,4.517784042523291,1461.0583666708692,0.4127909085825755,1046.387528705185,0.0,0.0,0.0,0.0,0.0,0,0.0,0.0,0.0,0.0,0.0,0.0,0.0,0.0,0.0,0.0,0.0,0.0,0.0,0.0,0.0,0.0,0.0,0.0,0.0,0.0,3.4686871550424367,1062.0214806791562,0.0884010153038036,522.1531091416597,0.0,0.0,0.0,0.0,0.0,0,0.0,0,0.0,0.0,0.0,0.0,0.0,0.0,0.0,0.0,0.0,0.0,0.0,0.0,0.0,0.0,0.0,0.0,0.0,0.0,0.0,0.0
"MATLAB 4-20 PM Wed, Jun 19, 2024 Run2 .csv",4.931437514013876,1429.7263935409612,0.9119240147654256,1674.930646698141,0.0,0.0,0.0,0.0,0.0,0,0.0,0.0,0.0,0.0,0.0,0.0,0.0,0.0,0.0,0.0,0.0,0.0,0.0,0.0,0.0,0.0,0.0,0.0,0.0,0.0,2.277836145694383,252.68667534849075,0.2174482459349808,786.1623897279559,0.0,0.0,0.0,0.0,0.0,0,0.0,0,0.0,0.0,0.0,0.0,0.0,0.0,0.0,0.0,0.0,0.0,0.0,0.0,0.0,0.0,0.0,0.0,0.0,0.0,0.0,0.0,0,4.931437514013876,1429.7263935409612,0.9119240147654256,1674.930646698141,0.0,0.0,0.0,0.0,0.0,0,0.0,0.0,0.0,0.0,0.0,0.0,0.0,0.0,0.0,0.0,0.0,0.0,0.0,0.0,0.0,0.0,0.0,0.0,0.0,0.0,2.277836145694383,252.68667534849075,0.2174482459349808,786.1623897279559,0.0,0.0,0.0,0.0,0.0,0,0.0,0,0.0,0.0,0.0,0.0,0.0,0.0,0.0,0.0,0.0,0.0,0.0,0.0,0.0,0.0,0.0,0.0,0.0,0.0,0.0,0.0
"MATLAB 4-32 PM Wed, Nov 6, 2024 Run16 .csv",5.356959158534229,2237.3961809641683,0.2162822103143341,1368.6486073480305,0.0,0.0,0.0,0.0,0.0,0,0.0,0.0,0.0,0.0,0.0,0.0,0.0,0.0,0.0,0.0,0.0,0.0,0.0,0.0,0.0,0.0,0.0,0.0,0.0,0.0,5.641511672527334,2397.3331844409904,0.2760892453100892,1247.7704821712657,0.0,0.0,0.0,0.0,0.0,0,0.0,0,1.0,0.0,0.0,0.0,0.0,0.0,0.0,0.0,0.0,0.0,0.0,0.0,0.0,0.0,0.0,0.0,0.0,0.0,0.0,0.0,0,5.356959158534229,2237.3961809641683,0.2162822103143341,1368.6486073480305,0.0,0.0,0.0,0.0,0.0,0,0.0,0.0,0.0,0.0,0.0,0.0,0.0,0.0,0.0,0.0,0.0,0.0,0.0,0.0,0.0,0.0,0.0,0.0,0.0,0.0,5.641511672527334,2397.3331844409904,0.2760892453100892,1247.7704821712657,0.0,0.0,0.0,0.0,0.0,0,0.0,0,1.0,0.0,0.0,0.0,0.0,0.0,0.0,0.0,0.0,0.0,0.0,0.0,0.0,0.0,0.0,0.0,0.0,0.0,0.0,0.0
"MATLAB 4-39 PM Thu, Oct 10, 2024 Run10.csv",5.659764932545629,2356.1716866311103,0.2280895161161992,1212.331563208072,0.0,0.0,0.0,0.0,0.0,0,0.0,0.0,0.0,0.0,0.0,0.0,0.0,0.0,0.0,0.0,0.0,0.0,0.0,0.0,0.0,0.0,0.0,0.0,0.0,0.0,5.832225229371329,2784.8698182537537,0.2109730070809095,997.9579537739606,0.0,0.0,0.0,0.0,0.0,0,0.0,0,0.0,0.0,0.0,0.0,0.0,0.0,0.0,0.0,0.0,0.0,0.0,0.0,0.0,0.0,0.0,0.0,0.0,0.0,0.0,0.0,0,5.659764932545629,2356.1716866311103,0.2280895161161992,1212.331563208072,0.0,0.0,0.0,0.0,0.0,0,0.0,0.0,0.0,0.0,0.0,0.0,0.0,0.0,0.0,0.0,0.0,0.0,0.0,0.0,0.0,0.0,0.0,0.0,0.0,0.0,5.832225229371329,2784.8698182537537,0.2109730070809095,997.9579537739606,0.0,0.0,0.0,0.0,0.0,0,0.0,0,0.0,0.0,0.0,0.0,0.0,0.0,0.0,0.0,0.0,0.0,0.0,0.0,0.0,0.0,0.0,0.0,0.0,0.0,0.0,0.0
"MATLAB 4-40 PM Thu, Oct 17, 2024 Run24 .csv",5.560388627922858,2408.501730367306,0.3393525376750551,1366.4331799832926,0.0,0.0,0.0,0.0,0.0,0,0.0,0.0,0.0,0.0,0.0,0.0,0.0,0.0,0.0,0.0,0.0,0.0,0.0,0.0,0.0,0.0,0.0,0.0,0.0,0.0,5.925093208651882,2413.4857678587987,0.3871246376343776,1221.4533450012748,0.0,0.0,0.0,0.0,0.0,0,0.0,0,-1.0,0.0,0.0,0.0,0.0,0.0,0.0,0.0,0.0,0.0,0.0,0.0,0.0,0.0,0.0,0.0,0.0,0.0,0.0,0.0,0,5.560388627922858,2408.501730367306,0.3393525376750551,1366.4331799832926,0.0,0.0,0.0,0.0,0.0,0,0.0,0.0,0.0,0.0,0.0,0.0,0.0,0.0,0.0,0.0,0.0,0.0,0.0,0.0,0.0,0.0,0.0,0.0,0.0,0.0,5.925093208651882,2413.4857678587987,0.3871246376343776,1221.4533450012748,0.0,0.0,0.0,0.0,0.0,0,0.0,0,-1.0,0.0,0.0,0.0,0.0,0.0,0.0,0.0,0.0,0.0,0.0,0.0,0.0,0.0,0.0,0.0,0.0,0.0,0.0,0.0
"MATLAB 5-01 PM Tue, Oct 1, 2024 Run13 .csv",5.903335460294668,2454.876254949449,0.2617027017548717,1175.8750945674165,0.0,0.0,0.0,0.0,0.0,0,0.0,0.0,0.0,0.0,0.0,0.0,0.0,0.0,0.0,0.0,0.0,0.0,0.0,0.0,0.0,0.0,0.0,0.0,0.0,0.0,5.910536623602611,2958.220356329303,0.2587173363670724,1032.9702299863332,0.0,0.0,0.0,0.0,0.0,0,0.0,0,-1.0,0.0,0.0,0.0,0.0,0.0,0.0,0.0,0.0,0.0,0.0,0.0,0.0,0.0,0.0,0.0,0.0,0.0,0.0,0.0,0,5.903335460294668,2454.876254949449,0.2617027017548717,1175.8750945674165,0.0,0.0,0.0,0.0,0.0,0,0.0,0.0,0.0,0.0,0.0,0.0,0.0,0.0,0.0,0.0,0.0,0.0,0.0,0.0,0.0,0.0,0.0,0.0,0.0,0.0,5.910536623602611,2958.220356329303,0.2587173363670724,1032.9702299863332,0.0,0.0,0.0,0.0,0.0,0,0.0,0,-1.0,0.0,0.0,0.0,0.0,0.0,0.0,0.0,0.0,0.0,0.0,0.0,0.0,0.0,0.0,0.0,0.0,0.0,0.0,0.0
