file_name,is_noise_x,a0_spectral_entropy_x,a0_spectral_centroid_x,a0_spectral_flatness_x,a0_spectral_bandwidth_x,a0_std_dev_time_diff_x,a0_mean_time_diff_x,a0_median_time_diff_x,a0_peaks_per_second_x,a0_percent_time_above_threshold_x,a0_num_boilings_x,a0_unused_peak_proportion_x,a0_skewness_x,a0_kurtosis_x,a0_crest_factor_x,a0_burstiness_x,a0_spectral_flux_x,a0_low_band_power_x,a0_mid_band_power_x,a0_high_band_power_x,a0_high_to_low_ratio_x,a0_mean_spectral_entropy_time_x,a0_var_spectral_centroid_time_x,a0_wavelet_energy_low_scale_x,a0_wavelet_energy_mid_scale_x,a0_wavelet_energy_high_scale_x,a0_regime_dominance_x,a0_rms_change_points_x,a0_skew_peak_magnitude_x,a0_kurtosis_peak_magnitude_x,a0_iqr_peak_magnitude_x,a0_mean_peak_magnitude_x,a0_max_peak_magnitude_x,a0_std_peak_magnitude_x,a0_max_to_mean_peak_ratio_x,a1_spectral_entropy_x,a1_spectral_centroid_x,a1_spectral_flatness_x,a1_spectral_bandwidth_x,a1_std_dev_time_diff_x,a1_mean_time_diff_x,a1_median_time_diff_x,a1_peaks_per_second_x,a1_percent_time_above_threshold_x,a1_num_boilings_x,a1_unused_peak_proportion_x,a1_skewness_x,a1_kurtosis_x,a1_crest_factor_x,a1_burstiness_x,a1_spectral_flux_x,a1_low_band_power_x,a1_mid_band_power_x,a1_high_band_power_x,a1_high_to_low_ratio_x,a1_mean_spectral_entropy_time_x,a1_var_spectral_centroid_time_x,a1_wavelet_energy_low_scale_x,a1_wavelet_energy_mid_scale_x,a1_wavelet_energy_high_scale_x,a1_regime_dominance_x,a1_rms_change_points_x,a1_skew_peak_magnitude_x,a1_kurtosis_peak_magnitude_x,a1_iqr_peak_magnitude_x,a1_mean_peak_magnitude_x,a1_max_peak_magnitude_x,a1_std_peak_magnitude_x,a1_max_to_mean_peak_ratio_x,num_peak_mag_high_diff_x,peak_mag_correlation_x,cluster,is_noise_y,a0_spectral_entropy_y,a0_spectral_centroid_y,a0_spectral_flatness_y,a0_spectral_bandwidth_y,a0_std_dev_time_diff_y,a0_mean_time_diff_y,a0_median_time_diff_y,a0_peaks_per_second_y,a0_percent_time_above_threshold_y,a0_num_boilings_y,a0_unused_peak_proportion_y,a0_skewness_y,a0_kurtosis_y,a0_crest_factor_y,a0_burstiness_y,a0_spectral_flux_y,a0_low_band_power_y,a0_mid_band_power_y,a0_high_band_power_y,a0_high_to_low_ratio_y,a0_mean_spectral_entropy_time_y,a0_var_spectral_centroid_time_y,a0_wavelet_energy_low_scale_y,a0_wavelet_energy_mid_scale_y,a0_wavelet_energy_high_scale_y,a0_regime_dominance_y,a0_rms_change_points_y,a0_skew_peak_magnitude_y,a0_kurtosis_peak_magnitude_y,a0_iqr_peak_magnitude_y,a0_mean_peak_magnitude_y,a0_max_peak_magnitude_y,a0_std_peak_magnitude_y,a0_max_to_mean_peak_ratio_y,a1_spectral_entropy_y,a1_spectral_centroid_y,a1_spectral_flatness_y,a1_spectral_bandwidth_y,a1_std_dev_time_diff_y,a1_mean_time_diff_y,a1_median_time_diff_y,a1_peaks_per_second_y,a1_percent_time_above_threshold_y,a1_num_boilings_y,a1_unused_peak_proportion_y,a1_skewness_y,a1_kurtosis_y,a1_crest_factor_y,a1_burstiness_y,a1_spectral_flux_y,a1_low_band_power_y,a1_mid_band_power_y,a1_high_band_power_y,a1_high_to_low_ratio_y,a1_mean_spectral_entropy_time_y,a1_var_spectral_centroid_time_y,a1_wavelet_energy_low_scale_y,a1_wavelet_energy_mid_scale_y,a1_wavelet_energy_high_scale_y,a1_regime_dominance_y,a1_rms_change_points_y,a1_skew_peak_magnitude_y,a1_kurtosis_peak_magnitude_y,a1_iqr_peak_magnitude_y,a1_mean_peak_magnitude_y,a1_max_peak_magnitude_y,a1_std_peak_magnitude_y,a1_max_to_mean_peak_ratio_y,num_peak_mag_high_diff_y,peak_mag_correlation_y
"MATLAB 1-00 PM Fri, Jun 28, 2024 Run8 .csv",0,5.439864168409741,1910.8551324977448,0.2831755060803294,1009.3886347724484,0.015709584008901,0.0146796822970439,0.0766026574951669,1.4994102343325817,0.00462,0.4981595784935967,0.0,-0.0875180732254218,33.72229074799877,12.370524718667596,0.051611092180599,2.0486961659128306e-12,0.0022832371976872,0.1546506349596721,0.8428797912125521,-937.6215984448704,4.180224957522514,349147.0799978815,6.513067391474481,15.56891581424103,0.4365614968249166,1.0,1.1336553493284025,-1.6918619311208725,3.0253604018525806,0.0119602036476134,0.0901452601328491,0.1052580165863037,0.0140274691613912,1.1676489305281552,4.9313795265334495,1623.1168089103896,0.049122128672631,815.8675751355788,0.0161541604113079,0.019323897261253,0.0814384657335348,1.4800303681472686,0.00381,0.4892203883196385,0.0,0.2087149042448044,40.429871898667045,11.74116783906958,0.0531161405593685,9.515793339179987e-11,0.0005941052617076,0.0820838077016965,0.9171855563238596,1543.809852293748,3.888325518398002,259564.5400842444,29.86937761771782,32.05001037372243,0.3062146328714271,1.0,1.2479183877468,-2.207885803305541,4.406211679123996,0.014798936843872,0.1837740203365683,0.2083166253566742,0.0216455144677177,1.133547739637833,0.0,0.7139976015080887,2,0,5.439864168409741,1910.8551324977448,0.2831755060803294,1009.3886347724484,0.015709584008901,0.0146796822970439,0.0766026574951669,1.4994102343325817,0.00462,0.4981595784935967,0.0,-0.0875180732254218,33.72229074799877,12.370524718667596,0.051611092180599,2.0486961659128306e-12,0.0022832371976872,0.1546506349596721,0.8428797912125521,-937.6215984448704,4.180224957522514,349147.0799978815,6.513067391474481,15.56891581424103,0.4365614968249166,1.0,1.1336553493284025,-1.6918619311208725,3.0253604018525806,0.0119602036476134,0.0901452601328491,0.1052580165863037,0.0140274691613912,1.1676489305281552,4.9313795265334495,1623.1168089103896,0.049122128672631,815.8675751355788,0.0161541604113079,0.019323897261253,0.0814384657335348,1.4800303681472686,0.00381,0.4892203883196385,0.0,0.2087149042448044,40.429871898667045,11.74116783906958,0.0531161405593685,9.515793339179987e-11,0.0005941052617076,0.0820838077016965,0.9171855563238596,1543.809852293748,3.888325518398002,259564.5400842444,29.86937761771782,32.05001037372243,0.3062146328714271,1.0,1.2479183877468,-2.207885803305541,4.406211679123996,0.014798936843872,0.1837740203365683,0.2083166253566742,0.0216455144677177,1.133547739637833,0.0,0.7139976015080887
"MATLAB 1-02 PM Thu, Nov 7, 2024 Run8 .csv",0,5.700523466214685,2294.871845438176,0.2601321043988069,1356.9178434613618,0.000944933859495,-0.0571319819934251,0.0044470701080645,2.477918466855139,0.0004,0.49388621613058,0.0,1.5285514573324797,58.05735517788983,17.777887562975184,0.0040071831573368,1.6762173189186158e-11,0.0001796046586576,0.0001720823514029,0.9991079887529378,4234.171213591692,2.5738513181212137,457622.5399895293,14.752301235465987,0.0563930759478273,0.106560644675062,1.0,0.1253482429173782,-0.4052563421635066,-1.058759462362168,0.0387733173370361,0.2533966680367787,0.2867351841926575,0.0226552287312349,1.131566513538528,5.308989046859168,2144.0924624139006,0.0966758082720342,1207.4333525905374,0.0012130436916114,-0.0523105272676316,0.0116481739823425,2.4587064132554763,0.00052,0.4849466201677734,0.0,0.5924224765027378,32.97700477799756,12.948236092615607,0.0051455754848899,2.363179516398276e-11,0.0001861116581055,9.598499436098652e-05,0.9990280117854176,5367.895928470295,2.4186048812789545,430587.02158378414,17.91751299450009,0.0466936713917039,0.0698648367790605,1.0,0.2399835926042276,-0.3270751493357315,-0.923031762092128,0.0180765235424042,0.1916803356011708,0.2103264844417572,0.0119315732230625,1.0972773173737729,0.0,-0.5879004306974205,2,0,5.700523466214685,2294.871845438176,0.2601321043988069,1356.9178434613618,0.000944933859495,-0.0571319819934251,0.0044470701080645,2.477918466855139,0.0004,0.49388621613058,0.0,1.5285514573324797,58.05735517788983,17.777887562975184,0.0040071831573368,1.6762173189186158e-11,0.0001796046586576,0.0001720823514029,0.9991079887529378,4234.171213591692,2.5738513181212137,457622.5399895293,14.752301235465987,0.0563930759478273,0.106560644675062,1.0,0.1253482429173782,-0.4052563421635066,-1.058759462362168,0.0387733173370361,0.2533966680367787,0.2867351841926575,0.0226552287312349,1.131566513538528,5.308989046859168,2144.0924624139006,0.0966758082720342,1207.4333525905374,0.0012130436916114,-0.0523105272676316,0.0116481739823425,2.4587064132554763,0.00052,0.4849466201677734,0.0,0.5924224765027378,32.97700477799756,12.948236092615607,0.0051455754848899,2.363179516398276e-11,0.0001861116581055,9.598499436098652e-05,0.9990280117854176,5367.895928470295,2.4186048812789545,430587.02158378414,17.91751299450009,0.0466936713917039,0.0698648367790605,1.0,0.2399835926042276,-0.3270751493357315,-0.923031762092128,0.0180765235424042,0.1916803356011708,0.2103264844417572,0.0119315732230625,1.0972773173737729,0.0,-0.5879004306974205
"MATLAB 1-12 PM Thu, Nov 7, 2024 Run9 .csv",0,5.632734954703723,2219.356500154379,0.2422642592202483,1361.1591295752792,0.001526229011616,-0.0859096265888054,-0.0265048880392215,2.706246910953029,0.0004,0.4796416749205244,0.0,0.7014451415491838,49.50016549623467,15.54669688072016,0.0070066751427447,1.956995707051097e-11,0.0001473785950866,0.0001603812121189,0.99910955564306,5377.674086716104,2.371240132687473,341763.19337257947,6.075090090592648,0.0197514367524483,0.0383251137897717,1.0,-0.9023421117860358,-0.2211635974477234,-1.8491075866065616,0.0486015796661376,0.2284967471493615,0.2530449855327606,0.0233725451448059,1.107433644853389,5.512061504986173,2229.4356448898766,0.1101301398578678,1230.437858798969,0.0010243900615248,-0.0811151683561053,-0.0190694653651012,2.687594232638867,0.00045,0.470700726328223,0.0,0.0683401489313396,31.576606288259683,12.40336216729875,0.0047038919179543,2.2644998975762363e-11,0.000147679333869,7.50542077684034e-05,0.9990274036146608,6764.842293375229,2.114355601251618,371843.63077761134,6.707033520078976,0.0164755968168894,0.0304530825889372,1.0,-0.7864657245376798,0.1499109454272645,-1.4177103729972167,0.0176768648624419,0.185586412747701,0.2027374672889709,0.0107188250722938,1.092415464512406,0.0,-0.9613666164854772,2,0,5.632734954703723,2219.356500154379,0.2422642592202483,1361.1591295752792,0.001526229011616,-0.0859096265888054,-0.0265048880392215,2.706246910953029,0.0004,0.4796416749205244,0.0,0.7014451415491838,49.50016549623467,15.54669688072016,0.0070066751427447,1.956995707051097e-11,0.0001473785950866,0.0001603812121189,0.99910955564306,5377.674086716104,2.371240132687473,341763.19337257947,6.075090090592648,0.0197514367524483,0.0383251137897717,1.0,-0.9023421117860358,-0.2211635974477234,-1.8491075866065616,0.0486015796661376,0.2284967471493615,0.2530449855327606,0.0233725451448059,1.107433644853389,5.512061504986173,2229.4356448898766,0.1101301398578678,1230.437858798969,0.0010243900615248,-0.0811151683561053,-0.0190694653651012,2.687594232638867,0.00045,0.470700726328223,0.0,0.0683401489313396,31.576606288259683,12.40336216729875,0.0047038919179543,2.2644998975762363e-11,0.000147679333869,7.50542077684034e-05,0.9990274036146608,6764.842293375229,2.114355601251618,371843.63077761134,6.707033520078976,0.0164755968168894,0.0304530825889372,1.0,-0.7864657245376798,0.1499109454272645,-1.4177103729972167,0.0176768648624419,0.185586412747701,0.2027374672889709,0.0107188250722938,1.092415464512406,0.0,-0.9613666164854772
"MATLAB 1-14 PM Tue, Sep 10, 2024 Run10 .csv",0,5.988049510811789,2713.0729027229568,0.3304582035453621,1234.768624881449,0.0240917973057744,-0.1647768433865815,-0.1021752796077519,5.291694889047867,0.004445,0.4767927666785133,0.0,-0.3989299407635113,24.90044224810656,14.494819923681902,0.1707229800441333,1.7804131322817677e-11,0.001318933066735,0.0002215195381211,0.997609256221978,-659.7305824638569,3.978603670133119,828593.5774228338,42.93836893751371,0.505078123883627,0.8661716801536337,1.0,1.0921198172732811,0.1789788142901393,0.4528994699637425,0.0257055386900901,0.1515712285881311,0.209852933883667,0.0170781776530822,1.3845169418920953,5.806306039062129,2408.459308935671,0.1106076319507142,1088.8915590549932,0.0253550683497361,-0.1609345612971296,-0.0955129931728302,5.323154335836448,0.003415,2.467851547560313,0.0,0.3959666653145773,24.858890857147884,14.778743110233926,0.180949255121731,3.427955817340361e-11,0.0010187773337796,1.1850737279697458e-05,0.9986333229337384,980.2272683362446,3.912011406497307,721896.8399635219,55.529134186161855,0.2226557637050835,0.6194235399669556,0.0994236311239193,1.2082444120339386,0.0983322654089181,0.04542905574842,0.0523405086994171,0.1913863447996286,0.3073953533172607,0.0311107077305739,1.6061509176064124,0.0,-0.0640138169590684,2,0,5.988049510811789,2713.0729027229568,0.3304582035453621,1234.768624881449,0.0240917973057744,-0.1647768433865815,-0.1021752796077519,5.291694889047867,0.004445,0.4767927666785133,0.0,-0.3989299407635113,24.90044224810656,14.494819923681902,0.1707229800441333,1.7804131322817677e-11,0.001318933066735,0.0002215195381211,0.997609256221978,-659.7305824638569,3.978603670133119,828593.5774228338,42.93836893751371,0.505078123883627,0.8661716801536337,1.0,1.0921198172732811,0.1789788142901393,0.4528994699637425,0.0257055386900901,0.1515712285881311,0.209852933883667,0.0170781776530822,1.3845169418920953,5.806306039062129,2408.459308935671,0.1106076319507142,1088.8915590549932,0.0253550683497361,-0.1609345612971296,-0.0955129931728302,5.323154335836448,0.003415,2.467851547560313,0.0,0.3959666653145773,24.858890857147884,14.778743110233926,0.180949255121731,3.427955817340361e-11,0.0010187773337796,1.1850737279697458e-05,0.9986333229337384,980.2272683362446,3.912011406497307,721896.8399635219,55.529134186161855,0.2226557637050835,0.6194235399669556,0.0994236311239193,1.2082444120339386,0.0983322654089181,0.04542905574842,0.0523405086994171,0.1913863447996286,0.3073953533172607,0.0311107077305739,1.6061509176064124,0.0,-0.0640138169590684
"MATLAB 1-17 PM Tue, Sep 10, 2024 Run11 .csv",0,5.968856521020376,2598.534220024597,0.3391543446318617,1233.1860991820956,0.0963450457881872,-0.0986128637818942,0.0029691328467559,2.9201393671800133,0.005075,0.4725194043154966,0.3263157894736842,-0.6438752742427393,29.50022129662332,13.449113105326653,0.4576568603359611,4.0155273204746994e-11,0.0009918176835685,0.0003462152072055,0.9978154245426972,-431.9243070740928,3.800468182842667,855300.695499447,71.002855821061,1.052627827942372,1.4993885287197406,1.0,7.083812710862257,0.546991495613493,2.8244802009052457,0.0321660983562469,0.1983370013487966,0.3178905701637268,0.0304606748478724,1.60277995533815,5.787063791581461,2402.265935531891,0.1291079909726408,1089.5998042304984,0.0985846253210897,-0.1102947437894685,-0.0141032850565639,3.3017683768737407,0.00527,-0.5364222205915522,1.0,0.4527385169345662,28.55933986755394,12.364137507081946,0.5081347895923005,8.166289824501976e-11,0.0007356784995826,5.169982043130167e-05,0.9988724861628124,1357.756801006858,3.774130521478343,728346.730293468,88.98291153144889,0.498739482319314,0.9718564206378296,0.0,7.200309616891366,-0.9052964821096,-0.4364633539401197,0.0732184982299805,0.2555347020302003,0.3221685886383057,0.0534109092873068,1.2607625738449812,1.0,-0.0453966280383336,2,0,5.968856521020376,2598.534220024597,0.3391543446318617,1233.1860991820956,0.0963450457881872,-0.0986128637818942,0.0029691328467559,2.9201393671800133,0.005075,0.4725194043154966,0.3263157894736842,-0.6438752742427393,29.50022129662332,13.449113105326653,0.4576568603359611,4.0155273204746994e-11,0.0009918176835685,0.0003462152072055,0.9978154245426972,-431.9243070740928,3.800468182842667,855300.695499447,71.002855821061,1.052627827942372,1.4993885287197406,1.0,7.083812710862257,0.546991495613493,2.8244802009052457,0.0321660983562469,0.1983370013487966,0.3178905701637268,0.0304606748478724,1.60277995533815,5.787063791581461,2402.265935531891,0.1291079909726408,1089.5998042304984,0.0985846253210897,-0.1102947437894685,-0.0141032850565639,3.3017683768737407,0.00527,-0.5364222205915522,1.0,0.4527385169345662,28.55933986755394,12.364137507081946,0.5081347895923005,8.166289824501976e-11,0.0007356784995826,5.169982043130167e-05,0.9988724861628124,1357.756801006858,3.774130521478343,728346.730293468,88.98291153144889,0.498739482319314,0.9718564206378296,0.0,7.200309616891366,-0.9052964821096,-0.4364633539401197,0.0732184982299805,0.2555347020302003,0.3221685886383057,0.0534109092873068,1.2607625738449812,1.0,-0.0453966280383336
"MATLAB 1-19 PM Tue, Sep 10, 2024 Run12 .csv",0,5.962456590772573,2603.7027815089427,0.3351846125041344,1220.9347556522332,0.0713818478623058,-0.0512371633691892,0.0303635453719003,1.9985910966357865,0.004055,0.46824604195248,0.0259740259740259,-1.1498893015298872,56.025063114174266,17.60857138456694,0.2733558622569702,2.2919865525585074e-11,0.0019921404450408,0.0002824307266135,0.9967511244038691,-959.4947263688993,3.451940235190866,875821.3426028661,38.70979761789985,0.5035509388983721,0.7960550141200107,1.0,1.075505604451233,-1.2091205971076036,3.1650223337551315,0.030158166885376,0.1893808615207672,0.2632118654251099,0.0273753703237763,1.3898546205327431,5.836837231475611,2451.691130540047,0.1274979286127746,1109.3324093481535,0.0843699438499785,-0.0625072639801382,0.0365064230876203,2.230387168778236,0.00414,0.4593040112565827,0.573170731707317,0.7211051664449383,54.58968932987423,16.73729264516978,0.344295986110996,4.499078851681412e-11,0.0024625743380426,2.2451584222011923e-05,0.9971924152632948,404.9390103106165,3.3628849847596296,828139.5384349199,47.37350661486993,0.215968210855714,0.5755504741572668,1.0,1.1923748217487944,-0.6006065171605028,-0.6490857798097798,0.1060762888193131,0.2596515071246681,0.3333179092407227,0.0603139520160303,1.2837125920500996,0.0,0.1052788444696026,2,0,5.962456590772573,2603.7027815089427,0.3351846125041344,1220.9347556522332,0.0713818478623058,-0.0512371633691892,0.0303635453719003,1.9985910966357865,0.004055,0.46824604195248,0.0259740259740259,-1.1498893015298872,56.025063114174266,17.60857138456694,0.2733558622569702,2.2919865525585074e-11,0.0019921404450408,0.0002824307266135,0.9967511244038691,-959.4947263688993,3.451940235190866,875821.3426028661,38.70979761789985,0.5035509388983721,0.7960550141200107,1.0,1.075505604451233,-1.2091205971076036,3.1650223337551315,0.030158166885376,0.1893808615207672,0.2632118654251099,0.0273753703237763,1.3898546205327431,5.836837231475611,2451.691130540047,0.1274979286127746,1109.3324093481535,0.0843699438499785,-0.0625072639801382,0.0365064230876203,2.230387168778236,0.00414,0.4593040112565827,0.573170731707317,0.7211051664449383,54.58968932987423,16.73729264516978,0.344295986110996,4.499078851681412e-11,0.0024625743380426,2.2451584222011923e-05,0.9971924152632948,404.9390103106165,3.3628849847596296,828139.5384349199,47.37350661486993,0.215968210855714,0.5755504741572668,1.0,1.1923748217487944,-0.6006065171605028,-0.6490857798097798,0.1060762888193131,0.2596515071246681,0.3333179092407227,0.0603139520160303,1.2837125920500996,0.0,0.1052788444696026
"MATLAB 1-21 PM Thu, Nov 7, 2024 Run10 .csv",0,5.381934030771023,2139.310338336899,0.2233793238359952,1338.2130763177963,0.0010924602444239,-0.1826351070144442,-0.125242041943894,5.6274030987952,0.00075,2.4639726795894634,0.0,0.2316090313685962,21.39657282890687,9.652680265982069,0.0082157517380139,3.920944070024574e-11,0.0001241922648279,9.723163965974004e-05,0.9991456692917852,6563.450660691249,3.058056247299001,402870.9635030349,9.067314704504472,0.0261189305593967,0.0506102517527614,0.2051282051282051,-0.9328015019597912,0.5437164624947242,-1.1632514109633112,0.0166921752691268,0.1805152881145477,0.1972720384597778,0.0103545136311414,1.0928273196151506,5.382569160598576,2276.4005155998366,0.0700136989346676,1134.841833423479,0.0045681684763507,-0.1779511306383616,-0.1182838685887023,5.609365733295089,0.0014,2.455030243104717,0.0,0.0005629346585124,15.323513627592074,8.50431059393826,0.0343840638309553,4.7362127483072856e-11,0.0001425239612513,3.6540403638884936e-05,0.9991869723656636,7010.659566245002,2.780196284418904,553619.5318114264,8.907428834343937,0.0293758576009555,0.0500124757054565,0.6842105263157895,-0.815559973393778,-0.172598065938515,-1.5553837088804188,0.0289916390180587,0.1553196569283803,0.1792372798919678,0.0166121539059494,1.1539896716010396,0.0,-0.7434722301006569,2,0,5.381934030771023,2139.310338336899,0.2233793238359952,1338.2130763177963,0.0010924602444239,-0.1826351070144442,-0.125242041943894,5.6274030987952,0.00075,2.4639726795894634,0.0,0.2316090313685962,21.39657282890687,9.652680265982069,0.0082157517380139,3.920944070024574e-11,0.0001241922648279,9.723163965974004e-05,0.9991456692917852,6563.450660691249,3.058056247299001,402870.9635030349,9.067314704504472,0.0261189305593967,0.0506102517527614,0.2051282051282051,-0.9328015019597912,0.5437164624947242,-1.1632514109633112,0.0166921752691268,0.1805152881145477,0.1972720384597778,0.0103545136311414,1.0928273196151506,5.382569160598576,2276.4005155998366,0.0700136989346676,1134.841833423479,0.0045681684763507,-0.1779511306383616,-0.1182838685887023,5.609365733295089,0.0014,2.455030243104717,0.0,0.0005629346585124,15.323513627592074,8.50431059393826,0.0343840638309553,4.7362127483072856e-11,0.0001425239612513,3.6540403638884936e-05,0.9991869723656636,7010.659566245002,2.780196284418904,553619.5318114264,8.907428834343937,0.0293758576009555,0.0500124757054565,0.6842105263157895,-0.815559973393778,-0.172598065938515,-1.5553837088804188,0.0289916390180587,0.1553196569283803,0.1792372798919678,0.0166121539059494,1.1539896716010396,0.0,-0.7434722301006569
"MATLAB 1-25 PM Thu, Nov 7, 2024 Run11 .csv",0,5.257913498427458,2052.796226337274,0.217676264444999,1299.798760222984,0.020926787834068,-0.2492146225430539,-0.1963680209680607,11.891397808263214,0.0044,2.4568504089844354,0.0,0.0288790766579007,8.117323897422063,9.530536463003578,0.2915072054196006,1.2522703309172149e-10,0.0001142275375226,8.499538004076848e-05,0.9992470764168802,7229.721824008902,4.203266851904787,299788.21001942,46.1464752417708,0.1200149069530625,0.2345829453297315,0.1231884057971014,0.0533533206885018,0.9537975882061596,1.09886847518802,0.0463314926624298,0.1605302123228708,0.2771960639953613,0.031172362270265,1.7267532384361577,5.5127576848602695,2305.2997797821004,0.0854610106805274,1142.8376260128937,0.0229695532294401,-0.2424104424800876,-0.1895676882126177,11.473632129891776,0.00696,2.447907296184942,0.0,-0.0009253776539106,6.067946681433044,7.756751269639556,0.3111766727872752,7.712324671258553e-11,0.0001123175961002,3.200614306125861e-05,0.9990936811594988,8895.255203533834,4.350856046209212,462909.0487274608,41.98001130225275,0.1346401084884059,0.2591220551327095,0.0974930362116991,0.1712153680352683,-0.4335962070943985,-0.4728968244165172,0.0335828948020935,0.1558286397848556,0.2039480090141296,0.0235618584134231,1.3087966967799365,4.0,0.3239405361118686,2,0,5.257913498427458,2052.796226337274,0.217676264444999,1299.798760222984,0.020926787834068,-0.2492146225430539,-0.1963680209680607,11.891397808263214,0.0044,2.4568504089844354,0.0,0.0288790766579007,8.117323897422063,9.530536463003578,0.2915072054196006,1.2522703309172149e-10,0.0001142275375226,8.499538004076848e-05,0.9992470764168802,7229.721824008902,4.203266851904787,299788.21001942,46.1464752417708,0.1200149069530625,0.2345829453297315,0.1231884057971014,0.0533533206885018,0.9537975882061596,1.09886847518802,0.0463314926624298,0.1605302123228708,0.2771960639953613,0.031172362270265,1.7267532384361577,5.5127576848602695,2305.2997797821004,0.0854610106805274,1142.8376260128937,0.0229695532294401,-0.2424104424800876,-0.1895676882126177,11.473632129891776,0.00696,2.447907296184942,0.0,-0.0009253776539106,6.067946681433044,7.756751269639556,0.3111766727872752,7.712324671258553e-11,0.0001123175961002,3.200614306125861e-05,0.9990936811594988,8895.255203533834,4.350856046209212,462909.0487274608,41.98001130225275,0.1346401084884059,0.2591220551327095,0.0974930362116991,0.1712153680352683,-0.4335962070943985,-0.4728968244165172,0.0335828948020935,0.1558286397848556,0.2039480090141296,0.0235618584134231,1.3087966967799365,4.0,0.3239405361118686
"MATLAB 1-29 PM Thu, Nov 7, 2024 Run12 .csv",0,5.281036348782035,2103.271139742919,0.2118538538391066,1326.2743370409603,0.0215868440285228,-0.2618469012122449,-0.2099236084086066,15.071278205885442,0.0094,2.452577046621419,0.0,-0.0796768216442584,4.8003357919981005,6.00912057567984,0.3459776667959343,1.265787134774853e-10,0.0001236732169997,7.110206990506321e-05,0.9990466456193232,6538.108266925583,4.5622296712967625,192123.4301435968,11.998591743501228,0.0316090669741259,0.0627783745421649,0.2051282051282051,-0.9549537857225224,-0.2909115833656538,-1.1386661340755064,0.0444636344909668,0.1525299582060645,0.1958314681053161,0.0269191385412728,1.2838885580808472,5.577481925476137,2370.9350095239865,0.0815040655746298,1155.699355941651,0.007414513723298,-0.2675917757808153,-0.2120579800049141,18.053988373275008,0.0066,2.443633528033077,0.0,-0.0298240049530529,4.069315401016897,6.902329813281178,0.1429050120384258,1.1129614133433296e-10,0.0001166835765009,2.5094996189604604e-05,0.9990135109330284,8561.732001115932,4.941593279108992,274994.2709195808,10.743771096848343,0.0410208966308913,0.0758315048695171,0.1186440677966101,-0.8367194271073038,-0.0237437168451669,-0.0237711047844939,0.0249881449341774,0.1562072697281837,0.2081816923618316,0.0221190955309408,1.332727297033541,0.0,0.2593928056778546,2,0,5.281036348782035,2103.271139742919,0.2118538538391066,1326.2743370409603,0.0215868440285228,-0.2618469012122449,-0.2099236084086066,15.071278205885442,0.0094,2.452577046621419,0.0,-0.0796768216442584,4.8003357919981005,6.00912057567984,0.3459776667959343,1.265787134774853e-10,0.0001236732169997,7.110206990506321e-05,0.9990466456193232,6538.108266925583,4.5622296712967625,192123.4301435968,11.998591743501228,0.0316090669741259,0.0627783745421649,0.2051282051282051,-0.9549537857225224,-0.2909115833656538,-1.1386661340755064,0.0444636344909668,0.1525299582060645,0.1958314681053161,0.0269191385412728,1.2838885580808472,5.577481925476137,2370.9350095239865,0.0815040655746298,1155.699355941651,0.007414513723298,-0.2675917757808153,-0.2120579800049141,18.053988373275008,0.0066,2.443633528033077,0.0,-0.0298240049530529,4.069315401016897,6.902329813281178,0.1429050120384258,1.1129614133433296e-10,0.0001166835765009,2.5094996189604604e-05,0.9990135109330284,8561.732001115932,4.941593279108992,274994.2709195808,10.743771096848343,0.0410208966308913,0.0758315048695171,0.1186440677966101,-0.8367194271073038,-0.0237437168451669,-0.0237711047844939,0.0249881449341774,0.1562072697281837,0.2081816923618316,0.0221190955309408,1.332727297033541,0.0,0.2593928056778546
"MATLAB 1-30 PM Tue, Sep 10, 2024 Run16 .csv",0,5.943819102279006,2604.5772640142254,0.3049750418605128,1189.598687264497,0.1992156151472543,0.2196508194360151,0.3298559994754988,-0.0947752406547925,0.00324,0.4497281383794077,0.1621621621621621,-1.4463426815353364,127.19479552856116,29.332484926385018,0.3648303549567288,1.2344392872372239e-11,0.0002106828892019,0.0002201454247949,0.998349489296646,3184.051018494873,4.30108918805649,559703.9874465184,16.184783098759006,0.176334418157944,0.3009312055261215,1.0,1.0395081433367948,-0.6809848311619182,1.5903196830935151,0.0293851935863494,0.1915436899984205,0.3085454964637756,0.0428676142738335,1.6108361307350814,5.866089096450061,2528.2264303292213,0.0807655579361456,1132.1876032933303,0.1987959971216083,0.2243820850332238,0.3366984916313471,-0.112253230869403,0.002535,1.4407843492651673,0.3243243243243243,0.964770951930592,116.82155641975484,24.348076394994976,0.3640785628828408,2.4045238640857024e-11,9.062232113470944e-05,4.676227387767763e-06,0.9994691375240018,11028.950980391442,3.933720930956624,674470.4288976527,19.924043819515123,0.0801760332656687,0.2251339661958442,0.7666666666666667,1.1579907094643147,-0.4707835373279518,-0.6042175358151978,0.0893243575096131,0.2457659495843423,0.3224281740188598,0.0593208575636358,1.3119318382557643,0.0,0.3400331767942799,2,0,5.943819102279006,2604.5772640142254,0.3049750418605128,1189.598687264497,0.1992156151472543,0.2196508194360151,0.3298559994754988,-0.0947752406547925,0.00324,0.4497281383794077,0.1621621621621621,-1.4463426815353364,127.19479552856116,29.332484926385018,0.3648303549567288,1.2344392872372239e-11,0.0002106828892019,0.0002201454247949,0.998349489296646,3184.051018494873,4.30108918805649,559703.9874465184,16.184783098759006,0.176334418157944,0.3009312055261215,1.0,1.0395081433367948,-0.6809848311619182,1.5903196830935151,0.0293851935863494,0.1915436899984205,0.3085454964637756,0.0428676142738335,1.6108361307350814,5.866089096450061,2528.2264303292213,0.0807655579361456,1132.1876032933303,0.1987959971216083,0.2243820850332238,0.3366984916313471,-0.112253230869403,0.002535,1.4407843492651673,0.3243243243243243,0.964770951930592,116.82155641975484,24.348076394994976,0.3640785628828408,2.4045238640857024e-11,9.062232113470944e-05,4.676227387767763e-06,0.9994691375240018,11028.950980391442,3.933720930956624,674470.4288976527,19.924043819515123,0.0801760332656687,0.2251339661958442,0.7666666666666667,1.1579907094643147,-0.4707835373279518,-0.6042175358151978,0.0893243575096131,0.2457659495843423,0.3224281740188598,0.0593208575636358,1.3119318382557643,0.0,0.3400331767942799
"MATLAB 1-31 PM Tue, Oct 29, 2024 Run7 .csv",0,5.7024668299712165,2228.0870504441787,0.2685828859481679,1288.6824700317752,0.0150805366717456,0.0308516756231641,0.0917208038700855,0.8480435869351188,0.0003866666666666,0.4483036842584021,0.0,0.6108894868643309,93.14314502131334,19.15870305860564,0.0420855959997613,3.137912549009662e-11,0.0001793725342033,0.0001549141183453,0.9993542230529476,4009.516178865276,4.339070827553885,527620.2615312,60.0129268082407,0.288227428450593,0.4859367221649878,1.0,10.036739107866453,-0.5869362930339933,0.059309444512372,0.011862216591835,0.2371625153223673,0.2516834473609924,0.0086095185659399,1.061227770412568,5.8723817031464005,2535.182632841466,0.1343429073794516,1115.7030388091737,0.0153968923279958,0.0355567536192767,0.0984517279060903,0.8306215342490586,0.0005533333333333,0.4393597598812121,0.0,-0.4160986713497284,65.88189100303155,17.02883079739847,0.0429740921180127,2.9756719110698494e-11,0.0001655077502725,3.991447266395643e-05,0.9994296029382086,6038.5667818703205,3.871744156388832,657073.0789447617,53.79359099908057,0.2480793553845338,0.5481666556533531,1.0,7.155345777750124,-0.3310628856529078,-1.3037201374802043,0.0636366492509842,0.2286219528317451,0.273906911611557,0.0323287989716384,1.198077910799491,6.0,0.553570067064734,2,0,5.7024668299712165,2228.0870504441787,0.2685828859481679,1288.6824700317752,0.0150805366717456,0.0308516756231641,0.0917208038700855,0.8480435869351188,0.0003866666666666,0.4483036842584021,0.0,0.6108894868643309,93.14314502131334,19.15870305860564,0.0420855959997613,3.137912549009662e-11,0.0001793725342033,0.0001549141183453,0.9993542230529476,4009.516178865276,4.339070827553885,527620.2615312,60.0129268082407,0.288227428450593,0.4859367221649878,1.0,10.036739107866453,-0.5869362930339933,0.059309444512372,0.011862216591835,0.2371625153223673,0.2516834473609924,0.0086095185659399,1.061227770412568,5.8723817031464005,2535.182632841466,0.1343429073794516,1115.7030388091737,0.0153968923279958,0.0355567536192767,0.0984517279060903,0.8306215342490586,0.0005533333333333,0.4393597598812121,0.0,-0.4160986713497284,65.88189100303155,17.02883079739847,0.0429740921180127,2.9756719110698494e-11,0.0001655077502725,3.991447266395643e-05,0.9994296029382086,6038.5667818703205,3.871744156388832,657073.0789447617,53.79359099908057,0.2480793553845338,0.5481666556533531,1.0,7.155345777750124,-0.3310628856529078,-1.3037201374802043,0.0636366492509842,0.2286219528317451,0.273906911611557,0.0323287989716384,1.198077910799491,6.0,0.553570067064734
"MATLAB 1-32 PM Thu, Nov 7, 2024 Run13 .csv",0,5.50295986404006,2239.850190475572,0.232702978872454,1347.779721859354,0.0218175113340058,-0.2426304363502781,-0.174764391709643,10.042053125153098,0.0038,2.4468792301373967,0.0833333333333333,-0.1314144056381244,4.344174568734618,6.316085576180012,0.2539067127451326,8.778922747966141e-11,7.50173673934009e-05,7.683773984553082e-05,0.9989702273142328,11747.357906494968,4.943861133414779,140709.79759994213,9.954327577215327,0.03122843746195,0.0640247614447347,0.2727272727272727,-0.966029927603888,-0.4227540756008033,-0.1118096250805122,0.0070910501480102,0.150213513970375,0.1733150064945221,0.0146512932106575,1.153791039924032,5.704498160478998,2492.183645318192,0.0941405188532801,1122.6611113551128,0.0194605985850417,-0.2561812713341965,-0.2016950357637549,13.02498704265686,0.0052,2.437935170497257,0.0,-0.0049845207026435,3.3559640332657885,5.403691353772816,0.2877570558005649,7.542242769903977e-11,9.477424117214788e-05,2.52200954522324e-05,0.9990859382626284,10541.7455830418,5.154707176296375,175874.46637695865,8.67446848757896,0.037972914014831,0.0773008932458963,0.1555555555555555,-0.8472991539640669,0.0110725046962675,-0.4284178264956702,0.0187415504455566,0.150017604112625,0.1836418783664703,0.0177151022103496,1.2241355236456246,1.0,-0.5194959566929782,2,0,5.50295986404006,2239.850190475572,0.232702978872454,1347.779721859354,0.0218175113340058,-0.2426304363502781,-0.174764391709643,10.042053125153098,0.0038,2.4468792301373967,0.0833333333333333,-0.1314144056381244,4.344174568734618,6.316085576180012,0.2539067127451326,8.778922747966141e-11,7.50173673934009e-05,7.683773984553082e-05,0.9989702273142328,11747.357906494968,4.943861133414779,140709.79759994213,9.954327577215327,0.03122843746195,0.0640247614447347,0.2727272727272727,-0.966029927603888,-0.4227540756008033,-0.1118096250805122,0.0070910501480102,0.150213513970375,0.1733150064945221,0.0146512932106575,1.153791039924032,5.704498160478998,2492.183645318192,0.0941405188532801,1122.6611113551128,0.0194605985850417,-0.2561812713341965,-0.2016950357637549,13.02498704265686,0.0052,2.437935170497257,0.0,-0.0049845207026435,3.3559640332657885,5.403691353772816,0.2877570558005649,7.542242769903977e-11,9.477424117214788e-05,2.52200954522324e-05,0.9990859382626284,10541.7455830418,5.154707176296375,175874.46637695865,8.67446848757896,0.037972914014831,0.0773008932458963,0.1555555555555555,-0.8472991539640669,0.0110725046962675,-0.4284178264956702,0.0187415504455566,0.150017604112625,0.1836418783664703,0.0177151022103496,1.2241355236456246,1.0,-0.5194959566929782
"MATLAB 1-33 PM Tue, Oct 29, 2024 Run8 .csv",0,5.694731198323868,2206.7600741458973,0.253546452477761,1297.0085103296335,0.0011499999989607,0.0777337617144594,0.1323152163833456,1.026790514020829,0.0002,0.4440303218953855,0.0,1.0229536857531747,74.48515286446592,14.939810675699851,0.0028155220956778,3.696486440253231e-11,0.0001424362518474,0.0001563693446196,0.9994465266712584,5433.060696815899,4.542748842048409,395843.38087940926,2.250052828767522,0.010814097430115,0.0185085828281337,1.0,-0.9715679985445708,-0.2307661695678921,-1.4999999999999996,0.01021025121212,0.2292822142442067,0.2388365411758423,0.0083880843979137,1.0416705977963876,5.9478254135153605,2548.6429928286207,0.1287991831658488,1130.68192376129,0.0030999999972331,0.0805232287161408,0.1371614360611913,1.009536273920419,0.0002,0.435085991729347,0.0,-0.5894659944299752,59.87983832424672,14.66175314979709,0.007626076260713,3.033548134003166e-11,0.000128193329571,3.814315101916572e-05,0.999737428124994,7798.6696458432,4.075771739766416,469408.5307202943,1.9959803901415167,0.0093540860846123,0.021408721474823,1.0,-0.8525890173924483,-0.1860581529926726,-1.5000000000000002,0.0264863830804824,0.2241823895772298,0.2493079841136932,0.0217114981069273,1.1120765756125897,0.0,0.9997566773873352,2,0,5.694731198323868,2206.7600741458973,0.253546452477761,1297.0085103296335,0.0011499999989607,0.0777337617144594,0.1323152163833456,1.026790514020829,0.0002,0.4440303218953855,0.0,1.0229536857531747,74.48515286446592,14.939810675699851,0.0028155220956778,3.696486440253231e-11,0.0001424362518474,0.0001563693446196,0.9994465266712584,5433.060696815899,4.542748842048409,395843.38087940926,2.250052828767522,0.010814097430115,0.0185085828281337,1.0,-0.9715679985445708,-0.2307661695678921,-1.4999999999999996,0.01021025121212,0.2292822142442067,0.2388365411758423,0.0083880843979137,1.0416705977963876,5.9478254135153605,2548.6429928286207,0.1287991831658488,1130.68192376129,0.0030999999972331,0.0805232287161408,0.1371614360611913,1.009536273920419,0.0002,0.435085991729347,0.0,-0.5894659944299752,59.87983832424672,14.66175314979709,0.007626076260713,3.033548134003166e-11,0.000128193329571,3.814315101916572e-05,0.999737428124994,7798.6696458432,4.075771739766416,469408.5307202943,1.9959803901415167,0.0093540860846123,0.021408721474823,1.0,-0.8525890173924483,-0.1860581529926726,-1.5000000000000002,0.0264863830804824,0.2241823895772298,0.2493079841136932,0.0217114981069273,1.1120765756125897,0.0,0.9997566773873352
"MATLAB 1-36 PM Thu, Nov 7, 2024 Run14 .csv",0,5.490895081965969,2250.8606306610395,0.2279427332192682,1348.083717982733,0.0304964161558688,-0.2389147669291257,-0.169705174984001,8.51265300376626,0.0018,1.4411814136533745,0.0,0.2499825415536037,16.256094027109615,11.141869017777893,0.3245680734662594,5.1590526229927103e-11,0.0001173225684581,8.845954190070523e-05,0.9993919107656504,6920.011413032874,3.653966606008023,470252.8995838498,8.433575933599466,0.0280008029867023,0.0542321626948735,0.75,-0.9771060694852536,1.3658670871783851,0.7219448849450805,0.0265368223190307,0.1588937290509541,0.2362349045276642,0.0290240947671783,1.4867478152766382,5.850087900730117,2538.3767121656706,0.1224419197321704,1195.1898032112915,0.0305209370490042,-0.2341636992278055,-0.1628820915477916,8.49551063872295,0.00245,0.4322368129614369,0.0,-0.5225410360484407,15.265965062369183,9.482775436312636,0.3247599178127996,2.222290220451149e-11,0.0001463539746441,2.882761106873351e-05,0.9994312678770833,6828.863174417635,3.620226211584405,703908.6964492719,7.142698106782017,0.0236804121396688,0.0626504522978614,1.0,-0.8578788808208297,0.4491908159415855,-0.4723127857081595,0.0237013018131255,0.1349369112650553,0.1777067542076111,0.0191032589380181,1.3169617752591312,2.0,0.2533820940410081,2,0,5.490895081965969,2250.8606306610395,0.2279427332192682,1348.083717982733,0.0304964161558688,-0.2389147669291257,-0.169705174984001,8.51265300376626,0.0018,1.4411814136533745,0.0,0.2499825415536037,16.256094027109615,11.141869017777893,0.3245680734662594,5.1590526229927103e-11,0.0001173225684581,8.845954190070523e-05,0.9993919107656504,6920.011413032874,3.653966606008023,470252.8995838498,8.433575933599466,0.0280008029867023,0.0542321626948735,0.75,-0.9771060694852536,1.3658670871783851,0.7219448849450805,0.0265368223190307,0.1588937290509541,0.2362349045276642,0.0290240947671783,1.4867478152766382,5.850087900730117,2538.3767121656706,0.1224419197321704,1195.1898032112915,0.0305209370490042,-0.2341636992278055,-0.1628820915477916,8.49551063872295,0.00245,0.4322368129614369,0.0,-0.5225410360484407,15.265965062369183,9.482775436312636,0.3247599178127996,2.222290220451149e-11,0.0001463539746441,2.882761106873351e-05,0.9994312678770833,6828.863174417635,3.620226211584405,703908.6964492719,7.142698106782017,0.0236804121396688,0.0626504522978614,1.0,-0.8578788808208297,0.4491908159415855,-0.4723127857081595,0.0237013018131255,0.1349369112650553,0.1777067542076111,0.0191032589380181,1.3169617752591312,2.0,0.2533820940410081
"MATLAB 1-36 PM Tue, Oct 29, 2024 Run9 .csv",0,5.756141170144572,2226.4199560616003,0.2707995163805866,1305.1112644067607,0.0010374794623959,0.100545968308368,0.1544096289113408,0.4049947147213504,0.00032,0.4397569595323688,0.0,0.551432580400495,105.0152896676206,20.81411186202709,0.002387754806247,2.6338507723531373e-11,0.0001748757444678,0.0001503327844101,0.99935166591705,4109.035387220994,3.909396109074581,556196.1454039322,9.057437696073478,0.0406632392950506,0.0698851354921478,1.0,0.020124895044405,-0.0818811768601923,-1.21361462997972,0.0177656957507133,0.2308864176273345,0.2457984411716461,0.0104152842616628,1.064585971308111,5.957091289222628,2567.115448712631,0.1394980257743531,1142.191297529095,0.0027132670657816,0.1057728363599561,0.1611711442276616,0.3879082872065904,0.00036,0.4308122235774818,0.0,-0.4390134036991746,77.584754885142,18.14016858372383,0.0062373955590426,2.5259402067647508e-11,0.0001739388928459,3.3607821759248144e-05,0.999425303164928,5745.841466579112,3.398795611230695,533588.7179162635,8.106236764395621,0.0355836989244349,0.0838330751873333,1.0,0.1394761874649794,-0.1444448040108932,-1.4309779720269802,0.0580465680360794,0.2327495103081067,0.276718658208847,0.0333488471138591,1.1889118814580328,0.0,0.8610182120493796,2,0,5.756141170144572,2226.4199560616003,0.2707995163805866,1305.1112644067607,0.0010374794623959,0.100545968308368,0.1544096289113408,0.4049947147213504,0.00032,0.4397569595323688,0.0,0.551432580400495,105.0152896676206,20.81411186202709,0.002387754806247,2.6338507723531373e-11,0.0001748757444678,0.0001503327844101,0.99935166591705,4109.035387220994,3.909396109074581,556196.1454039322,9.057437696073478,0.0406632392950506,0.0698851354921478,1.0,0.020124895044405,-0.0818811768601923,-1.21361462997972,0.0177656957507133,0.2308864176273345,0.2457984411716461,0.0104152842616628,1.064585971308111,5.957091289222628,2567.115448712631,0.1394980257743531,1142.191297529095,0.0027132670657816,0.1057728363599561,0.1611711442276616,0.3879082872065904,0.00036,0.4308122235774818,0.0,-0.4390134036991746,77.584754885142,18.14016858372383,0.0062373955590426,2.5259402067647508e-11,0.0001739388928459,3.3607821759248144e-05,0.999425303164928,5745.841466579112,3.398795611230695,533588.7179162635,8.106236764395621,0.0355836989244349,0.0838330751873333,1.0,0.1394761874649794,-0.1444448040108932,-1.4309779720269802,0.0580465680360794,0.2327495103081067,0.276718658208847,0.0333488471138591,1.1889118814580328,0.0,0.8610182120493796
"MATLAB 1-38 PM Thu, Nov 7, 2024 Run15 .csv",0,5.457528128673019,2276.863175665613,0.2293719941063673,1374.3260153817116,0.0122567554960265,-0.1883877559509125,-0.1311811541054828,4.47654670735033,0.0013,0.4340591430483466,0.0,-0.2832071813123131,25.68581311791783,12.053395803285763,0.0817753063953291,1.9972506006000448e-11,0.0001256150077495,8.456500974963024e-05,0.999115656371422,6319.035642969409,3.2222459213380263,420422.8303939978,5.559470457367472,0.0178957833467455,0.0353117052311999,1.0,-0.9909512468369606,1.49302745106526,0.7019569066795475,0.0238452303409575,0.1406531653037437,0.2069942820072174,0.0280722424185687,1.471664584015642,5.8958496732031325,2587.604396536364,0.1311120055640979,1222.8926872729771,0.0069758462188715,-0.1823026864973333,-0.1238159112694468,4.459684029949772,0.00135,0.4251138660416617,0.0,0.087537674184411,25.04537955805253,13.063619742152168,0.0461187563774062,1.1775279392627598e-11,0.0002412340086341,2.513914813344025e-05,0.9988844468800664,4140.728135869455,3.058161188291464,724238.1146667135,4.716183416447734,0.0160575840942391,0.0429750619861874,1.0,-0.8711035393917834,-0.5789953079551114,1.726865836863423,0.0118471169471739,0.1749769559273352,0.2218992376327515,0.0228381154255407,1.26816263579818,0.0,0.3959958289675068,2,0,5.457528128673019,2276.863175665613,0.2293719941063673,1374.3260153817116,0.0122567554960265,-0.1883877559509125,-0.1311811541054828,4.47654670735033,0.0013,0.4340591430483466,0.0,-0.2832071813123131,25.68581311791783,12.053395803285763,0.0817753063953291,1.9972506006000448e-11,0.0001256150077495,8.456500974963024e-05,0.999115656371422,6319.035642969409,3.2222459213380263,420422.8303939978,5.559470457367472,0.0178957833467455,0.0353117052311999,1.0,-0.9909512468369606,1.49302745106526,0.7019569066795475,0.0238452303409575,0.1406531653037437,0.2069942820072174,0.0280722424185687,1.471664584015642,5.8958496732031325,2587.604396536364,0.1311120055640979,1222.8926872729771,0.0069758462188715,-0.1823026864973333,-0.1238159112694468,4.459684029949772,0.00135,0.4251138660416617,0.0,0.087537674184411,25.04537955805253,13.063619742152168,0.0461187563774062,1.1775279392627598e-11,0.0002412340086341,2.513914813344025e-05,0.9988844468800664,4140.728135869455,3.058161188291464,724238.1146667135,4.716183416447734,0.0160575840942391,0.0429750619861874,1.0,-0.8711035393917834,-0.5789953079551114,1.726865836863423,0.0118471169471739,0.1749769559273352,0.2218992376327515,0.0228381154255407,1.26816263579818,0.0,0.3959958289675068
"MATLAB 1-41 PM Thu, Nov 7, 2024 Run16 .csv",0,5.455778429296464,2306.531959134146,0.2190904190469686,1388.533771104347,0.0019354465516186,-0.1602481367516813,-0.1076015457605142,3.5619711793886344,0.00086,0.4312102348063354,0.0,-0.4194988133743718,34.236956481326395,13.707757353851036,0.0107416507924028,1.2979849392954874e-11,0.0001023273248236,6.434963576295526e-05,0.9990532389595724,8113.975368351173,3.719733089046087,447756.6710612326,9.388298519644572,0.0282799061703986,0.058838394828037,1.0,0.0035106822223566,0.5055506412792073,-1.328371185636916,0.0164536330103874,0.1283949634432792,0.1438591337203979,0.0094554157398478,1.1204421876248305,5.822461833580812,2626.4397596723543,0.109982589073049,1220.8670999329504,0.0008810456431479,-0.1556353554843104,-0.1009094391637883,3.545220377045175,0.00102,0.4222646872737516,0.0,-0.2388893157050638,33.172418243679175,13.306397912404384,0.0048921814675681,7.816572972578169e-12,0.0001229646882713,1.863400276700756e-05,0.99890616268345,8123.520473447247,3.2943076411256085,616439.2877423312,7.967217163588456,0.025493021589958,0.0737735023877247,1.0,0.123606597179835,-0.7626771490105619,-1.0904136005641858,0.0479698041081428,0.1546553108096122,0.1856825792789459,0.0310691304832212,1.2006220692125449,0.0,-0.9478396710046564,2,0,5.455778429296464,2306.531959134146,0.2190904190469686,1388.533771104347,0.0019354465516186,-0.1602481367516813,-0.1076015457605142,3.5619711793886344,0.00086,0.4312102348063354,0.0,-0.4194988133743718,34.236956481326395,13.707757353851036,0.0107416507924028,1.2979849392954874e-11,0.0001023273248236,6.434963576295526e-05,0.9990532389595724,8113.975368351173,3.719733089046087,447756.6710612326,9.388298519644572,0.0282799061703986,0.058838394828037,1.0,0.0035106822223566,0.5055506412792073,-1.328371185636916,0.0164536330103874,0.1283949634432792,0.1438591337203979,0.0094554157398478,1.1204421876248305,5.822461833580812,2626.4397596723543,0.109982589073049,1220.8670999329504,0.0008810456431479,-0.1556353554843104,-0.1009094391637883,3.545220377045175,0.00102,0.4222646872737516,0.0,-0.2388893157050638,33.172418243679175,13.306397912404384,0.0048921814675681,7.816572972578169e-12,0.0001229646882713,1.863400276700756e-05,0.99890616268345,8123.520473447247,3.2943076411256085,616439.2877423312,7.967217163588456,0.025493021589958,0.0737735023877247,1.0,0.123606597179835,-0.7626771490105619,-1.0904136005641858,0.0479698041081428,0.1546553108096122,0.1856825792789459,0.0310691304832212,1.2006220692125449,0.0,-0.9478396710046564
"MATLAB 1-41 PM Tue, Oct 29, 2024 Run10 .csv",0,5.445027475842302,2044.115450147424,0.2322207719799222,1253.466133869605,0.0539734251003346,-0.1789822160119832,-0.1282367415601448,4.154801923585527,0.00132,2.42978578068533,0.2580645161290322,0.0798307701239103,45.68336599320634,16.63044331156662,0.3320896579932181,4.694909000784619e-10,0.0001681234490956,0.0001270908967568,0.9992185332450724,4286.740636808796,3.3052264036169605,425857.47363197856,29.87933615518192,0.1202820951239193,0.1949208746603769,0.1794871794871795,0.0007416467520152,2.7110488552502408,6.227391710768494,0.0217383480072022,0.2333290364665369,0.4127240490913391,0.0481921120583018,1.7688499268736757,5.885980327680798,2488.1841375182903,0.1284922401830547,1149.3637841814457,0.0544521425481182,-0.1744614121716203,-0.1215562030833516,4.138107058770618,0.00124,2.420840097889797,0.1290322580645161,-0.1173331989460667,26.519460009308727,13.877188057281543,0.3353997080155131,8.830585624165905e-11,9.670297833529854e-05,3.079540213588853e-05,0.999382055228168,10334.553003765895,3.279008031362307,578533.4457161567,22.14876684920528,0.0923362525339222,0.2106365949949673,0.1746031746031746,0.1209616654656443,0.6768019521140842,0.6084570491351342,0.0557800149917602,0.214914931712612,0.3346203339099884,0.0398375595616116,1.556989694682771,2.0,0.4222049900744404,2,0,5.445027475842302,2044.115450147424,0.2322207719799222,1253.466133869605,0.0539734251003346,-0.1789822160119832,-0.1282367415601448,4.154801923585527,0.00132,2.42978578068533,0.2580645161290322,0.0798307701239103,45.68336599320634,16.63044331156662,0.3320896579932181,4.694909000784619e-10,0.0001681234490956,0.0001270908967568,0.9992185332450724,4286.740636808796,3.3052264036169605,425857.47363197856,29.87933615518192,0.1202820951239193,0.1949208746603769,0.1794871794871795,0.0007416467520152,2.7110488552502408,6.227391710768494,0.0217383480072022,0.2333290364665369,0.4127240490913391,0.0481921120583018,1.7688499268736757,5.885980327680798,2488.1841375182903,0.1284922401830547,1149.3637841814457,0.0544521425481182,-0.1744614121716203,-0.1215562030833516,4.138107058770618,0.00124,2.420840097889797,0.1290322580645161,-0.1173331989460667,26.519460009308727,13.877188057281543,0.3353997080155131,8.830585624165905e-11,9.670297833529854e-05,3.079540213588853e-05,0.999382055228168,10334.553003765895,3.279008031362307,578533.4457161567,22.14876684920528,0.0923362525339222,0.2106365949949673,0.1746031746031746,0.1209616654656443,0.6768019521140842,0.6084570491351342,0.0557800149917602,0.214914931712612,0.3346203339099884,0.0398375595616116,1.556989694682771,2.0,0.4222049900744404
"MATLAB 1-43 PM Tue, Oct 29, 2024 Run11 .csv",0,5.580144545962247,2148.9234294218354,0.2449875987811484,1313.2175172915097,0.0559287076861512,-0.1822027736234137,-0.137742329003795,4.133165151554309,0.00417,2.425512418322313,0.1854838709677419,0.0699276666798736,40.5318384023922,17.183939466620032,0.3440837022895258,2.3315981699961003e-10,0.0001578002560029,0.0001299445418393,0.9990279202142668,4652.478700305983,3.416674347524641,418356.4419368439,114.27278754939464,0.4961101380292895,0.7864941192447513,0.1183431952662721,2.992434540340991,2.959588355393976,11.871715472606816,0.0228081738948822,0.2276804428331313,0.4126848542690277,0.0347932276745139,1.8125617164733263,5.866262945033999,2497.334793538696,0.1243006111127048,1169.8222314749617,0.0573236765039002,-0.1801186045011799,-0.1323964948870188,4.216638599416335,0.006545,2.416566329737932,0.119047619047619,-0.109433400474972,24.38543104852016,12.375696121345916,0.3584002105422086,7.069372193068567e-11,0.0001067606443461,2.828827177949026e-05,0.999286165476956,9360.0612060503,3.347422708299493,588772.3213571894,92.35936589310424,0.3690126211892385,0.875001120826389,0.1405405405405405,4.113026870323072,-0.2267945918955375,-0.5572091715355336,0.057545870244503,0.2144271012147267,0.3035902428627014,0.0361612194881759,1.4158203004324854,6.0,0.145045680269313,2,0,5.580144545962247,2148.9234294218354,0.2449875987811484,1313.2175172915097,0.0559287076861512,-0.1822027736234137,-0.137742329003795,4.133165151554309,0.00417,2.425512418322313,0.1854838709677419,0.0699276666798736,40.5318384023922,17.183939466620032,0.3440837022895258,2.3315981699961003e-10,0.0001578002560029,0.0001299445418393,0.9990279202142668,4652.478700305983,3.416674347524641,418356.4419368439,114.27278754939464,0.4961101380292895,0.7864941192447513,0.1183431952662721,2.992434540340991,2.959588355393976,11.871715472606816,0.0228081738948822,0.2276804428331313,0.4126848542690277,0.0347932276745139,1.8125617164733263,5.866262945033999,2497.334793538696,0.1243006111127048,1169.8222314749617,0.0573236765039002,-0.1801186045011799,-0.1323964948870188,4.216638599416335,0.006545,2.416566329737932,0.119047619047619,-0.109433400474972,24.38543104852016,12.375696121345916,0.3584002105422086,7.069372193068567e-11,0.0001067606443461,2.828827177949026e-05,0.999286165476956,9360.0612060503,3.347422708299493,588772.3213571894,92.35936589310424,0.3690126211892385,0.875001120826389,0.1405405405405405,4.113026870323072,-0.2267945918955375,-0.5572091715355336,0.057545870244503,0.2144271012147267,0.3035902428627014,0.0361612194881759,1.4158203004324854,6.0,0.145045680269313
"MATLAB 1-44 PM Thu, Nov 7, 2024 Run17 .csv",0,5.444256113964105,2334.78451805194,0.2158926571255957,1415.603556245973,0.0016408583104951,-0.1510539405516472,-0.0992275248560796,3.1260568960034467,0.0007,0.4240879642013077,0.0,-0.2344881353269805,35.30729736433494,14.302075103595229,0.0084245082041954,1.1792082346281312e-11,0.0001324865656919,6.126842063742102e-05,0.999345646229455,5857.221311445522,3.841561624181784,553835.0515883862,8.444641614828054,0.0264677467280376,0.0554883999641288,1.0,-0.0103344951293502,-0.0617160526563997,-1.103793761360205,0.0122970542311668,0.1281632878688665,0.1399640679359436,0.0071776224366566,1.092076133995184,5.861032263244305,2621.399863188087,0.1198845925516107,1243.949931294659,0.0007177074606463,-0.1463092686420629,-0.0927932588579742,3.109585781302737,0.00084,0.4151417403539764,0.0,-0.4815718233497533,37.44805392085112,14.496469806085823,0.0036836491268638,6.135925767249444e-12,0.000179221033293,1.813488426903605e-05,0.9991449945274478,5574.931558920247,3.4331847830178424,665637.9662194757,7.059588938215602,0.0221786069057689,0.0662630175605402,1.0,0.1103819386088813,-0.3010651705910252,-1.3491058343054845,0.0553642928600311,0.1417876898325406,0.1769845414161682,0.0279775471566852,1.24823630052226,0.0,-0.9004791594517875,2,0,5.444256113964105,2334.78451805194,0.2158926571255957,1415.603556245973,0.0016408583104951,-0.1510539405516472,-0.0992275248560796,3.1260568960034467,0.0007,0.4240879642013077,0.0,-0.2344881353269805,35.30729736433494,14.302075103595229,0.0084245082041954,1.1792082346281312e-11,0.0001324865656919,6.126842063742102e-05,0.999345646229455,5857.221311445522,3.841561624181784,553835.0515883862,8.444641614828054,0.0264677467280376,0.0554883999641288,1.0,-0.0103344951293502,-0.0617160526563997,-1.103793761360205,0.0122970542311668,0.1281632878688665,0.1399640679359436,0.0071776224366566,1.092076133995184,5.861032263244305,2621.399863188087,0.1198845925516107,1243.949931294659,0.0007177074606463,-0.1463092686420629,-0.0927932588579742,3.109585781302737,0.00084,0.4151417403539764,0.0,-0.4815718233497533,37.44805392085112,14.496469806085823,0.0036836491268638,6.135925767249444e-12,0.000179221033293,1.813488426903605e-05,0.9991449945274478,5574.931558920247,3.4331847830178424,665637.9662194757,7.059588938215602,0.0221786069057689,0.0662630175605402,1.0,0.1103819386088813,-0.3010651705910252,-1.3491058343054845,0.0553642928600311,0.1417876898325406,0.1769845414161682,0.0279775471566852,1.24823630052226,0.0,-0.9004791594517875
"MATLAB 1-45 PM Tue, Oct 29, 2024 Run12 .csv",0,5.565582953036417,2140.106968965649,0.2493127310871311,1313.852111070098,0.059705860706066,-0.187416579434552,-0.1476831122662194,4.104440125257421,0.00254,1.419814601838291,0.8306451612903226,0.0488187903747711,39.75460465236528,18.018206965894937,0.3693591820670469,1.9539559273505782e-10,0.0003180108482234,0.0001379235204251,0.9987581810223684,1433.0020923928723,3.5186482737245046,496771.9318942352,115.85680871149944,0.5017888585319448,0.8393869881236411,0.5217391304347826,3.9813583984596255,3.372971048738331,13.158126501859796,0.0203948009014129,0.2279100413764676,0.446060209274292,0.0397152171413027,1.9571766411883464,5.890918774390852,2498.288275268972,0.1480195093521071,1181.0570882165612,0.0590841147303881,-0.1840521125561256,-0.1373835506315603,4.1381370731880045,0.00218,2.410867972202112,0.208,-0.0592702487190374,23.687159977335423,11.108370275353137,0.3684845157611595,6.223761723260184e-11,0.0005379795172081,3.12700899667919e-05,0.9987621893202682,1856.505977222628,3.5087821949116687,643202.3436119158,92.52113840167578,0.3574838900187662,0.9842514413775278,0.2080536912751678,3.102447143466309,-0.3704833123018631,-1.0698393549639993,0.061972154378891,0.2143748341083526,0.2711118710041046,0.0364353651881229,1.2646627675852804,5.0,-0.1396588613322003,2,0,5.565582953036417,2140.106968965649,0.2493127310871311,1313.852111070098,0.059705860706066,-0.187416579434552,-0.1476831122662194,4.104440125257421,0.00254,1.419814601838291,0.8306451612903226,0.0488187903747711,39.75460465236528,18.018206965894937,0.3693591820670469,1.9539559273505782e-10,0.0003180108482234,0.0001379235204251,0.9987581810223684,1433.0020923928723,3.5186482737245046,496771.9318942352,115.85680871149944,0.5017888585319448,0.8393869881236411,0.5217391304347826,3.9813583984596255,3.372971048738331,13.158126501859796,0.0203948009014129,0.2279100413764676,0.446060209274292,0.0397152171413027,1.9571766411883464,5.890918774390852,2498.288275268972,0.1480195093521071,1181.0570882165612,0.0590841147303881,-0.1840521125561256,-0.1373835506315603,4.1381370731880045,0.00218,2.410867972202112,0.208,-0.0592702487190374,23.687159977335423,11.108370275353137,0.3684845157611595,6.223761723260184e-11,0.0005379795172081,3.12700899667919e-05,0.9987621893202682,1856.505977222628,3.5087821949116687,643202.3436119158,92.52113840167578,0.3574838900187662,0.9842514413775278,0.2080536912751678,3.102447143466309,-0.3704833123018631,-1.0698393549639993,0.061972154378891,0.2143748341083526,0.2711118710041046,0.0364353651881229,1.2646627675852804,5.0,-0.1396588613322003
"MATLAB 1-48 PM Thu, Nov 7, 2024 Run18 .csv",0,5.441869789264736,2360.071326280172,0.2244502077066428,1405.2653067049905,0.0316781766097544,0.862832000702596,0.9109816909789296,-1.1027521356912515,0.0001,0.4183901477172854,0.0,-0.7945466842596275,204.36705625716243,33.35866099711631,0.0261161001981043,1.5503370769590797e-12,0.0004116445811491,5.694562570119549e-05,0.9988407608687806,711.5359138334627,3.845098704255216,667154.0814775785,1.4026019483266667,0.0047485284186492,0.0104852790359903,1.0,-1.021410637010716,0.553049778495335,-1.2779533496539637,0.00722341299057,0.1217607073783874,0.1302064847946167,0.0052477736238029,1.0693637348047174,5.893904213542322,2718.724948354087,0.1369707155946616,1223.831598593659,0.0316357787689496,0.8666708740157315,0.9188196844951556,-1.1189995002777604,0.00014,0.4094433828181563,0.0,0.2547197583786239,167.5976307160028,29.946280289593208,0.026098897658667,8.610920314787236e-13,0.0007289373260343,1.915119679959808e-05,0.9982233249547894,1369.422705221402,3.290925609117349,618818.5041169947,1.1246899968842026,0.0046635200339398,0.0139381339153342,1.0,0.0998022117521184,-0.8418449037117091,-0.8864701070168386,0.0351281988620758,0.1481841859817504,0.1713411295413971,0.0276126024602811,1.156271355180225,0.0,-0.0941743755697961,2,0,5.441869789264736,2360.071326280172,0.2244502077066428,1405.2653067049905,0.0316781766097544,0.862832000702596,0.9109816909789296,-1.1027521356912515,0.0001,0.4183901477172854,0.0,-0.7945466842596275,204.36705625716243,33.35866099711631,0.0261161001981043,1.5503370769590797e-12,0.0004116445811491,5.694562570119549e-05,0.9988407608687806,711.5359138334627,3.845098704255216,667154.0814775785,1.4026019483266667,0.0047485284186492,0.0104852790359903,1.0,-1.021410637010716,0.553049778495335,-1.2779533496539637,0.00722341299057,0.1217607073783874,0.1302064847946167,0.0052477736238029,1.0693637348047174,5.893904213542322,2718.724948354087,0.1369707155946616,1223.831598593659,0.0316357787689496,0.8666708740157315,0.9188196844951556,-1.1189995002777604,0.00014,0.4094433828181563,0.0,0.2547197583786239,167.5976307160028,29.946280289593208,0.026098897658667,8.610920314787236e-13,0.0007289373260343,1.915119679959808e-05,0.9982233249547894,1369.422705221402,3.290925609117349,618818.5041169947,1.1246899968842026,0.0046635200339398,0.0139381339153342,1.0,0.0998022117521184,-0.8418449037117091,-0.8864701070168386,0.0351281988620758,0.1481841859817504,0.1713411295413971,0.0276126024602811,1.156271355180225,0.0,-0.0941743755697961
"MATLAB 1-51 PM Tue, Oct 29, 2024 Run13 .csv",0,5.629095667631356,2154.0332285775585,0.2444617307354349,1311.166884465953,0.0660729364254938,-0.176011422395138,-0.1164238955631262,3.475712098412825,0.001575,1.4141167853542689,0.0535714285714285,-0.2335230500131991,46.78776595212256,19.141702988820576,0.3725160478332587,1.4451125909695682e-10,0.0001596074073897,0.0001091917098582,0.9991697867648638,4523.378686802065,3.5847329047459424,416761.2181148822,102.7192171205128,0.4016844483437142,0.6762284783393762,0.7204301075268817,1.97028225657826,3.83094111223123,17.479582635282366,0.0141769599914551,0.2191358764469623,0.3988073170185089,0.0300831389079072,1.819908832294892,5.909881929913928,2539.288495974113,0.1224081496145878,1199.2481352739503,0.0672635338564153,-0.1713727606432549,-0.1061706064097158,3.4596325464119664,0.0018,1.405169614666291,0.0267857142857142,0.057726093237978,28.182558015063133,15.14832490999192,0.3792555476664743,5.202777960759448e-11,0.0001303816494051,1.8267968064216303e-05,0.9993207023099084,7664.580919700765,3.452343455900933,587525.0104216643,83.58742349232628,0.2999461149468078,0.8138504361208008,0.7263157894736842,2.091867416609546,0.0499616343672058,-0.0126844794983389,0.0630241498351097,0.2215835563838482,0.3513629484176636,0.0362266132507916,1.5856905365712208,2.0,0.4978667402484103,2,0,5.629095667631356,2154.0332285775585,0.2444617307354349,1311.166884465953,0.0660729364254938,-0.176011422395138,-0.1164238955631262,3.475712098412825,0.001575,1.4141167853542689,0.0535714285714285,-0.2335230500131991,46.78776595212256,19.141702988820576,0.3725160478332587,1.4451125909695682e-10,0.0001596074073897,0.0001091917098582,0.9991697867648638,4523.378686802065,3.5847329047459424,416761.2181148822,102.7192171205128,0.4016844483437142,0.6762284783393762,0.7204301075268817,1.97028225657826,3.83094111223123,17.479582635282366,0.0141769599914551,0.2191358764469623,0.3988073170185089,0.0300831389079072,1.819908832294892,5.909881929913928,2539.288495974113,0.1224081496145878,1199.2481352739503,0.0672635338564153,-0.1713727606432549,-0.1061706064097158,3.4596325464119664,0.0018,1.405169614666291,0.0267857142857142,0.057726093237978,28.182558015063133,15.14832490999192,0.3792555476664743,5.202777960759448e-11,0.0001303816494051,1.8267968064216303e-05,0.9993207023099084,7664.580919700765,3.452343455900933,587525.0104216643,83.58742349232628,0.2999461149468078,0.8138504361208008,0.7263157894736842,2.091867416609546,0.0499616343672058,-0.0126844794983389,0.0630241498351097,0.2215835563838482,0.3513629484176636,0.0362266132507916,1.5856905365712208,2.0,0.4978667402484103
"MATLAB 1-53 PM Tue, Oct 29, 2024 Run14 .csv",0,4.902515817291889,1812.088977896544,0.1870691423001112,1072.146497731243,0.0211024285203776,-0.0512861957985503,-0.0019442872988308,1.1613545834035492,0.00254,1.4112678771122575,0.0,-0.529292005325064,81.07647588308909,19.054045431621827,0.0693581324400693,9.093422247834987e-10,0.0001823980936169,0.0001327445015054,0.9993753037298938,3727.718786749393,3.831495872073908,483569.8402090831,54.09164964266667,0.2160616483000624,0.3340856588800566,0.53125,-0.0352558143624228,0.4868429956058405,-1.382703355474848,0.1279865157604217,0.2779395000139872,0.4239793884754181,0.0790670076724783,1.5254376886123833,6.0693677246822775,2528.494699525648,0.1665886530151913,1124.161301699733,0.0218548225948027,-0.0465683207327481,0.0029358656209735,1.145386906459791,0.00143,0.402320435898381,0.0,0.1238885807030149,51.79631603572137,17.355179642384826,0.0718133515071797,5.851926317864137e-11,0.0001621038941073,3.706875965746994e-05,0.9993656712722724,6164.970167902051,3.47397505517909,645850.5760597594,24.63425392429237,0.1138333259258109,0.2891690747576655,1.0,1.0865775531811646,0.0757693224621993,0.2119415766265673,0.0502843868732452,0.2330484608809153,0.3326740860939026,0.0388145990156792,1.4274888786495552,1.0,0.3102124386945363,2,0,4.902515817291889,1812.088977896544,0.1870691423001112,1072.146497731243,0.0211024285203776,-0.0512861957985503,-0.0019442872988308,1.1613545834035492,0.00254,1.4112678771122575,0.0,-0.529292005325064,81.07647588308909,19.054045431621827,0.0693581324400693,9.093422247834987e-10,0.0001823980936169,0.0001327445015054,0.9993753037298938,3727.718786749393,3.831495872073908,483569.8402090831,54.09164964266667,0.2160616483000624,0.3340856588800566,0.53125,-0.0352558143624228,0.4868429956058405,-1.382703355474848,0.1279865157604217,0.2779395000139872,0.4239793884754181,0.0790670076724783,1.5254376886123833,6.0693677246822775,2528.494699525648,0.1665886530151913,1124.161301699733,0.0218548225948027,-0.0465683207327481,0.0029358656209735,1.145386906459791,0.00143,0.402320435898381,0.0,0.1238885807030149,51.79631603572137,17.355179642384826,0.0718133515071797,5.851926317864137e-11,0.0001621038941073,3.706875965746994e-05,0.9993656712722724,6164.970167902051,3.47397505517909,645850.5760597594,24.63425392429237,0.1138333259258109,0.2891690747576655,1.0,1.0865775531811646,0.0757693224621993,0.2119415766265673,0.0502843868732452,0.2330484608809153,0.3326740860939026,0.0388145990156792,1.4274888786495552,1.0,0.3102124386945363
"MATLAB 1-54 PM Tue, Oct 29, 2024 Run15 .csv",0,5.564215288361853,2029.1234445106045,0.2450618546190734,1287.1845622983524,0.0061999999944861,-0.0285185852810748,0.0211205168626129,0.8544403562394978,0.0007,0.4098434229912521,0.0,-0.6747575489175724,80.55782287643245,18.999428636101484,0.0188966778420586,3.9449329281748105e-11,0.0001934195940438,0.0001045089797661,0.999020701691706,3406.385857925912,3.536868935666733,411509.540196268,3.5341727718502787,0.0112803853715973,0.0196291450437981,1.0,-1.0380248498327644,0.6893558936981833,-1.5000000000000004,0.0365729457139968,0.2179936770598093,0.2647340381145477,0.0331432181331505,1.2144115447986803,5.772652970067892,2421.980568380241,0.1130150671698209,1227.8776634855135,0.0083499999925807,-0.0215299098665963,0.0299891016582696,0.8385286168242896,0.0004,0.400895846514426,0.0,-0.0149174468573924,52.60679785803528,13.17678703901888,0.0252685731577512,3.639018263815582e-11,0.0002140432712586,1.4795288448717468e-05,0.9992793161377248,4668.585516664171,3.2272378260710464,517796.89238954993,3.037057234970415,0.0084281428815129,0.0239356389315941,1.0,-0.916067378533026,-0.3959784942945287,-1.500000000000001,0.0266010761260986,0.2143851832548776,0.2379029333591461,0.0221530727610894,1.109698579664942,0.0,0.7979682832260699,2,0,5.564215288361853,2029.1234445106045,0.2450618546190734,1287.1845622983524,0.0061999999944861,-0.0285185852810748,0.0211205168626129,0.8544403562394978,0.0007,0.4098434229912521,0.0,-0.6747575489175724,80.55782287643245,18.999428636101484,0.0188966778420586,3.9449329281748105e-11,0.0001934195940438,0.0001045089797661,0.999020701691706,3406.385857925912,3.536868935666733,411509.540196268,3.5341727718502787,0.0112803853715973,0.0196291450437981,1.0,-1.0380248498327644,0.6893558936981833,-1.5000000000000004,0.0365729457139968,0.2179936770598093,0.2647340381145477,0.0331432181331505,1.2144115447986803,5.772652970067892,2421.980568380241,0.1130150671698209,1227.8776634855135,0.0083499999925807,-0.0215299098665963,0.0299891016582696,0.8385286168242896,0.0004,0.400895846514426,0.0,-0.0149174468573924,52.60679785803528,13.17678703901888,0.0252685731577512,3.639018263815582e-11,0.0002140432712586,1.4795288448717468e-05,0.9992793161377248,4668.585516664171,3.2272378260710464,517796.89238954993,3.037057234970415,0.0084281428815129,0.0239356389315941,1.0,-0.916067378533026,-0.3959784942945287,-1.500000000000001,0.0266010761260986,0.2143851832548776,0.2379029333591461,0.0221530727610894,1.109698579664942,0.0,0.7979682832260699
"MATLAB 1-59 PM Tue, Oct 29, 2024 Run16 .csv",0,5.547537368796647,2114.786941742135,0.2348560011703558,1262.5422760303393,0.0073650639215752,0.0399850923482737,0.0862445377184275,0.31825904317007,0.00064,0.4027211523862243,0.0,-0.8819611479429887,104.59271722386308,20.39145819443228,0.0183210545474963,6.005459029408855e-11,0.0001585159762382,9.465836089962376e-05,0.999189702219448,4508.300882112279,4.139603209225781,539939.0743502462,23.081501502591447,0.0892164235280588,0.1579542908505541,1.0,3.948129972815528,0.3398188995627642,-0.5592194313786099,0.0301729452610015,0.2245182228088379,0.2800772047042847,0.0253000264261344,1.2474586748477496,5.936943642373537,2626.722129836289,0.1256453492232204,1172.775495274946,0.0079495708669205,0.0449652695179715,0.0938552819146001,0.302626991397612,0.00061,0.3937728995946508,0.0,0.5145706023458682,64.97303231258255,17.150680162446378,0.0197572360097081,2.5477999510248856e-11,0.0001784370601253,1.3651070560528185e-05,0.9992737088310836,5600.146674291622,3.415362432516726,661601.8562047665,16.716144068541865,0.0697195836593739,0.1961094655646262,1.0,3.0707079628960203,-0.8116260488475697,-0.4919339038258496,0.0456908822059632,0.2334059379100799,0.2670118355751038,0.0322914914484871,1.143980474386948,0.0,0.5501264755074604,2,0,5.547537368796647,2114.786941742135,0.2348560011703558,1262.5422760303393,0.0073650639215752,0.0399850923482737,0.0862445377184275,0.31825904317007,0.00064,0.4027211523862243,0.0,-0.8819611479429887,104.59271722386308,20.39145819443228,0.0183210545474963,6.005459029408855e-11,0.0001585159762382,9.465836089962376e-05,0.999189702219448,4508.300882112279,4.139603209225781,539939.0743502462,23.081501502591447,0.0892164235280588,0.1579542908505541,1.0,3.948129972815528,0.3398188995627642,-0.5592194313786099,0.0301729452610015,0.2245182228088379,0.2800772047042847,0.0253000264261344,1.2474586748477496,5.936943642373537,2626.722129836289,0.1256453492232204,1172.775495274946,0.0079495708669205,0.0449652695179715,0.0938552819146001,0.302626991397612,0.00061,0.3937728995946508,0.0,0.5145706023458682,64.97303231258255,17.150680162446378,0.0197572360097081,2.5477999510248856e-11,0.0001784370601253,1.3651070560528185e-05,0.9992737088310836,5600.146674291622,3.415362432516726,661601.8562047665,16.716144068541865,0.0697195836593739,0.1961094655646262,1.0,3.0707079628960203,-0.8116260488475697,-0.4919339038258496,0.0456908822059632,0.2334059379100799,0.2670118355751038,0.0322914914484871,1.143980474386948,0.0,0.5501264755074604
"MATLAB 12-04 PM Thu, Nov 7, 2024 Run0 .csv",0,5.633234971408024,2545.53999767628,0.289777408929829,1185.196240739115,0.0679438595277998,0.6740298493682291,0.7131073831689143,-1.3107550307421278,9.5e-05,0.3870521570551631,0.1052631578947368,2.334393341745036,251.69059878737968,34.645080672861134,0.0648370827083393,8.701201310366623e-12,0.0003667129449156,0.0040314521738401,0.9954611523522416,839.2800675726921,4.174799972082886,483667.3141270217,13.427097600002291,0.8966438937258422,0.2045226807274639,1.0,0.9176705826417731,-0.3531633661587127,-1.6186300689507465,0.0640170317888259,0.2675560315031755,0.3029065823554993,0.029883204276511,1.1321239168248922,5.834152494788426,2173.2808389957936,0.2457180015450464,1204.667893235441,0.0679766728188889,0.6786013303958607,0.7194408780477299,-1.3257717697005351,9.5e-05,0.3781024163711453,0.1052631578947368,1.316589818373717,185.6107540964575,33.884208480072594,0.0648683955905197,3.694071425113625e-12,0.0005457658179767,0.0102448870911128,0.9871552500828236,1808.7524311110385,3.463441115871929,398031.11975168926,17.65914871980288,1.503753946961785,0.0734982670347565,1.0,2.041613714039922,-0.486340602287847,-1.2995893993359693,0.0685758394002913,0.2096328138677697,0.2546050679683685,0.0393663334519079,1.214528695536024,0.0,-0.5572220717920899,2,0,5.633234971408024,2545.53999767628,0.289777408929829,1185.196240739115,0.0679438595277998,0.6740298493682291,0.7131073831689143,-1.3107550307421278,9.5e-05,0.3870521570551631,0.1052631578947368,2.334393341745036,251.69059878737968,34.645080672861134,0.0648370827083393,8.701201310366623e-12,0.0003667129449156,0.0040314521738401,0.9954611523522416,839.2800675726921,4.174799972082886,483667.3141270217,13.427097600002291,0.8966438937258422,0.2045226807274639,1.0,0.9176705826417731,-0.3531633661587127,-1.6186300689507465,0.0640170317888259,0.2675560315031755,0.3029065823554993,0.029883204276511,1.1321239168248922,5.834152494788426,2173.2808389957936,0.2457180015450464,1204.667893235441,0.0679766728188889,0.6786013303958607,0.7194408780477299,-1.3257717697005351,9.5e-05,0.3781024163711453,0.1052631578947368,1.316589818373717,185.6107540964575,33.884208480072594,0.0648683955905197,3.694071425113625e-12,0.0005457658179767,0.0102448870911128,0.9871552500828236,1808.7524311110385,3.463441115871929,398031.11975168926,17.65914871980288,1.503753946961785,0.0734982670347565,1.0,2.041613714039922,-0.486340602287847,-1.2995893993359693,0.0685758394002913,0.2096328138677697,0.2546050679683685,0.0393663334519079,1.214528695536024,0.0,-0.5572220717920899
"MATLAB 12-06 PM Thu, Nov 7, 2024 Run1 .csv",0,5.704583729082996,2535.654795270802,0.330258161207247,1194.463332082713,0.1372394527719493,0.4370755851164296,0.4489221875847869,-1.0179347870424966,0.000155,-0.6143722970658424,1.0,1.375959158863729,183.7406108701996,30.07895211007944,0.1690054322669689,1.1061082026303482e-11,0.0020917229304052,0.0036874578114457,0.993941249755788,-1407.381448312572,4.119441109114203,984933.2518379812,18.17575524643463,1.1104646899550363,0.3767061064202091,0.0,0.914901547171432,0.4996520119837327,-1.187231335261575,0.0468917858600616,0.2552633610725403,0.3059470725059509,0.0275104034131697,1.1985545877812342,5.931670903808861,2194.462273109721,0.3117171467826559,1211.9283382792182,0.1373008095763044,0.4416386998280904,0.4547941143440703,-1.0328955884723536,0.00013,-0.6233221730128097,1.0,1.3104384733484529,148.27315469184683,29.562550302036097,0.1690818585326409,4.92716995225142e-12,0.004744100798175,0.0090571926106497,0.9839573529170724,207.40650225972976,3.594201682008784,666528.9419144231,23.827395101594576,1.9463973971861048,0.4630639619525908,0.0,1.0389687823257314,-0.3947645888649379,-1.2537083171274046,0.0601698350906372,0.215115706205368,0.2571238172054291,0.0360470205399121,1.1952814684761162,0.0,-0.553465584825373,2,0,5.704583729082996,2535.654795270802,0.330258161207247,1194.463332082713,0.1372394527719493,0.4370755851164296,0.4489221875847869,-1.0179347870424966,0.000155,-0.6143722970658424,1.0,1.375959158863729,183.7406108701996,30.07895211007944,0.1690054322669689,1.1061082026303482e-11,0.0020917229304052,0.0036874578114457,0.993941249755788,-1407.381448312572,4.119441109114203,984933.2518379812,18.17575524643463,1.1104646899550363,0.3767061064202091,0.0,0.914901547171432,0.4996520119837327,-1.187231335261575,0.0468917858600616,0.2552633610725403,0.3059470725059509,0.0275104034131697,1.1985545877812342,5.931670903808861,2194.462273109721,0.3117171467826559,1211.9283382792182,0.1373008095763044,0.4416386998280904,0.4547941143440703,-1.0328955884723536,0.00013,-0.6233221730128097,1.0,1.3104384733484529,148.27315469184683,29.562550302036097,0.1690818585326409,4.92716995225142e-12,0.004744100798175,0.0090571926106497,0.9839573529170724,207.40650225972976,3.594201682008784,666528.9419144231,23.827395101594576,1.9463973971861048,0.4630639619525908,0.0,1.0389687823257314,-0.3947645888649379,-1.2537083171274046,0.0601698350906372,0.215115706205368,0.2571238172054291,0.0360470205399121,1.1952814684761162,0.0,-0.553465584825373
"MATLAB 12-14 PM Thu, Nov 7, 2024 Run2 .csv",0,5.614784529593889,2454.359436318998,0.3022765219074509,1202.416111942047,0.0058942960964242,0.1793854322588181,0.2250314045125783,-0.4966570628373199,0.000215,0.3799298864501353,0.0,1.4119998315005238,137.3181139610614,26.516953025981664,0.0105506133745539,1.973335531215693e-11,0.0006047235594236,0.0016303504464308,0.9975987578280582,-262.0356770381195,4.087427560077612,692154.9809441007,27.19899014426253,0.9730044159783748,0.428997849829168,1.0,5.903825405290066,-0.0320166141033955,-1.423800712601094,0.0684266099333762,0.2652129431565602,0.3179413306713105,0.0357741098684103,1.198815287395773,5.85364328116581,2182.041654331767,0.2460667650384538,1194.739861584424,0.0059943197551907,0.1839359150399093,0.2316070587964369,-0.5113941141529768,0.00038,0.3709794694513701,0.0,1.6459020863073373,103.62177816302894,24.2230069287148,0.0107296527262746,9.031220111130092e-12,0.0006764223233298,0.003323794217811,0.9938837985223508,1469.324361782934,3.648941893783101,461068.2145963924,34.19959372439026,1.462001470179458,0.1929146903020892,1.0,4.028389055468969,-0.2675212227701559,-1.4397220934581534,0.0665640527009964,0.2132241883542802,0.2580272257328033,0.0364506599391075,1.2101217395846342,0.0,-0.5577332987466158,2,0,5.614784529593889,2454.359436318998,0.3022765219074509,1202.416111942047,0.0058942960964242,0.1793854322588181,0.2250314045125783,-0.4966570628373199,0.000215,0.3799298864501353,0.0,1.4119998315005238,137.3181139610614,26.516953025981664,0.0105506133745539,1.973335531215693e-11,0.0006047235594236,0.0016303504464308,0.9975987578280582,-262.0356770381195,4.087427560077612,692154.9809441007,27.19899014426253,0.9730044159783748,0.428997849829168,1.0,5.903825405290066,-0.0320166141033955,-1.423800712601094,0.0684266099333762,0.2652129431565602,0.3179413306713105,0.0357741098684103,1.198815287395773,5.85364328116581,2182.041654331767,0.2460667650384538,1194.739861584424,0.0059943197551907,0.1839359150399093,0.2316070587964369,-0.5113941141529768,0.00038,0.3709794694513701,0.0,1.6459020863073373,103.62177816302894,24.2230069287148,0.0107296527262746,9.031220111130092e-12,0.0006764223233298,0.003323794217811,0.9938837985223508,1469.324361782934,3.648941893783101,461068.2145963924,34.19959372439026,1.462001470179458,0.1929146903020892,1.0,4.028389055468969,-0.2675212227701559,-1.4397220934581534,0.0665640527009964,0.2132241883542802,0.2580272257328033,0.0364506599391075,1.2101217395846342,0.0,-0.5577332987466158
"MATLAB 12-21 PM Thu, Nov 7, 2024 Run3 .csv",0,5.697376391439709,2472.265856794587,0.2983746322613317,1211.553789075104,0.0011118502313162,0.2089057595712284,0.2526850337695984,-0.6469178588251854,0.00021,0.3699587076030964,0.0,1.7421972748490453,160.5154346753563,28.63936086288706,0.0018663229489191,1.5388183725025128e-11,0.0003030994240202,0.0008673622764374,0.9986308301314424,1331.9988737364351,4.119732201521848,416407.54075180495,12.28881109868756,0.2135778187605737,0.1582111350485007,1.0,3.8844421569976766,-0.0372009323209565,-1.291221043998131,0.0833840930461883,0.2768173444972319,0.3288349211215973,0.0393940201150393,1.1879129962713937,5.793480354196829,2208.130025836805,0.1952902181276764,1159.9802434213834,0.0018227618965375,0.2135393448070632,0.2591297112090058,-0.6612633474409919,0.00025,0.3610073437636848,0.0,1.6628285408394772,111.45851549730916,23.273823844602312,0.0030590631518099,1.0429140608327598e-11,0.0002782340182057,0.0013414443741704,0.996565296238196,3581.7521619558165,3.596354375762868,323348.9431741909,15.596130073071238,0.263488797185407,0.0636346881983215,1.0,2.0098745334696333,-0.1678133113151226,-1.4517225466742183,0.0554587459564208,0.2160058028557721,0.2487065684795379,0.0257446237594659,1.151388366383843,0.0,-0.4343225616949029,2,0,5.697376391439709,2472.265856794587,0.2983746322613317,1211.553789075104,0.0011118502313162,0.2089057595712284,0.2526850337695984,-0.6469178588251854,0.00021,0.3699587076030964,0.0,1.7421972748490453,160.5154346753563,28.63936086288706,0.0018663229489191,1.5388183725025128e-11,0.0003030994240202,0.0008673622764374,0.9986308301314424,1331.9988737364351,4.119732201521848,416407.54075180495,12.28881109868756,0.2135778187605737,0.1582111350485007,1.0,3.8844421569976766,-0.0372009323209565,-1.291221043998131,0.0833840930461883,0.2768173444972319,0.3288349211215973,0.0393940201150393,1.1879129962713937,5.793480354196829,2208.130025836805,0.1952902181276764,1159.9802434213834,0.0018227618965375,0.2135393448070632,0.2591297112090058,-0.6612633474409919,0.00025,0.3610073437636848,0.0,1.6628285408394772,111.45851549730916,23.273823844602312,0.0030590631518099,1.0429140608327598e-11,0.0002782340182057,0.0013414443741704,0.996565296238196,3581.7521619558165,3.596354375762868,323348.9431741909,15.596130073071238,0.263488797185407,0.0636346881983215,1.0,2.0098745334696333,-0.1678133113151226,-1.4517225466742183,0.0554587459564208,0.2160058028557721,0.2487065684795379,0.0257446237594659,1.151388366383843,0.0,-0.4343225616949029
"MATLAB 12-25 PM Fri, Sep 6, 2024 Run0 .csv",0,5.785486945087604,2732.2210378594027,0.2205207179520062,1002.0438479612534,0.0483084374065205,-0.1957032344373439,-0.1343205533421619,2.8315733749002887,0.0044,0.3656853452400799,0.0192307692307692,-0.8323272617453195,51.9082699922381,16.84846772020625,0.2485352879969062,2.298990153126463e-11,0.0001185112246433,4.4495918512113536e-05,0.9984877224119204,6440.662333413111,3.0327716674678924,591086.6522900857,14.457604260104818,0.1030643557124238,0.2606022753424782,1.0,-0.1238649494133476,-2.44342012204029,5.711909899180322,0.0158261945843697,0.1914764809837708,0.2368382477760315,0.027886658310092,1.2369051622382046,6.138582997222975,2936.6285088635327,0.0724666986232232,1103.8372158846362,0.048387738815409,-0.1911751403062136,-0.1281605802623303,2.8173956988701327,0.00286,2.35673357561182,0.5576923076923077,0.5060044261947395,58.64528041463712,19.03065561439087,0.2489181643907828,4.116357735401759e-11,8.287990366583977e-05,3.81301716168922e-06,0.9992602131467626,12056.72507988958,3.1145739858322714,786884.8085221677,19.96672087444367,0.1374867750264582,0.3938568973909102,0.4,0.0019397383270609,-0.4975981891343415,-0.8728106573071202,0.1183060371875763,0.2924810067506936,0.4212229001522065,0.069962500836383,1.4401718075021892,0.0,0.6749739711353322,2,0,5.785486945087604,2732.2210378594027,0.2205207179520062,1002.0438479612534,0.0483084374065205,-0.1957032344373439,-0.1343205533421619,2.8315733749002887,0.0044,0.3656853452400799,0.0192307692307692,-0.8323272617453195,51.9082699922381,16.84846772020625,0.2485352879969062,2.298990153126463e-11,0.0001185112246433,4.4495918512113536e-05,0.9984877224119204,6440.662333413111,3.0327716674678924,591086.6522900857,14.457604260104818,0.1030643557124238,0.2606022753424782,1.0,-0.1238649494133476,-2.44342012204029,5.711909899180322,0.0158261945843697,0.1914764809837708,0.2368382477760315,0.027886658310092,1.2369051622382046,6.138582997222975,2936.6285088635327,0.0724666986232232,1103.8372158846362,0.048387738815409,-0.1911751403062136,-0.1281605802623303,2.8173956988701327,0.00286,2.35673357561182,0.5576923076923077,0.5060044261947395,58.64528041463712,19.03065561439087,0.2489181643907828,4.116357735401759e-11,8.287990366583977e-05,3.81301716168922e-06,0.9992602131467626,12056.72507988958,3.1145739858322714,786884.8085221677,19.96672087444367,0.1374867750264582,0.3938568973909102,0.4,0.0019397383270609,-0.4975981891343415,-0.8728106573071202,0.1183060371875763,0.2924810067506936,0.4212229001522065,0.069962500836383,1.4401718075021892,0.0,0.6749739711353322
"MATLAB 12-26 PM Thu, Nov 7, 2024 Run4 .csv",0,5.735299003756472,2467.649790672325,0.2965126128013683,1220.258636267303,0.0015070718060654,0.1171060629153246,0.1599442505828301,-0.4756408849250375,0.00019,0.3642608911190743,0.0,2.696157161475253,157.56411204164976,28.08132995540988,0.0029651527029177,1.5313770389705788e-11,0.0002551939104191,0.0006316107236657,0.9988455809663138,1922.1804466181857,4.352566655261935,475465.7145901479,13.38886706048054,0.1659298494444424,0.1662579154091102,1.0,-0.1266339848836892,-0.5475390516717042,-1.2374558351798906,0.0741321873664855,0.2919100843605242,0.3357801151275635,0.0420032517435511,1.1502861090364305,5.758670529777054,2210.776427367787,0.1812345177531417,1143.5329375991214,0.0016816456503355,0.1216103495540266,0.1660426555393893,-0.4897626234266434,0.00023,0.3553089862278646,0.0,1.2466427372722473,99.1885919556186,20.9775354755052,0.0033086254585708,1.1430219956311654e-11,0.000258885324892,0.000843088801706,0.9977108079766676,3853.871625951725,3.844766206366169,429465.7922329437,16.889536623579822,0.1771117106737391,0.0696714602910619,1.0,-0.0007051933871298,0.5613363742903207,-1.2412674430040105,0.0311200463771819,0.2069333761616757,0.2391012668609619,0.0180797611779346,1.155450470561857,0.0,-0.4882260341856351,2,0,5.735299003756472,2467.649790672325,0.2965126128013683,1220.258636267303,0.0015070718060654,0.1171060629153246,0.1599442505828301,-0.4756408849250375,0.00019,0.3642608911190743,0.0,2.696157161475253,157.56411204164976,28.08132995540988,0.0029651527029177,1.5313770389705788e-11,0.0002551939104191,0.0006316107236657,0.9988455809663138,1922.1804466181857,4.352566655261935,475465.7145901479,13.38886706048054,0.1659298494444424,0.1662579154091102,1.0,-0.1266339848836892,-0.5475390516717042,-1.2374558351798906,0.0741321873664855,0.2919100843605242,0.3357801151275635,0.0420032517435511,1.1502861090364305,5.758670529777054,2210.776427367787,0.1812345177531417,1143.5329375991214,0.0016816456503355,0.1216103495540266,0.1660426555393893,-0.4897626234266434,0.00023,0.3553089862278646,0.0,1.2466427372722473,99.1885919556186,20.9775354755052,0.0033086254585708,1.1430219956311654e-11,0.000258885324892,0.000843088801706,0.9977108079766676,3853.871625951725,3.844766206366169,429465.7922329437,16.889536623579822,0.1771117106737391,0.0696714602910619,1.0,-0.0007051933871298,0.5613363742903207,-1.2412674430040105,0.0311200463771819,0.2069333761616757,0.2391012668609619,0.0180797611779346,1.155450470561857,0.0,-0.4882260341856351
"MATLAB 12-28 PM Thu, Nov 7, 2024 Run5 .csv",0,5.806787933916547,2468.5090856964634,0.3140875125090975,1230.3655050217958,0.0013556456518569,0.0795388657669655,0.1218386631598285,-0.2971931546025761,0.000265,0.3599875287560576,0.0,2.872215256125452,139.94854980029885,27.03756278431073,0.0028604240487195,1.4830490736530895e-11,0.0004441002232764,0.0006267492846357,0.998629800311596,234.90897628785024,3.9203621839458345,734128.267644492,29.410982530682634,0.329769393933124,0.4444217145163567,1.0,2.8650589087052865,-0.649401976816722,-0.7642730499540549,0.0537886288762092,0.298110295732816,0.3430832028388977,0.0375033760561722,1.1508599593835869,5.812782589692128,2231.881099660107,0.1987248463703384,1158.4523925500946,0.0018305523939126,0.084106163213774,0.1285523637615008,-0.3111470805185319,0.00031,0.3510352180759996,0.0,1.5515109906658475,94.7459914854283,20.424363199311944,0.0038618652700147,1.1879554846495856e-11,0.0004221731761442,0.0007806715859135,0.9969696443216144,2361.518212566128,3.539715411086882,535323.9080674739,37.08441740490044,0.3269339711598204,0.1847843354921435,1.0,1.991360011470298,-0.3504102946125796,-1.5516152986774348,0.0378919157385826,0.2206865235169728,0.243958854675293,0.0190261498364001,1.1054542469899855,0.0,-0.458008321392173,2,0,5.806787933916547,2468.5090856964634,0.3140875125090975,1230.3655050217958,0.0013556456518569,0.0795388657669655,0.1218386631598285,-0.2971931546025761,0.000265,0.3599875287560576,0.0,2.872215256125452,139.94854980029885,27.03756278431073,0.0028604240487195,1.4830490736530895e-11,0.0004441002232764,0.0006267492846357,0.998629800311596,234.90897628785024,3.9203621839458345,734128.267644492,29.410982530682634,0.329769393933124,0.4444217145163567,1.0,2.8650589087052865,-0.649401976816722,-0.7642730499540549,0.0537886288762092,0.298110295732816,0.3430832028388977,0.0375033760561722,1.1508599593835869,5.812782589692128,2231.881099660107,0.1987248463703384,1158.4523925500946,0.0018305523939126,0.084106163213774,0.1285523637615008,-0.3111470805185319,0.00031,0.3510352180759996,0.0,1.5515109906658475,94.7459914854283,20.424363199311944,0.0038618652700147,1.1879554846495856e-11,0.0004221731761442,0.0007806715859135,0.9969696443216144,2361.518212566128,3.539715411086882,535323.9080674739,37.08441740490044,0.3269339711598204,0.1847843354921435,1.0,1.991360011470298,-0.3504102946125796,-1.5516152986774348,0.0378919157385826,0.2206865235169728,0.243958854675293,0.0190261498364001,1.1054542469899855,0.0,-0.458008321392173
"MATLAB 12-29 PM Fri, Sep 6, 2024 Run2 .csv",0,5.795777136564452,2716.9772531935914,0.2169141055262674,1012.299874035424,0.0247264688722671,-0.0614686576102183,-0.0202465325296193,0.5956450898617751,0.00029,0.3585630746350521,0.0333333333333333,-0.8508425559042403,86.24652508530247,18.72413384494597,0.074030579689492,1.259073419636702e-11,7.865778051441165e-05,3.965703790311978e-05,0.9984419526496436,10672.454585581643,3.541757306307382,433970.79710630106,9.218417597526503,0.0618446395605732,0.1587472651827304,1.0,0.8622898732349453,0.0196063579424584,-0.9866147622538524,0.012839195728302,0.1987523176670073,0.2128696501255035,0.008071543558846,1.0710297752710916,6.091700865714515,2950.8145080972604,0.0586908426507605,1115.1262046871627,0.024749050573085,-0.056981169568748,-0.0141444000494618,0.5817471014743694,0.00063,1.3496106286920444,0.1666666666666666,0.2908710260867096,99.74667998402823,20.97430731006526,0.0740981888742308,2.5107635167560903e-11,6.747508909923586e-05,4.271489248222088e-06,0.999418260590564,14811.662702967553,3.21650045804849,607180.3981208093,12.790199562475255,0.0886183580672765,0.2686805648787193,0.7407407407407407,0.9887150797561072,-0.7014563048969435,-0.9123910614051014,0.0858205974102019,0.3071041550636292,0.3737316262722016,0.0594739941763522,1.2169539881177047,0.0,0.3835690675520283,2,0,5.795777136564452,2716.9772531935914,0.2169141055262674,1012.299874035424,0.0247264688722671,-0.0614686576102183,-0.0202465325296193,0.5956450898617751,0.00029,0.3585630746350521,0.0333333333333333,-0.8508425559042403,86.24652508530247,18.72413384494597,0.074030579689492,1.259073419636702e-11,7.865778051441165e-05,3.965703790311978e-05,0.9984419526496436,10672.454585581643,3.541757306307382,433970.79710630106,9.218417597526503,0.0618446395605732,0.1587472651827304,1.0,0.8622898732349453,0.0196063579424584,-0.9866147622538524,0.012839195728302,0.1987523176670073,0.2128696501255035,0.008071543558846,1.0710297752710916,6.091700865714515,2950.8145080972604,0.0586908426507605,1115.1262046871627,0.024749050573085,-0.056981169568748,-0.0141444000494618,0.5817471014743694,0.00063,1.3496106286920444,0.1666666666666666,0.2908710260867096,99.74667998402823,20.97430731006526,0.0740981888742308,2.5107635167560903e-11,6.747508909923586e-05,4.271489248222088e-06,0.999418260590564,14811.662702967553,3.21650045804849,607180.3981208093,12.790199562475255,0.0886183580672765,0.2686805648787193,0.7407407407407407,0.9887150797561072,-0.7014563048969435,-0.9123910614051014,0.0858205974102019,0.3071041550636292,0.3737316262722016,0.0594739941763522,1.2169539881177047,0.0,0.3835690675520283
"MATLAB 12-29 PM Fri, Sep 6, 2024 Run3 .csv",0,5.827929995443653,2703.90370478398,0.2221897183090064,1026.2420980446077,0.0079542317456102,-0.1336297486626678,-0.0929317282815445,1.3884718340756996,0.00037,0.3571386205140465,0.0,-0.82259450797807,69.02146259160165,16.7470776820432,0.0302532431665032,1.8191676776401183e-11,7.279933883676815e-05,4.3282194174809386e-05,0.998823990406639,11691.908047672265,3.2725136404424884,455750.8217320698,12.121474198682758,0.0800647385232084,0.2029434807282398,1.0,1.859520837764604,-0.5850595885076192,0.7546600628621425,0.0092446771264076,0.206158356886161,0.22271204829216,0.0071252444040679,1.080295999910107,6.091336450186704,2952.534234053535,0.0570875725058893,1118.003065292533,0.0079190821792387,-0.1291734872975087,-0.0865411639238984,1.374629783216844,0.00096,1.3481860393080891,0.0789473684210526,-0.1974712341191155,71.47749631731104,18.98523163712317,0.030122651241497,4.2125993089227366e-11,6.10197663258788e-05,4.151135931899622e-06,0.9995431340507338,16380.645063644277,3.151055802330679,669997.0912398531,16.98046042656373,0.1174010505930182,0.3555138473179917,0.8157894736842105,1.9860701480419165,-0.1674324620590211,-1.1938513863505742,0.095639382302761,0.28639651590272,0.391021683216095,0.0615891189861342,1.365315782503838,0.0,0.3741911799517657,2,0,5.827929995443653,2703.90370478398,0.2221897183090064,1026.2420980446077,0.0079542317456102,-0.1336297486626678,-0.0929317282815445,1.3884718340756996,0.00037,0.3571386205140465,0.0,-0.82259450797807,69.02146259160165,16.7470776820432,0.0302532431665032,1.8191676776401183e-11,7.279933883676815e-05,4.3282194174809386e-05,0.998823990406639,11691.908047672265,3.2725136404424884,455750.8217320698,12.121474198682758,0.0800647385232084,0.2029434807282398,1.0,1.859520837764604,-0.5850595885076192,0.7546600628621425,0.0092446771264076,0.206158356886161,0.22271204829216,0.0071252444040679,1.080295999910107,6.091336450186704,2952.534234053535,0.0570875725058893,1118.003065292533,0.0079190821792387,-0.1291734872975087,-0.0865411639238984,1.374629783216844,0.00096,1.3481860393080891,0.0789473684210526,-0.1974712341191155,71.47749631731104,18.98523163712317,0.030122651241497,4.2125993089227366e-11,6.10197663258788e-05,4.151135931899622e-06,0.9995431340507338,16380.645063644277,3.151055802330679,669997.0912398531,16.98046042656373,0.1174010505930182,0.3555138473179917,0.8157894736842105,1.9860701480419165,-0.1674324620590211,-1.1938513863505742,0.095639382302761,0.28639651590272,0.391021683216095,0.0615891189861342,1.365315782503838,0.0,0.3741911799517657
"MATLAB 12-47 PM Thu, Nov 7, 2024 Run6 .csv",0,5.899154286286931,2528.130251774044,0.2966746370067183,1277.947955629359,0.0008475163847737,-0.0392296354537903,-0.0008800572595776,0.166379471230222,0.0003,0.332922900456952,0.0,3.647505768483824,126.69976200533875,25.526468141877164,0.002256017571065,1.2926960779051628e-11,0.0002455309865187,0.0002815503524355,0.9990208180570956,1916.5897375581017,3.945590696491009,454381.7023419276,14.788310925636411,0.1064001441320268,0.1851065719300963,1.0,1.8124472347688,-0.3762773960542808,-1.2535520995266265,0.0588886141777038,0.2902083404417391,0.3348458647727966,0.0365450614620835,1.1538119967989642,5.621279368852726,2318.2223461105405,0.1421375748047781,1119.5393922866958,0.000997489451218,-0.0348831257151918,0.0051638490608401,0.1534883583567174,0.00028,0.3239680197808537,0.0,1.9429882609027207,63.16757391240516,17.392466646413105,0.0026556955215318,1.8131206009991125e-11,0.0003116201588372,0.0002263161396801,0.998446460621549,3204.0496492489947,3.154433697857512,477089.6884725351,17.52968741305133,0.0899712999993594,0.0957614974214731,1.0,3.941106308900674,0.0138890190652595,-0.8630069906319866,0.0149695307016372,0.212509876401336,0.2320744705200195,0.0104239094573623,1.0920643993116568,0.0,-0.7813808611647152,2,0,5.899154286286931,2528.130251774044,0.2966746370067183,1277.947955629359,0.0008475163847737,-0.0392296354537903,-0.0008800572595776,0.166379471230222,0.0003,0.332922900456952,0.0,3.647505768483824,126.69976200533875,25.526468141877164,0.002256017571065,1.2926960779051628e-11,0.0002455309865187,0.0002815503524355,0.9990208180570956,1916.5897375581017,3.945590696491009,454381.7023419276,14.788310925636411,0.1064001441320268,0.1851065719300963,1.0,1.8124472347688,-0.3762773960542808,-1.2535520995266265,0.0588886141777038,0.2902083404417391,0.3348458647727966,0.0365450614620835,1.1538119967989642,5.621279368852726,2318.2223461105405,0.1421375748047781,1119.5393922866958,0.000997489451218,-0.0348831257151918,0.0051638490608401,0.1534883583567174,0.00028,0.3239680197808537,0.0,1.9429882609027207,63.16757391240516,17.392466646413105,0.0026556955215318,1.8131206009991125e-11,0.0003116201588372,0.0002263161396801,0.998446460621549,3204.0496492489947,3.154433697857512,477089.6884725351,17.52968741305133,0.0899712999993594,0.0957614974214731,1.0,3.941106308900674,0.0138890190652595,-0.8630069906319866,0.0149695307016372,0.212509876401336,0.2320744705200195,0.0104239094573623,1.0920643993116568,0.0,-0.7813808611647152
"MATLAB 12-54 PM Fri, Jun 28, 2024 Run7 .csv",0,5.16088983664613,1767.1661101613672,0.177816929381863,819.2116984942593,0.0723922326564192,-0.168510795751744,-0.1450208404044533,1.4376674462140713,0.00211,0.3272250839729298,0.1,0.3429284310616122,28.399699664687983,11.225531058918298,0.2887544951264895,2.2185228827515347e-12,0.0021331902046413,0.1474241993865237,0.8503738466169692,-1782.741775792171,4.22078665319286,249313.7940927861,5.998589939992045,16.525461205536967,0.4400605329237172,1.0,-1.1986289071125655,-1.6022260876770191,2.205166088180845,0.0053401339054108,0.0839883519113063,0.0938169836997986,0.0075414437477047,1.1170237487082912,4.840243686611644,1581.265866527391,-0.0274259912815925,704.6307016519332,0.0665255648202927,-0.1575181966270719,-0.1386732065621916,1.324999083356249,0.00255,0.3182696622450336,0.0,0.429339928606724,40.55813645173165,11.481094755960523,0.2585498814020591,6.310180932521249e-11,0.0006617656677765,0.0889327078957559,0.910353855754172,1375.6438269348153,4.01409559598853,203313.156636515,25.839666312290905,34.40070893763747,0.3161808335226306,1.0,-1.069473417956089,-0.8300376533715942,0.095803415846043,0.019456695318222,0.1664434407613216,0.19297602891922,0.0155276158346014,1.1594090343034056,2.0,0.3715522386802022,2,0,5.16088983664613,1767.1661101613672,0.177816929381863,819.2116984942593,0.0723922326564192,-0.168510795751744,-0.1450208404044533,1.4376674462140713,0.00211,0.3272250839729298,0.1,0.3429284310616122,28.399699664687983,11.225531058918298,0.2887544951264895,2.2185228827515347e-12,0.0021331902046413,0.1474241993865237,0.8503738466169692,-1782.741775792171,4.22078665319286,249313.7940927861,5.998589939992045,16.525461205536967,0.4400605329237172,1.0,-1.1986289071125655,-1.6022260876770191,2.205166088180845,0.0053401339054108,0.0839883519113063,0.0938169836997986,0.0075414437477047,1.1170237487082912,4.840243686611644,1581.265866527391,-0.0274259912815925,704.6307016519332,0.0665255648202927,-0.1575181966270719,-0.1386732065621916,1.324999083356249,0.00255,0.3182696622450336,0.0,0.429339928606724,40.55813645173165,11.481094755960523,0.2585498814020591,6.310180932521249e-11,0.0006617656677765,0.0889327078957559,0.910353855754172,1375.6438269348153,4.01409559598853,203313.156636515,25.839666312290905,34.40070893763747,0.3161808335226306,1.0,-1.069473417956089,-0.8300376533715942,0.095803415846043,0.019456695318222,0.1664434407613216,0.19297602891922,0.0155276158346014,1.1594090343034056,2.0,0.3715522386802022
"MATLAB 12-54 PM Thu, Nov 7, 2024 Run7 .csv",0,5.869557991825364,2465.2865727818844,0.285761172957808,1319.3281242627668,0.0008652002238134,-0.0719951885043905,-0.0345560363179783,0.4305061895546949,0.0003,0.3258006298519242,0.0,2.6735787626682246,101.11670851898228,23.23803084324533,0.0024840661055965,1.3023044314531756e-11,0.0002131219653991,0.0002295692242619,0.9990446480169932,2498.996674811654,2.963604117978609,459600.7376529009,8.68097245770123,0.0503013765150701,0.0915564966082397,1.0,0.7986020574170931,0.0083401856498451,-1.0340562509973512,0.0454354733228684,0.261878641764323,0.3143231987953186,0.0284017399246232,1.200262826619488,5.529402304699866,2287.254751909458,0.1199145477310711,1163.7041014097051,0.0007337352015706,-0.0676900066826453,-0.0287199705970294,0.4178947643239405,0.00028,0.3168450728610785,0.0,1.577152018864144,59.27669176194254,16.256381865405437,0.002107136990991,1.899127995434728e-11,0.0002800095243098,0.0001586519286186,0.9984556925567872,3565.791895892779,2.53772499555264,409900.449399362,10.267595020956245,0.0415996531364907,0.0508058599961892,1.0,-0.0721183496702797,0.3694601954287114,-0.6509718091932597,0.0084407013654708,0.2095857237180073,0.2216505753993988,0.0056425210610576,1.0575652361590449,0.0,-0.5875198754205649,2,0,5.869557991825364,2465.2865727818844,0.285761172957808,1319.3281242627668,0.0008652002238134,-0.0719951885043905,-0.0345560363179783,0.4305061895546949,0.0003,0.3258006298519242,0.0,2.6735787626682246,101.11670851898228,23.23803084324533,0.0024840661055965,1.3023044314531756e-11,0.0002131219653991,0.0002295692242619,0.9990446480169932,2498.996674811654,2.963604117978609,459600.7376529009,8.68097245770123,0.0503013765150701,0.0915564966082397,1.0,0.7986020574170931,0.0083401856498451,-1.0340562509973512,0.0454354733228684,0.261878641764323,0.3143231987953186,0.0284017399246232,1.200262826619488,5.529402304699866,2287.254751909458,0.1199145477310711,1163.7041014097051,0.0007337352015706,-0.0676900066826453,-0.0287199705970294,0.4178947643239405,0.00028,0.3168450728610785,0.0,1.577152018864144,59.27669176194254,16.256381865405437,0.002107136990991,1.899127995434728e-11,0.0002800095243098,0.0001586519286186,0.9984556925567872,3565.791895892779,2.53772499555264,409900.449399362,10.267595020956245,0.0415996531364907,0.0508058599961892,1.0,-0.0721183496702797,0.3694601954287114,-0.6509718091932597,0.0084407013654708,0.2095857237180073,0.2216505753993988,0.0056425210610576,1.0575652361590449,0.0,-0.5875198754205649
"MATLAB 2-02 PM Tue, Oct 29, 2024 Run17 .csv",0,5.655419155609541,2145.87485406047,0.2699041108497911,1283.1040402640926,0.009571127928334,0.0204790245684503,0.0515864179758187,-0.4628991477575104,0.00043,0.307282726278852,0.0,-1.1126268497516336,110.68075482529468,22.47989703026896,0.0210444812126721,3.168328311837472e-11,0.0014907767205381,0.0001176259775226,0.9979674213245202,-1613.990064316884,3.478990428651341,815564.5217380417,39.30080651133743,0.1969910304262077,0.8950737163226411,1.0,2.762604596302655,0.0640964692812865,-0.7279663995806911,0.0263890385627746,0.2110280629992485,0.2449155938625336,0.0164679585005216,1.1605830541287097,5.86420994873774,2560.6807413668307,0.1344280310460157,1191.0847597941645,0.0105262955808338,0.0246688136070526,0.0579720981402481,-0.4747833851171132,0.00034,0.298325410869663,0.0,0.043928001718322,72.16546000736304,18.05202267495656,0.023152110728618,2.255973642291843e-11,0.0015390855956001,2.245873071540685e-05,0.9980686013412357,648.481542673431,3.0970822735740766,967643.146004664,32.11005198346928,0.1401977423049506,0.584564680056725,1.0,3.893497538045241,0.1247920750195806,-1.4786539669388088,0.0629023888707161,0.2179973521828651,0.2656072473526001,0.031784640940677,1.2183966671751036,1.0,0.2808754363702641,2,0,5.655419155609541,2145.87485406047,0.2699041108497911,1283.1040402640926,0.009571127928334,0.0204790245684503,0.0515864179758187,-0.4628991477575104,0.00043,0.307282726278852,0.0,-1.1126268497516336,110.68075482529468,22.47989703026896,0.0210444812126721,3.168328311837472e-11,0.0014907767205381,0.0001176259775226,0.9979674213245202,-1613.990064316884,3.478990428651341,815564.5217380417,39.30080651133743,0.1969910304262077,0.8950737163226411,1.0,2.762604596302655,0.0640964692812865,-0.7279663995806911,0.0263890385627746,0.2110280629992485,0.2449155938625336,0.0164679585005216,1.1605830541287097,5.86420994873774,2560.6807413668307,0.1344280310460157,1191.0847597941645,0.0105262955808338,0.0246688136070526,0.0579720981402481,-0.4747833851171132,0.00034,0.298325410869663,0.0,0.043928001718322,72.16546000736304,18.05202267495656,0.023152110728618,2.255973642291843e-11,0.0015390855956001,2.245873071540685e-05,0.9980686013412357,648.481542673431,3.0970822735740766,967643.146004664,32.11005198346928,0.1401977423049506,0.584564680056725,1.0,3.893497538045241,0.1247920750195806,-1.4786539669388088,0.0629023888707161,0.2179973521828651,0.2656072473526001,0.031784640940677,1.2183966671751036,1.0,0.2808754363702641
"MATLAB 2-03 PM Thu, Oct 24, 2024 Run1 .csv",0,5.869338087854204,2823.269576607613,0.3528520555564776,1136.0180320343231,0.0033576185905083,-0.2967699257398,-0.2611987775619074,4.529944600232495,0.00155,0.3058582721578464,0.0,0.7524926695453762,37.48656572192233,13.44113515173637,0.0242191325445391,2.184835509879543e-12,0.0015218948771327,0.0076467984294093,0.990506813406998,-1639.8683570029796,4.620153497407537,723920.0890948593,13.321339186205051,1.5890375950139324,0.4666912580427277,1.0,3.7598355608323137,-0.0843338457322108,-1.602542066320037,0.0363446840643883,0.1158562893999947,0.1434183526039123,0.0178157101017064,1.2378987221725992,6.123406726467122,2644.544982082599,0.3000131587401715,1164.345873186067,0.0032011636563909,-0.2924378247227285,-0.2553246655206271,4.5181163004014415,0.001025,0.2969008214857079,0.0,0.1249392698934928,32.097299289938576,14.037070333852707,0.0230905937648971,1.3904425667956109e-12,0.0022364469734534,0.0147932959130897,0.9785314679247856,437.53841675655286,4.18176829860142,531045.7942295626,17.219893567006707,2.5715391401256382,0.2291901417492677,1.0,1.89085260633105,-0.6419302104765915,-0.6864368501900158,0.0281071853637695,0.1190230962882439,0.1459191107749939,0.0188974741207248,1.2259730701477858,1.0,-0.2238943422414745,2,0,5.869338087854204,2823.269576607613,0.3528520555564776,1136.0180320343231,0.0033576185905083,-0.2967699257398,-0.2611987775619074,4.529944600232495,0.00155,0.3058582721578464,0.0,0.7524926695453762,37.48656572192233,13.44113515173637,0.0242191325445391,2.184835509879543e-12,0.0015218948771327,0.0076467984294093,0.990506813406998,-1639.8683570029796,4.620153497407537,723920.0890948593,13.321339186205051,1.5890375950139324,0.4666912580427277,1.0,3.7598355608323137,-0.0843338457322108,-1.602542066320037,0.0363446840643883,0.1158562893999947,0.1434183526039123,0.0178157101017064,1.2378987221725992,6.123406726467122,2644.544982082599,0.3000131587401715,1164.345873186067,0.0032011636563909,-0.2924378247227285,-0.2553246655206271,4.5181163004014415,0.001025,0.2969008214857079,0.0,0.1249392698934928,32.097299289938576,14.037070333852707,0.0230905937648971,1.3904425667956109e-12,0.0022364469734534,0.0147932959130897,0.9785314679247856,437.53841675655286,4.18176829860142,531045.7942295626,17.219893567006707,2.5715391401256382,0.2291901417492677,1.0,1.89085260633105,-0.6419302104765915,-0.6864368501900158,0.0281071853637695,0.1190230962882439,0.1459191107749939,0.0188974741207248,1.2259730701477858,1.0,-0.2238943422414745
"MATLAB 2-08 PM Thu, Oct 24, 2024 Run2 .csv",0,5.8047247756514295,2568.8589467485763,0.3129041978196363,1235.3581247603129,0.1074009413449354,-0.1701849377119646,-0.2046655399698125,1.2656773280403733,0.0003,-0.7069618149312036,1.0,-0.0935981556722611,61.6556664007434,14.32266900897511,0.3906435794377825,2.7143146029875068e-12,0.0003238407088772,0.0025531277643488,0.9968667737886492,721.961497615544,4.403414586304091,509826.62656055,1.0448457333056749,0.048711915364678,0.0141526799241665,0.0,-1.265085758400759,0.1784894873329839,-0.9994214103794424,0.0048126101493835,0.1351447111368179,0.1440865921974182,0.0060811997351691,1.0661652312205374,5.914637890897433,2334.2950710853,0.2446498971384051,1291.16659764621,0.1086566149807511,-0.1660239668718809,-0.1994955410061831,1.2543524659662708,0.0004,-0.7159204829698874,1.0,0.0692530053856185,63.59352948266587,16.78506737436129,0.3954025293923673,2.6425031529356413e-12,0.0004098823904941,0.0041501937971593,0.9936147599962548,2424.146006366273,4.061476840056603,339801.8934566306,1.554271996538121,0.0765353483788735,0.0071114668543816,0.0,-1.1329517790966668,-0.0046632577036212,-1.992339442134845,0.0479134213924408,0.1406991314888,0.1655981242656708,0.0244569420260511,1.176966215167098,0.0,-0.6928713184499852,2,0,5.8047247756514295,2568.8589467485763,0.3129041978196363,1235.3581247603129,0.1074009413449354,-0.1701849377119646,-0.2046655399698125,1.2656773280403733,0.0003,-0.7069618149312036,1.0,-0.0935981556722611,61.6556664007434,14.32266900897511,0.3906435794377825,2.7143146029875068e-12,0.0003238407088772,0.0025531277643488,0.9968667737886492,721.961497615544,4.403414586304091,509826.62656055,1.0448457333056749,0.048711915364678,0.0141526799241665,0.0,-1.265085758400759,0.1784894873329839,-0.9994214103794424,0.0048126101493835,0.1351447111368179,0.1440865921974182,0.0060811997351691,1.0661652312205374,5.914637890897433,2334.2950710853,0.2446498971384051,1291.16659764621,0.1086566149807511,-0.1660239668718809,-0.1994955410061831,1.2543524659662708,0.0004,-0.7159204829698874,1.0,0.0692530053856185,63.59352948266587,16.78506737436129,0.3954025293923673,2.6425031529356413e-12,0.0004098823904941,0.0041501937971593,0.9936147599962548,2424.146006366273,4.061476840056603,339801.8934566306,1.554271996538121,0.0765353483788735,0.0071114668543816,0.0,-1.1329517790966668,-0.0046632577036212,-1.992339442134845,0.0479134213924408,0.1406991314888,0.1655981242656708,0.0244569420260511,1.176966215167098,0.0,-0.6928713184499852
"MATLAB 2-09 PM Tue, Oct 22, 2024 Run3 .csv",0,5.107882720283426,1931.3672158088689,0.2255164828588305,1365.8887808485915,0.0013331216130328,-0.3902902978734352,-0.3580359314691066,14.817640009373054,0.0028666666666666,2.2901892768267853,0.0,0.2492811716048383,7.636304770666625,8.199651610368965,0.0233936383133376,4.754791568571228e-12,0.0003395982082447,0.0010405367977001,0.9984662174004167,569.2619670180939,4.235907523169045,533476.7880330691,245.7518581111327,4.861989451472989,0.7288039096686642,0.0112002036400661,-0.2706238293414418,0.0199707635009673,-1.2314798251607575,0.0282266974449157,0.1168777604030702,0.1458118069171905,0.0158599194962393,1.247558187411676,4.170336376401265,1380.8259142255508,0.0437789809327566,1266.2534918777462,0.0045612773466277,-0.38567751057896,-0.3522890687453678,14.706426688932735,0.0049466666666666,2.2812303382622026,0.0,0.3361444347728642,2.666123886191535,6.84200293763552,0.0795848544751245,4.471662117156666e-12,0.000446403458294,0.0015392061795179,0.9962540781570376,2231.7346777830494,3.77449119013937,507752.3131672092,423.72911894318105,8.520669311636308,0.3342014016066163,0.0109037146553317,-0.1382416425250481,0.1497129277264285,-0.9822589135087356,0.0251836371421813,0.0918068707876532,0.1248759889602661,0.0151998910310441,1.360203085987984,3.0,-0.2094690831803169,2,0,5.107882720283426,1931.3672158088689,0.2255164828588305,1365.8887808485915,0.0013331216130328,-0.3902902978734352,-0.3580359314691066,14.817640009373054,0.0028666666666666,2.2901892768267853,0.0,0.2492811716048383,7.636304770666625,8.199651610368965,0.0233936383133376,4.754791568571228e-12,0.0003395982082447,0.0010405367977001,0.9984662174004167,569.2619670180939,4.235907523169045,533476.7880330691,245.7518581111327,4.861989451472989,0.7288039096686642,0.0112002036400661,-0.2706238293414418,0.0199707635009673,-1.2314798251607575,0.0282266974449157,0.1168777604030702,0.1458118069171905,0.0158599194962393,1.247558187411676,4.170336376401265,1380.8259142255508,0.0437789809327566,1266.2534918777462,0.0045612773466277,-0.38567751057896,-0.3522890687453678,14.706426688932735,0.0049466666666666,2.2812303382622026,0.0,0.3361444347728642,2.666123886191535,6.84200293763552,0.0795848544751245,4.471662117156666e-12,0.000446403458294,0.0015392061795179,0.9962540781570376,2231.7346777830494,3.77449119013937,507752.3131672092,423.72911894318105,8.520669311636308,0.3342014016066163,0.0109037146553317,-0.1382416425250481,0.1497129277264285,-0.9822589135087356,0.0251836371421813,0.0918068707876532,0.1248759889602661,0.0151998910310441,1.360203085987984,3.0,-0.2094690831803169
"MATLAB 2-10 PM Thu, Oct 24, 2024 Run3 .csv",0,5.720020408993147,2383.355952373687,0.3026893563098918,1294.8031516507792,0.0527472490781676,-0.2220322548615919,-0.2035211274232337,1.6438215204241895,0.00048,0.2887648227057797,0.0,0.6310865886369122,51.58628642142003,15.483298821634856,0.2330609812367713,4.774690000725492e-12,0.0003708140865381,0.0020421993571089,0.9974605547531104,311.7546909141179,4.5136492529938135,242386.0513583524,8.255772594672774,0.253370188812093,0.082134621656766,1.0,0.7266071351882166,-0.1095279676741693,-1.6815046985268258,0.0276341167092323,0.1538169842958449,0.1739260601997375,0.0146865552127089,1.1307337807716709,5.750844532432335,2191.375192587629,0.2290595443248986,1358.8166318752212,0.0524646720105679,-0.2177505496362179,-0.1977858328189881,1.6326644709357376,0.00046,0.2798057488782475,0.0,0.7821767765500816,50.45206261429264,17.25989258617965,0.2318124291359373,4.6506124355293495e-12,0.0004141649733465,0.0032258355358067,0.993636529266374,2399.1322135179007,3.8755620142427336,258395.92226470067,12.147483351037913,0.3833017144543478,0.0418939636540149,1.0,-1.140886574239239,-0.21528447916551,-1.5781543795360182,0.0496614462137222,0.1628190594911575,0.1939128494262695,0.0251940593795989,1.1909714380631258,1.0,0.1578214207815982,2,0,5.720020408993147,2383.355952373687,0.3026893563098918,1294.8031516507792,0.0527472490781676,-0.2220322548615919,-0.2035211274232337,1.6438215204241895,0.00048,0.2887648227057797,0.0,0.6310865886369122,51.58628642142003,15.483298821634856,0.2330609812367713,4.774690000725492e-12,0.0003708140865381,0.0020421993571089,0.9974605547531104,311.7546909141179,4.5136492529938135,242386.0513583524,8.255772594672774,0.253370188812093,0.082134621656766,1.0,0.7266071351882166,-0.1095279676741693,-1.6815046985268258,0.0276341167092323,0.1538169842958449,0.1739260601997375,0.0146865552127089,1.1307337807716709,5.750844532432335,2191.375192587629,0.2290595443248986,1358.8166318752212,0.0524646720105679,-0.2177505496362179,-0.1977858328189881,1.6326644709357376,0.00046,0.2798057488782475,0.0,0.7821767765500816,50.45206261429264,17.25989258617965,0.2318124291359373,4.6506124355293495e-12,0.0004141649733465,0.0032258355358067,0.993636529266374,2399.1322135179007,3.8755620142427336,258395.92226470067,12.147483351037913,0.3833017144543478,0.0418939636540149,1.0,-1.140886574239239,-0.21528447916551,-1.5781543795360182,0.0496614462137222,0.1628190594911575,0.1939128494262695,0.0251940593795989,1.1909714380631258,1.0,0.1578214207815982
"MATLAB 2-11 PM Tue, Oct 22, 2024 Run4 .csv",0,5.40709291028811,2149.9621699300264,0.2489825292911821,1336.2178230673962,0.0005040112739018,-0.389951178526735,-0.3581915189211234,13.829703022955098,0.0022,2.285915914463769,0.0,0.3847624547531564,10.111019823364735,8.269523113922272,0.0083220419025685,4.513248587207774e-12,0.0002320910398039,0.0009513288915109,0.9986431424317368,1910.064973462443,4.129557006177679,545668.1391749623,26.900366195279027,0.43054348556562,0.1212611235647896,0.1728395061728395,-1.278930935752466,-0.2778628266078627,-1.4712848838800674,0.0271594417095184,0.1194014794424355,0.1380621552467346,0.0141694568677676,1.156285130564865,4.812557105888871,1658.6305069852945,0.0982173776287008,1321.7146726106364,0.0002039321951195,-0.3856778725999768,-0.352679360557511,13.818657848523744,0.00254,2.2769565701103374,0.0,0.5402363879263868,3.962790067351104,7.622567244377842,0.0033672506170924,2.429605279534541e-12,0.0003292187343097,0.0015096255853923,0.995894230677998,3025.022961606622,3.6711826974215,423760.032276027,43.63723704050856,0.6975282386356582,0.0553634247940759,0.1728395061728395,-1.1461764376676205,-0.4295431085590254,-1.019015583293185,0.0259974116086959,0.0992294689402522,0.1234707581996917,0.0163618707013163,1.2442952634769775,1.0,-0.5901969546334134,2,0,5.40709291028811,2149.9621699300264,0.2489825292911821,1336.2178230673962,0.0005040112739018,-0.389951178526735,-0.3581915189211234,13.829703022955098,0.0022,2.285915914463769,0.0,0.3847624547531564,10.111019823364735,8.269523113922272,0.0083220419025685,4.513248587207774e-12,0.0002320910398039,0.0009513288915109,0.9986431424317368,1910.064973462443,4.129557006177679,545668.1391749623,26.900366195279027,0.43054348556562,0.1212611235647896,0.1728395061728395,-1.278930935752466,-0.2778628266078627,-1.4712848838800674,0.0271594417095184,0.1194014794424355,0.1380621552467346,0.0141694568677676,1.156285130564865,4.812557105888871,1658.6305069852945,0.0982173776287008,1321.7146726106364,0.0002039321951195,-0.3856778725999768,-0.352679360557511,13.818657848523744,0.00254,2.2769565701103374,0.0,0.5402363879263868,3.962790067351104,7.622567244377842,0.0033672506170924,2.429605279534541e-12,0.0003292187343097,0.0015096255853923,0.995894230677998,3025.022961606622,3.6711826974215,423760.032276027,43.63723704050856,0.6975282386356582,0.0553634247940759,0.1728395061728395,-1.1461764376676205,-0.4295431085590254,-1.019015583293185,0.0259974116086959,0.0992294689402522,0.1234707581996917,0.0163618707013163,1.2442952634769775,1.0,-0.5901969546334134
"MATLAB 2-13 PM Thu, Oct 31, 2024 Run7 .csv",0,5.693990716356767,2522.7005068568697,0.2147835653450098,1367.02532710365,0.0111901901903537,-0.3878695361627823,-0.3595174980072943,12.194214769542857,0.00235,2.278793643858741,0.0333333333333333,-0.4737042761025545,14.87430728020182,12.434664393009491,0.1644615425743917,2.1279342918350438e-11,5.244030009359948e-05,3.925253402650797e-05,0.998341827061143,16608.49882662441,4.499007667650253,338086.98592231027,5.388255406513214,0.0240934921602982,0.0530865761107451,0.1358024691358024,-1.292776113104173,4.43944234703983,20.036359514609977,0.0082175800204276,0.1125292344093322,0.2086905825138092,0.018762642413002,1.8545454753089663,6.004796354580255,2996.6226388071977,0.0769823407857396,1119.7601675229762,0.0122496620728641,-0.3835068836550759,-0.3543631802430785,12.183449282754257,0.00335,2.2698336231905625,0.0,0.2348978785995231,10.661904019871043,8.525429062791519,0.1797410445394738,1.2911662694790962e-11,7.750084117393286e-05,4.161227405281453e-06,0.9981906651546036,12879.739755525923,4.883745881421698,405373.3973671374,3.449796911372664,0.0222722252754181,0.0762050543713021,0.1612903225806451,-1.159401096238574,0.9156703675307704,1.768993249098246,0.0174384832382201,0.1152189630270003,0.1604006338119507,0.0138038926417539,1.3921374537484985,1.0,0.5909843959909761,2,0,5.693990716356767,2522.7005068568697,0.2147835653450098,1367.02532710365,0.0111901901903537,-0.3878695361627823,-0.3595174980072943,12.194214769542857,0.00235,2.278793643858741,0.0333333333333333,-0.4737042761025545,14.87430728020182,12.434664393009491,0.1644615425743917,2.1279342918350438e-11,5.244030009359948e-05,3.925253402650797e-05,0.998341827061143,16608.49882662441,4.499007667650253,338086.98592231027,5.388255406513214,0.0240934921602982,0.0530865761107451,0.1358024691358024,-1.292776113104173,4.43944234703983,20.036359514609977,0.0082175800204276,0.1125292344093322,0.2086905825138092,0.018762642413002,1.8545454753089663,6.004796354580255,2996.6226388071977,0.0769823407857396,1119.7601675229762,0.0122496620728641,-0.3835068836550759,-0.3543631802430785,12.183449282754257,0.00335,2.2698336231905625,0.0,0.2348978785995231,10.661904019871043,8.525429062791519,0.1797410445394738,1.2911662694790962e-11,7.750084117393286e-05,4.161227405281453e-06,0.9981906651546036,12879.739755525923,4.883745881421698,405373.3973671374,3.449796911372664,0.0222722252754181,0.0762050543713021,0.1612903225806451,-1.159401096238574,0.9156703675307704,1.768993249098246,0.0174384832382201,0.1152189630270003,0.1604006338119507,0.0138038926417539,1.3921374537484985,1.0,0.5909843959909761
"MATLAB 2-14 PM Tue, Oct 22, 2024 Run5 .csv",0,5.642366668346494,2378.9338591328724,0.2736376748901828,1250.3943287904117,0.0006816512573715,-0.3975381943886986,-0.3672878896353472,14.180802390681896,0.0026,2.2759447356167297,0.0,0.5514179318402405,13.406740178865892,9.0382496020527,0.0112611462339784,4.871714522818848e-12,0.0001321210484759,0.0008653541442494,0.998750801881478,5115.600594923191,4.30626347531559,517946.4393501363,3.028505691595468,0.0487451242989726,0.025287710282162,0.125,-1.2983141840448558,-0.1341545235682092,-1.0678414340820803,0.0237694108486175,0.1213264952687655,0.1461247229576111,0.0166323205830768,1.2043925165225602,5.688138769757296,2123.032328522576,0.1857301888104846,1296.573368396591,0.0007791973026286,-0.3932942860070966,-0.3618567081112622,14.170148778950397,0.0026,2.2669844444226523,0.0,0.680689891107435,6.92473244549133,7.600445386895607,0.0128726451761535,2.252721322476783e-12,0.0002030220358437,0.0015305228106736,0.9953987544433788,4902.909924562953,3.9949528239886303,561021.9234408127,4.074470323277429,0.0696739820434779,0.0125429175966325,0.125,-1.1646909596669557,-0.5018877488372478,-1.1628670721462449,0.0198152315616607,0.0943479091279646,0.108619133234024,0.0123462847571025,1.1512616891880791,0.0,-0.7374951825299614,2,0,5.642366668346494,2378.9338591328724,0.2736376748901828,1250.3943287904117,0.0006816512573715,-0.3975381943886986,-0.3672878896353472,14.180802390681896,0.0026,2.2759447356167297,0.0,0.5514179318402405,13.406740178865892,9.0382496020527,0.0112611462339784,4.871714522818848e-12,0.0001321210484759,0.0008653541442494,0.998750801881478,5115.600594923191,4.30626347531559,517946.4393501363,3.028505691595468,0.0487451242989726,0.025287710282162,0.125,-1.2983141840448558,-0.1341545235682092,-1.0678414340820803,0.0237694108486175,0.1213264952687655,0.1461247229576111,0.0166323205830768,1.2043925165225602,5.688138769757296,2123.032328522576,0.1857301888104846,1296.573368396591,0.0007791973026286,-0.3932942860070966,-0.3618567081112622,14.170148778950397,0.0026,2.2669844444226523,0.0,0.680689891107435,6.92473244549133,7.600445386895607,0.0128726451761535,2.252721322476783e-12,0.0002030220358437,0.0015305228106736,0.9953987544433788,4902.909924562953,3.9949528239886303,561021.9234408127,4.074470323277429,0.0696739820434779,0.0125429175966325,0.125,-1.1646909596669557,-0.5018877488372478,-1.1628670721462449,0.0198152315616607,0.0943479091279646,0.108619133234024,0.0123462847571025,1.1512616891880791,0.0,-0.7374951825299614
"MATLAB 2-15 PM Thu, Oct 31, 2024 Run8 .csv",0,5.688003020896299,2394.8555545578524,0.2260173834389261,1332.2846970273024,0.0282452158924339,-0.3848153755286473,-0.3619230854574208,10.572188966248705,0.00346,2.2745202814957244,0.0746268656716417,-0.5458486136672988,28.44040695962813,16.868081005094375,0.3799804831942123,6.664297284883307e-11,8.304639621272919e-05,4.7880386530465095e-05,0.9987547588995366,9575.417686799505,4.532403859967057,368492.9999509084,15.772335971865983,0.0648658521739075,0.1391580804515084,0.0959595959595959,-0.3010832195151973,4.182474560810055,17.42777203046129,0.0101806944608688,0.1206081264232521,0.3368235969543457,0.0395174836871998,2.792710631888311,6.018185297350783,2895.137652453473,0.0905195510537272,1132.619645709471,0.0283468927358705,-0.3806226364932816,-0.3567034720532404,10.561591292045753,0.00368,2.2655598550386973,0.0298507462686567,0.3710965516288209,15.866341132805442,12.854218500935213,0.3815894515946801,2.305492234514448e-11,0.0001110708458762,5.04114738188064e-06,0.998796984051354,8992.431597795914,4.826052146353106,454501.09802193823,9.930739245576223,0.0578717172868714,0.1889142685982666,0.116591928251121,-0.1673358913811462,3.129310163913425,11.596023713703287,0.0260073709487914,0.1211052494974278,0.258006021976471,0.0276224172891485,2.1304280619309632,1.0,0.7079495768191361,2,0,5.688003020896299,2394.8555545578524,0.2260173834389261,1332.2846970273024,0.0282452158924339,-0.3848153755286473,-0.3619230854574208,10.572188966248705,0.00346,2.2745202814957244,0.0746268656716417,-0.5458486136672988,28.44040695962813,16.868081005094375,0.3799804831942123,6.664297284883307e-11,8.304639621272919e-05,4.7880386530465095e-05,0.9987547588995366,9575.417686799505,4.532403859967057,368492.9999509084,15.772335971865983,0.0648658521739075,0.1391580804515084,0.0959595959595959,-0.3010832195151973,4.182474560810055,17.42777203046129,0.0101806944608688,0.1206081264232521,0.3368235969543457,0.0395174836871998,2.792710631888311,6.018185297350783,2895.137652453473,0.0905195510537272,1132.619645709471,0.0283468927358705,-0.3806226364932816,-0.3567034720532404,10.561591292045753,0.00368,2.2655598550386973,0.0298507462686567,0.3710965516288209,15.866341132805442,12.854218500935213,0.3815894515946801,2.305492234514448e-11,0.0001110708458762,5.04114738188064e-06,0.998796984051354,8992.431597795914,4.826052146353106,454501.09802193823,9.930739245576223,0.0578717172868714,0.1889142685982666,0.116591928251121,-0.1673358913811462,3.129310163913425,11.596023713703287,0.0260073709487914,0.1211052494974278,0.258006021976471,0.0276224172891485,2.1304280619309632,1.0,0.7079495768191361
"MATLAB 2-16 PM Thu, Oct 31, 2024 Run9 .csv",0,5.658834203076758,2386.8530218079973,0.2334310169192302,1326.1078402337864,0.02306738838607,-0.386182991910396,-0.3621582812748307,10.664807204776311,0.00384,2.2730958273747186,0.0518518518518518,-0.5112069268928544,28.39064179016928,20.331036729330787,0.3115320980094499,6.014617880766875e-11,0.0004417424313377,4.533864304075973e-05,0.9983521479057204,-198.3055635014166,4.534890870418234,384769.1894891822,64.29156644168539,0.2718968221814088,0.7405267885255122,0.0267909143855562,1.6961477450144613,4.083028602124857,16.114707671444442,0.0095922902226448,0.1211937841397744,0.3452267098426819,0.0372701480179912,2.8485512874532186,6.016646508924589,2903.0916295723378,0.108362226494575,1134.177411891888,0.0227223393245395,-0.3819474828274102,-0.3568502359908244,10.654265468101912,0.004705,2.264135265654742,0.0148148148148148,0.3419601675761967,15.871183148090246,14.474340879965627,0.3068721054582465,2.2664646975957175e-11,0.0005480856421523,5.825617586123613e-06,0.9983161607128834,1821.4601586579013,4.872463546378975,474425.774683944,39.14522305306436,0.2279929603658289,0.8217406837204587,0.0252067743205986,2.830019176904663,3.1442107901648617,12.44211687445805,0.0230012565851211,0.1241007001444145,0.2895957636833191,0.0258258869921173,2.333554632216578,9.0,0.7725564045968166,2,0,5.658834203076758,2386.8530218079973,0.2334310169192302,1326.1078402337864,0.02306738838607,-0.386182991910396,-0.3621582812748307,10.664807204776311,0.00384,2.2730958273747186,0.0518518518518518,-0.5112069268928544,28.39064179016928,20.331036729330787,0.3115320980094499,6.014617880766875e-11,0.0004417424313377,4.533864304075973e-05,0.9983521479057204,-198.3055635014166,4.534890870418234,384769.1894891822,64.29156644168539,0.2718968221814088,0.7405267885255122,0.0267909143855562,1.6961477450144613,4.083028602124857,16.114707671444442,0.0095922902226448,0.1211937841397744,0.3452267098426819,0.0372701480179912,2.8485512874532186,6.016646508924589,2903.0916295723378,0.108362226494575,1134.177411891888,0.0227223393245395,-0.3819474828274102,-0.3568502359908244,10.654265468101912,0.004705,2.264135265654742,0.0148148148148148,0.3419601675761967,15.871183148090246,14.474340879965627,0.3068721054582465,2.2664646975957175e-11,0.0005480856421523,5.825617586123613e-06,0.9983161607128834,1821.4601586579013,4.872463546378975,474425.774683944,39.14522305306436,0.2279929603658289,0.8217406837204587,0.0252067743205986,2.830019176904663,3.1442107901648617,12.44211687445805,0.0230012565851211,0.1241007001444145,0.2895957636833191,0.0258258869921173,2.333554632216578,9.0,0.7725564045968166
"MATLAB 2-17 PM Thu, Oct 24, 2024 Run4 .csv",0,5.723539439036424,2309.6076501751086,0.3086551893583322,1279.7537763187183,0.0257589425989339,-0.2554572379011667,-0.2287934772104711,2.007582690305977,0.00062,0.271671373253713,0.0103092783505154,0.8566545979660674,51.26672745150951,25.22646641539841,0.1251345281603269,8.831419785862545e-12,0.0011354136013211,0.001018419498462,0.997633034092552,-1586.9745099403335,3.788129770597039,498555.90617726085,42.33135328362967,0.6261091298535716,0.4918582506613615,1.0,1.69337870954412,2.598835324546964,14.448629625319176,0.0378152930736541,0.1749659318899371,0.3236734127998352,0.0233495928349256,1.8499224923595008,5.696843555136068,2136.6418330687006,0.2137579712558175,1260.9917551593828,0.0257623635137539,-0.2512259284674889,-0.2234470000470378,1.997096891160126,0.00052,0.2627106762707869,0.0,0.7027241274776246,45.30611495074174,22.05547058637796,0.1251511466438003,9.8125655799217e-12,0.0014334126565018,0.0012783632697655,0.9950009575625904,694.1482992000776,3.4852362508894608,481110.495848354,60.93557249356485,0.8011172181053319,0.3677963819278763,1.0,0.8273742451904722,0.1754521001294035,0.4077097778216458,0.0497697138786316,0.1771342594107401,0.2887296223640442,0.0292472747363912,1.6300044007553387,0.0,0.2529756194931939,2,0,5.723539439036424,2309.6076501751086,0.3086551893583322,1279.7537763187183,0.0257589425989339,-0.2554572379011667,-0.2287934772104711,2.007582690305977,0.00062,0.271671373253713,0.0103092783505154,0.8566545979660674,51.26672745150951,25.22646641539841,0.1251345281603269,8.831419785862545e-12,0.0011354136013211,0.001018419498462,0.997633034092552,-1586.9745099403335,3.788129770597039,498555.90617726085,42.33135328362967,0.6261091298535716,0.4918582506613615,1.0,1.69337870954412,2.598835324546964,14.448629625319176,0.0378152930736541,0.1749659318899371,0.3236734127998352,0.0233495928349256,1.8499224923595008,5.696843555136068,2136.6418330687006,0.2137579712558175,1260.9917551593828,0.0257623635137539,-0.2512259284674889,-0.2234470000470378,1.997096891160126,0.00052,0.2627106762707869,0.0,0.7027241274776246,45.30611495074174,22.05547058637796,0.1251511466438003,9.8125655799217e-12,0.0014334126565018,0.0012783632697655,0.9950009575625904,694.1482992000776,3.4852362508894608,481110.495848354,60.93557249356485,0.8011172181053319,0.3677963819278763,1.0,0.8273742451904722,0.1754521001294035,0.4077097778216458,0.0497697138786316,0.1771342594107401,0.2887296223640442,0.0292472747363912,1.6300044007553387,0.0,0.2529756194931939
"MATLAB 2-21 PM Mon, Oct 28, 2024 Run4 .csv",0,5.846054482182057,2381.392994755526,0.2771982624386728,1362.1491575553855,0.001621992278649,-0.3311093503866424,-0.3032102395011319,4.292999133803995,0.00091,0.258851286164663,0.0,-0.1103110686380986,36.01353335304902,13.214492193546867,0.011593006823844,7.702336394725696e-12,0.0001771535472747,0.0001395839711365,0.999046391837726,3108.2165560736107,3.427496283937635,469074.047734511,18.14099320210909,0.0900540371364672,0.1439544311444245,1.0,1.6684573903110471,0.2639304064627085,-1.3973927844424032,0.0171882146596908,0.1385895629889434,0.1523258578777313,0.008698284679168,1.0991149303925845,5.902855059165433,2600.819522812403,0.1128180071327258,1191.9308821977077,0.0009833830646622,-0.3269271054023611,-0.2977178754164131,4.283016772415094,0.00125,0.2498893718151915,0.0,-0.1952878945960664,26.82929766994211,11.941118178739815,0.0070291856006627,8.022167530199208e-12,0.0001605296755258,3.167722596228119e-05,0.9990959409186584,6223.7460933371885,3.2763991716988823,635802.1198062539,17.109623678777734,0.0578741036667958,0.1730308953109896,1.0,0.8035698597627556,0.0239925301826855,-1.448883872567869,0.054986480474472,0.1396262356970045,0.1775718212127685,0.02684630745294,1.2717654409742,0.0,-0.6428059809509541,2,0,5.846054482182057,2381.392994755526,0.2771982624386728,1362.1491575553855,0.001621992278649,-0.3311093503866424,-0.3032102395011319,4.292999133803995,0.00091,0.258851286164663,0.0,-0.1103110686380986,36.01353335304902,13.214492193546867,0.011593006823844,7.702336394725696e-12,0.0001771535472747,0.0001395839711365,0.999046391837726,3108.2165560736107,3.427496283937635,469074.047734511,18.14099320210909,0.0900540371364672,0.1439544311444245,1.0,1.6684573903110471,0.2639304064627085,-1.3973927844424032,0.0171882146596908,0.1385895629889434,0.1523258578777313,0.008698284679168,1.0991149303925845,5.902855059165433,2600.819522812403,0.1128180071327258,1191.9308821977077,0.0009833830646622,-0.3269271054023611,-0.2977178754164131,4.283016772415094,0.00125,0.2498893718151915,0.0,-0.1952878945960664,26.82929766994211,11.941118178739815,0.0070291856006627,8.022167530199208e-12,0.0001605296755258,3.167722596228119e-05,0.9990959409186584,6223.7460933371885,3.2763991716988823,635802.1198062539,17.109623678777734,0.0578741036667958,0.1730308953109896,1.0,0.8035698597627556,0.0239925301826855,-1.448883872567869,0.054986480474472,0.1396262356970045,0.1775718212127685,0.02684630745294,1.2717654409742,0.0,-0.6428059809509541
"MATLAB 2-21 PM Thu, Oct 24, 2024 Run5 .csv",0,5.7666341559552965,2298.288559377041,0.3050066377153184,1282.620053483727,0.0010347063747936,-0.2625776602929704,-0.2349954353796657,2.085995887067478,0.0005,0.2574268320436574,0.0,0.4980958670917417,48.07940418926346,15.657348830437437,0.0049384087508054,7.216835822748337e-12,0.0003276337967387,0.0009161823231886,0.998489386713049,509.0680315582781,3.1458277482083994,530214.8363854295,4.364861315347261,0.0519931049944687,0.0381574289677088,1.0,-1.334311645159294,1.445933197273679,0.1841403665692467,0.0025052559375762,0.1689674654006957,0.2037301886081695,0.0174801654982121,1.2057361937994164,5.729374423060495,2176.873992064192,0.1842191477127147,1257.398068934232,9.162456938076112e-05,-0.2583883473523732,-0.2297146394147029,2.076069463207128,0.00045,0.2484647824312366,0.0,0.3467579588571269,39.97020786981719,14.150120325363329,0.0004373023944198,8.12928981174629e-12,0.0002154137141918,0.0010110262932619,0.9968013813485777,4627.381246771165,2.9345833288063035,455460.3271366975,6.172022142709812,0.0629978649066075,0.0270451240128225,1.0,-1.1990750719514351,-0.1775345966642617,-1.0196075387896852,0.0306227219104767,0.1757927618026733,0.2088936245441437,0.0204279965713901,1.1882947989555224,0.0,0.0664238504344449,2,0,5.7666341559552965,2298.288559377041,0.3050066377153184,1282.620053483727,0.0010347063747936,-0.2625776602929704,-0.2349954353796657,2.085995887067478,0.0005,0.2574268320436574,0.0,0.4980958670917417,48.07940418926346,15.657348830437437,0.0049384087508054,7.216835822748337e-12,0.0003276337967387,0.0009161823231886,0.998489386713049,509.0680315582781,3.1458277482083994,530214.8363854295,4.364861315347261,0.0519931049944687,0.0381574289677088,1.0,-1.334311645159294,1.445933197273679,0.1841403665692467,0.0025052559375762,0.1689674654006957,0.2037301886081695,0.0174801654982121,1.2057361937994164,5.729374423060495,2176.873992064192,0.1842191477127147,1257.398068934232,9.162456938076112e-05,-0.2583883473523732,-0.2297146394147029,2.076069463207128,0.00045,0.2484647824312366,0.0,0.3467579588571269,39.97020786981719,14.150120325363329,0.0004373023944198,8.12928981174629e-12,0.0002154137141918,0.0010110262932619,0.9968013813485777,4627.381246771165,2.9345833288063035,455460.3271366975,6.172022142709812,0.0629978649066075,0.0270451240128225,1.0,-1.1990750719514351,-0.1775345966642617,-1.0196075387896852,0.0306227219104767,0.1757927618026733,0.2088936245441437,0.0204279965713901,1.1882947989555224,0.0,0.0664238504344449
"MATLAB 2-23 PM Mon, Oct 28, 2024 Run5 .csv",0,5.808875743186828,2388.917818728685,0.2676818207509205,1366.9033968913432,0.0022720842534458,-0.3339199498376584,-0.3069658269507943,4.071733380691443,0.0007,0.2545779238016463,0.0,-0.0577929801563956,34.75945538088026,13.275643211059451,0.0161900325153294,8.16729936457974e-12,0.0001368487343194,0.0001208024943843,0.999360949735549,4749.582432608766,3.3053937617640026,443609.2267696911,3.792441091305456,0.0184412911601397,0.0296392956679611,1.0,-1.3398497160999767,0.6717486841275998,-1.078777040929452,0.0111377549171447,0.1390176093578338,0.1513774716854095,0.0069859123065946,1.088908609381716,5.857957118301485,2604.848364277865,0.0982267130674049,1197.1072339026969,8.42650087705136e-05,-0.3299236515801293,-0.3017081672256967,4.0619188318881925,0.0011,0.2456156036633264,0.0,-0.2845407354736483,25.65042610623406,11.141680389137116,0.0006012322255693,8.275694024671004e-12,0.000105333240035,2.6183847474755093e-05,0.9993319299525196,9487.336852259274,3.192301434625692,610383.1301408163,3.5625214906253664,0.0120125938508863,0.0367500149398561,1.0,-1.2043649353798167,-0.0949360699270887,-1.5302457435195955,0.044686273932457,0.1399038988351821,0.1717298650741577,0.0229125724271731,1.2274844840204848,0.0,-0.2254227464561903,2,0,5.808875743186828,2388.917818728685,0.2676818207509205,1366.9033968913432,0.0022720842534458,-0.3339199498376584,-0.3069658269507943,4.071733380691443,0.0007,0.2545779238016463,0.0,-0.0577929801563956,34.75945538088026,13.275643211059451,0.0161900325153294,8.16729936457974e-12,0.0001368487343194,0.0001208024943843,0.999360949735549,4749.582432608766,3.3053937617640026,443609.2267696911,3.792441091305456,0.0184412911601397,0.0296392956679611,1.0,-1.3398497160999767,0.6717486841275998,-1.078777040929452,0.0111377549171447,0.1390176093578338,0.1513774716854095,0.0069859123065946,1.088908609381716,5.857957118301485,2604.848364277865,0.0982267130674049,1197.1072339026969,8.42650087705136e-05,-0.3299236515801293,-0.3017081672256967,4.0619188318881925,0.0011,0.2456156036633264,0.0,-0.2845407354736483,25.65042610623406,11.141680389137116,0.0006012322255693,8.275694024671004e-12,0.000105333240035,2.6183847474755093e-05,0.9993319299525196,9487.336852259274,3.192301434625692,610383.1301408163,3.5625214906253664,0.0120125938508863,0.0367500149398561,1.0,-1.2043649353798167,-0.0949360699270887,-1.5302457435195955,0.044686273932457,0.1399038988351821,0.1717298650741577,0.0229125724271731,1.2274844840204848,0.0,-0.2254227464561903
"MATLAB 2-23 PM Thu, Oct 31, 2024 Run10 .csv",0,5.628690670124516,2436.755647275008,0.2037787773529354,1321.692361220752,0.0169870380124732,-0.3984984450116725,-0.3746510227083287,10.164333113319689,0.00282,2.253153469680641,0.0229007633587786,-0.5822447169562244,24.07848531121009,16.856962029507333,0.2210724633426695,5.476743535104392e-11,7.928706963285837e-05,3.244981336114108e-05,0.9986101784461086,10034.493570004506,4.575856514814411,333787.33205258567,28.28746254972745,0.1189943118601438,0.2829205882018628,0.0339321357285429,0.6573812484296817,5.894468643388947,35.10002808256907,0.0094594454765319,0.1223970427494922,0.2910202705860138,0.024780599308233,2.377674035651659,5.957366949752738,3023.8707554244925,0.0695885806766515,1099.364746578547,0.0173191596217258,-0.3943278848651481,-0.3697049311025717,10.154574502044987,0.00361,2.244191014279372,0.0076335877862595,0.3142726287571539,14.57933157755836,15.61425243509608,0.225412808267405,1.4560760207125875e-11,0.0001073660679464,3.2952179029411656e-06,0.9986172677683708,9301.050945317906,4.829314824286705,402857.4863760362,15.569659118541464,0.100736590898252,0.3808738434278108,0.0434353405725567,1.7929901329059923,5.211344882736067,39.03849550319939,0.0159259486198425,0.1263584861500572,0.2965981435775757,0.0200981477930068,2.347275221589392,2.0,0.6819940565086642,2,0,5.628690670124516,2436.755647275008,0.2037787773529354,1321.692361220752,0.0169870380124732,-0.3984984450116725,-0.3746510227083287,10.164333113319689,0.00282,2.253153469680641,0.0229007633587786,-0.5822447169562244,24.07848531121009,16.856962029507333,0.2210724633426695,5.476743535104392e-11,7.928706963285837e-05,3.244981336114108e-05,0.9986101784461086,10034.493570004506,4.575856514814411,333787.33205258567,28.28746254972745,0.1189943118601438,0.2829205882018628,0.0339321357285429,0.6573812484296817,5.894468643388947,35.10002808256907,0.0094594454765319,0.1223970427494922,0.2910202705860138,0.024780599308233,2.377674035651659,5.957366949752738,3023.8707554244925,0.0695885806766515,1099.364746578547,0.0173191596217258,-0.3943278848651481,-0.3697049311025717,10.154574502044987,0.00361,2.244191014279372,0.0076335877862595,0.3142726287571539,14.57933157755836,15.61425243509608,0.225412808267405,1.4560760207125875e-11,0.0001073660679464,3.2952179029411656e-06,0.9986172677683708,9301.050945317906,4.829314824286705,402857.4863760362,15.569659118541464,0.100736590898252,0.3808738434278108,0.0434353405725567,1.7929901329059923,5.211344882736067,39.03849550319939,0.0159259486198425,0.1263584861500572,0.2965981435775757,0.0200981477930068,2.347275221589392,2.0,0.6819940565086642
"MATLAB 2-23 PM Tue, Oct 22, 2024 Run6 .csv",0,5.4961429927712135,2220.2165813062074,0.2652423621825434,1297.878658259242,0.00068924559303,-0.4156157207157878,-0.388836218513497,13.507103108855874,0.002875,2.2517290155596354,0.0,0.7535795545256976,12.11452853862036,9.659277237077726,0.0113360488353986,5.846054119206108e-12,0.0004662918385371,0.0004740930545662,0.99883395146302,-425.5837979115249,4.297815297724537,503319.0788918342,85.78090548786108,0.5778667170468268,0.618342410521301,0.0897226753670473,-1.3453877870406596,-0.3816495374247706,-1.165007728312674,0.0316694164276123,0.1346613320898502,0.1656315362453461,0.0187826580022282,1.229985874005996,5.273927395088963,1898.783031387475,0.131654866988118,1291.4291836140387,0.0011795249035478,-0.411443206372423,-0.3836016950279959,13.497400435109723,0.003275,2.242766424895416,0.0,0.2912905210783287,4.663660595849386,6.902891707566548,0.0193996915532021,3.399740840117935e-12,0.0004603924532771,0.0006391598684376,0.9973733182887232,2166.354620257659,3.9964214909213904,495411.19678837486,121.88744542385264,0.6635489627277494,0.2778658073193362,0.0897226753670473,-1.2096547988081985,0.519690827873401,-0.2516796875925871,0.0119422125816345,0.0891821241886057,0.111283096075058,0.0084413795051145,1.2478184062953277,0.0,-0.5726712697886048,2,0,5.4961429927712135,2220.2165813062074,0.2652423621825434,1297.878658259242,0.00068924559303,-0.4156157207157878,-0.388836218513497,13.507103108855874,0.002875,2.2517290155596354,0.0,0.7535795545256976,12.11452853862036,9.659277237077726,0.0113360488353986,5.846054119206108e-12,0.0004662918385371,0.0004740930545662,0.99883395146302,-425.5837979115249,4.297815297724537,503319.0788918342,85.78090548786108,0.5778667170468268,0.618342410521301,0.0897226753670473,-1.3453877870406596,-0.3816495374247706,-1.165007728312674,0.0316694164276123,0.1346613320898502,0.1656315362453461,0.0187826580022282,1.229985874005996,5.273927395088963,1898.783031387475,0.131654866988118,1291.4291836140387,0.0011795249035478,-0.411443206372423,-0.3836016950279959,13.497400435109723,0.003275,2.242766424895416,0.0,0.2912905210783287,4.663660595849386,6.902891707566548,0.0193996915532021,3.399740840117935e-12,0.0004603924532771,0.0006391598684376,0.9973733182887232,2166.354620257659,3.9964214909213904,495411.19678837486,121.88744542385264,0.6635489627277494,0.2778658073193362,0.0897226753670473,-1.2096547988081985,0.519690827873401,-0.2516796875925871,0.0119422125816345,0.0891821241886057,0.111283096075058,0.0084413795051145,1.2478184062953277,0.0,-0.5726712697886048
"MATLAB 2-24 PM Tue, Jun 11, 2024 Run2 .csv",0,5.7197391102659445,2098.6105419847954,0.2483807821581178,939.658434345813,0.0415860306156991,-0.3558149753777312,-0.3306066101992224,5.242740338769623,0.00384,2.248880107317624,0.0,0.7263779286962858,23.254772805465365,15.274125784373268,0.3387574402483281,8.238559370045407e-13,0.0014066858823901,0.0725495426083287,0.925895850018198,-1924.0286442088068,5.341961415129508,55676.17344885626,6.795445959901008,4.818819373632649,0.3524684027290962,0.2857142857142857,0.6490741420186574,0.1420907566459468,-1.5235047710919298,0.0559020972251892,0.0829020484482369,0.1399685657024383,0.0303248455608196,1.688360762156957,4.796535254577773,1484.490362330347,0.0483445872447557,857.181683048855,0.0754431794932881,-0.2935895360297186,-0.2922952229830364,2.6331235375190967,0.00461,1.2399172461275063,0.0714285714285714,-0.2336143250648058,15.153663490064844,10.93941609231135,0.4172238744121508,1.2627237444181868e-11,0.0008919834033673,0.1262302803493759,0.8728683267564861,978.5701431902024,4.546753110391342,70467.67640785036,26.785492789301,17.084094048339566,0.205989990372532,0.8636363636363636,0.7850553377634204,-0.9957870536574832,-0.3812710621222095,0.0161177462339401,0.0968730553984641,0.1231925392150879,0.019224523102076,1.271690447961663,2.0,0.0940888681329156,2,0,5.7197391102659445,2098.6105419847954,0.2483807821581178,939.658434345813,0.0415860306156991,-0.3558149753777312,-0.3306066101992224,5.242740338769623,0.00384,2.248880107317624,0.0,0.7263779286962858,23.254772805465365,15.274125784373268,0.3387574402483281,8.238559370045407e-13,0.0014066858823901,0.0725495426083287,0.925895850018198,-1924.0286442088068,5.341961415129508,55676.17344885626,6.795445959901008,4.818819373632649,0.3524684027290962,0.2857142857142857,0.6490741420186574,0.1420907566459468,-1.5235047710919298,0.0559020972251892,0.0829020484482369,0.1399685657024383,0.0303248455608196,1.688360762156957,4.796535254577773,1484.490362330347,0.0483445872447557,857.181683048855,0.0754431794932881,-0.2935895360297186,-0.2922952229830364,2.6331235375190967,0.00461,1.2399172461275063,0.0714285714285714,-0.2336143250648058,15.153663490064844,10.93941609231135,0.4172238744121508,1.2627237444181868e-11,0.0008919834033673,0.1262302803493759,0.8728683267564861,978.5701431902024,4.546753110391342,70467.67640785036,26.785492789301,17.084094048339566,0.205989990372532,0.8636363636363636,0.7850553377634204,-0.9957870536574832,-0.3812710621222095,0.0161177462339401,0.0968730553984641,0.1231925392150879,0.019224523102076,1.271690447961663,2.0,0.0940888681329156
"MATLAB 2-25 PM Mon, Oct 28, 2024 Run6 .csv",0,5.4344201565190815,2174.2251617774828,0.255647480045959,1268.1242680341184,0.0739032280111851,-0.0086928292123154,0.0404081936562174,-0.7645009237156981,0.00273,0.2474556531966185,0.0454545454545454,0.1637628043540122,114.73381192581962,22.18083657058465,0.156919757902634,5.3973340262141496e-11,0.0002688945905462,0.0001842710534062,0.9991555233310092,1126.2610752131554,3.9646952853519055,574801.1810926388,17.98222743164619,0.1161336701024912,0.1676642116330956,1.0,0.6463051065483163,-3.381746863251154,11.983080603865336,0.0219601842761039,0.2482732349634171,0.2772654581069946,0.0335204524645068,1.1167754677537007,6.084395186673635,2690.896370366936,0.1512714931681758,1115.8774293436738,0.0738942809167143,-0.0044948185788133,0.0461080127790163,-0.7740357848761983,0.00345,0.2384926567435512,0.0454545454545454,-0.156384135011235,96.44231231706708,22.096946325917525,0.1568880700257384,1.54398057969673e-11,0.0002079690663824,4.4348206394647415e-05,0.9992351813632148,4804.729851148117,3.811597894624381,778232.1830626648,11.136766788945168,0.0579021389868735,0.1674937680538128,1.0,0.7824104060492296,-0.55690531103525,0.5536142839410818,0.0832045036554336,0.2314833062887191,0.3060556614398956,0.0528879512472208,1.322150034690474,0.0,0.710893323072592,2,0,5.4344201565190815,2174.2251617774828,0.255647480045959,1268.1242680341184,0.0739032280111851,-0.0086928292123154,0.0404081936562174,-0.7645009237156981,0.00273,0.2474556531966185,0.0454545454545454,0.1637628043540122,114.73381192581962,22.18083657058465,0.156919757902634,5.3973340262141496e-11,0.0002688945905462,0.0001842710534062,0.9991555233310092,1126.2610752131554,3.9646952853519055,574801.1810926388,17.98222743164619,0.1161336701024912,0.1676642116330956,1.0,0.6463051065483163,-3.381746863251154,11.983080603865336,0.0219601842761039,0.2482732349634171,0.2772654581069946,0.0335204524645068,1.1167754677537007,6.084395186673635,2690.896370366936,0.1512714931681758,1115.8774293436738,0.0738942809167143,-0.0044948185788133,0.0461080127790163,-0.7740357848761983,0.00345,0.2384926567435512,0.0454545454545454,-0.156384135011235,96.44231231706708,22.096946325917525,0.1568880700257384,1.54398057969673e-11,0.0002079690663824,4.4348206394647415e-05,0.9992351813632148,4804.729851148117,3.811597894624381,778232.1830626648,11.136766788945168,0.0579021389868735,0.1674937680538128,1.0,0.7824104060492296,-0.55690531103525,0.5536142839410818,0.0832045036554336,0.2314833062887191,0.3060556614398956,0.0528879512472208,1.322150034690474,0.0,0.710893323072592
"MATLAB 2-25 PM Thu, Oct 24, 2024 Run6 .csv",0,5.503517727354359,2088.460727267922,0.2689894080169135,1294.2542138248332,0.0440813292710914,-0.3690464981174163,-0.3473770018198409,5.5287208463254185,0.0009,2.246031199075613,0.0588235294117647,1.1454143628008733,29.01896326838405,16.319496794473075,0.3946845377517579,3.784313790028061e-11,0.0002424044887885,0.0006383683367011,0.9989469458031912,1524.175832532214,2.971674622541944,510526.4323670247,10.67056578004526,0.0786521463173048,0.0659833943622338,0.3214285714285714,-1.3564639289220253,1.6768214953056992,3.8583025322398807,0.0205419421195984,0.2003629489505992,0.2999322736263276,0.0307713264376046,1.496944795418627,5.35032697493931,1892.877175772869,0.1353065534826339,1238.518071267412,0.0443292400110248,-0.3649970323711896,-0.3421887508143379,5.519241922693468,0.0019,2.237068067359596,0.0,0.528535238143483,17.16892192462885,11.44243048007258,0.3972821603119028,2.3088725614901968e-11,0.0001652978826339,0.0006811569318786,0.998137217010016,6038.415018419928,2.828416007028564,445530.1801781205,15.007015093042073,0.079445485856801,0.0320907779554877,0.3666666666666666,-1.2202345256649612,0.0145710617261786,-0.4914771525191543,0.0273676240444183,0.1637950112539179,0.2137165153026581,0.0284771324877746,1.3047803694787197,0.0,0.3476848193808796,2,0,5.503517727354359,2088.460727267922,0.2689894080169135,1294.2542138248332,0.0440813292710914,-0.3690464981174163,-0.3473770018198409,5.5287208463254185,0.0009,2.246031199075613,0.0588235294117647,1.1454143628008733,29.01896326838405,16.319496794473075,0.3946845377517579,3.784313790028061e-11,0.0002424044887885,0.0006383683367011,0.9989469458031912,1524.175832532214,2.971674622541944,510526.4323670247,10.67056578004526,0.0786521463173048,0.0659833943622338,0.3214285714285714,-1.3564639289220253,1.6768214953056992,3.8583025322398807,0.0205419421195984,0.2003629489505992,0.2999322736263276,0.0307713264376046,1.496944795418627,5.35032697493931,1892.877175772869,0.1353065534826339,1238.518071267412,0.0443292400110248,-0.3649970323711896,-0.3421887508143379,5.519241922693468,0.0019,2.237068067359596,0.0,0.528535238143483,17.16892192462885,11.44243048007258,0.3972821603119028,2.3088725614901968e-11,0.0001652978826339,0.0006811569318786,0.998137217010016,6038.415018419928,2.828416007028564,445530.1801781205,15.007015093042073,0.079445485856801,0.0320907779554877,0.3666666666666666,-1.2202345256649612,0.0145710617261786,-0.4914771525191543,0.0273676240444183,0.1637950112539179,0.2137165153026581,0.0284771324877746,1.3047803694787197,0.0,0.3476848193808796
"MATLAB 2-26 PM Thu, Oct 31, 2024 Run11 .csv",0,5.617011152248874,2422.092590694138,0.2098017291352771,1296.207312035718,0.0186305333337313,-0.4086763716211153,-0.3752325892475663,10.206884060824429,0.0048,2.2417578367125963,0.0,-0.3662047360496638,7.033749933242671,8.255095385992995,0.2474324917504649,3.790767007063716e-11,6.792649505289798e-05,3.769116510180127e-05,0.9986730012236098,12083.579043275173,4.93893499664815,175566.579512944,42.71150984920687,0.1849696403152021,0.4185418660573372,0.1214421252371916,-0.3647710353330495,0.6287853545146388,0.2067760226021002,0.018108168542385,0.1186393684148788,0.1607643103599548,0.0139099931090039,1.355067145989569,5.95999183637097,3033.228039924372,0.0634208325126337,1087.7657644709127,0.0174569024697436,-0.4030417515946351,-0.3682290426033108,10.097571949679612,0.00449,2.232794299207731,0.0,0.2097474765110678,5.850039055943258,9.255265587281215,0.227342127873883,1.7148608216283792e-11,0.000109903576061,2.9804785251711142e-06,0.9989577457044614,9089.401651039549,5.359930944894389,217765.39426086543,24.20193449479929,0.1652466050089457,0.5835462108905288,0.1156862745098039,-0.2281693208075332,0.5328466628921608,0.9236153870455146,0.0213499337434769,0.1254945274982743,0.1912996470928192,0.017675130933562,1.5243664477357373,6.0,-0.0883880615838931,2,0,5.617011152248874,2422.092590694138,0.2098017291352771,1296.207312035718,0.0186305333337313,-0.4086763716211153,-0.3752325892475663,10.206884060824429,0.0048,2.2417578367125963,0.0,-0.3662047360496638,7.033749933242671,8.255095385992995,0.2474324917504649,3.790767007063716e-11,6.792649505289798e-05,3.769116510180127e-05,0.9986730012236098,12083.579043275173,4.93893499664815,175566.579512944,42.71150984920687,0.1849696403152021,0.4185418660573372,0.1214421252371916,-0.3647710353330495,0.6287853545146388,0.2067760226021002,0.018108168542385,0.1186393684148788,0.1607643103599548,0.0139099931090039,1.355067145989569,5.95999183637097,3033.228039924372,0.0634208325126337,1087.7657644709127,0.0174569024697436,-0.4030417515946351,-0.3682290426033108,10.097571949679612,0.00449,2.232794299207731,0.0,0.2097474765110678,5.850039055943258,9.255265587281215,0.227342127873883,1.7148608216283792e-11,0.000109903576061,2.9804785251711142e-06,0.9989577457044614,9089.401651039549,5.359930944894389,217765.39426086543,24.20193449479929,0.1652466050089457,0.5835462108905288,0.1156862745098039,-0.2281693208075332,0.5328466628921608,0.9236153870455146,0.0213499337434769,0.1254945274982743,0.1912996470928192,0.017675130933562,1.5243664477357373,6.0,-0.0883880615838931
"MATLAB 2-27 PM Mon, Oct 28, 2024 Run7 .csv",0,5.407322288707055,2158.9916962412744,0.2439366256566588,1257.3545861126586,0.002908654917244,0.1312509291294967,0.1569470186473203,-1.3075934636536224,0.00023,0.2389089284705852,0.0,-0.2532775428509172,140.55346273023838,24.61847825383992,0.0047112783548555,5.970346991027994e-11,0.0001891155081821,0.0001629250768118,0.9993452094135328,2651.053494084153,4.3247517348224696,364753.1642190059,15.93573295577526,0.0933329352661857,0.1409643596200518,1.0,3.629690893726268,0.4271087622536824,-0.8993288992990114,0.0109918987751007,0.2651844950984506,0.2831042015552521,0.0099196641884393,1.0675744879056703,6.0627643037454,2693.326310827324,0.139233160596814,1113.3891466414716,0.0028913056615182,0.1352356466292225,0.1619274290532937,-1.3167926996428223,0.00032,0.229945120439821,0.0,-0.0587359911104854,119.8105697779126,24.85289126037506,0.0046843150992071,1.531559954430772e-11,0.0001945680896306,3.541162569257466e-05,0.9992527053183335,5135.748144597697,3.904666106402418,669505.4524114648,9.7225209139991,0.0471607918160789,0.1505065415476017,1.0,3.766540815764085,-0.156854957635776,-0.5384853763955433,0.0627772545814515,0.2616888990121729,0.3273551559448242,0.0399018087848487,1.2509325278241807,0.0,0.2724216846246839,2,0,5.407322288707055,2158.9916962412744,0.2439366256566588,1257.3545861126586,0.002908654917244,0.1312509291294967,0.1569470186473203,-1.3075934636536224,0.00023,0.2389089284705852,0.0,-0.2532775428509172,140.55346273023838,24.61847825383992,0.0047112783548555,5.970346991027994e-11,0.0001891155081821,0.0001629250768118,0.9993452094135328,2651.053494084153,4.3247517348224696,364753.1642190059,15.93573295577526,0.0933329352661857,0.1409643596200518,1.0,3.629690893726268,0.4271087622536824,-0.8993288992990114,0.0109918987751007,0.2651844950984506,0.2831042015552521,0.0099196641884393,1.0675744879056703,6.0627643037454,2693.326310827324,0.139233160596814,1113.3891466414716,0.0028913056615182,0.1352356466292225,0.1619274290532937,-1.3167926996428223,0.00032,0.229945120439821,0.0,-0.0587359911104854,119.8105697779126,24.85289126037506,0.0046843150992071,1.531559954430772e-11,0.0001945680896306,3.541162569257466e-05,0.9992527053183335,5135.748144597697,3.904666106402418,669505.4524114648,9.7225209139991,0.0471607918160789,0.1505065415476017,1.0,3.766540815764085,-0.156854957635776,-0.5384853763955433,0.0627772545814515,0.2616888990121729,0.3273551559448242,0.0399018087848487,1.2509325278241807,0.0,0.2724216846246839
"MATLAB 2-28 PM Thu, Oct 31, 2024 Run12 .csv",0,5.412275109283332,2319.3012616825754,0.1995389033974969,1275.9276750288043,0.0230869708505792,-0.4092128493163165,-0.3754733725172049,9.978677065543785,0.0036,2.236060020228574,0.0,-0.451482581109315,8.349668921649696,8.662410371261666,0.2919592654033479,4.5082890845528366e-11,6.962118287986828e-05,3.76548575371676e-05,0.9990833990083424,11702.4445775351,4.533183766231185,226349.40043393456,8.274211402688453,0.0338487604193823,0.0736780484932994,0.2641509433962264,-1.375847177214415,0.2680974806148468,-1.0933972005812973,0.0154536831378936,0.1164040503593591,0.1365926706790924,0.0106239041557143,1.1734357202984564,6.0108535734662105,3008.7623716315347,0.0688660200025761,1096.884674768797,0.0237137988311344,-0.4050505311153725,-0.3636660983571906,9.969589704611684,0.0031,2.227095941671911,0.0,0.252645902721592,7.445481104603793,7.100578196750413,0.2997497074040058,1.2005147290456036e-11,6.880228465480137e-05,3.319965944638751e-06,0.9990971438199064,14521.278600451016,5.221895770039674,349825.40249773354,4.093800010088354,0.0297570836749807,0.092984220042508,0.4375,-1.2387490476642964,-0.5280030518132522,-0.8858848219771378,0.0255961465835571,0.1237514731975701,0.1462570858001709,0.0153273146457155,1.1818613711908734,1.0,0.3556909274890371,2,0,5.412275109283332,2319.3012616825754,0.1995389033974969,1275.9276750288043,0.0230869708505792,-0.4092128493163165,-0.3754733725172049,9.978677065543785,0.0036,2.236060020228574,0.0,-0.451482581109315,8.349668921649696,8.662410371261666,0.2919592654033479,4.5082890845528366e-11,6.962118287986828e-05,3.76548575371676e-05,0.9990833990083424,11702.4445775351,4.533183766231185,226349.40043393456,8.274211402688453,0.0338487604193823,0.0736780484932994,0.2641509433962264,-1.375847177214415,0.2680974806148468,-1.0933972005812973,0.0154536831378936,0.1164040503593591,0.1365926706790924,0.0106239041557143,1.1734357202984564,6.0108535734662105,3008.7623716315347,0.0688660200025761,1096.884674768797,0.0237137988311344,-0.4050505311153725,-0.3636660983571906,9.969589704611684,0.0031,2.227095941671911,0.0,0.252645902721592,7.445481104603793,7.100578196750413,0.2997497074040058,1.2005147290456036e-11,6.880228465480137e-05,3.319965944638751e-06,0.9990971438199064,14521.278600451016,5.221895770039674,349825.40249773354,4.093800010088354,0.0297570836749807,0.092984220042508,0.4375,-1.2387490476642964,-0.5280030518132522,-0.8858848219771378,0.0255961465835571,0.1237514731975701,0.1462570858001709,0.0153273146457155,1.1818613711908734,1.0,0.3556909274890371
"MATLAB 2-29 PM Thu, Oct 24, 2024 Run7 .csv",0,5.566705246370759,2072.0291139188225,0.2838748606228545,1276.1767359896571,0.0616318609890889,-0.3422873730972073,-0.3222585683824845,3.7708797711562494,0.004565,2.2346355661075687,0.1397058823529411,1.290306539727382,33.776981921944646,20.206588877776817,0.4190342034817856,2.1935278154386888e-11,0.0002832213867262,0.0007109149371337,0.998768620180296,871.3362837228988,3.3955678084882805,504050.9086791972,89.59607940302926,0.7224123561814445,0.6099946143361306,0.3430656934306569,0.6213837873152435,0.5798690447730196,6.68253065648369,0.0372345992922783,0.2052894395239212,0.3557591938972473,0.0313434287953343,1.732963929962859,5.534172600772019,1966.396573142222,0.1617107395106246,1227.713932160215,0.0619568271905787,-0.3392496717559056,-0.31671286233621,3.811848597798344,0.00456,2.225671352287956,0.0218978102189781,0.8396537503458923,21.913046785281693,12.660545717994982,0.4243725167031625,1.8676319090952484e-11,0.0002482565610365,0.0007206097168124,0.9978606852235944,4019.473568219517,3.252056439758664,471818.4409911412,117.25923005543122,0.6555146235206954,0.2987225858185989,0.2865853658536585,-0.2413939793784871,-0.2421283584952972,1.4561427470934438,0.0242108345031738,0.1764502827355461,0.2232125854492187,0.0229547238899739,1.2650168760781038,3.0,-0.089992217211179,2,0,5.566705246370759,2072.0291139188225,0.2838748606228545,1276.1767359896571,0.0616318609890889,-0.3422873730972073,-0.3222585683824845,3.7708797711562494,0.004565,2.2346355661075687,0.1397058823529411,1.290306539727382,33.776981921944646,20.206588877776817,0.4190342034817856,2.1935278154386888e-11,0.0002832213867262,0.0007109149371337,0.998768620180296,871.3362837228988,3.3955678084882805,504050.9086791972,89.59607940302926,0.7224123561814445,0.6099946143361306,0.3430656934306569,0.6213837873152435,0.5798690447730196,6.68253065648369,0.0372345992922783,0.2052894395239212,0.3557591938972473,0.0313434287953343,1.732963929962859,5.534172600772019,1966.396573142222,0.1617107395106246,1227.713932160215,0.0619568271905787,-0.3392496717559056,-0.31671286233621,3.811848597798344,0.00456,2.225671352287956,0.0218978102189781,0.8396537503458923,21.913046785281693,12.660545717994982,0.4243725167031625,1.8676319090952484e-11,0.0002482565610365,0.0007206097168124,0.9978606852235944,4019.473568219517,3.252056439758664,471818.4409911412,117.25923005543122,0.6555146235206954,0.2987225858185989,0.2865853658536585,-0.2413939793784871,-0.2421283584952972,1.4561427470934438,0.0242108345031738,0.1764502827355461,0.2232125854492187,0.0229547238899739,1.2650168760781038,3.0,-0.089992217211179
"MATLAB 2-30 PM Tue, Oct 22, 2024 Run7 .csv",0,5.5811826145953205,2324.691065609896,0.2653485384398056,1231.3083081900588,0.0003954761482168,-0.4358913485612399,-0.4121289599371419,14.958283447768103,0.0018,2.231786657865557,0.0,0.7811953999190995,11.475396646452811,8.511489008113164,0.007108368075326,6.318677053734177e-12,0.0001476430792517,0.0003718361923116,0.9992622077539852,4098.394369580882,4.50933352767976,362007.5201546119,2.988707231042985,0.0221092298162166,0.0273619450162577,0.1296296296296296,-1.3841542836254392,-0.4378282103112408,-1.1131643600786203,0.0254926979541779,0.1280448439386155,0.1469073343276977,0.0156755031989257,1.1473115965382,5.731115090609198,2210.6711160048767,0.1531969342637533,1192.2450420768778,0.0007339988585175,-0.4318776293080995,-0.4070563901309794,14.949363899421654,0.002,2.2228221735200457,0.0,0.5056376115607468,6.436326321769943,7.030398282641647,0.013216799709621,3.336987896970057e-12,0.0002033495844978,0.0004799243525102,0.998170497814498,4908.642917956264,4.288014332455588,465049.24113890337,3.398587039912436,0.0217009167418258,0.0138226291451816,0.1296296296296296,-1.2466838428068685,0.444377967096051,-0.8597998304647052,0.0132849565148353,0.0923397172821892,0.1101335954666137,0.0098436017249603,1.1927001588064925,0.0,-0.8189284708529782,2,0,5.5811826145953205,2324.691065609896,0.2653485384398056,1231.3083081900588,0.0003954761482168,-0.4358913485612399,-0.4121289599371419,14.958283447768103,0.0018,2.231786657865557,0.0,0.7811953999190995,11.475396646452811,8.511489008113164,0.007108368075326,6.318677053734177e-12,0.0001476430792517,0.0003718361923116,0.9992622077539852,4098.394369580882,4.50933352767976,362007.5201546119,2.988707231042985,0.0221092298162166,0.0273619450162577,0.1296296296296296,-1.3841542836254392,-0.4378282103112408,-1.1131643600786203,0.0254926979541779,0.1280448439386155,0.1469073343276977,0.0156755031989257,1.1473115965382,5.731115090609198,2210.6711160048767,0.1531969342637533,1192.2450420768778,0.0007339988585175,-0.4318776293080995,-0.4070563901309794,14.949363899421654,0.002,2.2228221735200457,0.0,0.5056376115607468,6.436326321769943,7.030398282641647,0.013216799709621,3.336987896970057e-12,0.0002033495844978,0.0004799243525102,0.998170497814498,4908.642917956264,4.288014332455588,465049.24113890337,3.398587039912436,0.0217009167418258,0.0138226291451816,0.1296296296296296,-1.2466838428068685,0.444377967096051,-0.8597998304647052,0.0132849565148353,0.0923397172821892,0.1101335954666137,0.0098436017249603,1.1927001588064925,0.0,-0.8189284708529782
"MATLAB 2-31 PM Thu, Oct 31, 2024 Run13 .csv",0,5.757861457760656,2520.7822024670586,0.2220281438675448,1280.2725885343682,0.0303536883816024,-0.3998251716349813,-0.3709493516085738,7.943220858410019,0.0028,2.2289377496235465,0.0,-0.4384216521944986,11.707499486892669,9.508326112316396,0.323393228302748,1.710783882608127e-11,0.0001172377956923,4.2072119954931865e-05,0.9990090206496984,5836.943673280028,4.766629291946565,293640.40489188227,2.68820661648032,0.0135003305108192,0.0310409384642089,0.1666666666666666,-1.389692354566122,0.577124393314575,-0.5040146449693355,0.010616335272789,0.1154941737651824,0.13764129281044,0.0120038429634356,1.1917596214877997,5.935683362828375,3042.34543887252,0.0580798994793972,1038.7637072555135,0.0318870020258774,-0.3954698516807672,-0.3661499180420398,7.934413185120669,0.003,2.219972994752136,0.0,0.1841863943561461,9.75419093871572,7.461995408809946,0.3388269265129051,1.4298471399569447e-11,0.0001968927105878,2.9982574260677005e-06,0.9991877496212483,5074.782843092798,4.988642000546943,524496.7995215803,1.6525446741620753,0.0130903163438455,0.0440010914121416,0.1666666666666666,-1.25197370623525,-0.12237325093345,-1.2849812981012103,0.0244264060258865,0.1241738700866698,0.1474798357486725,0.0149548177586579,1.1876881637476202,1.0,0.4107214136514043,2,0,5.757861457760656,2520.7822024670586,0.2220281438675448,1280.2725885343682,0.0303536883816024,-0.3998251716349813,-0.3709493516085738,7.943220858410019,0.0028,2.2289377496235465,0.0,-0.4384216521944986,11.707499486892669,9.508326112316396,0.323393228302748,1.710783882608127e-11,0.0001172377956923,4.2072119954931865e-05,0.9990090206496984,5836.943673280028,4.766629291946565,293640.40489188227,2.68820661648032,0.0135003305108192,0.0310409384642089,0.1666666666666666,-1.389692354566122,0.577124393314575,-0.5040146449693355,0.010616335272789,0.1154941737651824,0.13764129281044,0.0120038429634356,1.1917596214877997,5.935683362828375,3042.34543887252,0.0580798994793972,1038.7637072555135,0.0318870020258774,-0.3954698516807672,-0.3661499180420398,7.934413185120669,0.003,2.219972994752136,0.0,0.1841863943561461,9.75419093871572,7.461995408809946,0.3388269265129051,1.4298471399569447e-11,0.0001968927105878,2.9982574260677005e-06,0.9991877496212483,5074.782843092798,4.988642000546943,524496.7995215803,1.6525446741620753,0.0130903163438455,0.0440010914121416,0.1666666666666666,-1.25197370623525,-0.12237325093345,-1.2849812981012103,0.0244264060258865,0.1241738700866698,0.1474798357486725,0.0149548177586579,1.1876881637476202,1.0,0.4107214136514043
"MATLAB 2-33 PM Mon, Oct 28, 2024 Run8 .csv",0,5.328934121658989,2077.6849985463155,0.2476591811825654,1200.0691088191145,0.0615229116182029,0.0276020345986879,0.055845060558487,-1.1794166960276171,0.001,0.2246643872605296,0.0,-0.7876226698078753,133.1793447081189,23.51138918567859,0.1172926203191057,9.761136584045119e-11,0.0004334202120162,0.0001575702229872,0.998973147622536,-401.2805250145848,4.165886915033923,588310.1990085621,60.62246811056749,0.3424750398001173,0.6653586744621163,1.0,4.602000539022853,-3.328345813350569,15.06697134119976,0.012294965982437,0.2594756643604814,0.2745751512050629,0.016388699100413,1.0581923043989367,6.030095695103972,2661.948151537413,0.1383441329104457,1070.264452047445,0.0616959428830542,0.0316947556051993,0.0610097897648689,-1.188056556731316,0.0007833333333333,0.2156992266002706,0.0,0.3891771998367572,104.1941773029732,22.46845180701638,0.1176225021455296,2.646689529540728e-11,0.0003844562860652,3.1428992247949466e-05,0.9990196630304512,2598.5260203572007,3.903595959470387,661747.5292749676,36.25825115411833,0.2056956534951017,0.6539595161504582,1.0,4.740091498622178,-0.7821560690560763,-0.1821758351897808,0.0717708599567413,0.2841444368738877,0.3375001895427704,0.0435649550588736,1.1877768688906751,0.0,0.69382479227744,2,0,5.328934121658989,2077.6849985463155,0.2476591811825654,1200.0691088191145,0.0615229116182029,0.0276020345986879,0.055845060558487,-1.1794166960276171,0.001,0.2246643872605296,0.0,-0.7876226698078753,133.1793447081189,23.51138918567859,0.1172926203191057,9.761136584045119e-11,0.0004334202120162,0.0001575702229872,0.998973147622536,-401.2805250145848,4.165886915033923,588310.1990085621,60.62246811056749,0.3424750398001173,0.6653586744621163,1.0,4.602000539022853,-3.328345813350569,15.06697134119976,0.012294965982437,0.2594756643604814,0.2745751512050629,0.016388699100413,1.0581923043989367,6.030095695103972,2661.948151537413,0.1383441329104457,1070.264452047445,0.0616959428830542,0.0316947556051993,0.0610097897648689,-1.188056556731316,0.0007833333333333,0.2156992266002706,0.0,0.3891771998367572,104.1941773029732,22.46845180701638,0.1176225021455296,2.646689529540728e-11,0.0003844562860652,3.1428992247949466e-05,0.9990196630304512,2598.5260203572007,3.903595959470387,661747.5292749676,36.25825115411833,0.2056956534951017,0.6539595161504582,1.0,4.740091498622178,-0.7821560690560763,-0.1821758351897808,0.0717708599567413,0.2841444368738877,0.3375001895427704,0.0435649550588736,1.1877768688906751,0.0,0.69382479227744
"MATLAB 2-37 PM Thu, Oct 31, 2024 Run14 .csv",0,5.86418747712273,2633.5097343562406,0.2409644537583268,1325.4185296325984,0.0573379067435391,-0.3706652184861154,-0.3562661139788159,3.8781895056936526,0.0015,2.2161176625344963,0.0,-0.5643061401223212,29.400729167553862,12.731346605432266,0.4319782028704788,1.3330183017971468e-11,9.586989065993068e-05,5.072532975653713e-05,0.997749224370604,7657.45513704636,4.405019285544749,394603.7697616104,1.3964277621847134,0.00776605316621,0.0170791029890374,0.3636363636363636,-1.4146136737991948,0.5475477739155074,-0.9753901355735644,0.017055851817131,0.1242355620861053,0.1459859347343444,0.0121965913054969,1.1750736446394014,5.9609523645152445,3077.2340515447054,0.0637081338036366,1064.090877361195,0.0537272121761288,-0.3665310287088449,-0.3486207934942876,3.8698852701612543,0.0019,1.2071516902965405,0.0,-0.1111445062747735,23.76799970484138,10.892637556990838,0.4045723812028025,1.0499088965565083e-11,0.0001429992175431,3.1729835953261287e-06,0.9989843526553542,6985.942789187494,4.2847930011939726,704258.1034778067,0.9343177460953024,0.0081975691810835,0.0268923093492413,0.625,-1.2757780916629669,-0.101919241646182,-1.2103056384545166,0.0359371542930602,0.1233269214630126,0.1613181781768799,0.025082283543559,1.308053231712763,0.0,0.4557313067077974,2,0,5.86418747712273,2633.5097343562406,0.2409644537583268,1325.4185296325984,0.0573379067435391,-0.3706652184861154,-0.3562661139788159,3.8781895056936526,0.0015,2.2161176625344963,0.0,-0.5643061401223212,29.400729167553862,12.731346605432266,0.4319782028704788,1.3330183017971468e-11,9.586989065993068e-05,5.072532975653713e-05,0.997749224370604,7657.45513704636,4.405019285544749,394603.7697616104,1.3964277621847134,0.00776605316621,0.0170791029890374,0.3636363636363636,-1.4146136737991948,0.5475477739155074,-0.9753901355735644,0.017055851817131,0.1242355620861053,0.1459859347343444,0.0121965913054969,1.1750736446394014,5.9609523645152445,3077.2340515447054,0.0637081338036366,1064.090877361195,0.0537272121761288,-0.3665310287088449,-0.3486207934942876,3.8698852701612543,0.0019,1.2071516902965405,0.0,-0.1111445062747735,23.76799970484138,10.892637556990838,0.4045723812028025,1.0499088965565083e-11,0.0001429992175431,3.1729835953261287e-06,0.9989843526553542,6985.942789187494,4.2847930011939726,704258.1034778067,0.9343177460953024,0.0081975691810835,0.0268923093492413,0.625,-1.2757780916629669,-0.101919241646182,-1.2103056384545166,0.0359371542930602,0.1233269214630126,0.1613181781768799,0.025082283543559,1.308053231712763,0.0,0.4557313067077974
"MATLAB 2-38 PM Thu, Oct 24, 2024 Run8 .csv",0,5.71317851123904,2160.2166250667715,0.2925512470079527,1275.1292535708965,0.0436322268223683,-0.39980867646264,-0.3850365055887025,6.313174174961959,0.001985,2.213268754292485,0.0158730158730158,1.4875715467140145,27.446746725070103,18.04218400730908,0.412604116046619,3.0166650718397976e-11,0.0001993427628752,0.0004594183177847,0.9990432024029524,2247.237621002814,3.462129725863065,496773.70009167306,102.2556872704366,0.6679820120019828,0.7503871824375382,0.0649087221095334,1.5798482552601223,1.816809237017586,7.66177758308263,0.0318287658691406,0.2088895823337413,0.3632524728775024,0.0292406514792412,1.7389688313758829,5.61524150223018,2102.708375385423,0.1388686963324419,1187.713008061043,0.0428408763412384,-0.3957495526505931,-0.3791643213424964,6.304981814486661,0.003085,2.2043025115286303,0.0,0.98631386207976,16.062948853611196,10.546296840078424,0.4051207834383853,2.5881098599709084e-11,0.0001579501354449,0.0003748550403988,0.9986113424469754,6322.320266671699,3.2828427642167566,502578.3652358664,127.5562354527289,0.5441660393156444,0.4307506932619002,0.6122448979591837,0.7189320449086518,0.2177145300985564,0.8520206339760197,0.0197432672977447,0.1729936932634424,0.2181718742847443,0.0169202044831082,1.2611550754772465,7.0,-0.2094345177683988,2,0,5.71317851123904,2160.2166250667715,0.2925512470079527,1275.1292535708965,0.0436322268223683,-0.39980867646264,-0.3850365055887025,6.313174174961959,0.001985,2.213268754292485,0.0158730158730158,1.4875715467140145,27.446746725070103,18.04218400730908,0.412604116046619,3.0166650718397976e-11,0.0001993427628752,0.0004594183177847,0.9990432024029524,2247.237621002814,3.462129725863065,496773.70009167306,102.2556872704366,0.6679820120019828,0.7503871824375382,0.0649087221095334,1.5798482552601223,1.816809237017586,7.66177758308263,0.0318287658691406,0.2088895823337413,0.3632524728775024,0.0292406514792412,1.7389688313758829,5.61524150223018,2102.708375385423,0.1388686963324419,1187.713008061043,0.0428408763412384,-0.3957495526505931,-0.3791643213424964,6.304981814486661,0.003085,2.2043025115286303,0.0,0.98631386207976,16.062948853611196,10.546296840078424,0.4051207834383853,2.5881098599709084e-11,0.0001579501354449,0.0003748550403988,0.9986113424469754,6322.320266671699,3.2828427642167566,502578.3652358664,127.5562354527289,0.5441660393156444,0.4307506932619002,0.6122448979591837,0.7189320449086518,0.2177145300985564,0.8520206339760197,0.0197432672977447,0.1729936932634424,0.2181718742847443,0.0169202044831082,1.2611550754772465,7.0,-0.2094345177683988
"MATLAB 2-39 PM Mon, Oct 28, 2024 Run9 .csv",0,5.350319820064023,2046.1022439090104,0.2473185350522684,1195.1855243865216,0.0764297581021437,-0.0770610644730009,-0.02640689754097,-0.7511875937284138,0.00136,0.210419846050474,0.1666666666666666,-0.870351158240868,111.1761492241091,21.4094659596163,0.1774734737540856,1.533562529504027e-10,0.0001675910213899,0.0001799289191159,0.9989428595868038,3181.574530212075,4.518111054986549,449947.82185951184,13.398665943330393,0.0696510489054457,0.108916979835107,1.0,-1.4256898156805602,-2.3378867491764,4.560437592042592,0.0152744150161743,0.2598142847418785,0.2844766628742218,0.0301191928704631,1.0949231030805135,6.112301331602245,2688.425967171997,0.1432176555525291,1084.7265452531783,0.0770010399592241,-0.0729376126869074,-0.0214078495318216,-0.7592680791466124,0.00054,0.2014533327607202,0.3333333333333333,1.1026724984726473,91.65946058620976,20.903507949371413,0.1787698269947873,3.086417827730137e-11,0.0001575366731414,2.6339837615256465e-05,0.9990051016917648,6341.412966075313,3.8417806240180665,668899.2627634346,7.420096149696344,0.0385046274966264,0.1197933914638518,1.0,-1.2863578185197295,-0.9017566078537318,-0.546588029110803,0.0674636059999465,0.290471275349458,0.3414003956317902,0.0509783929443206,1.1753327251414472,0.0,0.5192310178011622,2,0,5.350319820064023,2046.1022439090104,0.2473185350522684,1195.1855243865216,0.0764297581021437,-0.0770610644730009,-0.02640689754097,-0.7511875937284138,0.00136,0.210419846050474,0.1666666666666666,-0.870351158240868,111.1761492241091,21.4094659596163,0.1774734737540856,1.533562529504027e-10,0.0001675910213899,0.0001799289191159,0.9989428595868038,3181.574530212075,4.518111054986549,449947.82185951184,13.398665943330393,0.0696510489054457,0.108916979835107,1.0,-1.4256898156805602,-2.3378867491764,4.560437592042592,0.0152744150161743,0.2598142847418785,0.2844766628742218,0.0301191928704631,1.0949231030805135,6.112301331602245,2688.425967171997,0.1432176555525291,1084.7265452531783,0.0770010399592241,-0.0729376126869074,-0.0214078495318216,-0.7592680791466124,0.00054,0.2014533327607202,0.3333333333333333,1.1026724984726473,91.65946058620976,20.903507949371413,0.1787698269947873,3.086417827730137e-11,0.0001575366731414,2.6339837615256465e-05,0.9990051016917648,6341.412966075313,3.8417806240180665,668899.2627634346,7.420096149696344,0.0385046274966264,0.1197933914638518,1.0,-1.2863578185197295,-0.9017566078537318,-0.546588029110803,0.0674636059999465,0.290471275349458,0.3414003956317902,0.0509783929443206,1.1753327251414472,0.0,0.5192310178011622
"MATLAB 2-40 PM Thu, Oct 24, 2024 Run9 .csv",0,5.700251736821371,2230.229270702396,0.2860321154129797,1265.022556199405,0.0394188837019599,-0.4110311807959499,-0.3920624846693816,6.828220742335372,0.0011,2.2061464836874576,0.0,1.3920074678642766,25.831115497676738,11.90783419629144,0.3944956673323325,5.0690854689052957e-11,0.0001900039109938,0.0003563601974408,0.9990806837833506,2457.32177945275,4.104711055521708,412066.0772548616,4.625492511419945,0.0320416128984074,0.0401152049990926,0.375,-1.4339969220915845,0.1110625298285909,-1.099602251128385,0.0278129029273987,0.2052954756021499,0.2429654908180237,0.0237863934662442,1.1834916970546197,5.689145716650341,2208.3502229192845,0.1440171082944673,1178.5809506788669,0.0414015834005686,-0.4071819441191648,-0.3884981410208365,6.820308069502825,0.0009,2.197179564608855,0.0,0.996298910172397,16.87515095808292,9.788416117619343,0.415122828582057,2.397906164287888e-11,0.0002303338356594,0.0002953104151109,0.9986284435767476,4335.569894530434,3.863357195855613,465914.6402729831,5.405809689620386,0.0325234449264311,0.0291756588832719,0.2272727272727272,-1.294292613662302,0.4527625659819949,-1.1814607778055006,0.0225092330574988,0.1748889034986496,0.2007989299297333,0.0140825189098507,1.1481513458701726,0.0,-0.564700324019306,2,0,5.700251736821371,2230.229270702396,0.2860321154129797,1265.022556199405,0.0394188837019599,-0.4110311807959499,-0.3920624846693816,6.828220742335372,0.0011,2.2061464836874576,0.0,1.3920074678642766,25.831115497676738,11.90783419629144,0.3944956673323325,5.0690854689052957e-11,0.0001900039109938,0.0003563601974408,0.9990806837833506,2457.32177945275,4.104711055521708,412066.0772548616,4.625492511419945,0.0320416128984074,0.0401152049990926,0.375,-1.4339969220915845,0.1110625298285909,-1.099602251128385,0.0278129029273987,0.2052954756021499,0.2429654908180237,0.0237863934662442,1.1834916970546197,5.689145716650341,2208.3502229192845,0.1440171082944673,1178.5809506788669,0.0414015834005686,-0.4071819441191648,-0.3884981410208365,6.820308069502825,0.0009,2.197179564608855,0.0,0.996298910172397,16.87515095808292,9.788416117619343,0.415122828582057,2.397906164287888e-11,0.0002303338356594,0.0002953104151109,0.9986284435767476,4335.569894530434,3.863357195855613,465914.6402729831,5.405809689620386,0.0325234449264311,0.0291756588832719,0.2272727272727272,-1.294292613662302,0.4527625659819949,-1.1814607778055006,0.0225092330574988,0.1748889034986496,0.2007989299297333,0.0140825189098507,1.1481513458701726,0.0,-0.564700324019306
"MATLAB 2-40 PM Thu, Oct 31, 2024 Run15 .csv",0,5.641276505112163,2576.2403718867167,0.2086057439123073,1332.8356188215353,0.0598976255722928,-0.3778993341762666,-0.3568476805180534,3.820739453099876,0.0014,2.204722029566452,0.0,-0.5737252523293745,25.654506560707464,11.48757907808389,0.4465528749405836,1.7400242728675053e-11,7.06581428021038e-05,3.289647798592442e-05,0.9979960609114672,11316.111746001405,4.248523712990139,360509.0743547424,1.5093048086968115,0.0073524351524186,0.0165595147657566,0.2857142857142857,-1.4367659575619258,1.1986656001005322,0.2207158988192783,0.0082251298427581,0.1234753477573394,0.1423594498634338,0.0088269975448073,1.1529382378675817,5.891159880278349,3101.4937338155223,0.0501439440863213,1038.8383280424146,0.0623086046653522,-0.3737654082601568,-0.3529949049897067,3.812882717795878,0.0016,2.1957549752249,0.0,-0.267474817516096,24.813943503907293,12.59517174383328,0.4641813115512233,9.580492923180175e-12,0.0001346590805311,2.59754680956034e-06,0.9990764403882728,7419.302407587936,4.159046119047788,676500.6018451516,0.8296579158105153,0.006911369186112,0.024069783873297,0.2857142857142857,-1.2969375453764926,0.1937947990388912,-1.8249660948828983,0.0489546543359756,0.1214285886287688,0.1525372529029846,0.0242253708730735,1.256188963616476,0.0,0.2225176871445205,2,0,5.641276505112163,2576.2403718867167,0.2086057439123073,1332.8356188215353,0.0598976255722928,-0.3778993341762666,-0.3568476805180534,3.820739453099876,0.0014,2.204722029566452,0.0,-0.5737252523293745,25.654506560707464,11.48757907808389,0.4465528749405836,1.7400242728675053e-11,7.06581428021038e-05,3.289647798592442e-05,0.9979960609114672,11316.111746001405,4.248523712990139,360509.0743547424,1.5093048086968115,0.0073524351524186,0.0165595147657566,0.2857142857142857,-1.4367659575619258,1.1986656001005322,0.2207158988192783,0.0082251298427581,0.1234753477573394,0.1423594498634338,0.0088269975448073,1.1529382378675817,5.891159880278349,3101.4937338155223,0.0501439440863213,1038.8383280424146,0.0623086046653522,-0.3737654082601568,-0.3529949049897067,3.812882717795878,0.0016,2.1957549752249,0.0,-0.267474817516096,24.813943503907293,12.59517174383328,0.4641813115512233,9.580492923180175e-12,0.0001346590805311,2.59754680956034e-06,0.9990764403882728,7419.302407587936,4.159046119047788,676500.6018451516,0.8296579158105153,0.006911369186112,0.024069783873297,0.2857142857142857,-1.2969375453764926,0.1937947990388912,-1.8249660948828983,0.0489546543359756,0.1214285886287688,0.1525372529029846,0.0242253708730735,1.256188963616476,0.0,0.2225176871445205
"MATLAB 2-40 PM Tue, Oct 22, 2024 Run8 .csv",0,4.960327945761129,1856.319541080762,0.1960033617549344,1302.8046054932552,0.0005114117222451,-0.4679595509394927,-0.4481328762546377,18.815058359832022,0.0023,2.203297575445446,0.0,0.5903209133433308,5.922908570220663,7.173058327957833,0.0113263511671197,4.735517718153703e-12,0.0001881769106484,0.0001915117148462,0.9994481588182138,2495.7496475910007,4.4271433367441695,169602.53474894847,9.745380525139712,0.0219331750070509,0.0309004611190591,0.081081081081081,-1.4395349930322672,-0.1373937382035312,-1.6300568066151273,0.0297586688399314,0.1415785616636276,0.1600986409187317,0.0140301220422716,1.1308113250868124,4.448034338774072,1586.3207681822291,0.0147083318835078,1230.0281205750362,0.0007804876659196,-0.4639298246726023,-0.4432916688471094,18.80725756205658,0.0021,2.194330385840945,0.0,0.3868687793615256,2.1496208718799457,4.872443979636632,0.0172856369951855,4.861023683158563e-12,0.0001615352116079,0.0001768649533847,0.999280419332356,6186.146100191721,3.943098686516474,152596.6536490975,13.632286927047884,0.0211747900979981,0.0162068274542968,0.081081081081081,-1.2995824770906834,0.2997482956972873,-1.10635215248926,0.0095876318216324,0.0971096116304397,0.1078545129299164,0.0058351046261207,1.1106471452112014,0.0,0.7933574174996224,2,0,4.960327945761129,1856.319541080762,0.1960033617549344,1302.8046054932552,0.0005114117222451,-0.4679595509394927,-0.4481328762546377,18.815058359832022,0.0023,2.203297575445446,0.0,0.5903209133433308,5.922908570220663,7.173058327957833,0.0113263511671197,4.735517718153703e-12,0.0001881769106484,0.0001915117148462,0.9994481588182138,2495.7496475910007,4.4271433367441695,169602.53474894847,9.745380525139712,0.0219331750070509,0.0309004611190591,0.081081081081081,-1.4395349930322672,-0.1373937382035312,-1.6300568066151273,0.0297586688399314,0.1415785616636276,0.1600986409187317,0.0140301220422716,1.1308113250868124,4.448034338774072,1586.3207681822291,0.0147083318835078,1230.0281205750362,0.0007804876659196,-0.4639298246726023,-0.4432916688471094,18.80725756205658,0.0021,2.194330385840945,0.0,0.3868687793615256,2.1496208718799457,4.872443979636632,0.0172856369951855,4.861023683158563e-12,0.0001615352116079,0.0001768649533847,0.999280419332356,6186.146100191721,3.943098686516474,152596.6536490975,13.632286927047884,0.0211747900979981,0.0162068274542968,0.081081081081081,-1.2995824770906834,0.2997482956972873,-1.10635215248926,0.0095876318216324,0.0971096116304397,0.1078545129299164,0.0058351046261207,1.1106471452112014,0.0,0.7933574174996224
"MATLAB 2-43 PM Thu, Oct 31, 2024 Run16 .csv",0,5.84991107879762,2708.838767761806,0.2215740115201802,1290.0097418464095,0.0044324560496431,-0.2745704609873588,-0.2575032680584866,0.7988956507159344,0.0003,0.2004486672034351,0.0,-2.101203305067111,66.3099623964884,19.59403117838859,0.0184148568906122,4.239692277355095e-12,0.0001154195562738,3.389813572278191e-05,0.9951000273823728,5791.546742827071,4.459539894426492,311323.54694749066,0.576451571473032,0.0031988247774985,0.0076922178890302,1.0,-1.44507306397295,-0.7502624151340428,-0.9517752780755284,0.0029155164957046,0.1036343228816985,0.1066047763824463,0.002853750325339,1.0286628350352476,5.874138228979511,3203.962775007568,0.0508531295126869,969.5363216456336,0.003873270219825,-0.2698158006864012,-0.252085196891355,0.7912067279975865,0.0008,0.1914812070730349,0.0,0.4999250379957646,53.13329471927404,15.373967401102531,0.0160428146759221,4.145094201808244e-12,0.0001840992369297,3.521271383771882e-06,0.9972599898802386,5416.969708902011,3.954914685305268,633376.0778765202,0.3486121714030356,0.003604254976135,0.0121559588545554,1.0,-1.304872340519065,-0.0707982650155172,-1.1180884848925494,0.0273560583591461,0.1358389735221862,0.1708367371559143,0.0256086500696187,1.2576415495955726,0.0,0.3229826460263836,2,0,5.84991107879762,2708.838767761806,0.2215740115201802,1290.0097418464095,0.0044324560496431,-0.2745704609873588,-0.2575032680584866,0.7988956507159344,0.0003,0.2004486672034351,0.0,-2.101203305067111,66.3099623964884,19.59403117838859,0.0184148568906122,4.239692277355095e-12,0.0001154195562738,3.389813572278191e-05,0.9951000273823728,5791.546742827071,4.459539894426492,311323.54694749066,0.576451571473032,0.0031988247774985,0.0076922178890302,1.0,-1.44507306397295,-0.7502624151340428,-0.9517752780755284,0.0029155164957046,0.1036343228816985,0.1066047763824463,0.002853750325339,1.0286628350352476,5.874138228979511,3203.962775007568,0.0508531295126869,969.5363216456336,0.003873270219825,-0.2698158006864012,-0.252085196891355,0.7912067279975865,0.0008,0.1914812070730349,0.0,0.4999250379957646,53.13329471927404,15.373967401102531,0.0160428146759221,4.145094201808244e-12,0.0001840992369297,3.521271383771882e-06,0.9972599898802386,5416.969708902011,3.954914685305268,633376.0778765202,0.3486121714030356,0.003604254976135,0.0121559588545554,1.0,-1.304872340519065,-0.0707982650155172,-1.1180884848925494,0.0273560583591461,0.1358389735221862,0.1708367371559143,0.0256086500696187,1.2576415495955726,0.0,0.3229826460263836
"MATLAB 2-45 PM Thu, Oct 24, 2024 Run10 .csv",0,5.802276669065716,2237.330669122691,0.3029829807506556,1274.4357908389616,0.0410326002433488,-0.4249289897782819,-0.4129736595556673,7.784683131267377,0.00215,2.197599758961424,0.0,1.3424649420601191,23.548195894400607,11.952929650859398,0.4435956786995168,2.953369146634623e-11,0.000216172988375,0.0003559065977019,0.99910593577648,1777.1696242862045,4.687694911483475,307234.8292076763,10.513354361705137,0.0683856612548101,0.0902508561827922,0.3684210526315789,-1.4506111349136328,0.1552929826997718,-0.557482870598589,0.0375351464748382,0.2029288560152053,0.2598289024829864,0.0253397546569875,1.280394063146532,5.683111346667177,2189.821920399692,0.1307059896707215,1148.185943367312,0.0393975617157976,-0.4251751530139409,-0.4112287246251667,8.277131085299231,0.00265,2.1886320283051246,0.0434782608695652,0.9191969149199032,15.709831174006595,12.6478551911814,0.4464772876502949,3.3529065372132327e-11,0.0001626737860623,0.0002510200547054,0.9988017531865268,6139.905988318707,4.441941078298775,396934.539386293,12.5978061126881,0.0553854093474821,0.0566549318481257,0.4117647058823529,-1.3101622039474463,2.4525339582372854,7.885922359483937,0.0132607007026672,0.1726439453207928,0.2850331008434296,0.0285284153068186,1.6509881091619198,1.0,0.4621984329832406,2,0,5.802276669065716,2237.330669122691,0.3029829807506556,1274.4357908389616,0.0410326002433488,-0.4249289897782819,-0.4129736595556673,7.784683131267377,0.00215,2.197599758961424,0.0,1.3424649420601191,23.548195894400607,11.952929650859398,0.4435956786995168,2.953369146634623e-11,0.000216172988375,0.0003559065977019,0.99910593577648,1777.1696242862045,4.687694911483475,307234.8292076763,10.513354361705137,0.0683856612548101,0.0902508561827922,0.3684210526315789,-1.4506111349136328,0.1552929826997718,-0.557482870598589,0.0375351464748382,0.2029288560152053,0.2598289024829864,0.0253397546569875,1.280394063146532,5.683111346667177,2189.821920399692,0.1307059896707215,1148.185943367312,0.0393975617157976,-0.4251751530139409,-0.4112287246251667,8.277131085299231,0.00265,2.1886320283051246,0.0434782608695652,0.9191969149199032,15.709831174006595,12.6478551911814,0.4464772876502949,3.3529065372132327e-11,0.0001626737860623,0.0002510200547054,0.9988017531865268,6139.905988318707,4.441941078298775,396934.539386293,12.5978061126881,0.0553854093474821,0.0566549318481257,0.4117647058823529,-1.3101622039474463,2.4525339582372854,7.885922359483937,0.0132607007026672,0.1726439453207928,0.2850331008434296,0.0285284153068186,1.6509881091619198,1.0,0.4621984329832406
"MATLAB 2-45 PM Thu, Oct 31, 2024 Run17 .csv",0,5.602172078062409,2595.479396121182,0.2014293761801719,1346.6466840064866,0.0007071067805408,-0.0340082545867235,-0.014758855725982,-1.2229481557826882,0.00015,0.1961753048404184,0.0,-1.3533904802983143,127.85627514520384,23.82639957651613,0.0014594567206756,1.633350279054733e-12,0.0002014850565543,3.3748220555872986e-05,0.998859229506319,2105.5777285129043,4.368763328153958,329888.69457510737,0.5016237113406757,0.0025659582007361,0.0059075395585178,1.0,-1.4533801703839742,-0.251536608708344,-1.1661895734564784,0.0023428544402122,0.1020274958014487,0.1046231889724731,0.0020292220216501,1.0254411141882351,5.8268041424539305,3135.116493194467,0.0565029142996008,1021.9972327598072,0.0021228911085208,-0.0299995265663735,-0.0118754889164327,-1.2304692659153855,0.0003,0.1872074389211697,0.0,0.4629651247790434,111.74598056396572,20.326746858624897,0.0043816121989718,1.1115359212500369e-12,0.000436649138259,5.702782442218116e-06,0.9985844107310192,2286.9263287968924,3.604809198662586,662694.4145732204,0.2948396050839073,0.0024596875958059,0.0084357589738156,1.0,-1.312807135661637,-0.4907020259596679,-1.3745467894385202,0.0243733966350555,0.1220154094696044,0.136929360628128,0.016224572602327,1.122230062771201,0.0,0.9532985733013768,2,0,5.602172078062409,2595.479396121182,0.2014293761801719,1346.6466840064866,0.0007071067805408,-0.0340082545867235,-0.014758855725982,-1.2229481557826882,0.00015,0.1961753048404184,0.0,-1.3533904802983143,127.85627514520384,23.82639957651613,0.0014594567206756,1.633350279054733e-12,0.0002014850565543,3.3748220555872986e-05,0.998859229506319,2105.5777285129043,4.368763328153958,329888.69457510737,0.5016237113406757,0.0025659582007361,0.0059075395585178,1.0,-1.4533801703839742,-0.251536608708344,-1.1661895734564784,0.0023428544402122,0.1020274958014487,0.1046231889724731,0.0020292220216501,1.0254411141882351,5.8268041424539305,3135.116493194467,0.0565029142996008,1021.9972327598072,0.0021228911085208,-0.0299995265663735,-0.0118754889164327,-1.2304692659153855,0.0003,0.1872074389211697,0.0,0.4629651247790434,111.74598056396572,20.326746858624897,0.0043816121989718,1.1115359212500369e-12,0.000436649138259,5.702782442218116e-06,0.9985844107310192,2286.9263287968924,3.604809198662586,662694.4145732204,0.2948396050839073,0.0024596875958059,0.0084357589738156,1.0,-1.312807135661637,-0.4907020259596679,-1.3745467894385202,0.0243733966350555,0.1220154094696044,0.136929360628128,0.016224572602327,1.122230062771201,0.0,0.9532985733013768
"MATLAB 2-46 PM Thu, Oct 31, 2024 Run18 .csv",0,5.599374991982582,2544.818213438364,0.2141308753517315,1314.2211870787305,0.2432104299338809,0.199433216282676,0.3434207523217132,-1.837382673904272,0.00018,0.1933263965984073,0.1428571428571428,-1.427606342930793,180.76307156956105,27.476860585814727,0.337745355019091,9.709068264842633e-13,0.0002614016621497,3.416472922297269e-05,0.9978220692485036,950.7142905829088,4.385524595256778,285493.1378261817,0.8516923783338554,0.0042028899968904,0.0105688499782222,1.0,0.5410817586753431,1.3509620276407992,0.6818689852346811,0.0037469607591629,0.1004145646095275,0.110042997598648,0.0043307957717871,1.0958868170823786,5.8600948462020686,3122.8732538894706,0.0771517488269235,1002.444139157044,0.2439939819502661,0.2035335450043219,0.3481809828897138,-1.8447919089798688,0.00014,0.1843582601532597,0.1428571428571428,0.4915620208141651,134.28932044462874,26.34078619476156,0.3387864234467179,7.012711197058874e-13,0.0007223947286046,9.204820473113295e-06,0.9970715788114372,1380.2309725283778,3.3744801631183283,628168.0990274431,0.4588789930925692,0.0044584760553325,0.0149706452704937,1.0,0.6819030009099816,-0.6041677099908607,-1.1509982975064867,0.0150655901432037,0.1222299253940582,0.1329546201229095,0.010133338212991,1.0877419723056845,0.0,0.3419604658595913,2,0,5.599374991982582,2544.818213438364,0.2141308753517315,1314.2211870787305,0.2432104299338809,0.199433216282676,0.3434207523217132,-1.837382673904272,0.00018,0.1933263965984073,0.1428571428571428,-1.427606342930793,180.76307156956105,27.476860585814727,0.337745355019091,9.709068264842633e-13,0.0002614016621497,3.416472922297269e-05,0.9978220692485036,950.7142905829088,4.385524595256778,285493.1378261817,0.8516923783338554,0.0042028899968904,0.0105688499782222,1.0,0.5410817586753431,1.3509620276407992,0.6818689852346811,0.0037469607591629,0.1004145646095275,0.110042997598648,0.0043307957717871,1.0958868170823786,5.8600948462020686,3122.8732538894706,0.0771517488269235,1002.444139157044,0.2439939819502661,0.2035335450043219,0.3481809828897138,-1.8447919089798688,0.00014,0.1843582601532597,0.1428571428571428,0.4915620208141651,134.28932044462874,26.34078619476156,0.3387864234467179,7.012711197058874e-13,0.0007223947286046,9.204820473113295e-06,0.9970715788114372,1380.2309725283778,3.3744801631183283,628168.0990274431,0.4588789930925692,0.0044584760553325,0.0149706452704937,1.0,0.6819030009099816,-0.6041677099908607,-1.1509982975064867,0.0150655901432037,0.1222299253940582,0.1329546201229095,0.010133338212991,1.0877419723056845,0.0,0.3419604658595913
"MATLAB 2-47 PM Mon, Oct 28, 2024 Run10 .csv",0,5.493377718647107,2068.822766069225,0.2374785336382798,1231.8926466629518,0.0330907801672741,-0.4006817917619399,-0.3688848344989381,4.741125562455256,0.00451,2.189053034235391,0.0375,-0.8444275922123914,45.60929284553953,17.54517910447877,0.2685443300729749,1.726179464369148e-10,0.000138599846254,0.0001152660735998,0.9990551616986464,4319.848854178165,3.5290281656014093,379881.0661735858,46.980555757280335,0.1971185522868802,0.3298362654690969,0.1,1.5327746522643189,1.4386533422449348,0.4843957349136407,0.0144333326816558,0.1641541886180639,0.3305460000038147,0.0572225026599111,2.0136312255357254,5.982843568127189,2609.123187027212,0.1090014095808539,1171.7136173885467,0.0331928951975118,-0.3967345683172081,-0.3648593082913309,4.733884139965309,0.00426,2.180084492001394,0.0125,0.3096189871223221,28.99755326059412,15.830097735787383,0.2694616111684131,3.581848027591069e-11,0.0001099541138628,1.3529851161401335e-05,0.9993180566042956,9088.500843640544,3.4957657117122807,613267.085274726,31.88767200820028,0.1285037898705466,0.3788342824246843,0.0894736842105263,1.6739682057674092,1.391416481224608,0.6058431141495513,0.042215393781662,0.1713529120832681,0.3401011836528778,0.0651056353519198,1.9847995550119808,6.0,0.8914207193634335,2,0,5.493377718647107,2068.822766069225,0.2374785336382798,1231.8926466629518,0.0330907801672741,-0.4006817917619399,-0.3688848344989381,4.741125562455256,0.00451,2.189053034235391,0.0375,-0.8444275922123914,45.60929284553953,17.54517910447877,0.2685443300729749,1.726179464369148e-10,0.000138599846254,0.0001152660735998,0.9990551616986464,4319.848854178165,3.5290281656014093,379881.0661735858,46.980555757280335,0.1971185522868802,0.3298362654690969,0.1,1.5327746522643189,1.4386533422449348,0.4843957349136407,0.0144333326816558,0.1641541886180639,0.3305460000038147,0.0572225026599111,2.0136312255357254,5.982843568127189,2609.123187027212,0.1090014095808539,1171.7136173885467,0.0331928951975118,-0.3967345683172081,-0.3648593082913309,4.733884139965309,0.00426,2.180084492001394,0.0125,0.3096189871223221,28.99755326059412,15.830097735787383,0.2694616111684131,3.581848027591069e-11,0.0001099541138628,1.3529851161401335e-05,0.9993180566042956,9088.500843640544,3.4957657117122807,613267.085274726,31.88767200820028,0.1285037898705466,0.3788342824246843,0.0894736842105263,1.6739682057674092,1.391416481224608,0.6058431141495513,0.042215393781662,0.1713529120832681,0.3401011836528778,0.0651056353519198,1.9847995550119808,6.0,0.8914207193634335
"MATLAB 2-47 PM Tue, Oct 22, 2024 Run9 .csv",0,5.470520487056213,2308.438525255283,0.242742236311092,1267.1212715391694,0.0008021597138156,-0.4678485468570944,-0.4503700302448031,14.735664493967215,0.0021,2.187628580114385,0.0,0.7780165473660685,10.048682747269734,8.352008769980502,0.0140396531936048,9.586322124691379e-12,0.0001193329295349,0.0001887369260111,0.9992653417709876,5478.122577006308,4.66920071493108,180809.95173339325,2.858961166466188,0.0139808688570979,0.0232357099106912,0.1296296296296296,-1.4699943832060227,-0.0978095417650142,-1.6562345619316974,0.0341939485073089,0.1242355212900373,0.1459981429576874,0.0170364974442488,1.1751722972759422,5.740796514225913,2343.7576381171607,0.1258854638753569,1176.5167160389094,0.00090679861908,-0.4639356049678244,-0.4456560721565288,14.72847900900582,0.0018,2.17865990261744,0.0,0.5623313505770954,8.311661942027229,6.627099839157715,0.0158907087290174,4.42208134206294e-12,0.0001565515922945,0.0001899740215095,0.9985752594293182,6378.5698043287175,5.059575164483004,224243.62477167777,2.713787404192133,0.0115861377485407,0.0130792534282587,0.1296296296296296,-1.3286767259467815,-1.5046293123697496,3.180142632769442,0.0041045331954956,0.0975342449214723,0.1030650341510772,0.0040751157372772,1.056706126489808,0.0,-0.7127013841917326,2,0,5.470520487056213,2308.438525255283,0.242742236311092,1267.1212715391694,0.0008021597138156,-0.4678485468570944,-0.4503700302448031,14.735664493967215,0.0021,2.187628580114385,0.0,0.7780165473660685,10.048682747269734,8.352008769980502,0.0140396531936048,9.586322124691379e-12,0.0001193329295349,0.0001887369260111,0.9992653417709876,5478.122577006308,4.66920071493108,180809.95173339325,2.858961166466188,0.0139808688570979,0.0232357099106912,0.1296296296296296,-1.4699943832060227,-0.0978095417650142,-1.6562345619316974,0.0341939485073089,0.1242355212900373,0.1459981429576874,0.0170364974442488,1.1751722972759422,5.740796514225913,2343.7576381171607,0.1258854638753569,1176.5167160389094,0.00090679861908,-0.4639356049678244,-0.4456560721565288,14.72847900900582,0.0018,2.17865990261744,0.0,0.5623313505770954,8.311661942027229,6.627099839157715,0.0158907087290174,4.42208134206294e-12,0.0001565515922945,0.0001899740215095,0.9985752594293182,6378.5698043287175,5.059575164483004,224243.62477167777,2.713787404192133,0.0115861377485407,0.0130792534282587,0.1296296296296296,-1.3286767259467815,-1.5046293123697496,3.180142632769442,0.0041045331954956,0.0975342449214723,0.1030650341510772,0.0040751157372772,1.056706126489808,0.0,-0.7127013841917326
"MATLAB 2-48 PM Tue, Jun 11, 2024 Run3 .csv",0,5.470563111852253,2152.307938372622,0.1610482677091287,782.8357871538104,0.0498705323203405,-0.4012203357185772,-0.3816256177581346,4.5123985359613314,0.00459,2.1833552177513686,0.0512820512820512,0.5571317547952582,21.924796627877857,13.849962523624637,0.3926773416843292,1.2501276570720914e-11,0.0005480769865963,0.0132202298864175,0.9861776817305276,-1118.1611378908997,5.008759166028911,42542.18608171168,21.34613526869776,3.024163709078842,0.6173471467404741,0.22,0.5216985103829532,0.1171857549079277,-1.2938561574674865,0.0841018080711365,0.1420286580843803,0.23085364818573,0.0459509479541262,1.6254018822636351,4.722460377041384,1605.391624533382,-0.016758886959056,750.9546631363486,0.077116959516201,-0.3623273699408755,-0.3571463640468804,2.805363861910773,0.00437,2.1743861344655744,0.0491803278688524,-0.1635030172241234,12.81090307084702,10.956792684468237,0.4762560033624596,1.11818813432242e-10,0.000249021319696,0.0234496707640567,0.976290913328024,3920.511362318707,4.324278872813291,53000.69620757014,73.90116957225574,9.243099455625016,0.2994141867872595,0.34375,0.6633884789106461,0.4892201780166215,1.1923348838434622,0.0384359848499297,0.1454717041429925,0.2502152478694916,0.0292026821017857,1.7200269244357005,3.0,0.1717989902759956,2,0,5.470563111852253,2152.307938372622,0.1610482677091287,782.8357871538104,0.0498705323203405,-0.4012203357185772,-0.3816256177581346,4.5123985359613314,0.00459,2.1833552177513686,0.0512820512820512,0.5571317547952582,21.924796627877857,13.849962523624637,0.3926773416843292,1.2501276570720914e-11,0.0005480769865963,0.0132202298864175,0.9861776817305276,-1118.1611378908997,5.008759166028911,42542.18608171168,21.34613526869776,3.024163709078842,0.6173471467404741,0.22,0.5216985103829532,0.1171857549079277,-1.2938561574674865,0.0841018080711365,0.1420286580843803,0.23085364818573,0.0459509479541262,1.6254018822636351,4.722460377041384,1605.391624533382,-0.016758886959056,750.9546631363486,0.077116959516201,-0.3623273699408755,-0.3571463640468804,2.805363861910773,0.00437,2.1743861344655744,0.0491803278688524,-0.1635030172241234,12.81090307084702,10.956792684468237,0.4762560033624596,1.11818813432242e-10,0.000249021319696,0.0234496707640567,0.976290913328024,3920.511362318707,4.324278872813291,53000.69620757014,73.90116957225574,9.243099455625016,0.2994141867872595,0.34375,0.6633884789106461,0.4892201780166215,1.1923348838434622,0.0384359848499297,0.1454717041429925,0.2502152478694916,0.0292026821017857,1.7200269244357005,3.0,0.1717989902759956
"MATLAB 2-50 PM Tue, Oct 22, 2024 Run10 .csv",0,5.482464984613987,2226.164464605561,0.2388061853615057,1302.7504607835467,0.0006457079639984,-0.46600367095865,-0.4501515967847478,11.677914408712166,0.0018,2.1762329471463406,0.0,0.9218473901524876,12.91942392758052,9.096014184028256,0.00954987481934,4.802664592366177e-12,0.0001222779396634,0.0001826006305636,0.999244662025556,5217.968496123179,4.401508573838336,323382.1058843227,3.0229195919439245,0.0113588908554286,0.0194439064155618,0.1333333333333333,-1.4921466669687538,-0.6752988919423362,-0.5860625006782736,0.017656946182251,0.1306838049093882,0.1468045282363891,0.0126185547031791,1.123356703136846,5.464840969932133,2125.91691086777,0.0956801791161935,1237.3448070112613,0.0008669969274088,-0.4621465951713878,-0.445530183655951,11.671176423979167,0.0015,2.1672631875457995,0.0,0.6434734715156,8.946801143656065,7.190951281860125,0.0128403226430535,3.679567933290597e-12,0.0001646620967264,0.0001593087748501,0.9988865234679384,6066.280846207932,4.129619418470954,372825.03693774814,3.456520711880901,0.0095424620677443,0.0110844952007735,0.1333333333333333,-1.3498361796603071,-0.4973438400833196,-1.0838534413654366,0.0087761062383651,0.1005642331441243,0.1087463557720184,0.0056451468533127,1.081362154039079,0.0,0.0420552079363794,2,0,5.482464984613987,2226.164464605561,0.2388061853615057,1302.7504607835467,0.0006457079639984,-0.46600367095865,-0.4501515967847478,11.677914408712166,0.0018,2.1762329471463406,0.0,0.9218473901524876,12.91942392758052,9.096014184028256,0.00954987481934,4.802664592366177e-12,0.0001222779396634,0.0001826006305636,0.999244662025556,5217.968496123179,4.401508573838336,323382.1058843227,3.0229195919439245,0.0113588908554286,0.0194439064155618,0.1333333333333333,-1.4921466669687538,-0.6752988919423362,-0.5860625006782736,0.017656946182251,0.1306838049093882,0.1468045282363891,0.0126185547031791,1.123356703136846,5.464840969932133,2125.91691086777,0.0956801791161935,1237.3448070112613,0.0008669969274088,-0.4621465951713878,-0.445530183655951,11.671176423979167,0.0015,2.1672631875457995,0.0,0.6434734715156,8.946801143656065,7.190951281860125,0.0128403226430535,3.679567933290597e-12,0.0001646620967264,0.0001593087748501,0.9988865234679384,6066.280846207932,4.129619418470954,372825.03693774814,3.456520711880901,0.0095424620677443,0.0110844952007735,0.1333333333333333,-1.3498361796603071,-0.4973438400833196,-1.0838534413654366,0.0087761062383651,0.1005642331441243,0.1087463557720184,0.0056451468533127,1.081362154039079,0.0,0.0420552079363794
"MATLAB 2-51 PM Thu, Oct 24, 2024 Run11 .csv",0,5.5457756656023065,2065.9245914540847,0.265500451882317,1284.119204571744,0.0265961198715736,-0.4582279722881915,-0.4425071842441196,9.354997488194952,0.00616,2.171959584783324,0.0,0.753964848623822,11.522253563183082,10.718494189447766,0.3382534855593023,4.9121819254534736e-11,0.0001349706153511,0.0002582597394863,0.9993822495141108,4428.633848882942,4.262563053678659,328747.10128591466,84.98884987606372,0.3616936670365015,0.5005470348028939,0.1554959785522788,1.499546226620222,0.2854695016745532,3.699930137617,0.0261342722177505,0.1860217685492959,0.2780101597309113,0.0226610840269429,1.4945033686056932,5.367221200778273,2095.154750049749,0.0744334730602609,1123.2044738144507,0.0236015545140235,-0.4558262285824968,-0.4348204754774942,9.548429316244643,0.00673,2.1629894193939343,0.0,0.4249546172827576,7.056942601182513,7.596528906240287,0.3061471635490272,5.3108799214329285e-11,9.79862889719694e-05,0.0001585058420042,0.9991993378445664,10197.338304447918,3.9432092520028346,423350.9455116002,98.36876015110325,0.3065223157064449,0.3664918371996166,0.1758530183727034,-0.3577709748028796,-0.5374965204306162,1.0005562739166145,0.0250898265838623,0.1621838114427965,0.2054746794700623,0.0190437476280888,1.2669247173447686,5.0,-0.026765812672127,2,0,5.5457756656023065,2065.9245914540847,0.265500451882317,1284.119204571744,0.0265961198715736,-0.4582279722881915,-0.4425071842441196,9.354997488194952,0.00616,2.171959584783324,0.0,0.753964848623822,11.522253563183082,10.718494189447766,0.3382534855593023,4.9121819254534736e-11,0.0001349706153511,0.0002582597394863,0.9993822495141108,4428.633848882942,4.262563053678659,328747.10128591466,84.98884987606372,0.3616936670365015,0.5005470348028939,0.1554959785522788,1.499546226620222,0.2854695016745532,3.699930137617,0.0261342722177505,0.1860217685492959,0.2780101597309113,0.0226610840269429,1.4945033686056932,5.367221200778273,2095.154750049749,0.0744334730602609,1123.2044738144507,0.0236015545140235,-0.4558262285824968,-0.4348204754774942,9.548429316244643,0.00673,2.1629894193939343,0.0,0.4249546172827576,7.056942601182513,7.596528906240287,0.3061471635490272,5.3108799214329285e-11,9.79862889719694e-05,0.0001585058420042,0.9991993378445664,10197.338304447918,3.9432092520028346,423350.9455116002,98.36876015110325,0.3065223157064449,0.3664918371996166,0.1758530183727034,-0.3577709748028796,-0.5374965204306162,1.0005562739166145,0.0250898265838623,0.1621838114427965,0.2054746794700623,0.0190437476280888,1.2669247173447686,5.0,-0.026765812672127
"MATLAB 2-52 PM Thu, Oct 3, 2024 Run2 .csv",0,5.870362345789214,2396.0285998164977,0.2838399274765948,1262.1029629625496,0.0044870163730763,-0.134635112609831,-0.1202775761635016,-0.8594670350023605,0.00043,0.1691106765413128,0.0,-2.158259108119738,135.219779346467,23.45097699965375,0.0110960621785599,6.86337543487149e-12,0.0003299373325425,0.0001687891476858,0.997447731116658,32.75700957357958,3.815390835791178,752528.7875272701,7.237842333970411,0.0559703269718404,0.0893974546465836,1.0,5.49400815567954,-0.1361776478059746,-1.4621873001442125,0.0382669973373413,0.1565948808193206,0.1799614202976227,0.018518760749112,1.149216496452795,5.9409617666748815,2717.4439959254787,0.0950716375712636,1056.0154616334892,0.0046078058724883,-0.1305603445931307,-0.1157140036342714,-0.8659253320926066,0.00033,0.1601402406260239,0.0,0.0738174098730097,86.94897648502416,18.67703681274413,0.0113906578742143,6.446080801025207e-12,0.0004781630485363,9.16670144605495e-06,0.9989317855882902,2089.102846081501,3.367673401351667,849648.1907342259,5.815980141225608,0.0294771681169826,0.1034656149700685,1.0,2.6369391617687388,0.0017349784430517,-1.4130006185121733,0.0471063935756682,0.1677562297344207,0.2012236475944519,0.0234598472899069,1.199500298218518,0.0,-0.966381767147484,2,0,5.870362345789214,2396.0285998164977,0.2838399274765948,1262.1029629625496,0.0044870163730763,-0.134635112609831,-0.1202775761635016,-0.8594670350023605,0.00043,0.1691106765413128,0.0,-2.158259108119738,135.219779346467,23.45097699965375,0.0110960621785599,6.86337543487149e-12,0.0003299373325425,0.0001687891476858,0.997447731116658,32.75700957357958,3.815390835791178,752528.7875272701,7.237842333970411,0.0559703269718404,0.0893974546465836,1.0,5.49400815567954,-0.1361776478059746,-1.4621873001442125,0.0382669973373413,0.1565948808193206,0.1799614202976227,0.018518760749112,1.149216496452795,5.9409617666748815,2717.4439959254787,0.0950716375712636,1056.0154616334892,0.0046078058724883,-0.1305603445931307,-0.1157140036342714,-0.8659253320926066,0.00033,0.1601402406260239,0.0,0.0738174098730097,86.94897648502416,18.67703681274413,0.0113906578742143,6.446080801025207e-12,0.0004781630485363,9.16670144605495e-06,0.9989317855882902,2089.102846081501,3.367673401351667,849648.1907342259,5.815980141225608,0.0294771681169826,0.1034656149700685,1.0,2.6369391617687388,0.0017349784430517,-1.4130006185121733,0.0471063935756682,0.1677562297344207,0.2012236475944519,0.0234598472899069,1.199500298218518,0.0,-0.966381767147484
"MATLAB 2-52 PM Tue, Oct 22, 2024 Run11 .csv",0,5.49012532734166,2335.275887778672,0.2381438322189424,1288.1890884863362,7.378202337253875e-05,-0.4680112694441087,-0.4535479675040363,10.62754560180552,0.0013,2.166261768299302,0.0,0.8572613259817371,13.330475007971444,9.15559979581927,0.0010084810269086,6.770699027612862e-12,0.0001361807170809,0.0001712336279456,0.99934372355027,4333.401747509138,4.343660792456624,377043.9949382372,2.2422647185067084,0.0111181231693847,0.020054519812505,0.2058823529411764,-1.5115299152611437,-0.3909856870746737,-1.0148822703825535,0.0169258984923362,0.1280140531063079,0.1417252647876739,0.0107766532304451,1.1071070819855973,5.710376304118723,2304.4292014245875,0.1255152612589,1184.4964476885264,0.0009144468362201,-0.4639907340593167,-0.4490075312147346,10.621199179772372,0.0018,2.157291061858114,0.0,0.5961973900651615,11.203170611916091,7.500627517753421,0.0124819496864702,2.664650305767964e-12,0.0002007091964705,0.00016224074835,0.9983100702397242,4973.912943676164,4.187063379053551,514478.61339982337,2.165518732882099,0.0084337274523454,0.011038984141751,0.2058823529411764,-1.3683507016596426,-0.650816999080759,-0.7699756013723666,0.011723589003086,0.0935970520973205,0.1028080189228057,0.0074362804688281,1.098410864648897,0.0,-0.633208119970608,2,0,5.49012532734166,2335.275887778672,0.2381438322189424,1288.1890884863362,7.378202337253875e-05,-0.4680112694441087,-0.4535479675040363,10.62754560180552,0.0013,2.166261768299302,0.0,0.8572613259817371,13.330475007971444,9.15559979581927,0.0010084810269086,6.770699027612862e-12,0.0001361807170809,0.0001712336279456,0.99934372355027,4333.401747509138,4.343660792456624,377043.9949382372,2.2422647185067084,0.0111181231693847,0.020054519812505,0.2058823529411764,-1.5115299152611437,-0.3909856870746737,-1.0148822703825535,0.0169258984923362,0.1280140531063079,0.1417252647876739,0.0107766532304451,1.1071070819855973,5.710376304118723,2304.4292014245875,0.1255152612589,1184.4964476885264,0.0009144468362201,-0.4639907340593167,-0.4490075312147346,10.621199179772372,0.0018,2.157291061858114,0.0,0.5961973900651615,11.203170611916091,7.500627517753421,0.0124819496864702,2.664650305767964e-12,0.0002007091964705,0.00016224074835,0.9983100702397242,4973.912943676164,4.187063379053551,514478.61339982337,2.165518732882099,0.0084337274523454,0.011038984141751,0.2058823529411764,-1.3683507016596426,-0.650816999080759,-0.7699756013723666,0.011723589003086,0.0935970520973205,0.1028080189228057,0.0074362804688281,1.098410864648897,0.0,-0.633208119970608
"MATLAB 2-53 PM Thu, Oct 24, 2024 Run12 .csv",0,5.5236398719397135,2075.661687608936,0.2591717040222105,1290.069460528208,0.0237305073955564,-0.4683136108289901,-0.4492831633252842,10.11963923852578,0.0024,2.164837314178296,0.0,0.6171587142463287,10.0815024398454,7.592488285689711,0.3209494344731314,4.568879184138925e-11,0.0001428971732422,0.0002477657655232,0.999365425094005,3981.347316830348,4.327955110164377,319300.10670580296,17.793037483120788,0.0774396890619597,0.109623730881577,0.2745098039215686,-1.514298950731485,0.3586945074712988,-0.6951423052647754,0.0171808254718779,0.1776830516921148,0.2033016157150269,0.0120087807980169,1.1441812473330506,5.346026428572886,2105.805273154277,0.0713878500955473,1124.7426118951869,0.0204094100139853,-0.4684607366282785,-0.4463042951545497,11.113398757407388,0.00585,2.155866472474159,0.0,0.4193242481296333,6.211408796672881,7.120474775703912,0.2920845800653858,5.84736977265477e-11,0.0001014571275191,0.0001496029973741,0.9990948782274937,9847.45875087588,4.01186309413174,422251.39191980334,20.44650419196808,0.0651343799804953,0.0807742677338306,0.2063492063492063,-1.3709956333738331,-0.7445854373325911,-0.2573094980346009,0.0289848923683166,0.1586813570302107,0.200395416021347,0.0258506955229035,1.2628793941004326,2.0,0.0823252937535899,2,0,5.5236398719397135,2075.661687608936,0.2591717040222105,1290.069460528208,0.0237305073955564,-0.4683136108289901,-0.4492831633252842,10.11963923852578,0.0024,2.164837314178296,0.0,0.6171587142463287,10.0815024398454,7.592488285689711,0.3209494344731314,4.568879184138925e-11,0.0001428971732422,0.0002477657655232,0.999365425094005,3981.347316830348,4.327955110164377,319300.10670580296,17.793037483120788,0.0774396890619597,0.109623730881577,0.2745098039215686,-1.514298950731485,0.3586945074712988,-0.6951423052647754,0.0171808254718779,0.1776830516921148,0.2033016157150269,0.0120087807980169,1.1441812473330506,5.346026428572886,2105.805273154277,0.0713878500955473,1124.7426118951869,0.0204094100139853,-0.4684607366282785,-0.4463042951545497,11.113398757407388,0.00585,2.155866472474159,0.0,0.4193242481296333,6.211408796672881,7.120474775703912,0.2920845800653858,5.84736977265477e-11,0.0001014571275191,0.0001496029973741,0.9990948782274937,9847.45875087588,4.01186309413174,422251.39191980334,20.44650419196808,0.0651343799804953,0.0807742677338306,0.2063492063492063,-1.3709956333738331,-0.7445854373325911,-0.2573094980346009,0.0289848923683166,0.1586813570302107,0.200395416021347,0.0258506955229035,1.2628793941004326,2.0,0.0823252937535899
"MATLAB 2-54 PM Fri, Jun 14, 2024 Run18 .csv",0,5.802957388129248,2343.377929458577,0.2302564446196741,946.0488595879076,0.0416250143232149,-0.4337757698614176,-0.4252035549820285,5.6046916885302185,0.00409,0.161988405936285,0.0,0.9430220806326494,31.84111247617267,14.578293780299097,0.3762378792510195,1.999611258140105e-13,0.0008780902805186,0.0528170801595598,0.9461193123681264,-1949.353778462896,4.618658318789426,378135.28101732425,2.495384134688844,1.487709547775138,0.096570928730815,1.0,0.480162978327832,0.0142990462199629,-1.38752413459946,0.03213348954916,0.0620990128119786,0.0901949965953827,0.0174901598209955,1.452438493160466,4.821138981628408,1557.1534225053167,0.0510829559666671,964.4692355366666,0.0503391737552535,-0.4055958155915506,-0.3958978230740471,3.99849707750643,0.00485,2.153017293706249,0.0,0.1850099201662804,16.029247792652196,12.76574998068307,0.3731402375445374,1.6479318983724477e-12,0.0011158880760254,0.1318777513588564,0.8669886471411132,776.9494681125651,3.617313084824479,242120.7207224609,9.037865420388222,5.451818756641835,0.0525298315012604,0.4015151515151515,-1.376285496802215,-0.2221248687244611,-1.027555088791416,0.0248239764571189,0.0576426373462418,0.0852031183242797,0.0131176399153892,1.4781266480312194,1.0,0.049694891405617,2,0,5.802957388129248,2343.377929458577,0.2302564446196741,946.0488595879076,0.0416250143232149,-0.4337757698614176,-0.4252035549820285,5.6046916885302185,0.00409,0.161988405936285,0.0,0.9430220806326494,31.84111247617267,14.578293780299097,0.3762378792510195,1.999611258140105e-13,0.0008780902805186,0.0528170801595598,0.9461193123681264,-1949.353778462896,4.618658318789426,378135.28101732425,2.495384134688844,1.487709547775138,0.096570928730815,1.0,0.480162978327832,0.0142990462199629,-1.38752413459946,0.03213348954916,0.0620990128119786,0.0901949965953827,0.0174901598209955,1.452438493160466,4.821138981628408,1557.1534225053167,0.0510829559666671,964.4692355366666,0.0503391737552535,-0.4055958155915506,-0.3958978230740471,3.99849707750643,0.00485,2.153017293706249,0.0,0.1850099201662804,16.029247792652196,12.76574998068307,0.3731402375445374,1.6479318983724477e-12,0.0011158880760254,0.1318777513588564,0.8669886471411132,776.9494681125651,3.617313084824479,242120.7207224609,9.037865420388222,5.451818756641835,0.0525298315012604,0.4015151515151515,-1.376285496802215,-0.2221248687244611,-1.027555088791416,0.0248239764571189,0.0576426373462418,0.0852031183242797,0.0131176399153892,1.4781266480312194,1.0,0.049694891405617
"MATLAB 2-55 PM Tue, Oct 22, 2024 Run12 .csv",0,5.296173261637174,2136.0811377710124,0.2265344089843188,1324.9465571186447,0.0008825756774057,-0.4702354137390711,-0.4567739465888627,9.690304678473405,0.001925,2.159139497694274,0.0,0.6967389951743613,12.185781201004202,9.601638614131852,0.0115620687547331,7.228360417404511e-12,0.0004693177617612,0.0001422553914341,0.9990312258975564,-912.7159921042366,3.864237251746568,425697.5513625503,61.92627250422648,0.1926681591156303,0.4017186495235219,0.5390946502057613,-1.5253750926128506,-0.3501226697092389,-1.157652678683179,0.0258507522940635,0.1283198311583686,0.1519782447814941,0.0149638951308662,1.1843706729470906,5.246978828268208,2005.6299303231767,0.0951631750729897,1245.4299725074432,0.0010562249017832,-0.4663408574436384,-0.4522913508992415,9.684237944083009,0.002665,2.1501681149383387,0.0,0.3995526950529219,8.750313176229485,7.640420265709068,0.0138378409385787,3.982291369053521e-12,0.0009571811196094,0.0001216245145305,0.9980507511996796,1042.6979082150615,3.4815464012563795,498412.5317501448,70.06842214432459,0.1599126932841437,0.3210680930771301,0.5390946502057613,-1.3815753602305962,-0.617797026612371,-0.2758871208760576,0.010176196694374,0.0967183275714175,0.1111488056182861,0.0070221955182951,1.149201070874732,0.0,-0.1953845238087434,2,0,5.296173261637174,2136.0811377710124,0.2265344089843188,1324.9465571186447,0.0008825756774057,-0.4702354137390711,-0.4567739465888627,9.690304678473405,0.001925,2.159139497694274,0.0,0.6967389951743613,12.185781201004202,9.601638614131852,0.0115620687547331,7.228360417404511e-12,0.0004693177617612,0.0001422553914341,0.9990312258975564,-912.7159921042366,3.864237251746568,425697.5513625503,61.92627250422648,0.1926681591156303,0.4017186495235219,0.5390946502057613,-1.5253750926128506,-0.3501226697092389,-1.157652678683179,0.0258507522940635,0.1283198311583686,0.1519782447814941,0.0149638951308662,1.1843706729470906,5.246978828268208,2005.6299303231767,0.0951631750729897,1245.4299725074432,0.0010562249017832,-0.4663408574436384,-0.4522913508992415,9.684237944083009,0.002665,2.1501681149383387,0.0,0.3995526950529219,8.750313176229485,7.640420265709068,0.0138378409385787,3.982291369053521e-12,0.0009571811196094,0.0001216245145305,0.9980507511996796,1042.6979082150615,3.4815464012563795,498412.5317501448,70.06842214432459,0.1599126932841437,0.3210680930771301,0.5390946502057613,-1.3815753602305962,-0.617797026612371,-0.2758871208760576,0.010176196694374,0.0967183275714175,0.1111488056182861,0.0070221955182951,1.149201070874732,0.0,-0.1953845238087434
"MATLAB 2-56 PM Thu, Oct 3, 2024 Run3 .csv",0,5.922691763177222,2363.313667273262,0.3214108238939488,1270.0280606218346,0.0526445343320067,-0.1309569239014032,-0.1077795343497338,-1.3812943513362064,0.00498,0.1548661353312572,0.024390243902439,-2.3839376163722967,138.50725728835445,26.152080017031217,0.1256882759429891,8.00647323241762e-12,0.013780680050393,0.0001731620526528,0.9839337614271884,-2991.869771860542,4.018761381926511,793340.4169494726,13.418322379844948,0.1315310473692938,0.5193414880499846,1.0,0.4663178009761251,-1.9549675832802709,7.014226774902525,0.0333072459697723,0.1662187690269656,0.200037522315979,0.0274122930130179,1.203459293357701,6.00548945486651,2729.133548633504,0.140822331939579,1097.7630465602383,0.0213234287093905,-0.1163302421307733,-0.1012816430240717,-1.4371935231865942,0.000325,0.1458943467864736,0.0,0.5048256610536158,107.631592422931,22.051389092915045,0.0496367267759439,7.294269347472518e-12,0.0144384809469606,2.1471391742903427e-05,0.9848270471896964,68.20849442593244,3.666754738791523,817077.585727881,10.46901985391136,0.0773064468019586,0.4170943770882063,1.0,-0.3895101553731686,-0.2259910900907849,-1.3135620044830232,0.0572947984933853,0.1918295000493526,0.2349087059497833,0.0304132116784733,1.2245702871005113,0.0,-0.0907752425630782,2,0,5.922691763177222,2363.313667273262,0.3214108238939488,1270.0280606218346,0.0526445343320067,-0.1309569239014032,-0.1077795343497338,-1.3812943513362064,0.00498,0.1548661353312572,0.024390243902439,-2.3839376163722967,138.50725728835445,26.152080017031217,0.1256882759429891,8.00647323241762e-12,0.013780680050393,0.0001731620526528,0.9839337614271884,-2991.869771860542,4.018761381926511,793340.4169494726,13.418322379844948,0.1315310473692938,0.5193414880499846,1.0,0.4663178009761251,-1.9549675832802709,7.014226774902525,0.0333072459697723,0.1662187690269656,0.200037522315979,0.0274122930130179,1.203459293357701,6.00548945486651,2729.133548633504,0.140822331939579,1097.7630465602383,0.0213234287093905,-0.1163302421307733,-0.1012816430240717,-1.4371935231865942,0.000325,0.1458943467864736,0.0,0.5048256610536158,107.631592422931,22.051389092915045,0.0496367267759439,7.294269347472518e-12,0.0144384809469606,2.1471391742903427e-05,0.9848270471896964,68.20849442593244,3.666754738791523,817077.585727881,10.46901985391136,0.0773064468019586,0.4170943770882063,1.0,-0.3895101553731686,-0.2259910900907849,-1.3135620044830232,0.0572947984933853,0.1918295000493526,0.2349087059497833,0.0304132116784733,1.2245702871005113,0.0,-0.0907752425630782
"MATLAB 2-57 PM Mon, Oct 28, 2024 Run11 .csv",0,5.645154051160838,2134.8528862860408,0.2643184914195232,1271.386853622124,0.0068486258375286,-0.3958815006286068,-0.3837147299234776,2.994868923785015,0.0010233333333333,0.1534416812102517,0.0103626943005181,-1.0299830781392578,43.1424318853193,23.614173681451625,0.0441833466721141,2.7036907343278024e-11,0.0014476614781595,0.0001155941201187,0.9974536811852656,-2381.547301393921,3.2782078345289567,450863.3499029108,80.18585971335563,0.3627909013988678,1.1066616415503336,1.0,1.463548765505784,6.048155060092816,52.37594229066441,0.0116614234447479,0.1478181104030016,0.3231323957443238,0.0182965511443424,2.186013573461038,5.875091525270763,2600.958109578601,0.128089825176961,1207.216985201218,0.0071024493830289,-0.3919680329208594,-0.3792784067139306,2.98902593950882,0.00211,0.1444697574025185,0.0,0.3198214700383331,25.302610220711767,18.21311682395533,0.0458117863778937,1.4496237739765968e-11,0.0021449256401572,1.979520643848002e-05,0.9972127776555948,464.91717893888193,3.290353462388471,663303.405219926,61.05172681467091,0.2682815053844274,1.0556473515253528,1.0,-0.3921550870873593,0.6855968213541439,2.887039534382107,0.0249491107463836,0.1507902118640859,0.234411381483078,0.0186672967074248,1.5545530348771148,3.0,0.4641847116248035,2,0,5.645154051160838,2134.8528862860408,0.2643184914195232,1271.386853622124,0.0068486258375286,-0.3958815006286068,-0.3837147299234776,2.994868923785015,0.0010233333333333,0.1534416812102517,0.0103626943005181,-1.0299830781392578,43.1424318853193,23.614173681451625,0.0441833466721141,2.7036907343278024e-11,0.0014476614781595,0.0001155941201187,0.9974536811852656,-2381.547301393921,3.2782078345289567,450863.3499029108,80.18585971335563,0.3627909013988678,1.1066616415503336,1.0,1.463548765505784,6.048155060092816,52.37594229066441,0.0116614234447479,0.1478181104030016,0.3231323957443238,0.0182965511443424,2.186013573461038,5.875091525270763,2600.958109578601,0.128089825176961,1207.216985201218,0.0071024493830289,-0.3919680329208594,-0.3792784067139306,2.98902593950882,0.00211,0.1444697574025185,0.0,0.3198214700383331,25.302610220711767,18.21311682395533,0.0458117863778937,1.4496237739765968e-11,0.0021449256401572,1.979520643848002e-05,0.9972127776555948,464.91717893888193,3.290353462388471,663303.405219926,61.05172681467091,0.2682815053844274,1.0556473515253528,1.0,-0.3921550870873593,0.6855968213541439,2.887039534382107,0.0249491107463836,0.1507902118640859,0.234411381483078,0.0186672967074248,1.5545530348771148,3.0,0.4641847116248035
"MATLAB 2-58 PM Tue, Oct 22, 2024 Run13 .csv",0,5.199469125748067,2124.424932428295,0.1903942658554377,1324.1389873160997,0.0010544548345126,-0.4773489814422131,-0.4652703173032788,9.54127051202776,0.0017,2.1491683188472352,0.0,0.6215226457003975,11.58123539124068,9.158383959968791,0.0137343514874225,7.456248185793753e-12,0.000103772253056,0.0001014466985001,0.999614044820213,6540.345458936454,3.627349343633466,426741.5895628108,2.9785295890722145,0.0085194073406285,0.0154670124837891,0.21875,-1.5447583409052403,0.0104692305293808,-1.440438556596392,0.0293672025203705,0.1203696223405691,0.1426145374774933,0.0152676600313382,1.1848050588211143,5.239531326092216,2082.677947226964,0.0359787067715739,1236.5348982794292,0.0007729363198181,-0.4734455085157255,-0.4609186984531301,9.535595340337215,0.0016,2.140195989250653,0.0,0.5138983351675255,9.329762581504642,7.48954263187715,0.0100631830813009,3.4931695287368973e-12,9.583400542210786e-05,8.326997569511625e-05,0.999295581990568,10427.359031787286,3.2453231816520813,538785.0083896938,3.153692771209168,0.0068093230959681,0.0105727379145829,0.21875,-1.4000898822299317,-0.5350553963397505,-0.5396309110090876,0.0083099448680876,0.0988138539974505,0.1067744064331054,0.0057994143437686,1.0805610965832808,0.0,-0.8212971266079826,2,0,5.199469125748067,2124.424932428295,0.1903942658554377,1324.1389873160997,0.0010544548345126,-0.4773489814422131,-0.4652703173032788,9.54127051202776,0.0017,2.1491683188472352,0.0,0.6215226457003975,11.58123539124068,9.158383959968791,0.0137343514874225,7.456248185793753e-12,0.000103772253056,0.0001014466985001,0.999614044820213,6540.345458936454,3.627349343633466,426741.5895628108,2.9785295890722145,0.0085194073406285,0.0154670124837891,0.21875,-1.5447583409052403,0.0104692305293808,-1.440438556596392,0.0293672025203705,0.1203696223405691,0.1426145374774933,0.0152676600313382,1.1848050588211143,5.239531326092216,2082.677947226964,0.0359787067715739,1236.5348982794292,0.0007729363198181,-0.4734455085157255,-0.4609186984531301,9.535595340337215,0.0016,2.140195989250653,0.0,0.5138983351675255,9.329762581504642,7.48954263187715,0.0100631830813009,3.4931695287368973e-12,9.583400542210786e-05,8.326997569511625e-05,0.999295581990568,10427.359031787286,3.2453231816520813,538785.0083896938,3.153692771209168,0.0068093230959681,0.0105727379145829,0.21875,-1.4000898822299317,-0.5350553963397505,-0.5396309110090876,0.0083099448680876,0.0988138539974505,0.1067744064331054,0.0057994143437686,1.0805610965832808,0.0,-0.8212971266079826
"MATLAB 2-58 PM Wed, Sep 18, 2024 Run5 .csv",0,5.925452298497291,3099.202442961826,0.2678807900934674,1101.1238117701955,0.0545803160567221,-0.2815596533966932,-0.2535407091245307,0.1256438608937866,0.00222,0.1463194106052239,0.0555555555555555,-1.2623213875522088,69.22015124338357,18.834974037070253,0.1986740989543665,4.233834313243773e-11,0.0002250403136357,0.0001913385917637,0.9993554574457068,1333.7848848032545,4.857070085138964,741629.5542967187,15.31482834125031,0.3084430753581093,0.5387618577591196,1.0,0.4497035881540769,-2.026766376022316,5.135509704041759,0.0272555011510848,0.253703390724129,0.285358225107193,0.0298276324034909,1.1247710339728358,5.575815657333291,2662.8955589225648,0.0201605478375197,963.07894926368,0.0543598027777556,-0.2777636273877811,-0.2494622265140373,0.1200805642603413,0.00208,0.1373468104827433,0.0555555555555555,0.6426462915930183,65.90947336578634,16.65630616830296,0.1979187661401496,1.936817667607525e-10,4.545972562843441e-05,9.74762186151449e-06,0.9998406798673556,21993.98843802017,4.125020318609567,699689.077185113,24.249898893846087,0.2104041746451486,0.3978477162261419,1.0,0.5946202543416872,-1.0946207965779158,1.155139343611138,0.0922789081931114,0.3641390861736403,0.4268945837020874,0.0551930595997818,1.1723393612805466,0.0,0.4041447650623249,2,0,5.925452298497291,3099.202442961826,0.2678807900934674,1101.1238117701955,0.0545803160567221,-0.2815596533966932,-0.2535407091245307,0.1256438608937866,0.00222,0.1463194106052239,0.0555555555555555,-1.2623213875522088,69.22015124338357,18.834974037070253,0.1986740989543665,4.233834313243773e-11,0.0002250403136357,0.0001913385917637,0.9993554574457068,1333.7848848032545,4.857070085138964,741629.5542967187,15.31482834125031,0.3084430753581093,0.5387618577591196,1.0,0.4497035881540769,-2.026766376022316,5.135509704041759,0.0272555011510848,0.253703390724129,0.285358225107193,0.0298276324034909,1.1247710339728358,5.575815657333291,2662.8955589225648,0.0201605478375197,963.07894926368,0.0543598027777556,-0.2777636273877811,-0.2494622265140373,0.1200805642603413,0.00208,0.1373468104827433,0.0555555555555555,0.6426462915930183,65.90947336578634,16.65630616830296,0.1979187661401496,1.936817667607525e-10,4.545972562843441e-05,9.74762186151449e-06,0.9998406798673556,21993.98843802017,4.125020318609567,699689.077185113,24.249898893846087,0.2104041746451486,0.3978477162261419,1.0,0.5946202543416872,-1.0946207965779158,1.155139343611138,0.0922789081931114,0.3641390861736403,0.4268945837020874,0.0551930595997818,1.1723393612805466,0.0,0.4041447650623249
"MATLAB 3-00 PM Mon, Oct 28, 2024 Run12 .csv",0,5.65340659462295,2140.71026336778,0.2411261528473518,1277.3538548674735,0.0035049568043503,-0.3977036371564623,-0.3855962964612081,3.5047641638341016,0.0041,0.1420460482422072,0.0,-0.9105010160062792,39.99656319923329,14.094189891077033,0.021660048248774,1.849592318424788e-11,0.0001215981507491,0.0001031731121428,0.9987296038448208,5084.497524380019,3.402656083983312,593910.1042526149,2.559397860598396,0.013459112990866,0.0216568256027182,1.0,-1.558603518256947,-1.3657581345637588,0.5188804060841101,0.0172743147611618,0.1400419986248016,0.1605702638626099,0.0230537260230463,1.146586491476798,5.824852050340082,2594.853807767698,0.0768262695003608,1219.6902635047377,0.0017439578215898,-0.3938544958098187,-0.3812525182107896,3.499368679786307,0.0018,0.1330730423308782,0.0,0.5088184210814759,25.118216743869404,10.238777787312491,0.0107773683580283,1.3439642080636598e-11,8.693469595142913e-05,8.187286192031704e-06,0.9993015401276268,11494.852879981794,3.4658396722505533,706517.673522275,2.0207249243513963,0.0079379343732674,0.0227126263512752,1.0,-1.4133145408008851,-0.920294527184055,-0.1846268491679215,0.0147234386205673,0.1477799010276794,0.1685191023349762,0.0173701443056907,1.1403384436115729,0.0,0.8945805370338248,2,0,5.65340659462295,2140.71026336778,0.2411261528473518,1277.3538548674735,0.0035049568043503,-0.3977036371564623,-0.3855962964612081,3.5047641638341016,0.0041,0.1420460482422072,0.0,-0.9105010160062792,39.99656319923329,14.094189891077033,0.021660048248774,1.849592318424788e-11,0.0001215981507491,0.0001031731121428,0.9987296038448208,5084.497524380019,3.402656083983312,593910.1042526149,2.559397860598396,0.013459112990866,0.0216568256027182,1.0,-1.558603518256947,-1.3657581345637588,0.5188804060841101,0.0172743147611618,0.1400419986248016,0.1605702638626099,0.0230537260230463,1.146586491476798,5.824852050340082,2594.853807767698,0.0768262695003608,1219.6902635047377,0.0017439578215898,-0.3938544958098187,-0.3812525182107896,3.499368679786307,0.0018,0.1330730423308782,0.0,0.5088184210814759,25.118216743869404,10.238777787312491,0.0107773683580283,1.3439642080636598e-11,8.693469595142913e-05,8.187286192031704e-06,0.9993015401276268,11494.852879981794,3.4658396722505533,706517.673522275,2.0207249243513963,0.0079379343732674,0.0227126263512752,1.0,-1.4133145408008851,-0.920294527184055,-0.1846268491679215,0.0147234386205673,0.1477799010276794,0.1685191023349762,0.0173701443056907,1.1403384436115729,0.0,0.8945805370338248
"MATLAB 3-00 PM Tue, Oct 15, 2024 Run5 .csv",0,4.667262011274822,1648.113434431652,0.1819436352082788,1296.878621132106,0.0137763779284933,-0.4231368746830313,-0.4112666880740347,3.689737581048505,0.002785,2.139197140000196,0.0,0.1607455705061218,11.625421316539091,9.328439863001298,0.0994383083322116,2.8440343747149232e-11,0.0001581079463676,0.0006056072666795,0.9990737540182364,3175.4935642153187,2.254444845712895,451824.08304928686,330.3160906115986,3.299018692719103,0.6333642248547026,0.1036269430051813,0.43585841080237,-1.239217840359802,6.605333492020344,0.0154885408282279,0.1876828092171086,0.2163759803771973,0.0134681397599211,1.1528811897039375,3.573015045160882,1120.9729978640046,-0.0346087946324596,1085.7037914689245,0.0137521487711148,-0.4192961326350038,-0.4069460460634684,3.68445397205781,0.00205,2.130223863562968,0.0,0.2761584668190418,3.067371474049409,8.570940394214677,0.0992634215488683,3.0851854236855827e-11,0.0001589182741845,0.0007075257696454,0.9981547097611214,6280.930968343117,1.962184943773161,300748.28169805155,569.1893245782194,5.461308446825185,0.3377920964327066,0.0828789531079607,1.5813955957707333,0.3184058854106624,-0.5566135862587172,0.0307754853367805,0.1572477485818995,0.2115723657608032,0.0206977719364684,1.3454715102048649,4.0,0.0874395337643346,2,0,4.667262011274822,1648.113434431652,0.1819436352082788,1296.878621132106,0.0137763779284933,-0.4231368746830313,-0.4112666880740347,3.689737581048505,0.002785,2.139197140000196,0.0,0.1607455705061218,11.625421316539091,9.328439863001298,0.0994383083322116,2.8440343747149232e-11,0.0001581079463676,0.0006056072666795,0.9990737540182364,3175.4935642153187,2.254444845712895,451824.08304928686,330.3160906115986,3.299018692719103,0.6333642248547026,0.1036269430051813,0.43585841080237,-1.239217840359802,6.605333492020344,0.0154885408282279,0.1876828092171086,0.2163759803771973,0.0134681397599211,1.1528811897039375,3.573015045160882,1120.9729978640046,-0.0346087946324596,1085.7037914689245,0.0137521487711148,-0.4192961326350038,-0.4069460460634684,3.68445397205781,0.00205,2.130223863562968,0.0,0.2761584668190418,3.067371474049409,8.570940394214677,0.0992634215488683,3.0851854236855827e-11,0.0001589182741845,0.0007075257696454,0.9981547097611214,6280.930968343117,1.962184943773161,300748.28169805155,569.1893245782194,5.461308446825185,0.3377920964327066,0.0828789531079607,1.5813955957707333,0.3184058854106624,-0.5566135862587172,0.0307754853367805,0.1572477485818995,0.2115723657608032,0.0206977719364684,1.3454715102048649,4.0,0.0874395337643346
"MATLAB 3-02 PM Thu, Oct 24, 2024 Run13.csv",0,5.489744970970822,2052.7811870114806,0.2543403102681774,1360.44348811411,0.0486374111967844,-0.4473809118036501,-0.4453722754953562,4.968242813127407,0.00154,2.134923777637179,0.0,0.7877680504432404,21.732082997915665,14.412005355115818,0.4138096368020063,2.247301845014336e-11,0.0002028473013824,0.0002240998052131,0.99907314889093,1759.9415165213868,3.2625966237881863,499730.70821928646,60.22837418250809,0.2110572497194476,0.3041281649102644,0.2336448598130841,0.4275513043913457,0.8612589307954407,2.0227845816801,0.0281907153129578,0.1956166336115669,0.2954158735275269,0.0239189449087189,1.510177678009376,5.230044485759056,1977.3600930495104,0.0700995104993529,1235.1452881882535,0.0470577015564887,-0.4479218163187271,-0.4418363378441674,5.263130017017917,0.00443,2.125950095411103,0.0,0.5351748646203018,13.543138188364544,10.035640283307524,0.415826523694919,2.209338174909508e-11,0.0001959450750155,0.000115528271209,0.9988091556889556,5097.393520146337,3.058500131471571,538635.392016474,73.50673045331476,0.1385287127508543,0.2320158610442728,0.2536585365853658,0.573460800628161,-1.2598441886031633,3.2820626167930467,0.0188343971967698,0.1707501551508903,0.2131324481964111,0.0191005480421333,1.2482123252425037,2.0,0.0408023198269059,2,0,5.489744970970822,2052.7811870114806,0.2543403102681774,1360.44348811411,0.0486374111967844,-0.4473809118036501,-0.4453722754953562,4.968242813127407,0.00154,2.134923777637179,0.0,0.7877680504432404,21.732082997915665,14.412005355115818,0.4138096368020063,2.247301845014336e-11,0.0002028473013824,0.0002240998052131,0.99907314889093,1759.9415165213868,3.2625966237881863,499730.70821928646,60.22837418250809,0.2110572497194476,0.3041281649102644,0.2336448598130841,0.4275513043913457,0.8612589307954407,2.0227845816801,0.0281907153129578,0.1956166336115669,0.2954158735275269,0.0239189449087189,1.510177678009376,5.230044485759056,1977.3600930495104,0.0700995104993529,1235.1452881882535,0.0470577015564887,-0.4479218163187271,-0.4418363378441674,5.263130017017917,0.00443,2.125950095411103,0.0,0.5351748646203018,13.543138188364544,10.035640283307524,0.415826523694919,2.209338174909508e-11,0.0001959450750155,0.000115528271209,0.9988091556889556,5097.393520146337,3.058500131471571,538635.392016474,73.50673045331476,0.1385287127508543,0.2320158610442728,0.2536585365853658,0.573460800628161,-1.2598441886031633,3.2820626167930467,0.0188343971967698,0.1707501551508903,0.2131324481964111,0.0191005480421333,1.2482123252425037,2.0,0.0408023198269059
"MATLAB 3-02 PM Tue, Oct 22, 2024 Run14 .csv",0,5.11355509275189,2035.8739442729925,0.191910034769565,1328.1745059545713,0.0010304731913641,-0.4623708905382547,-0.4525074713067478,5.461876646162951,0.001,2.133499323516174,0.0,0.5656937203211014,16.32805496823498,10.301847115110627,0.0099442527602141,6.1340570177385765e-12,0.0001089554178612,0.0001171601378633,0.9993973006071732,5999.939997074397,3.020109865921195,443259.6447507614,2.6448802435087604,0.0062271466044018,0.0125771871351149,0.3333333333333333,-1.575217731078996,-0.4131919782902145,-1.5520008754318753,0.025964320898056,0.1279005584451887,0.1426588726043701,0.0146043459450903,1.1153889735790792,5.033774429160083,1887.924546347605,0.0470427639492328,1249.4589745776295,0.000791754380405,-0.458496947087504,-0.4482331017759113,5.456816787286457,0.0011,2.124525506027148,0.0,0.1874302087900332,11.214749182674735,8.474925577287147,0.007636888170789,3.434807419725795e-12,0.0002136806603332,8.84900540913885e-05,0.9989286472967328,4674.866905310454,2.5467034263042945,487499.7927520264,2.967820214924134,0.0053789664522415,0.0083520908977798,0.3333333333333333,-1.4291841310860296,-0.0313445533708731,-1.018132939476391,0.0095828127861022,0.0953172387017143,0.1078821420669555,0.007576179802589,1.131821940463065,0.0,-0.3340416266506391,2,0,5.11355509275189,2035.8739442729925,0.191910034769565,1328.1745059545713,0.0010304731913641,-0.4623708905382547,-0.4525074713067478,5.461876646162951,0.001,2.133499323516174,0.0,0.5656937203211014,16.32805496823498,10.301847115110627,0.0099442527602141,6.1340570177385765e-12,0.0001089554178612,0.0001171601378633,0.9993973006071732,5999.939997074397,3.020109865921195,443259.6447507614,2.6448802435087604,0.0062271466044018,0.0125771871351149,0.3333333333333333,-1.575217731078996,-0.4131919782902145,-1.5520008754318753,0.025964320898056,0.1279005584451887,0.1426588726043701,0.0146043459450903,1.1153889735790792,5.033774429160083,1887.924546347605,0.0470427639492328,1249.4589745776295,0.000791754380405,-0.458496947087504,-0.4482331017759113,5.456816787286457,0.0011,2.124525506027148,0.0,0.1874302087900332,11.214749182674735,8.474925577287147,0.007636888170789,3.434807419725795e-12,0.0002136806603332,8.84900540913885e-05,0.9989286472967328,4674.866905310454,2.5467034263042945,487499.7927520264,2.967820214924134,0.0053789664522415,0.0083520908977798,0.3333333333333333,-1.4291841310860296,-0.0313445533708731,-1.018132939476391,0.0095828127861022,0.0953172387017143,0.1078821420669555,0.007576179802589,1.131821940463065,0.0,-0.3340416266506391
"MATLAB 3-03 PM Wed, Sep 18, 2024 Run6 .csv",0,5.937311278730117,3058.885944233494,0.2746197067132709,1119.4613385440323,0.0310414630063169,-0.2916168616466025,-0.2784630589146213,0.0394447816959018,0.0007266666666666,0.1292259611531572,0.0092592592592592,-1.2062741960534882,72.14909933425263,19.04296700445005,0.1118140563752826,7.627012027637468e-11,0.0002545781228352,0.0002113784608744,0.9993113293316906,730.9029250246008,4.70521555910208,885068.3766894263,57.02393446927338,1.135552232481685,1.957973928995258,1.0,16.41647516250998,-0.8634012930608909,1.1517307793793714,0.0204354414343834,0.2840337518630204,0.3063454461097717,0.0147387158180613,1.0785529680906072,5.607984690381412,2662.9727684784,0.0280066964869102,971.1743954782854,0.0313253904858752,-0.2878055171437315,-0.2737233937427743,0.0345527354050578,0.0004766666666666,0.1202517378752828,0.1018518518518518,0.4791667403275677,68.93018679357544,17.074871313672535,0.1128367879133985,2.7993422576888303e-10,7.503011029344699e-05,9.656669998058568e-06,0.9998152498337736,13325.520193472194,4.023875152179484,851230.6525757763,87.09064543933607,0.7179471893831874,1.4319826145900585,1.0,15.5628810737714,-0.3197889428107395,-1.3583386491927292,0.1009305226802825,0.397773104398339,0.4720476615428925,0.0544135730090068,1.1867259408021045,0.0,-0.0571284096969381,2,0,5.937311278730117,3058.885944233494,0.2746197067132709,1119.4613385440323,0.0310414630063169,-0.2916168616466025,-0.2784630589146213,0.0394447816959018,0.0007266666666666,0.1292259611531572,0.0092592592592592,-1.2062741960534882,72.14909933425263,19.04296700445005,0.1118140563752826,7.627012027637468e-11,0.0002545781228352,0.0002113784608744,0.9993113293316906,730.9029250246008,4.70521555910208,885068.3766894263,57.02393446927338,1.135552232481685,1.957973928995258,1.0,16.41647516250998,-0.8634012930608909,1.1517307793793714,0.0204354414343834,0.2840337518630204,0.3063454461097717,0.0147387158180613,1.0785529680906072,5.607984690381412,2662.9727684784,0.0280066964869102,971.1743954782854,0.0313253904858752,-0.2878055171437315,-0.2737233937427743,0.0345527354050578,0.0004766666666666,0.1202517378752828,0.1018518518518518,0.4791667403275677,68.93018679357544,17.074871313672535,0.1128367879133985,2.7993422576888303e-10,7.503011029344699e-05,9.656669998058568e-06,0.9998152498337736,13325.520193472194,4.023875152179484,851230.6525757763,87.09064543933607,0.7179471893831874,1.4319826145900585,1.0,15.5628810737714,-0.3197889428107395,-1.3583386491927292,0.1009305226802825,0.397773104398339,0.4720476615428925,0.0544135730090068,1.1867259408021045,0.0,-0.0571284096969381
"MATLAB 3-04 PM Tue, Oct 15, 2024 Run6 .csv",0,4.900473262802404,1746.9748842885238,0.2125343993458656,1304.370792886,0.0014393738020652,-0.3439364333405705,-0.3351482546816166,0.8655996369826617,0.00056,0.1278015070321516,0.0,0.4267828727493422,25.423850983835944,12.143166645529275,0.0063583177008494,2.979390659726944e-11,0.0003776318679831,0.0006319986811231,0.9988100909608042,-556.8169418680313,1.807596213958526,359190.0582263093,355.24569647681955,2.505288664324928,0.9876877453129144,1.0,0.4137061270396387,0.1867186227566975,-0.8237789886214268,0.0162645661830901,0.2291030942766289,0.2528123867511749,0.0102799342669018,1.103487438916553,3.854725697268348,1223.1165832365532,-0.0054495970476605,1126.7385364819695,0.0015118090008345,-0.340135349093063,-0.3309201576290035,0.8607635282203674,0.0005433333333333,0.1188271484913278,0.0,0.4202860480317383,8.444198655810057,10.799003193908993,0.0066784731479811,3.293509502930376e-11,0.0003047734632982,0.0006985170467656,0.9979245062782937,3274.3156030673813,1.6354130033752303,250849.6520315964,596.7437188453621,3.6023199378479984,0.5472847877765723,1.0,-1.4397638579427925,0.2558201646340717,-1.1632023997067793,0.0366060364246369,0.1956551517938312,0.235957328081131,0.0204150434311983,1.2059857658630302,0.0,-0.578714900153545,2,0,4.900473262802404,1746.9748842885238,0.2125343993458656,1304.370792886,0.0014393738020652,-0.3439364333405705,-0.3351482546816166,0.8655996369826617,0.00056,0.1278015070321516,0.0,0.4267828727493422,25.423850983835944,12.143166645529275,0.0063583177008494,2.979390659726944e-11,0.0003776318679831,0.0006319986811231,0.9988100909608042,-556.8169418680313,1.807596213958526,359190.0582263093,355.24569647681955,2.505288664324928,0.9876877453129144,1.0,0.4137061270396387,0.1867186227566975,-0.8237789886214268,0.0162645661830901,0.2291030942766289,0.2528123867511749,0.0102799342669018,1.103487438916553,3.854725697268348,1223.1165832365532,-0.0054495970476605,1126.7385364819695,0.0015118090008345,-0.340135349093063,-0.3309201576290035,0.8607635282203674,0.0005433333333333,0.1188271484913278,0.0,0.4202860480317383,8.444198655810057,10.799003193908993,0.0066784731479811,3.293509502930376e-11,0.0003047734632982,0.0006985170467656,0.9979245062782937,3274.3156030673813,1.6354130033752303,250849.6520315964,596.7437188453621,3.6023199378479984,0.5472847877765723,1.0,-1.4397638579427925,0.2558201646340717,-1.1632023997067793,0.0366060364246369,0.1956551517938312,0.235957328081131,0.0204150434311983,1.2059857658630302,0.0,-0.578714900153545
"MATLAB 3-04 PM Tue, Oct 22, 2024 Run15 .csv",0,5.133086304465105,2066.155824477136,0.200039637623284,1333.333589426473,0.0035020110809152,-0.4376779271561952,-0.4277334504160448,4.425870352404749,0.0028,2.1263770529111463,0.0,0.6635842482051867,20.989207541067422,11.517887751395923,0.0261902538334683,2.5171955121353907e-12,0.0002007619405512,0.0001188499386683,0.9993028505156766,1768.5153685826326,2.803813332125444,453640.6176106978,1.9634436202441647,0.005194618687419,0.0100860184328608,0.2857142857142857,-1.5890629084307029,-1.5715447979914676,1.260023359718816,0.0185931241512298,0.1212150479853153,0.1424725365638733,0.0255153349310869,1.175370046309211,5.192798696392288,1989.162160633654,0.0569923442135026,1232.864955989751,0.0009267625841398,-0.4327226010005843,-0.423816921484588,3.420990170283914,0.0007,2.1174025591073726,0.0,0.0975136701540455,14.764277764104826,9.01718389255579,0.0068716948959042,1.860799912097175e-12,0.0004805340540027,8.904749642934525e-05,0.9985889582151624,2078.081563412712,2.430071977875744,468219.0812080218,2.095552986625916,0.007236758703874,0.0097428802877082,0.4,-1.4424087896569833,0.1176250717442063,-1.263197717258287,0.0064677882194519,0.0984650123119353,0.1048011720180511,0.0043388144943613,1.0643493516869007,0.0,-0.214358117561639,2,0,5.133086304465105,2066.155824477136,0.200039637623284,1333.333589426473,0.0035020110809152,-0.4376779271561952,-0.4277334504160448,4.425870352404749,0.0028,2.1263770529111463,0.0,0.6635842482051867,20.989207541067422,11.517887751395923,0.0261902538334683,2.5171955121353907e-12,0.0002007619405512,0.0001188499386683,0.9993028505156766,1768.5153685826326,2.803813332125444,453640.6176106978,1.9634436202441647,0.005194618687419,0.0100860184328608,0.2857142857142857,-1.5890629084307029,-1.5715447979914676,1.260023359718816,0.0185931241512298,0.1212150479853153,0.1424725365638733,0.0255153349310869,1.175370046309211,5.192798696392288,1989.162160633654,0.0569923442135026,1232.864955989751,0.0009267625841398,-0.4327226010005843,-0.423816921484588,3.420990170283914,0.0007,2.1174025591073726,0.0,0.0975136701540455,14.764277764104826,9.01718389255579,0.0068716948959042,1.860799912097175e-12,0.0004805340540027,8.904749642934525e-05,0.9985889582151624,2078.081563412712,2.430071977875744,468219.0812080218,2.095552986625916,0.007236758703874,0.0097428802877082,0.4,-1.4424087896569833,0.1176250717442063,-1.263197717258287,0.0064677882194519,0.0984650123119353,0.1048011720180511,0.0043388144943613,1.0643493516869007,0.0,-0.214358117561639
"MATLAB 3-05 PM Fri, Jun 14, 2024 Run20 .csv",0,5.601247384914483,2277.7686629255813,0.178872258366886,882.263424133605,0.0524562437649566,-0.4456407080946199,-0.4507686462133551,4.317968016516742,0.00485,1.1249525987901403,0.0,0.6570220300811441,28.27903925884269,13.46064248785269,0.4135924123896486,5.339963706039503e-13,0.0004938260481036,0.0441895872543486,0.9552128338484884,-1282.013878203288,3.6274866046726415,592320.89211523,4.384264241447972,1.3836689067387051,0.0929580691517406,0.8620689655172413,1.4081680560989558,-0.256466139396595,-1.5785971556789344,0.037720518708229,0.071429623440851,0.1012408685684204,0.0194512734159531,1.4173512849644965,4.628586326513409,1513.5517091086483,0.0072807876793669,932.2129200245622,0.0418138084359466,-0.3761139082992031,-0.3516136854850692,1.6132167801515536,0.00446,0.1159779697234177,0.0192307692307692,0.0498500561745916,13.457832885380714,10.159755751154144,0.217148234012606,2.3888973481910975e-12,0.000772260670313,0.1277913739027808,0.871423507832938,1128.4059143911998,2.823721591479685,273535.4719193996,14.621797295552378,5.083553362186263,0.0461773926316311,1.0,0.554946278628826,-0.9244621428228436,0.9622632712362872,0.0102232626080513,0.0642701670756706,0.0795346474647522,0.0088713870353563,1.2375049122108144,0.0,0.3135306623817538,2,0,5.601247384914483,2277.7686629255813,0.178872258366886,882.263424133605,0.0524562437649566,-0.4456407080946199,-0.4507686462133551,4.317968016516742,0.00485,1.1249525987901403,0.0,0.6570220300811441,28.27903925884269,13.46064248785269,0.4135924123896486,5.339963706039503e-13,0.0004938260481036,0.0441895872543486,0.9552128338484884,-1282.013878203288,3.6274866046726415,592320.89211523,4.384264241447972,1.3836689067387051,0.0929580691517406,0.8620689655172413,1.4081680560989558,-0.256466139396595,-1.5785971556789344,0.037720518708229,0.071429623440851,0.1012408685684204,0.0194512734159531,1.4173512849644965,4.628586326513409,1513.5517091086483,0.0072807876793669,932.2129200245622,0.0418138084359466,-0.3761139082992031,-0.3516136854850692,1.6132167801515536,0.00446,0.1159779697234177,0.0192307692307692,0.0498500561745916,13.457832885380714,10.159755751154144,0.217148234012606,2.3888973481910975e-12,0.000772260670313,0.1277913739027808,0.871423507832938,1128.4059143911998,2.823721591479685,273535.4719193996,14.621797295552378,5.083553362186263,0.0461773926316311,1.0,0.554946278628826,-0.9244621428228436,0.9622632712362872,0.0102232626080513,0.0642701670756706,0.0795346474647522,0.0088713870353563,1.2375049122108144,0.0,0.3135306623817538
"MATLAB 3-05 PM Fri, Sep 13, 2024 Run7 .csv",0,5.766507479932894,2843.6395095379826,0.2284014449841992,948.395236363217,0.0434010093769251,-0.4290211301522003,-0.4220038420566971,3.3107307583685,0.0098066666666666,2.1235281446691348,0.072463768115942,-0.5861077861654365,26.93466223262055,21.45312105031827,0.3002914691312752,1.6154599056287862e-10,0.0001066073300646,9.870464717732182e-05,0.9994734492663332,6151.666318362924,5.130005770420811,171948.13812863576,89.65088369404677,1.2506261716355584,2.936618973569737,0.0422535211267605,3.4053990206286144,0.8891591493296939,7.3392227936586,0.0436058461666107,0.2511804362771591,0.4591050171852112,0.0412050806336486,1.827789711610432,5.790684469847847,3013.0744404062766,-0.0128617271153469,994.452419612466,0.0447259523128163,-0.4272863394358864,-0.4186104493646765,3.406062795615174,0.0139033333333333,0.1145533803394627,0.923809523809524,0.7934691655269807,39.6270413548607,23.509518626312342,0.3139327396271592,3.40254390966791e-10,3.19758196736946e-05,1.4930087814799042e-06,0.9993544318329516,31253.442195731604,4.865114862168808,324389.0718531158,114.5128775642717,1.1383383373647606,3.348986008235211,1.0,3.552301346914635,-0.1640635757025603,2.9512302018930194,0.1333748400211334,0.4000743898550669,0.8732394373416902,0.0933226265152288,2.182692667876178,1.0,-0.0216810753182792,2,0,5.766507479932894,2843.6395095379826,0.2284014449841992,948.395236363217,0.0434010093769251,-0.4290211301522003,-0.4220038420566971,3.3107307583685,0.0098066666666666,2.1235281446691348,0.072463768115942,-0.5861077861654365,26.93466223262055,21.45312105031827,0.3002914691312752,1.6154599056287862e-10,0.0001066073300646,9.870464717732182e-05,0.9994734492663332,6151.666318362924,5.130005770420811,171948.13812863576,89.65088369404677,1.2506261716355584,2.936618973569737,0.0422535211267605,3.4053990206286144,0.8891591493296939,7.3392227936586,0.0436058461666107,0.2511804362771591,0.4591050171852112,0.0412050806336486,1.827789711610432,5.790684469847847,3013.0744404062766,-0.0128617271153469,994.452419612466,0.0447259523128163,-0.4272863394358864,-0.4186104493646765,3.406062795615174,0.0139033333333333,0.1145533803394627,0.923809523809524,0.7934691655269807,39.6270413548607,23.509518626312342,0.3139327396271592,3.40254390966791e-10,3.19758196736946e-05,1.4930087814799042e-06,0.9993544318329516,31253.442195731604,4.865114862168808,324389.0718531158,114.5128775642717,1.1383383373647606,3.348986008235211,1.0,3.552301346914635,-0.1640635757025603,2.9512302018930194,0.1333748400211334,0.4000743898550669,0.8732394373416902,0.0933226265152288,2.182692667876178,1.0,-0.0216810753182792
"MATLAB 3-05 PM Mon, Oct 28, 2024 Run13 .csv",0,5.8933937819813735,2340.4203471768856,0.267305093546765,1348.0735036163348,0.0021076579927226,-0.318796673028686,-0.3119890379710095,0.4039265391337165,0.0003,0.1221036905481294,0.0,-1.921049093376148,78.5892195280613,17.614052130908625,0.0082384025847168,1.44165737968404e-11,0.000123032658403,0.0001249401305263,0.997189837748978,4874.181543064078,3.6392284850640526,722493.928265931,1.665518699674146,0.0076625912649103,0.0142010463515985,1.0,-1.597370014841727,-0.3417840262679372,-1.4793316801362844,0.0027219519019126,0.1599176058173179,0.1618707609176636,0.0018073257566976,1.0122135088901771,5.925213022618125,2696.7737545501686,0.0889172593598196,1196.7928381759598,0.0018190351516595,-0.3131063267740389,-0.3058072134014051,0.3993141804856233,0.0004,0.1131287909555076,0.0,0.529073827797981,45.48341985424642,13.51949626655635,0.0070578187529923,1.2201548012213815e-11,0.0001183052683145,8.593275455548039e-06,0.9985236840037196,8440.23007791032,3.463437530621637,626705.9172334163,1.3294863289653496,0.0057885572716085,0.0179495821615366,1.0,-1.4503435847995556,-0.8599140541062497,-0.944521610539701,0.0206090873479842,0.1767265623807906,0.1924542880058288,0.0181581876158392,1.0889946899501717,0.0,-0.4121173345277921,2,0,5.8933937819813735,2340.4203471768856,0.267305093546765,1348.0735036163348,0.0021076579927226,-0.318796673028686,-0.3119890379710095,0.4039265391337165,0.0003,0.1221036905481294,0.0,-1.921049093376148,78.5892195280613,17.614052130908625,0.0082384025847168,1.44165737968404e-11,0.000123032658403,0.0001249401305263,0.997189837748978,4874.181543064078,3.6392284850640526,722493.928265931,1.665518699674146,0.0076625912649103,0.0142010463515985,1.0,-1.597370014841727,-0.3417840262679372,-1.4793316801362844,0.0027219519019126,0.1599176058173179,0.1618707609176636,0.0018073257566976,1.0122135088901771,5.925213022618125,2696.7737545501686,0.0889172593598196,1196.7928381759598,0.0018190351516595,-0.3131063267740389,-0.3058072134014051,0.3993141804856233,0.0004,0.1131287909555076,0.0,0.529073827797981,45.48341985424642,13.51949626655635,0.0070578187529923,1.2201548012213815e-11,0.0001183052683145,8.593275455548039e-06,0.9985236840037196,8440.23007791032,3.463437530621637,626705.9172334163,1.3294863289653496,0.0057885572716085,0.0179495821615366,1.0,-1.4503435847995556,-0.8599140541062497,-0.944521610539701,0.0206090873479842,0.1767265623807906,0.1924542880058288,0.0181581876158392,1.0889946899501717,0.0,-0.4121173345277921
"MATLAB 3-05 PM Tue, Oct 15, 2024 Run7 .csv",0,4.892839786706957,1744.8946189567182,0.2152124854177246,1307.717001858426,0.0014162351523961,-0.3466119857707292,-0.3389446254005605,0.7153305075397887,0.00059,0.1178303281851127,0.0,0.4449053036505702,25.961355698330667,12.42675340301215,0.0061241061551847,3.00715377289018e-11,0.0003896488715877,0.0006362024366183,0.998766681215448,-689.5179021505228,1.8743809370196536,352332.6263750304,357.5320973781452,2.4007786334955177,1.1480362139341471,1.0,1.3943228787472488,0.239661394698617,-0.8742832195857919,0.0193836066126823,0.2326647850733537,0.2590160918235779,0.0119766089506827,1.113258681333818,3.841693451031497,1221.0075785694128,-0.0058809574730642,1122.3949933866618,0.0014451242529098,-0.342837339237514,-0.3347975051889778,0.7108859614773451,0.0004866666666666,0.1088550228036424,0.0,0.4198679346887636,8.802550510215703,10.960286667096774,0.0062491126453508,3.2289133980059645e-11,0.0003548083180683,0.0006752807129132,0.9980124808503916,2812.8215434288577,1.7122026019924117,236945.3027622153,600.9823828791334,3.307927174299832,0.5626441376320269,1.0,0.5417216200578723,0.2096621342497745,-1.209126315148882,0.0335613697767257,0.1993213098415961,0.2398780953884125,0.0196789269364045,1.203474408125491,0.0,-0.6302025724973888,2,0,4.892839786706957,1744.8946189567182,0.2152124854177246,1307.717001858426,0.0014162351523961,-0.3466119857707292,-0.3389446254005605,0.7153305075397887,0.00059,0.1178303281851127,0.0,0.4449053036505702,25.961355698330667,12.42675340301215,0.0061241061551847,3.00715377289018e-11,0.0003896488715877,0.0006362024366183,0.998766681215448,-689.5179021505228,1.8743809370196536,352332.6263750304,357.5320973781452,2.4007786334955177,1.1480362139341471,1.0,1.3943228787472488,0.239661394698617,-0.8742832195857919,0.0193836066126823,0.2326647850733537,0.2590160918235779,0.0119766089506827,1.113258681333818,3.841693451031497,1221.0075785694128,-0.0058809574730642,1122.3949933866618,0.0014451242529098,-0.342837339237514,-0.3347975051889778,0.7108859614773451,0.0004866666666666,0.1088550228036424,0.0,0.4198679346887636,8.802550510215703,10.960286667096774,0.0062491126453508,3.2289133980059645e-11,0.0003548083180683,0.0006752807129132,0.9980124808503916,2812.8215434288577,1.7122026019924117,236945.3027622153,600.9823828791334,3.307927174299832,0.5626441376320269,1.0,0.5417216200578723,0.2096621342497745,-1.209126315148882,0.0335613697767257,0.1993213098415961,0.2398780953884125,0.0196789269364045,1.203474408125491,0.0,-0.6302025724973888
"MATLAB 3-06 PM Tue, Oct 22, 2024 Run16 .csv",0,5.191398906420992,2030.775552886157,0.2113107426959825,1323.7534769610468,0.0004630334757022,-0.4184455930461523,-0.4115002127876506,2.361039021462568,0.0006,0.113556965822096,0.0,0.4726130527885976,27.7380497706243,12.970737805693387,0.0028466339365084,3.406601461809968e-12,0.0001415708065999,0.0001322983794476,0.9994297471173704,3784.9442723659695,2.6405833119369646,426483.8337438037,1.5210788691536756,0.0040552103755664,0.0068911290405013,1.0,-1.6139842276637753,-0.1532663695754617,-1.3585737733878622,0.019531069099903,0.123545185526212,0.1419925606250763,0.0130338036076845,1.1493168270401792,5.339150453448131,2127.71730049171,0.0616079662102227,1256.00001771698,0.0005932958784397,-0.4143404446859715,-0.4073877969358237,2.3567622879857746,0.0008,0.1045812546517773,0.0,0.3837311196900331,20.263259539987303,10.128143808650798,0.0036398520181924,2.02185183022684e-12,0.0002717640197153,8.41083997987353e-05,0.9987863863191416,3675.197280954769,2.376312750968223,535937.3798296497,1.5790314530708698,0.0032671249472425,0.0056405096996124,1.0,-1.4662131750846998,-0.2490573024316132,-0.5336008808045438,0.0044142365455627,0.0962960026661555,0.104511387348175,0.0052976506490408,1.0853138703015646,0.0,-0.6449600522387702,2,0,5.191398906420992,2030.775552886157,0.2113107426959825,1323.7534769610468,0.0004630334757022,-0.4184455930461523,-0.4115002127876506,2.361039021462568,0.0006,0.113556965822096,0.0,0.4726130527885976,27.7380497706243,12.970737805693387,0.0028466339365084,3.406601461809968e-12,0.0001415708065999,0.0001322983794476,0.9994297471173704,3784.9442723659695,2.6405833119369646,426483.8337438037,1.5210788691536756,0.0040552103755664,0.0068911290405013,1.0,-1.6139842276637753,-0.1532663695754617,-1.3585737733878622,0.019531069099903,0.123545185526212,0.1419925606250763,0.0130338036076845,1.1493168270401792,5.339150453448131,2127.71730049171,0.0616079662102227,1256.00001771698,0.0005932958784397,-0.4143404446859715,-0.4073877969358237,2.3567622879857746,0.0008,0.1045812546517773,0.0,0.3837311196900331,20.263259539987303,10.128143808650798,0.0036398520181924,2.02185183022684e-12,0.0002717640197153,8.41083997987353e-05,0.9987863863191416,3675.197280954769,2.376312750968223,535937.3798296497,1.5790314530708698,0.0032671249472425,0.0056405096996124,1.0,-1.4662131750846998,-0.2490573024316132,-0.5336008808045438,0.0044142365455627,0.0962960026661555,0.104511387348175,0.0052976506490408,1.0853138703015646,0.0,-0.6449600522387702
"MATLAB 3-06 PM Wed, Sep 18, 2024 Run7 .csv",0,5.942523423764164,3053.1372289074952,0.275158010874899,1116.7760301778956,0.0566294091841283,-0.281117247091674,-0.2564206045600014,-0.353890553757322,0.00492,0.1107080575800849,0.0606060606060606,-1.2142688670165682,83.16971326183567,20.587687648179408,0.1874234483949164,8.028889698398182e-11,0.0002369925445878,0.0002062868120878,0.9993164260461131,927.450118496351,4.426632044522406,879082.3143384826,18.22958752482292,0.3561793512444715,0.6159694946483919,1.0,0.3804777013955418,-3.109462424334839,9.960415712537769,0.0330226016044616,0.2909402843316396,0.3185009813308716,0.0403907115748679,1.0947297383122645,5.640817784482127,2677.156321812998,0.026975327146766,970.881956555435,0.056792288364829,-0.2772886230298715,-0.2523813249480389,-0.358055412177015,0.00469,1.1017320758838671,0.1515151515151515,0.5817306925116658,79.71980914418305,18.47144105083165,0.1879178191792948,2.7970239100615326e-10,7.081486102673753e-05,8.450714341643892e-06,0.9997994337005676,14118.497434077768,3.4092880046791527,953497.6435226918,27.35667633997478,0.2274254953744134,0.4629855790097074,0.8333333333333334,0.5284969614869186,-1.2581030440895205,1.454901104237016,0.1034531271457672,0.4152743216355641,0.5018485772609711,0.082694773783056,1.2084748589424767,0.0,0.520642311299726,2,0,5.942523423764164,3053.1372289074952,0.275158010874899,1116.7760301778956,0.0566294091841283,-0.281117247091674,-0.2564206045600014,-0.353890553757322,0.00492,0.1107080575800849,0.0606060606060606,-1.2142688670165682,83.16971326183567,20.587687648179408,0.1874234483949164,8.028889698398182e-11,0.0002369925445878,0.0002062868120878,0.9993164260461131,927.450118496351,4.426632044522406,879082.3143384826,18.22958752482292,0.3561793512444715,0.6159694946483919,1.0,0.3804777013955418,-3.109462424334839,9.960415712537769,0.0330226016044616,0.2909402843316396,0.3185009813308716,0.0403907115748679,1.0947297383122645,5.640817784482127,2677.156321812998,0.026975327146766,970.881956555435,0.056792288364829,-0.2772886230298715,-0.2523813249480389,-0.358055412177015,0.00469,1.1017320758838671,0.1515151515151515,0.5817306925116658,79.71980914418305,18.47144105083165,0.1879178191792948,2.7970239100615326e-10,7.081486102673753e-05,8.450714341643892e-06,0.9997994337005676,14118.497434077768,3.4092880046791527,953497.6435226918,27.35667633997478,0.2274254953744134,0.4629855790097074,0.8333333333333334,0.5284969614869186,-1.2581030440895205,1.454901104237016,0.1034531271457672,0.4152743216355641,0.5018485772609711,0.082694773783056,1.2084748589424767,0.0,0.520642311299726
"MATLAB 3-08 PM Fri, Sep 13, 2024 Run8 .csv",0,5.76167272891545,2800.489565526424,0.2330121222076704,947.0187840900276,0.0641691991800581,-0.2980678433095647,-0.2760909961771008,-0.1682744003407483,0.0075666666666666,0.1078591493380738,0.0571428571428571,-0.8367430448582803,53.6934123142756,18.137081808579307,0.2233099900169362,2.4749959964787945e-10,0.0001150060451149,0.0001115714834176,0.9994747728374632,5386.8439551548445,4.8847335934359215,399805.2955833623,78.90317689742504,1.078623729420335,2.501536919060941,1.0,5.374939630454859,-1.7335793039462175,4.405879855958015,0.0646444702148438,0.31889089179039,0.3860047459602356,0.0487461037098742,1.2104602417241823,5.789633851856098,3007.379514287415,-0.0058685670511606,992.7768791595062,0.0711500479202285,-0.2997884521771585,-0.2716248528071586,-0.1056604947544626,0.0097933333333333,0.0988828971159572,0.9065420560747663,1.2260060837899225,78.37612909981286,19.48190690513124,0.2524073067930954,5.18579808108472e-10,3.693895746745422e-05,2.6813976018174164e-06,0.9994917719750356,27057.93126012441,4.400979049513363,632449.4313651742,96.81895852357272,0.951713254430888,2.7860565001476054,1.0,5.523207098058537,-0.9802606219209622,0.770103186007284,0.2274112504720689,0.5110197573398876,0.6657414054870606,0.131003539566299,1.3027703839721898,0.0,-0.1664778799989211,2,0,5.76167272891545,2800.489565526424,0.2330121222076704,947.0187840900276,0.0641691991800581,-0.2980678433095647,-0.2760909961771008,-0.1682744003407483,0.0075666666666666,0.1078591493380738,0.0571428571428571,-0.8367430448582803,53.6934123142756,18.137081808579307,0.2233099900169362,2.4749959964787945e-10,0.0001150060451149,0.0001115714834176,0.9994747728374632,5386.8439551548445,4.8847335934359215,399805.2955833623,78.90317689742504,1.078623729420335,2.501536919060941,1.0,5.374939630454859,-1.7335793039462175,4.405879855958015,0.0646444702148438,0.31889089179039,0.3860047459602356,0.0487461037098742,1.2104602417241823,5.789633851856098,3007.379514287415,-0.0058685670511606,992.7768791595062,0.0711500479202285,-0.2997884521771585,-0.2716248528071586,-0.1056604947544626,0.0097933333333333,0.0988828971159572,0.9065420560747663,1.2260060837899225,78.37612909981286,19.48190690513124,0.2524073067930954,5.18579808108472e-10,3.693895746745422e-05,2.6813976018174164e-06,0.9994917719750356,27057.93126012441,4.400979049513363,632449.4313651742,96.81895852357272,0.951713254430888,2.7860565001476054,1.0,5.523207098058537,-0.9802606219209622,0.770103186007284,0.2274112504720689,0.5110197573398876,0.6657414054870606,0.131003539566299,1.3027703839721898,0.0,-0.1664778799989211
"MATLAB 3-08 PM Mon, Oct 28, 2024 Run14 .csv",0,5.773375678984408,2302.7029122635167,0.2500705031081796,1348.57140549139,0.0013499999987832,-0.2340519155198767,-0.2282761920373245,-0.6751672940698179,0.0002,0.1064346952170682,0.0,-1.9505838566600973,89.69257646696983,19.34612780078623,0.003830330543281,8.967745372352679e-12,0.0002312277463144,9.392711490931475e-05,0.998710539583982,1008.0913984161816,3.879909004903921,689836.366620632,1.2741606515577868,0.0054848262571846,0.0105175354743883,1.0,-1.6278294050154822,-0.7050703152743805,-1.5000000000000058,0.0050079417228698,0.1489887293179829,0.1524235236644745,0.0046550229718788,1.0230540549088163,5.850472374418734,2693.365526799706,0.0741814503037886,1197.908096328297,0.001499999998691,-0.2331577654034101,-0.2270716167826803,-0.6791643399038607,0.0002,0.0974583077320021,0.0,0.6133710624442662,56.87053009457066,14.33385472884552,0.0042906178490276,8.575120115714409e-12,0.0001913480979677,6.352726440968704e-06,0.9990404096589448,5221.062661555978,3.917988603436074,615568.6158843198,1.0343859111285991,0.0044628940243277,0.0140935972137141,1.0,-1.4794378336556535,0.688855067116221,-1.5000000000000062,0.0100065666437149,0.1677889649073282,0.1805699038505554,0.0090635828443285,1.0761727027178825,0.0,0.4099456780183558,2,0,5.773375678984408,2302.7029122635167,0.2500705031081796,1348.57140549139,0.0013499999987832,-0.2340519155198767,-0.2282761920373245,-0.6751672940698179,0.0002,0.1064346952170682,0.0,-1.9505838566600973,89.69257646696983,19.34612780078623,0.003830330543281,8.967745372352679e-12,0.0002312277463144,9.392711490931475e-05,0.998710539583982,1008.0913984161816,3.879909004903921,689836.366620632,1.2741606515577868,0.0054848262571846,0.0105175354743883,1.0,-1.6278294050154822,-0.7050703152743805,-1.5000000000000058,0.0050079417228698,0.1489887293179829,0.1524235236644745,0.0046550229718788,1.0230540549088163,5.850472374418734,2693.365526799706,0.0741814503037886,1197.908096328297,0.001499999998691,-0.2331577654034101,-0.2270716167826803,-0.6791643399038607,0.0002,0.0974583077320021,0.0,0.6133710624442662,56.87053009457066,14.33385472884552,0.0042906178490276,8.575120115714409e-12,0.0001913480979677,6.352726440968704e-06,0.9990404096589448,5221.062661555978,3.917988603436074,615568.6158843198,1.0343859111285991,0.0044628940243277,0.0140935972137141,1.0,-1.4794378336556535,0.688855067116221,-1.5000000000000062,0.0100065666437149,0.1677889649073282,0.1805699038505554,0.0090635828443285,1.0761727027178825,0.0,0.4099456780183558
"MATLAB 3-10 PM Mon, Oct 28, 2024 Run15 .csv",0,5.751322380529708,2284.978744270816,0.2391970609991971,1331.7387583291093,0.0008999999992228,-0.1678604445026671,-0.1624965837305481,-0.6895298072182623,0.0002,0.1035857869750571,0.0,-2.008798154473876,91.87270786719772,19.280746202572683,0.00213878327001,1.1635191961343788e-11,0.0001648224343974,9.093119438409058e-05,0.9981625128543848,2730.337771777416,3.9343400723421977,680348.9603119704,1.2544352697576189,0.0051663359303992,0.0099872154583726,1.0,-1.6333674759561652,0.7054691558826562,-1.5,0.0100232726335525,0.157233992020289,0.1704255127906799,0.009330215540785,1.083897385043106,5.870890498344526,2732.013237665985,0.0733531730325948,1187.0715535561772,0.0019499999982514,-0.1612746936898666,-0.155615144720819,-0.6934149779952046,0.0004,0.0946091289640921,0.0,0.7018079452566545,60.86851542153198,13.51466840813079,0.0046028561311913,1.022251198050564e-11,0.0001611085825393,5.863862824048516e-06,0.9986165025072054,6198.406607314354,3.8105575101615616,675366.0109858155,0.9877104907788784,0.0046495451423004,0.0144610539500876,1.0,-1.4847276970840353,-0.7035019736031582,-1.4999999999999991,0.0205621820688248,0.1612896923224131,0.1755208396911621,0.0190271618579368,1.0882334584673978,0.0,-0.9999396961067528,2,0,5.751322380529708,2284.978744270816,0.2391970609991971,1331.7387583291093,0.0008999999992228,-0.1678604445026671,-0.1624965837305481,-0.6895298072182623,0.0002,0.1035857869750571,0.0,-2.008798154473876,91.87270786719772,19.280746202572683,0.00213878327001,1.1635191961343788e-11,0.0001648224343974,9.093119438409058e-05,0.9981625128543848,2730.337771777416,3.9343400723421977,680348.9603119704,1.2544352697576189,0.0051663359303992,0.0099872154583726,1.0,-1.6333674759561652,0.7054691558826562,-1.5,0.0100232726335525,0.157233992020289,0.1704255127906799,0.009330215540785,1.083897385043106,5.870890498344526,2732.013237665985,0.0733531730325948,1187.0715535561772,0.0019499999982514,-0.1612746936898666,-0.155615144720819,-0.6934149779952046,0.0004,0.0946091289640921,0.0,0.7018079452566545,60.86851542153198,13.51466840813079,0.0046028561311913,1.022251198050564e-11,0.0001611085825393,5.863862824048516e-06,0.9986165025072054,6198.406607314354,3.8105575101615616,675366.0109858155,0.9877104907788784,0.0046495451423004,0.0144610539500876,1.0,-1.4847276970840353,-0.7035019736031582,-1.4999999999999991,0.0205621820688248,0.1612896923224131,0.1755208396911621,0.0190271618579368,1.0882334584673978,0.0,-0.9999396961067528
"MATLAB 3-10 PM Tue, Oct 22, 2024 Run17 .csv",0,5.272661759949579,2104.7220991744025,0.2222237662933924,1365.3560716314398,0.0001499999998874,-0.2666897088771677,-0.2615317794602652,-0.6967110637924843,0.0003,0.1021613328540516,0.0,0.2971465153325357,59.38173876940001,16.756172818851685,0.0004643244080494,1.5735854981067185e-12,0.0002515782846741,0.0001253088402511,0.9989222867904708,637.6845439181529,3.0153847582016,284558.56130436645,0.7047487653717385,0.0018072346964167,0.003616658517298,1.0,-1.6361365114265063,-0.4323534760763087,-1.500000000000001,0.014033031463623,0.1147279568513234,0.1269552421569824,0.0117390553174731,1.1065763362412562,5.376503964476223,2141.927741082396,0.0805670261875776,1256.9950099928997,0.0013999999987802,-0.2630081577111055,-0.2575619085678988,-0.700540297040877,0.0004,0.093184539580137,0.0,0.7171627680616237,45.00077438641326,13.34516968750263,0.0043343653251412,9.45179609980162e-13,0.0006907008505923,7.877085441864787e-05,0.9980277657178148,1444.9493798392068,2.579175031546165,301097.8397616504,0.7323426862638425,0.0018480781093694,0.0038692583967016,1.0,-1.487372628798226,-0.6951456453450596,-1.5000000000000002,0.0085997295379638,0.0978988138834635,0.1040249860286712,0.0078447777385937,1.0625765716886024,0.0,-0.6936232077978819,2,0,5.272661759949579,2104.7220991744025,0.2222237662933924,1365.3560716314398,0.0001499999998874,-0.2666897088771677,-0.2615317794602652,-0.6967110637924843,0.0003,0.1021613328540516,0.0,0.2971465153325357,59.38173876940001,16.756172818851685,0.0004643244080494,1.5735854981067185e-12,0.0002515782846741,0.0001253088402511,0.9989222867904708,637.6845439181529,3.0153847582016,284558.56130436645,0.7047487653717385,0.0018072346964167,0.003616658517298,1.0,-1.6361365114265063,-0.4323534760763087,-1.500000000000001,0.014033031463623,0.1147279568513234,0.1269552421569824,0.0117390553174731,1.1065763362412562,5.376503964476223,2141.927741082396,0.0805670261875776,1256.9950099928997,0.0013999999987802,-0.2630081577111055,-0.2575619085678988,-0.700540297040877,0.0004,0.093184539580137,0.0,0.7171627680616237,45.00077438641326,13.34516968750263,0.0043343653251412,9.45179609980162e-13,0.0006907008505923,7.877085441864787e-05,0.9980277657178148,1444.9493798392068,2.579175031546165,301097.8397616504,0.7323426862638425,0.0018480781093694,0.0038692583967016,1.0,-1.487372628798226,-0.6951456453450596,-1.5000000000000002,0.0085997295379638,0.0978988138834635,0.1040249860286712,0.0078447777385937,1.0625765716886024,0.0,-0.6936232077978819
"MATLAB 3-11 PM Thu, Oct 24, 2024 Run14.csv",0,5.5413320042525465,2045.3267396921924,0.3051219813107579,1381.3209620298665,0.0544716140292697,-0.4649091350618148,-0.4631021709168939,4.138665647563635,0.002295,2.0993124246120405,0.0,0.5390833835241312,22.25949274819465,12.372817076517675,0.4289471535570164,1.9401460002376808e-11,0.0130657910428411,0.0002899037270493,0.986076968734119,-3272.0440453665296,2.806299342119945,481718.4412139213,101.43409722567628,1.3211251409386318,12.76651094751499,0.1795918367346938,0.3583254176328108,-0.0357030013307508,-0.1502186976554775,0.0327514505386352,0.1888116660163661,0.2414420330524445,0.022331217671513,1.278745313499413,5.309700852585328,1983.289290420464,0.1263945724850969,1253.9952101814918,0.0531706385707952,-0.4633530731779761,-0.4590554362636552,4.28494903950927,0.004335,2.090335360812227,0.0,0.3567394117489049,15.34567292241492,11.208909619003956,0.4259716497081328,2.095899529113824e-11,0.0165322200767147,0.0001627302298218,0.9824616369347766,59.42708434655737,2.6102583239770367,506203.7313555018,120.001790178831,0.8086977789780305,3.369829981362006,0.4120171673819742,0.5073375077733926,-0.5875578934776585,1.0110576684153347,0.0238066780567169,0.1689395912960171,0.226073807477951,0.0214216871515344,1.3381931715569435,4.0,0.1072245953007145,2,0,5.5413320042525465,2045.3267396921924,0.3051219813107579,1381.3209620298665,0.0544716140292697,-0.4649091350618148,-0.4631021709168939,4.138665647563635,0.002295,2.0993124246120405,0.0,0.5390833835241312,22.25949274819465,12.372817076517675,0.4289471535570164,1.9401460002376808e-11,0.0130657910428411,0.0002899037270493,0.986076968734119,-3272.0440453665296,2.806299342119945,481718.4412139213,101.43409722567628,1.3211251409386318,12.76651094751499,0.1795918367346938,0.3583254176328108,-0.0357030013307508,-0.1502186976554775,0.0327514505386352,0.1888116660163661,0.2414420330524445,0.022331217671513,1.278745313499413,5.309700852585328,1983.289290420464,0.1263945724850969,1253.9952101814918,0.0531706385707952,-0.4633530731779761,-0.4590554362636552,4.28494903950927,0.004335,2.090335360812227,0.0,0.3567394117489049,15.34567292241492,11.208909619003956,0.4259716497081328,2.095899529113824e-11,0.0165322200767147,0.0001627302298218,0.9824616369347766,59.42708434655737,2.6102583239770367,506203.7313555018,120.001790178831,0.8086977789780305,3.369829981362006,0.4120171673819742,0.5073375077733926,-0.5875578934776585,1.0110576684153347,0.0238066780567169,0.1689395912960171,0.226073807477951,0.0214216871515344,1.3381931715569435,4.0,0.1072245953007145
"MATLAB 3-13 PM Fri, Aug 23, 2024 Run6 .csv",0,5.851663756271485,2492.279335838557,0.3263926929567334,1327.132217328545,0.0362635367083116,-0.5272791816415074,-0.5336077583062979,10.967229635157324,0.00742,2.095039062249024,0.0272108843537414,0.7050816846701886,22.55892748306824,23.842308032827287,0.5344123269271436,6.664123677330355e-11,0.0003314033425797,0.0004134176737192,0.998151937020936,-357.48457183679784,4.280923296779856,555066.4449108621,72.7610707391763,0.7852629336414387,1.0445203079999177,0.0387984981226533,0.3500183112217865,3.241614211652347,20.43763247565596,0.0664570701122284,0.2057323110103606,0.6601712429523469,0.0610343609083259,3.208884592362843,5.534416336452593,1945.2130893097155,0.0848196065248958,1049.078945340915,0.0359342891363287,-0.5235686287220304,-0.5296957280135954,10.96368008955168,0.00845,2.0860615926603616,0.0272108843537414,0.8200870900929138,15.868293007953358,20.70278628638755,0.5295602364514181,1.0062888967181388e-10,0.000106204412203,0.0001041135607535,0.9997174080295628,9413.1438354744,4.14183455667644,298262.7089606165,106.10256535678684,0.2787667417765094,0.4060312624628317,0.04,-0.5005972873691795,4.87038286489142,35.39881512637164,0.0361437302827835,0.2009066665172576,0.6205883276462556,0.049572107058672,3.088938452885772,4.0,0.8608522505195113,2,0,5.851663756271485,2492.279335838557,0.3263926929567334,1327.132217328545,0.0362635367083116,-0.5272791816415074,-0.5336077583062979,10.967229635157324,0.00742,2.095039062249024,0.0272108843537414,0.7050816846701886,22.55892748306824,23.842308032827287,0.5344123269271436,6.664123677330355e-11,0.0003314033425797,0.0004134176737192,0.998151937020936,-357.48457183679784,4.280923296779856,555066.4449108621,72.7610707391763,0.7852629336414387,1.0445203079999177,0.0387984981226533,0.3500183112217865,3.241614211652347,20.43763247565596,0.0664570701122284,0.2057323110103606,0.6601712429523469,0.0610343609083259,3.208884592362843,5.534416336452593,1945.2130893097155,0.0848196065248958,1049.078945340915,0.0359342891363287,-0.5235686287220304,-0.5296957280135954,10.96368008955168,0.00845,2.0860615926603616,0.0272108843537414,0.8200870900929138,15.868293007953358,20.70278628638755,0.5295602364514181,1.0062888967181388e-10,0.000106204412203,0.0001041135607535,0.9997174080295628,9413.1438354744,4.14183455667644,298262.7089606165,106.10256535678684,0.2787667417765094,0.4060312624628317,0.04,-0.5005972873691795,4.87038286489142,35.39881512637164,0.0361437302827835,0.2009066665172576,0.6205883276462556,0.049572107058672,3.088938452885772,4.0,0.8608522505195113
"MATLAB 3-13 PM Tue, Oct 15, 2024 Run8 .csv",0,4.883466766001319,1723.773329300979,0.2018584554303937,1279.4550251830503,0.0009925487692857,-0.3610588457421305,-0.3573781500981674,0.5527631117629732,0.00057,0.0921901540070126,0.0,0.682167087831052,26.259495526802056,12.401717098554716,0.0042015186957034,3.317212257150227e-11,0.000257076027545,0.0004587122960567,0.9990999442853576,502.442889068484,2.036882623579061,326068.18916777085,117.1115924117741,0.4534574677070465,0.2807899507544797,1.0,0.3444802402811038,0.1538439261507813,-1.5480688773465965,0.0261111408472061,0.2411763062033542,0.2625931012630463,0.0136586734784272,1.0888014058961246,3.922581292055095,1260.7875419031177,-0.0118815350947227,1107.4537360514676,0.0009226827926745,-0.3573566921212693,-0.3533392560449377,0.5493254412144313,0.00042,0.0832124138924517,0.0,0.4085209075861733,9.449856063599183,10.21607682109876,0.0039057718105033,3.2934675604090486e-11,0.0002964913096015,0.0004394824811066,0.9983431353728796,3367.19189751183,1.9084712950512768,241746.10264524457,189.9989879054524,0.5195982988285254,0.1323291896577338,1.0,0.4941128492024389,0.3323182796058164,-1.180780834098294,0.0212949967384338,0.2019751033394835,0.2277540445327759,0.0124366044769817,1.127634251781828,0.0,-0.6615782162765605,2,0,4.883466766001319,1723.773329300979,0.2018584554303937,1279.4550251830503,0.0009925487692857,-0.3610588457421305,-0.3573781500981674,0.5527631117629732,0.00057,0.0921901540070126,0.0,0.682167087831052,26.259495526802056,12.401717098554716,0.0042015186957034,3.317212257150227e-11,0.000257076027545,0.0004587122960567,0.9990999442853576,502.442889068484,2.036882623579061,326068.18916777085,117.1115924117741,0.4534574677070465,0.2807899507544797,1.0,0.3444802402811038,0.1538439261507813,-1.5480688773465965,0.0261111408472061,0.2411763062033542,0.2625931012630463,0.0136586734784272,1.0888014058961246,3.922581292055095,1260.7875419031177,-0.0118815350947227,1107.4537360514676,0.0009226827926745,-0.3573566921212693,-0.3533392560449377,0.5493254412144313,0.00042,0.0832124138924517,0.0,0.4085209075861733,9.449856063599183,10.21607682109876,0.0039057718105033,3.2934675604090486e-11,0.0002964913096015,0.0004394824811066,0.9983431353728796,3367.19189751183,1.9084712950512768,241746.10264524457,189.9989879054524,0.5195982988285254,0.1323291896577338,1.0,0.4941128492024389,0.3323182796058164,-1.180780834098294,0.0212949967384338,0.2019751033394835,0.2277540445327759,0.0124366044769817,1.127634251781828,0.0,-0.6615782162765605
"MATLAB 3-13 PM Wed, Sep 18, 2024 Run8 .csv",0,5.94506179176719,3024.842804727726,0.2767977548739426,1111.6939650187558,0.1084740248924169,-0.3264114223159785,-0.2925985417903858,-0.061605401976581,0.00644,0.0893412457650015,0.081081081081081,-0.6378092333328046,69.86650956652119,18.77408318263869,0.3972801159350431,1.510669712940754e-10,0.0002151089055712,0.000205569710703,0.9993774574394132,1247.3814221472985,4.743820405526416,727654.4053806951,26.409297192343576,0.526316310251279,0.8796692857129645,1.0,-0.6610578306595791,-2.1723776920162945,9.390102414723977,0.0462813746929168,0.3377086670978649,0.4490525090694428,0.0472043292387384,1.3297038329765796,5.66778275794075,2703.2796862641885,0.0244231893416229,969.3142751789028,0.1082202301432637,-0.3227898902158916,-0.2881327839775383,-0.0649311974680229,0.00694,0.0803632351245416,0.7297297297297297,0.1140373929538332,71.33002972885136,19.30329239367348,0.3964554730999499,4.753209582626931e-10,5.477701972868286e-05,7.052606604357714e-06,0.9998288776787804,18252.70674876166,3.714046415099777,850153.3150933882,38.444705314969504,0.317468338843131,0.6812115105315351,1.0,-1.5111770142259426,-1.146559495414754,1.5663775125574846,0.1333645594120026,0.4615170530048577,0.5685331058502198,0.0921927751776482,1.2318788702358865,0.0,0.5105738509958319,2,0,5.94506179176719,3024.842804727726,0.2767977548739426,1111.6939650187558,0.1084740248924169,-0.3264114223159785,-0.2925985417903858,-0.061605401976581,0.00644,0.0893412457650015,0.081081081081081,-0.6378092333328046,69.86650956652119,18.77408318263869,0.3972801159350431,1.510669712940754e-10,0.0002151089055712,0.000205569710703,0.9993774574394132,1247.3814221472985,4.743820405526416,727654.4053806951,26.409297192343576,0.526316310251279,0.8796692857129645,1.0,-0.6610578306595791,-2.1723776920162945,9.390102414723977,0.0462813746929168,0.3377086670978649,0.4490525090694428,0.0472043292387384,1.3297038329765796,5.66778275794075,2703.2796862641885,0.0244231893416229,969.3142751789028,0.1082202301432637,-0.3227898902158916,-0.2881327839775383,-0.0649311974680229,0.00694,0.0803632351245416,0.7297297297297297,0.1140373929538332,71.33002972885136,19.30329239367348,0.3964554730999499,4.753209582626931e-10,5.477701972868286e-05,7.052606604357714e-06,0.9998288776787804,18252.70674876166,3.714046415099777,850153.3150933882,38.444705314969504,0.317468338843131,0.6812115105315351,1.0,-1.5111770142259426,-1.146559495414754,1.5663775125574846,0.1333645594120026,0.4615170530048577,0.5685331058502198,0.0921927751776482,1.2318788702358865,0.0,0.5105738509958319
"MATLAB 3-14 PM Fri, Sep 13, 2024 Run9 .csv",0,5.773618115159074,2878.5236582843686,0.2239693322860661,940.5822566651244,0.0191387486724746,-0.5157881606428354,-0.5119337374134832,8.031215681755517,0.0196133333333333,2.087916791643996,0.0,-0.2382607638633229,18.043571896805865,14.63795751367376,0.2258414186800409,3.748138062631325e-10,0.0004762912118701,6.647830041076869e-05,0.9987336986991836,-1308.9236433622764,5.163751351829017,204276.0319051876,151.147692637739,2.001752702194019,7.704837768057386,0.025426944971537,1.3361731338700795,0.9452703378110664,0.6302650826309306,0.0671781584620475,0.2545311125624651,0.4835722243785859,0.0723291058387005,1.8998550688372573,5.738799961675435,3105.5103239434443,0.0060524101765093,948.7677559892522,0.0191805785508469,-0.5118581395137642,-0.5073295477211115,7.994612379318188,0.0241,2.0789386457405867,0.0,0.4815757214394026,27.061521236476302,16.115843894495963,0.225694599155545,8.137699885603915e-10,0.0004085578768446,5.319176985922383e-06,0.9990404479368736,2445.28500013875,4.795592220430736,396726.1620308277,170.34145548801803,2.1340074141730065,8.07461519825246,0.0803858520900321,2.4861780540598666,1.4526649970106331,1.2498719394563542,0.095186232328415,0.3379327596415879,0.7778193211555482,0.1435228439129723,2.3016984857594296,22.0,0.1995223670340272,2,0,5.773618115159074,2878.5236582843686,0.2239693322860661,940.5822566651244,0.0191387486724746,-0.5157881606428354,-0.5119337374134832,8.031215681755517,0.0196133333333333,2.087916791643996,0.0,-0.2382607638633229,18.043571896805865,14.63795751367376,0.2258414186800409,3.748138062631325e-10,0.0004762912118701,6.647830041076869e-05,0.9987336986991836,-1308.9236433622764,5.163751351829017,204276.0319051876,151.147692637739,2.001752702194019,7.704837768057386,0.025426944971537,1.3361731338700795,0.9452703378110664,0.6302650826309306,0.0671781584620475,0.2545311125624651,0.4835722243785859,0.0723291058387005,1.8998550688372573,5.738799961675435,3105.5103239434443,0.0060524101765093,948.7677559892522,0.0191805785508469,-0.5118581395137642,-0.5073295477211115,7.994612379318188,0.0241,2.0789386457405867,0.0,0.4815757214394026,27.061521236476302,16.115843894495963,0.225694599155545,8.137699885603915e-10,0.0004085578768446,5.319176985922383e-06,0.9990404479368736,2445.28500013875,4.795592220430736,396726.1620308277,170.34145548801803,2.1340074141730065,8.07461519825246,0.0803858520900321,2.4861780540598666,1.4526649970106331,1.2498719394563542,0.095186232328415,0.3379327596415879,0.7778193211555482,0.1435228439129723,2.3016984857594296,22.0,0.1995223670340272
"MATLAB 3-15 PM Thu, Oct 24, 2024 Run15.csv",0,5.441444180242689,2122.6541160196566,0.2469859016327256,1418.0093399583925,0.0475866367375182,-0.4186701467494229,-0.4116893249543343,2.210232633403902,0.0005,1.0836434292809791,0.0,0.3705177938454321,35.981380831201555,13.987348136655156,0.257086098215454,9.906170413463952e-12,0.0001337388980498,0.0001534912217238,0.9989848897129848,4041.9801109407977,2.2932095969608075,435534.31629282166,3.2580720245244548,0.0104354908566698,0.0163383248723537,0.625,-1.6721339725409448,0.6085636914094493,-0.7998162231031016,0.0252061259746551,0.1787593386570612,0.2143179309368133,0.0197441006133598,1.198918795218688,5.284962535991098,2051.636182668961,0.0610624222072148,1250.3807986305048,0.0475912764694093,-0.4149131910244813,-0.4082198396207803,2.207130588026661,0.0008,1.0746648775887215,0.0,0.4740280003082838,25.69948963770535,12.373122278331058,0.2570000891650057,1.182726671902146e-11,9.216340044871604e-05,5.722308966317684e-05,0.999011918137814,10839.57311984935,2.109636896950542,467371.9933597213,3.87524388304858,0.0083911080864862,0.0158272819981973,0.625,-1.5217567410827055,0.1813787006031438,-1.1039437847439284,0.0258183041214942,0.1692538446187973,0.1983052396774292,0.0178335614381753,1.1716439300038533,0.0,-0.8700395139347079,2,0,5.441444180242689,2122.6541160196566,0.2469859016327256,1418.0093399583925,0.0475866367375182,-0.4186701467494229,-0.4116893249543343,2.210232633403902,0.0005,1.0836434292809791,0.0,0.3705177938454321,35.981380831201555,13.987348136655156,0.257086098215454,9.906170413463952e-12,0.0001337388980498,0.0001534912217238,0.9989848897129848,4041.9801109407977,2.2932095969608075,435534.31629282166,3.2580720245244548,0.0104354908566698,0.0163383248723537,0.625,-1.6721339725409448,0.6085636914094493,-0.7998162231031016,0.0252061259746551,0.1787593386570612,0.2143179309368133,0.0197441006133598,1.198918795218688,5.284962535991098,2051.636182668961,0.0610624222072148,1250.3807986305048,0.0475912764694093,-0.4149131910244813,-0.4082198396207803,2.207130588026661,0.0008,1.0746648775887215,0.0,0.4740280003082838,25.69948963770535,12.373122278331058,0.2570000891650057,1.182726671902146e-11,9.216340044871604e-05,5.722308966317684e-05,0.999011918137814,10839.57311984935,2.109636896950542,467371.9933597213,3.87524388304858,0.0083911080864862,0.0158272819981973,0.625,-1.5217567410827055,0.1813787006031438,-1.1039437847439284,0.0258183041214942,0.1692538446187973,0.1983052396774292,0.0178335614381753,1.1716439300038533,0.0,-0.8700395139347079
"MATLAB 3-16 PM Fri, Sep 13, 2024 Run10 .csv",0,5.741783692126081,2941.505845703025,0.1854497243856389,926.8730945682764,0.0455651195347336,-0.4214481766416267,-0.4283745207577936,1.6358027608407308,0.0048566666666666,-0.9177810248400262,1.0,-0.0195185622542718,33.01814669012179,17.283950825984984,0.2484449991985112,7.443532216711657e-11,4.75893121978269e-05,3.705930776133378e-05,0.998926582446742,17555.5915153766,4.645721208550112,463739.50934328313,45.42915368437371,0.5220500284776206,1.6183919433525775,0.0,0.3250969919887139,-0.671175019131664,-0.5440702159259296,0.0654039502143859,0.241403807950166,0.3240268087387085,0.0398193074553262,1.34226055293046,5.685257116292132,3185.3817899007136,-0.032878675397386,917.5263520833392,0.045540359853351,-0.4177748032819722,-0.4242166035447929,1.6327566529920392,0.0020133333333333,-0.9267597117952336,1.0,0.1668880609275178,46.12976329639537,23.542355972229903,0.2483091606436456,1.4290484490458592e-10,3.138390520772777e-05,1.536486881698452e-06,0.9993380107719646,31842.37283911672,4.134197344428164,753935.2636589467,47.72118538017307,0.6447658526133244,1.7949150324323082,0.0,0.4755983272031037,0.4991107045827859,1.158589371178974,0.1027007150650025,0.2936482512950897,0.5478652262687683,0.059817054323743,1.8657193559045364,3.0,-0.2877309624568845,2,0,5.741783692126081,2941.505845703025,0.1854497243856389,926.8730945682764,0.0455651195347336,-0.4214481766416267,-0.4283745207577936,1.6358027608407308,0.0048566666666666,-0.9177810248400262,1.0,-0.0195185622542718,33.01814669012179,17.283950825984984,0.2484449991985112,7.443532216711657e-11,4.75893121978269e-05,3.705930776133378e-05,0.998926582446742,17555.5915153766,4.645721208550112,463739.50934328313,45.42915368437371,0.5220500284776206,1.6183919433525775,0.0,0.3250969919887139,-0.671175019131664,-0.5440702159259296,0.0654039502143859,0.241403807950166,0.3240268087387085,0.0398193074553262,1.34226055293046,5.685257116292132,3185.3817899007136,-0.032878675397386,917.5263520833392,0.045540359853351,-0.4177748032819722,-0.4242166035447929,1.6327566529920392,0.0020133333333333,-0.9267597117952336,1.0,0.1668880609275178,46.12976329639537,23.542355972229903,0.2483091606436456,1.4290484490458592e-10,3.138390520772777e-05,1.536486881698452e-06,0.9993380107719646,31842.37283911672,4.134197344428164,753935.2636589467,47.72118538017307,0.6447658526133244,1.7949150324323082,0.0,0.4755983272031037,0.4991107045827859,1.158589371178974,0.1027007150650025,0.2936482512950897,0.5478652262687683,0.059817054323743,1.8657193559045364,3.0,-0.2877309624568845
"MATLAB 3-17 PM Wed, Sep 18, 2024 Run9 .csv",0,5.93001779302419,3033.8419627127,0.2713593583313886,1105.858031262709,0.0456231561736108,-0.2949167013731384,-0.283700499973367,-0.6334229682113937,0.00111,0.0750967045549459,0.03125,-0.7155709588077785,82.22074513245846,20.29502072811225,0.144684287035943,1.5299428742700922e-10,0.0002149982050405,0.0001957446833843,0.9994183660073492,1177.080525828886,4.798887970811633,764969.7089533092,24.5257563888704,0.5012952669101672,0.8599994372301558,1.0,0.3112518146370069,-0.7709324096404715,1.2302471058646205,0.0503587606549263,0.360948371514678,0.4069032967090607,0.0323395112853016,1.1273171700471682,5.688661950693293,2737.3462904667854,0.0218448831353411,970.8367210124104,0.0457134143353426,-0.2912649435439736,-0.2797004233576821,-0.6361893884173351,0.00049,-0.9338826587150088,1.0,0.1969065594096977,82.51625944352422,18.95232824996668,0.144970521897241,4.688950246744883e-10,6.376690659890464e-05,5.861161266823416e-06,0.9998068324011044,15679.086311806108,3.949057680402517,819168.2481465923,35.04875742327093,0.2993358605535504,0.6649768634747076,0.0,0.46237366863215,-0.1498457579598381,-1.4392870495113228,0.1602242571115494,0.4901225988194346,0.6014156341552735,0.0844191589007707,1.2270718297909788,0.0,0.082191944061635,2,0,5.93001779302419,3033.8419627127,0.2713593583313886,1105.858031262709,0.0456231561736108,-0.2949167013731384,-0.283700499973367,-0.6334229682113937,0.00111,0.0750967045549459,0.03125,-0.7155709588077785,82.22074513245846,20.29502072811225,0.144684287035943,1.5299428742700922e-10,0.0002149982050405,0.0001957446833843,0.9994183660073492,1177.080525828886,4.798887970811633,764969.7089533092,24.5257563888704,0.5012952669101672,0.8599994372301558,1.0,0.3112518146370069,-0.7709324096404715,1.2302471058646205,0.0503587606549263,0.360948371514678,0.4069032967090607,0.0323395112853016,1.1273171700471682,5.688661950693293,2737.3462904667854,0.0218448831353411,970.8367210124104,0.0457134143353426,-0.2912649435439736,-0.2797004233576821,-0.6361893884173351,0.00049,-0.9338826587150088,1.0,0.1969065594096977,82.51625944352422,18.95232824996668,0.144970521897241,4.688950246744883e-10,6.376690659890464e-05,5.861161266823416e-06,0.9998068324011044,15679.086311806108,3.949057680402517,819168.2481465923,35.04875742327093,0.2993358605535504,0.6649768634747076,0.0,0.46237366863215,-0.1498457579598381,-1.4392870495113228,0.1602242571115494,0.4901225988194346,0.6014156341552735,0.0844191589007707,1.2270718297909788,0.0,0.082191944061635
"MATLAB 3-18 PM Tue, Oct 15, 2024 Run9 .csv",0,4.637765299032795,1601.189700400014,0.1725743673828147,1244.149870530732,0.0009960413129774,-0.4003922225762378,-0.3998560873210949,0.8450482635437147,0.00066,0.0708233421919293,0.0,0.6569341743273399,19.488802135494108,11.563374881155944,0.0046742466423373,4.821898723607692e-11,0.0001060300518405,0.000340319908057,0.9993937240335214,5932.289664288206,1.652039656628234,307249.73627627274,150.63031950354213,0.4004178076989305,0.2996172771133216,1.0,-1.6970552917740174,0.0530080897753175,-1.4761031348624998,0.0288814437389373,0.2436343182655091,0.2702650058269501,0.0164909728400266,1.109305978529754,3.692929788136461,1180.908320579576,-0.0393811040293323,1053.404097842136,0.0008468109859155,-0.3967617593471639,-0.3960407150673324,0.8424496559234234,0.00054,0.0618435731331261,0.0,0.3397135077077655,6.711925275224406,9.378447311866047,0.0039740971440544,6.189724534083456e-11,7.026187085787904e-05,0.0002940988995199,0.999009576358806,14218.37426418,1.4863895475874245,223194.58983259904,241.00702709725124,0.4250337701158183,0.1551816126655082,1.0,-1.5455611265104223,0.3677797209578699,-0.2745636425055222,0.0160486733913421,0.2012278035853771,0.2339905190467834,0.0132305266157472,1.162814058880813,0.0,-0.397168686280261,2,0,4.637765299032795,1601.189700400014,0.1725743673828147,1244.149870530732,0.0009960413129774,-0.4003922225762378,-0.3998560873210949,0.8450482635437147,0.00066,0.0708233421919293,0.0,0.6569341743273399,19.488802135494108,11.563374881155944,0.0046742466423373,4.821898723607692e-11,0.0001060300518405,0.000340319908057,0.9993937240335214,5932.289664288206,1.652039656628234,307249.73627627274,150.63031950354213,0.4004178076989305,0.2996172771133216,1.0,-1.6970552917740174,0.0530080897753175,-1.4761031348624998,0.0288814437389373,0.2436343182655091,0.2702650058269501,0.0164909728400266,1.109305978529754,3.692929788136461,1180.908320579576,-0.0393811040293323,1053.404097842136,0.0008468109859155,-0.3967617593471639,-0.3960407150673324,0.8424496559234234,0.00054,0.0618435731331261,0.0,0.3397135077077655,6.711925275224406,9.378447311866047,0.0039740971440544,6.189724534083456e-11,7.026187085787904e-05,0.0002940988995199,0.999009576358806,14218.37426418,1.4863895475874245,223194.58983259904,241.00702709725124,0.4250337701158183,0.1551816126655082,1.0,-1.5455611265104223,0.3677797209578699,-0.2745636425055222,0.0160486733913421,0.2012278035853771,0.2339905190467834,0.0132305266157472,1.162814058880813,0.0,-0.397168686280261
"MATLAB 3-19 PM Thu, Oct 17, 2024 Run4 .csv",0,5.2640431861766,2030.782718983694,0.2450400922056336,1345.0175352145675,0.0008929416972295,-0.5501831935714288,-0.5500264788239183,11.39735631505809,0.0023366666666666,2.067974433949918,0.0,0.1179911373900006,6.916069415535622,7.235872346796951,0.0136412651972632,6.109050605189144e-12,0.0001879815298418,0.0024299331276671,0.9972231889881332,1797.0423947405295,3.911058988455384,568406.0183566915,224.9797640470273,11.686095928820595,0.7728599093837419,0.0793157076205287,-1.7025933627147003,0.4589078042376408,-0.5237846972109184,0.0134963515400886,0.105378101059443,0.1294495749473572,0.0080450334121241,1.2284295659715452,4.643737065321632,1555.7677512242713,0.0524180899590676,1335.479780182068,0.0007243900443838,-0.5465524339888048,-0.5461842428103557,11.3948695824949,0.0039766666666666,2.0589943943652163,0.0,0.343515217970388,4.1181108886695785,8.671877051243053,0.0110663403135451,5.273267074454108e-12,0.0001996178647925,0.0039319054434613,0.9938816530243634,4978.92137087726,3.4956356705377862,594479.0475596299,392.0279358141764,21.65925904295076,0.3923652531969501,0.0799373040752351,-1.5508509899388037,0.0313235760520835,-0.8153381164840843,0.0321572634577751,0.1073863902753096,0.1587595915794372,0.0201320633222327,1.478395829978273,5.0,-0.2136386567993812,2,0,5.2640431861766,2030.782718983694,0.2450400922056336,1345.0175352145675,0.0008929416972295,-0.5501831935714288,-0.5500264788239183,11.39735631505809,0.0023366666666666,2.067974433949918,0.0,0.1179911373900006,6.916069415535622,7.235872346796951,0.0136412651972632,6.109050605189144e-12,0.0001879815298418,0.0024299331276671,0.9972231889881332,1797.0423947405295,3.911058988455384,568406.0183566915,224.9797640470273,11.686095928820595,0.7728599093837419,0.0793157076205287,-1.7025933627147003,0.4589078042376408,-0.5237846972109184,0.0134963515400886,0.105378101059443,0.1294495749473572,0.0080450334121241,1.2284295659715452,4.643737065321632,1555.7677512242713,0.0524180899590676,1335.479780182068,0.0007243900443838,-0.5465524339888048,-0.5461842428103557,11.3948695824949,0.0039766666666666,2.0589943943652163,0.0,0.343515217970388,4.1181108886695785,8.671877051243053,0.0110663403135451,5.273267074454108e-12,0.0001996178647925,0.0039319054434613,0.9938816530243634,4978.92137087726,3.4956356705377862,594479.0475596299,392.0279358141764,21.65925904295076,0.3923652531969501,0.0799373040752351,-1.5508509899388037,0.0313235760520835,-0.8153381164840843,0.0321572634577751,0.1073863902753096,0.1587595915794372,0.0201320633222327,1.478395829978273,5.0,-0.2136386567993812
"MATLAB 3-19 PM Wed, Sep 18, 2024 Run10 .csv",0,5.8882899715213695,3088.226771744068,0.2500478412628701,1083.1635028404858,0.0266303454408311,-0.528588576833968,-0.5274116746614257,7.523571500421775,0.01443,2.0665499798289124,0.0263157894736842,-0.1484497421983664,16.440060821617404,13.816128743615677,0.3021617669924283,2.4611216367700564e-10,0.0001324699437973,0.0001338339862417,0.9993992339354,4029.201298496736,5.2636652648217215,126273.65318889692,54.40181854503808,0.9599340828653656,1.792250726024282,0.0441400304414003,-0.7053623981850414,0.3883135306309924,-0.1275217901334926,0.0875353708863258,0.2585571280069518,0.3992905056476593,0.0543430731109091,1.5443028344471843,5.7030835604804135,2750.05995425466,0.0148831030549116,980.3623644691124,0.0254882744739758,-0.5257149357014139,-0.5246810067661374,7.621141705485654,0.01899,2.057569804981261,0.2347826086956521,-0.0717319796996873,16.810808561060448,13.478135417310485,0.2916951896444489,6.058340392525786e-10,4.395678021082856e-05,5.301698732928939e-06,0.999740545236216,22743.71645150512,4.956104321609692,99634.77226932006,80.62240583057785,0.6835109472454841,1.5687638324643782,0.10828025477707,1.4465040783470056,0.3404278004289493,1.0435128798635098,0.1022782462835312,0.3393265174057173,0.6491067373752595,0.0824917172338746,1.912926647578067,5.0,-0.0667979799960781,2,0,5.8882899715213695,3088.226771744068,0.2500478412628701,1083.1635028404858,0.0266303454408311,-0.528588576833968,-0.5274116746614257,7.523571500421775,0.01443,2.0665499798289124,0.0263157894736842,-0.1484497421983664,16.440060821617404,13.816128743615677,0.3021617669924283,2.4611216367700564e-10,0.0001324699437973,0.0001338339862417,0.9993992339354,4029.201298496736,5.2636652648217215,126273.65318889692,54.40181854503808,0.9599340828653656,1.792250726024282,0.0441400304414003,-0.7053623981850414,0.3883135306309924,-0.1275217901334926,0.0875353708863258,0.2585571280069518,0.3992905056476593,0.0543430731109091,1.5443028344471843,5.7030835604804135,2750.05995425466,0.0148831030549116,980.3623644691124,0.0254882744739758,-0.5257149357014139,-0.5246810067661374,7.621141705485654,0.01899,2.057569804981261,0.2347826086956521,-0.0717319796996873,16.810808561060448,13.478135417310485,0.2916951896444489,6.058340392525786e-10,4.395678021082856e-05,5.301698732928939e-06,0.999740545236216,22743.71645150512,4.956104321609692,99634.77226932006,80.62240583057785,0.6835109472454841,1.5687638324643782,0.10828025477707,1.4465040783470056,0.3404278004289493,1.0435128798635098,0.1022782462835312,0.3393265174057173,0.6491067373752595,0.0824917172338746,1.912926647578067,5.0,-0.0667979799960781
"MATLAB 3-21 PM Thu, Oct 17, 2024 Run5 .csv",0,5.433561378391483,2187.561442092588,0.2627743401650789,1306.202901460134,0.000626124044451,-0.5555250720270295,-0.5559820662707675,11.909252991608136,0.00167,2.0637010715869017,0.0,0.1357026311971872,7.803888577431062,6.535098100272376,0.0098828229529222,6.093978498295111e-12,0.0001789113540699,0.0017971864285967,0.9978450510727128,2047.592959474393,3.978270987629303,517468.6705258731,53.16546172096079,1.937128453296174,0.2756848207912073,0.1428571428571428,-1.7109004691257244,-0.4134265914110921,-0.5106979770063629,0.0044886103272438,0.1065607625246047,0.1133103036880493,0.0032244164477454,1.0633398354472745,5.148421201189818,1804.3223190031647,0.097950045821963,1360.1254377530242,7.380294104575682e-05,-0.5519011789082584,-0.5521745346169933,11.906934071630596,0.00164,2.054720626213351,0.0,0.4409640370618856,5.6375094775338095,8.954676638950751,0.0011648097786843,3.0317602723616244e-12,0.0001718891362781,0.0030685491579253,0.994517113482914,5785.805519865296,3.551401223225376,524025.86158399074,86.45347499260326,3.4125429041661866,0.1354590396102684,0.1428571428571428,-1.5587857850813758,-0.3251408315270536,-1.064296741695659,0.0341761180758476,0.116476568632488,0.1505820095539093,0.0208296974342041,1.2928094579179463,4.0,-0.0433864117625697,2,0,5.433561378391483,2187.561442092588,0.2627743401650789,1306.202901460134,0.000626124044451,-0.5555250720270295,-0.5559820662707675,11.909252991608136,0.00167,2.0637010715869017,0.0,0.1357026311971872,7.803888577431062,6.535098100272376,0.0098828229529222,6.093978498295111e-12,0.0001789113540699,0.0017971864285967,0.9978450510727128,2047.592959474393,3.978270987629303,517468.6705258731,53.16546172096079,1.937128453296174,0.2756848207912073,0.1428571428571428,-1.7109004691257244,-0.4134265914110921,-0.5106979770063629,0.0044886103272438,0.1065607625246047,0.1133103036880493,0.0032244164477454,1.0633398354472745,5.148421201189818,1804.3223190031647,0.097950045821963,1360.1254377530242,7.380294104575682e-05,-0.5519011789082584,-0.5521745346169933,11.906934071630596,0.00164,2.054720626213351,0.0,0.4409640370618856,5.6375094775338095,8.954676638950751,0.0011648097786843,3.0317602723616244e-12,0.0001718891362781,0.0030685491579253,0.994517113482914,5785.805519865296,3.551401223225376,524025.86158399074,86.45347499260326,3.4125429041661866,0.1354590396102684,0.1428571428571428,-1.5587857850813758,-0.3251408315270536,-1.064296741695659,0.0341761180758476,0.116476568632488,0.1505820095539093,0.0208296974342041,1.2928094579179463,4.0,-0.0433864117625697
"MATLAB 3-24 PM Tue, Oct 8, 2024 Run7 .csv",0,5.854004630971229,2375.1049058940152,0.2529525716235256,1253.1893448677622,0.0266666304547665,-0.3522618016255371,-0.3501524580895724,-0.171921755969004,0.0019,0.0608521633448904,0.0089285714285714,-1.8149442865352687,97.835578750097,22.01668387982449,0.0992148602312023,7.808123687803024e-11,0.0001371129467141,9.56730582429991e-05,0.9972727959691592,3729.067996241908,3.913414229431977,414819.557078039,91.3416013339686,0.4832812887494611,0.9475072605468504,1.0,6.283561459933592,0.0656952881381342,-1.2514797977218692,0.0810430055856704,0.2570926311612129,0.3354427826404572,0.0439522490010259,1.3047545591849885,5.918503086650572,2751.54627357198,0.0473916170419126,1088.892609710369,0.0269140489766146,-0.3486151033525497,-0.3487680626732445,-0.1741288008894446,0.00172,0.0518714474454409,0.0089285714285714,0.3507090972180808,69.04398191910893,17.35567213414958,0.1001216369250021,6.854620118472831e-11,8.755268617462988e-05,5.3984380982985696e-06,0.999277134156598,11413.437757506044,3.6543107817996887,607923.2712783488,71.94131692635857,0.3491702893547697,1.1890431587550576,1.0,6.435924351490243,-0.072020341386569,-0.8077560284420042,0.0803691437840461,0.2844083702564239,0.375476759672165,0.0546109965298863,1.3202029157356845,0.0,0.2333707463339372,2,0,5.854004630971229,2375.1049058940152,0.2529525716235256,1253.1893448677622,0.0266666304547665,-0.3522618016255371,-0.3501524580895724,-0.171921755969004,0.0019,0.0608521633448904,0.0089285714285714,-1.8149442865352687,97.835578750097,22.01668387982449,0.0992148602312023,7.808123687803024e-11,0.0001371129467141,9.56730582429991e-05,0.9972727959691592,3729.067996241908,3.913414229431977,414819.557078039,91.3416013339686,0.4832812887494611,0.9475072605468504,1.0,6.283561459933592,0.0656952881381342,-1.2514797977218692,0.0810430055856704,0.2570926311612129,0.3354427826404572,0.0439522490010259,1.3047545591849885,5.918503086650572,2751.54627357198,0.0473916170419126,1088.892609710369,0.0269140489766146,-0.3486151033525497,-0.3487680626732445,-0.1741288008894446,0.00172,0.0518714474454409,0.0089285714285714,0.3507090972180808,69.04398191910893,17.35567213414958,0.1001216369250021,6.854620118472831e-11,8.755268617462988e-05,5.3984380982985696e-06,0.999277134156598,11413.437757506044,3.6543107817996887,607923.2712783488,71.94131692635857,0.3491702893547697,1.1890431587550576,1.0,6.435924351490243,-0.072020341386569,-0.8077560284420042,0.0803691437840461,0.2844083702564239,0.375476759672165,0.0546109965298863,1.3202029157356845,0.0,0.2333707463339372
"MATLAB 3-25 PM Wed, Sep 18, 2024 Run11 .csv",0,5.889762422457309,3085.8711983663734,0.2443455386990087,1083.3748891300231,0.0040369098310738,-0.4131495575029328,-0.4149376538484308,0.8875992110484558,0.00111,0.0594277092238848,0.0,-0.1168292176600219,50.53201453557329,15.730072375195968,0.0193183080210157,4.852635327457328e-11,0.0001286424504245,0.0001245835034648,0.9995886598648578,4218.69878311816,4.6943055097402295,603804.4972276795,15.607082680608812,0.2672018384362509,0.5060264294490597,1.0,0.2807924244632516,-0.2859550326781643,-1.5590416197479202,0.0544171917438507,0.2456502826015154,0.2767597806453705,0.025950997535012,1.1266414095452912,5.695116731160277,2804.110576267327,0.0051577697231419,986.6405714471756,0.0038817433149158,-0.4095929319863264,-0.4110648265533363,0.8854481036565653,0.00048,2.050446858061486,0.0833333333333333,-0.3233696922139968,53.56208899990232,14.861432975989326,0.018580122205732,1.2532562724578786e-10,5.812522271559968e-05,3.824727220428359e-06,0.999769112864838,17200.262917814496,4.220002131008423,610511.4360959312,22.74952064257701,0.1932623656369165,0.4527811139123963,0.1739130434782608,1.433279419776052,-0.5337229959022026,-0.9821086240304742,0.0745124092698097,0.3192222972462574,0.3804589998722076,0.0481629353853739,1.191830906406611,0.0,-0.0499858797630951,2,0,5.889762422457309,3085.8711983663734,0.2443455386990087,1083.3748891300231,0.0040369098310738,-0.4131495575029328,-0.4149376538484308,0.8875992110484558,0.00111,0.0594277092238848,0.0,-0.1168292176600219,50.53201453557329,15.730072375195968,0.0193183080210157,4.852635327457328e-11,0.0001286424504245,0.0001245835034648,0.9995886598648578,4218.69878311816,4.6943055097402295,603804.4972276795,15.607082680608812,0.2672018384362509,0.5060264294490597,1.0,0.2807924244632516,-0.2859550326781643,-1.5590416197479202,0.0544171917438507,0.2456502826015154,0.2767597806453705,0.025950997535012,1.1266414095452912,5.695116731160277,2804.110576267327,0.0051577697231419,986.6405714471756,0.0038817433149158,-0.4095929319863264,-0.4110648265533363,0.8854481036565653,0.00048,2.050446858061486,0.0833333333333333,-0.3233696922139968,53.56208899990232,14.861432975989326,0.018580122205732,1.2532562724578786e-10,5.812522271559968e-05,3.824727220428359e-06,0.999769112864838,17200.262917814496,4.220002131008423,610511.4360959312,22.74952064257701,0.1932623656369165,0.4527811139123963,0.1739130434782608,1.433279419776052,-0.5337229959022026,-0.9821086240304742,0.0745124092698097,0.3192222972462574,0.3804589998722076,0.0481629353853739,1.191830906406611,0.0,-0.0499858797630951
"MATLAB 3-26 PM Wed, Sep 18, 2024 Run12 .csv",0,5.87765095243028,3127.831119192695,0.2397152068517484,1070.0414905196617,0.0111669626924166,-0.2284089072349163,-0.2311228498273233,-1.3196040476931694,0.00048,0.0580032551028792,0.0,-0.3505607083944846,91.1698543207056,20.830723624275755,0.0282859729837307,2.753052021869913e-11,0.000142372599549,0.000109926259684,0.9996246880546404,3462.311533850976,4.428461418293708,606458.7990136478,7.698274110743179,0.1303680191019883,0.253833539346091,1.0,3.27802338899291,0.1473347760288422,-1.344859897073035,0.0412117493152618,0.2296492105722427,0.2680257606506347,0.0234044422853244,1.1671094360950112,5.722304153412973,2841.493551575646,0.0087657090072562,991.6596604583126,0.0114094346820325,-0.2248155451974415,-0.2261615906537573,-1.3216992175565094,0.00032,0.0490222686775307,0.5,-0.2781764406835794,96.7228139423598,20.346533296705218,0.028900741405673,6.40935618518326e-11,7.360192970519937e-05,3.6369261740318537e-06,0.999722246330978,13582.826569020728,3.543827122079647,703168.521168251,11.07496369961976,0.0980856625103151,0.2350654151678791,1.0,3.430634488061861,-0.4371872471734263,-1.5217417095590264,0.1096063929796219,0.3071336426184727,0.3667498075962067,0.0548966742524833,1.1941049650877558,0.0,-0.0897867662845896,2,0,5.87765095243028,3127.831119192695,0.2397152068517484,1070.0414905196617,0.0111669626924166,-0.2284089072349163,-0.2311228498273233,-1.3196040476931694,0.00048,0.0580032551028792,0.0,-0.3505607083944846,91.1698543207056,20.830723624275755,0.0282859729837307,2.753052021869913e-11,0.000142372599549,0.000109926259684,0.9996246880546404,3462.311533850976,4.428461418293708,606458.7990136478,7.698274110743179,0.1303680191019883,0.253833539346091,1.0,3.27802338899291,0.1473347760288422,-1.344859897073035,0.0412117493152618,0.2296492105722427,0.2680257606506347,0.0234044422853244,1.1671094360950112,5.722304153412973,2841.493551575646,0.0087657090072562,991.6596604583126,0.0114094346820325,-0.2248155451974415,-0.2261615906537573,-1.3216992175565094,0.00032,0.0490222686775307,0.5,-0.2781764406835794,96.7228139423598,20.346533296705218,0.028900741405673,6.40935618518326e-11,7.360192970519937e-05,3.6369261740318537e-06,0.999722246330978,13582.826569020728,3.543827122079647,703168.521168251,11.07496369961976,0.0980856625103151,0.2350654151678791,1.0,3.430634488061861,-0.4371872471734263,-1.5217417095590264,0.1096063929796219,0.3071336426184727,0.3667498075962067,0.0548966742524833,1.1941049650877558,0.0,-0.0897867662845896
"MATLAB 3-28 PM Thu, Oct 17, 2024 Run6 .csv",0,4.343545415076296,1498.4421830453534,0.1676855400311214,1292.032422363503,0.0003437948503861,-0.5715581819752582,-0.5730080453433075,15.073378711889614,0.00221,2.0565788009818737,0.0,-0.0823687732178441,1.9511503042485487,5.1774576126856005,0.0065213953431452,1.0720853206379816e-11,0.0003498228710482,0.0006967464337756,0.998841325811478,-710.8867325095785,3.678344469783963,279583.22646965395,234.979315393998,3.248792034468009,0.3478451662808535,0.1434977578475336,-1.7247456464774311,-0.3522150662283587,-1.1342682702012,0.0173618605732917,0.1139084998682925,0.130811755657196,0.0098655301730717,1.1483932788900564,3.362344014243872,1074.4418528744934,-0.0561095395794551,1104.8848816636294,0.0002023517285326,-0.567961019587099,-0.5693583542888138,15.071339479554824,0.00273,2.047597679293576,0.0,0.2033945153625991,0.3815087369354044,5.818042060891595,0.0038383809956665,1.3108872947377035e-11,0.000421889728294,0.0007869964047411,0.9979389892073316,2365.402431679723,3.018985287904936,147509.83296338317,420.4007871477423,5.779155090520294,0.214911399187779,0.1434977578475336,-1.5720104436523297,-0.3130753967591587,-1.0601922257106886,0.0355403870344162,0.1307765445709228,0.1681053078174591,0.0206788200770065,1.2854392840016668,1.0,0.7186144584158214,2,0,4.343545415076296,1498.4421830453534,0.1676855400311214,1292.032422363503,0.0003437948503861,-0.5715581819752582,-0.5730080453433075,15.073378711889614,0.00221,2.0565788009818737,0.0,-0.0823687732178441,1.9511503042485487,5.1774576126856005,0.0065213953431452,1.0720853206379816e-11,0.0003498228710482,0.0006967464337756,0.998841325811478,-710.8867325095785,3.678344469783963,279583.22646965395,234.979315393998,3.248792034468009,0.3478451662808535,0.1434977578475336,-1.7247456464774311,-0.3522150662283587,-1.1342682702012,0.0173618605732917,0.1139084998682925,0.130811755657196,0.0098655301730717,1.1483932788900564,3.362344014243872,1074.4418528744934,-0.0561095395794551,1104.8848816636294,0.0002023517285326,-0.567961019587099,-0.5693583542888138,15.071339479554824,0.00273,2.047597679293576,0.0,0.2033945153625991,0.3815087369354044,5.818042060891595,0.0038383809956665,1.3108872947377035e-11,0.000421889728294,0.0007869964047411,0.9979389892073316,2365.402431679723,3.018985287904936,147509.83296338317,420.4007871477423,5.779155090520294,0.214911399187779,0.1434977578475336,-1.5720104436523297,-0.3130753967591587,-1.0601922257106886,0.0355403870344162,0.1307765445709228,0.1681053078174591,0.0206788200770065,1.2854392840016668,1.0,0.7186144584158214
"MATLAB 3-28 PM Tue, Oct 15, 2024 Run10 .csv",0,4.908428214920219,1755.776539303831,0.1899594081302328,1221.5499689217477,0.0010986416186303,-0.4798774947599942,-0.4817932412409547,2.966076443394674,0.001,0.0551543468608681,0.0,0.8287134679041345,16.78286627337231,10.487674974263864,0.007551946437502,7.786794463952496e-11,0.000235012627872,0.0002699033310372,0.999333740506959,678.8030753222884,2.643930690274088,365225.5028077911,134.88056414959837,0.3379363838449848,0.3603655545648155,1.0,-0.7275146819477727,-0.0848382687472002,-1.4091629908266343,0.0341091334819794,0.2385801684856414,0.2686959278583526,0.0176456209292388,1.1262290975979572,4.360419327279152,1435.3821105354234,0.0042080132387495,1121.842030340414,0.0011117763761746,-0.4762830614329087,-0.4781551183064041,2.9640931485884336,0.00092,0.0461730899096206,0.0,0.5720426027938118,7.72167414170125,8.472652720488625,0.0076421561214236,4.5438351911730056e-11,0.0002879352043542,0.0002374374990848,0.99881127112711,3468.8751358737227,2.491081692075761,310182.9553102195,194.8497008424294,0.2862753826117642,0.1990767753531072,1.0,-1.5746553753665204,-0.4574808736916482,-0.3614448258280336,0.0174616146087646,0.1940060919436855,0.2164100348949432,0.0117008451843852,1.115480615720876,0.0,-0.42079094648899,2,0,4.908428214920219,1755.776539303831,0.1899594081302328,1221.5499689217477,0.0010986416186303,-0.4798774947599942,-0.4817932412409547,2.966076443394674,0.001,0.0551543468608681,0.0,0.8287134679041345,16.78286627337231,10.487674974263864,0.007551946437502,7.786794463952496e-11,0.000235012627872,0.0002699033310372,0.999333740506959,678.8030753222884,2.643930690274088,365225.5028077911,134.88056414959837,0.3379363838449848,0.3603655545648155,1.0,-0.7275146819477727,-0.0848382687472002,-1.4091629908266343,0.0341091334819794,0.2385801684856414,0.2686959278583526,0.0176456209292388,1.1262290975979572,4.360419327279152,1435.3821105354234,0.0042080132387495,1121.842030340414,0.0011117763761746,-0.4762830614329087,-0.4781551183064041,2.9640931485884336,0.00092,0.0461730899096206,0.0,0.5720426027938118,7.72167414170125,8.472652720488625,0.0076421561214236,4.5438351911730056e-11,0.0002879352043542,0.0002374374990848,0.99881127112711,3468.8751358737227,2.491081692075761,310182.9553102195,194.8497008424294,0.2862753826117642,0.1990767753531072,1.0,-1.5746553753665204,-0.4574808736916482,-0.3614448258280336,0.0174616146087646,0.1940060919436855,0.2164100348949432,0.0117008451843852,1.115480615720876,0.0,-0.42079094648899
"MATLAB 3-29 PM Tue, Oct 8, 2024 Run8 .csv",0,5.608323075399701,2141.836540783283,0.2490580110234999,1174.4021950788288,0.0724139328341893,-0.2419531807585077,-0.2216636331070303,-1.3483420741781351,0.001095,0.052305438618857,0.0576923076923076,-1.269900373598488,95.03367811944626,20.12947043632366,0.1878145699578141,2.3223666376996438e-10,0.0001982502900754,0.0001980797467429,0.9986395446114704,1449.2374083231985,3.925060810256889,364388.49153974885,95.58020165152764,0.5840143741123711,0.9093127356359456,1.0,4.266947247111545,-1.0434421565798009,1.225434271467825,0.0461069256067276,0.3373893022995729,0.3804737782478333,0.0326590205825039,1.1276995911091603,5.668262222341447,2524.5192818964456,0.0170678131203043,1101.713363640342,0.0721488978340143,-0.2383039114359771,-0.2177486464125698,-1.3502134939272756,0.002795,1.0433239111417103,0.2692307692307692,0.4101226656194027,69.46120835899548,17.816583145913327,0.1870957696841672,2.5107121319506376e-10,0.0001054252671914,7.716773309808707e-06,0.9996627249829656,9482.19294685608,3.685340227097793,512862.5770887194,84.6915476324123,0.3142504582552945,1.0262293658121686,0.8157894736842105,3.4200547612050984,-0.384868923295983,-0.9290057598425552,0.1257336166501044,0.3715153147624089,0.4697685790061951,0.0716247657070674,1.264466255735974,0.0,0.1931773242287062,2,0,5.608323075399701,2141.836540783283,0.2490580110234999,1174.4021950788288,0.0724139328341893,-0.2419531807585077,-0.2216636331070303,-1.3483420741781351,0.001095,0.052305438618857,0.0576923076923076,-1.269900373598488,95.03367811944626,20.12947043632366,0.1878145699578141,2.3223666376996438e-10,0.0001982502900754,0.0001980797467429,0.9986395446114704,1449.2374083231985,3.925060810256889,364388.49153974885,95.58020165152764,0.5840143741123711,0.9093127356359456,1.0,4.266947247111545,-1.0434421565798009,1.225434271467825,0.0461069256067276,0.3373893022995729,0.3804737782478333,0.0326590205825039,1.1276995911091603,5.668262222341447,2524.5192818964456,0.0170678131203043,1101.713363640342,0.0721488978340143,-0.2383039114359771,-0.2177486464125698,-1.3502134939272756,0.002795,1.0433239111417103,0.2692307692307692,0.4101226656194027,69.46120835899548,17.816583145913327,0.1870957696841672,2.5107121319506376e-10,0.0001054252671914,7.716773309808707e-06,0.9996627249829656,9482.19294685608,3.685340227097793,512862.5770887194,84.6915476324123,0.3142504582552945,1.0262293658121686,0.8157894736842105,3.4200547612050984,-0.384868923295983,-0.9290057598425552,0.1257336166501044,0.3715153147624089,0.4697685790061951,0.0716247657070674,1.264466255735974,0.0,0.1931773242287062
"MATLAB 3-29 PM Tue, Oct 8, 2024 Run9 .csv",0,5.842674908161628,2363.5281225353,0.2486045744819787,1240.9768577934958,0.0248228051213338,-0.379028672450581,-0.3801488287851842,0.0444836705256261,0.002305,0.0508809844978515,0.0,-1.6158999719565703,89.28230428314441,21.04355332100328,0.0994644650087438,8.675175154164414e-11,0.0001415412796119,9.224741057161764e-05,0.9975561142670982,3452.4930619052066,3.8076281298307504,400530.1432859352,69.05350404910716,0.3587375156574167,0.7193090374634765,1.0,3.264178211641203,0.0084295802320432,-1.261484341969742,0.0850183886289596,0.2642915542721749,0.335365035533905,0.0454587441223868,1.2689207434473546,5.8961078892220105,2774.661474886764,0.0432143093896197,1085.9691202253057,0.0248187713988023,-0.3754280554951151,-0.3782454102078122,0.0426681883050363,0.001375,0.0418993217577555,0.0125,0.2853505211781761,64.72222057242057,16.868900071447293,0.0994402319926823,8.641789765952759e-11,8.29097980293821e-05,5.721424067371172e-06,0.9992274134244896,12051.982240631887,3.6320196184770297,593275.2010666182,54.47615706391662,0.2685259883582561,0.938838583327275,1.0,2.417409829490907,-0.0793797933600257,-0.4550687729710998,0.0643723553419114,0.300224234893918,0.392159618139267,0.0491098215772565,1.306222391666128,0.0,0.2154732647431355,2,0,5.842674908161628,2363.5281225353,0.2486045744819787,1240.9768577934958,0.0248228051213338,-0.379028672450581,-0.3801488287851842,0.0444836705256261,0.002305,0.0508809844978515,0.0,-1.6158999719565703,89.28230428314441,21.04355332100328,0.0994644650087438,8.675175154164414e-11,0.0001415412796119,9.224741057161764e-05,0.9975561142670982,3452.4930619052066,3.8076281298307504,400530.1432859352,69.05350404910716,0.3587375156574167,0.7193090374634765,1.0,3.264178211641203,0.0084295802320432,-1.261484341969742,0.0850183886289596,0.2642915542721749,0.335365035533905,0.0454587441223868,1.2689207434473546,5.8961078892220105,2774.661474886764,0.0432143093896197,1085.9691202253057,0.0248187713988023,-0.3754280554951151,-0.3782454102078122,0.0426681883050363,0.001375,0.0418993217577555,0.0125,0.2853505211781761,64.72222057242057,16.868900071447293,0.0994402319926823,8.641789765952759e-11,8.29097980293821e-05,5.721424067371172e-06,0.9992274134244896,12051.982240631887,3.6320196184770297,593275.2010666182,54.47615706391662,0.2685259883582561,0.938838583327275,1.0,2.417409829490907,-0.0793797933600257,-0.4550687729710998,0.0643723553419114,0.300224234893918,0.392159618139267,0.0491098215772565,1.306222391666128,0.0,0.2154732647431355
"MATLAB 3-31 PM Thu, Oct 17, 2024 Run7 .csv",0,5.330553304025216,2331.153378047693,0.2413350085312496,1230.898839209747,0.0006324555314742,-0.579485091492018,-0.5823192202398618,16.034101971608127,0.0022,2.0480320762558404,0.0,0.0715194327188479,7.303780773240668,6.232114186274303,0.0123365838498292,8.548272790015226e-12,0.0001552337313774,0.000751524187446,0.9987409811185474,2823.89432293453,4.754804868299607,286786.1129900728,1.973616238601912,0.0351489445150289,0.0158578220749064,0.2857142857142857,-1.7413598592994797,0.147965358765892,-1.2382949052590373,0.011153657734394,0.108634361386299,0.1194780266284942,0.0066758170425733,1.099818005130398,5.613638501944161,2177.943524711264,0.1221315699121727,1273.472907950403,0.0008350352982846,-0.5761020158884286,-0.578738937904985,16.03239836444464,0.0024,2.0390501429898453,0.0,0.477549729481284,6.25511849247494,7.742934107526331,0.0163483090955408,4.111100923816685e-12,0.0002275708617843,0.001354539764191,0.9964068041777924,4378.446328167842,4.658217552020242,504071.8656601383,2.462465025978363,0.0489971535452146,0.0090240953831329,0.2352941176470588,-1.587880033937474,-0.0483816396605188,-1.215062035257488,0.0238137459754943,0.108365394949913,0.132089763879776,0.0172465806359812,1.2189293818458238,0.0,-0.9026462938559888,2,0,5.330553304025216,2331.153378047693,0.2413350085312496,1230.898839209747,0.0006324555314742,-0.579485091492018,-0.5823192202398618,16.034101971608127,0.0022,2.0480320762558404,0.0,0.0715194327188479,7.303780773240668,6.232114186274303,0.0123365838498292,8.548272790015226e-12,0.0001552337313774,0.000751524187446,0.9987409811185474,2823.89432293453,4.754804868299607,286786.1129900728,1.973616238601912,0.0351489445150289,0.0158578220749064,0.2857142857142857,-1.7413598592994797,0.147965358765892,-1.2382949052590373,0.011153657734394,0.108634361386299,0.1194780266284942,0.0066758170425733,1.099818005130398,5.613638501944161,2177.943524711264,0.1221315699121727,1273.472907950403,0.0008350352982846,-0.5761020158884286,-0.578738937904985,16.03239836444464,0.0024,2.0390501429898453,0.0,0.477549729481284,6.25511849247494,7.742934107526331,0.0163483090955408,4.111100923816685e-12,0.0002275708617843,0.001354539764191,0.9964068041777924,4378.446328167842,4.658217552020242,504071.8656601383,2.462465025978363,0.0489971535452146,0.0090240953831329,0.2352941176470588,-1.587880033937474,-0.0483816396605188,-1.215062035257488,0.0238137459754943,0.108365394949913,0.132089763879776,0.0172465806359812,1.2189293818458238,0.0,-0.9026462938559888
"MATLAB 3-31 PM Tue, Oct 15, 2024 Run11 .csv",0,5.226664776076571,1864.588509930545,0.2380267465852889,1239.1355813236155,0.0410970624431552,-0.522401022671239,-0.522854416110031,5.123010906116745,0.00845,2.046607622134835,0.0989010989010989,0.8615367675799612,16.36866031538876,12.481801584848288,0.375555720364903,1.4781535928137528e-10,0.0002230185015017,0.0003882307178471,0.9991985234540476,863.1567364633538,3.114251707190381,438903.8303098605,195.08503603187307,0.7478886771256797,0.7291953948267843,0.1126126126126126,0.2558711052301787,-0.4286915209456976,0.0392470446528432,0.0981843149662018,0.2667782976994147,0.4132933378219605,0.0611090479017298,1.5492014957214684,4.866284195023239,1653.86848567513,0.0533381544824947,1165.1831417616663,0.0405337223672643,-0.5200357852996992,-0.5203357018941466,5.221364236580323,0.00763,2.0376255536058903,0.0434782608695652,0.680884504786906,9.773171037552226,10.488912198301144,0.3745234131089281,1.257339225267945e-10,0.0002206513968714,0.0003128576345482,0.998672053673267,4526.01736419161,2.9735444321408884,420090.1496716368,271.2507993233126,0.5954222794742664,0.4280807737976466,0.1234567901234567,-0.5905249656516647,0.1640092940580986,-1.133281551080406,0.0961980691552162,0.238172059033228,0.3504017114639282,0.0608450827301245,1.4712125044652813,3.0,0.2218557327648061,2,0,5.226664776076571,1864.588509930545,0.2380267465852889,1239.1355813236155,0.0410970624431552,-0.522401022671239,-0.522854416110031,5.123010906116745,0.00845,2.046607622134835,0.0989010989010989,0.8615367675799612,16.36866031538876,12.481801584848288,0.375555720364903,1.4781535928137528e-10,0.0002230185015017,0.0003882307178471,0.9991985234540476,863.1567364633538,3.114251707190381,438903.8303098605,195.08503603187307,0.7478886771256797,0.7291953948267843,0.1126126126126126,0.2558711052301787,-0.4286915209456976,0.0392470446528432,0.0981843149662018,0.2667782976994147,0.4132933378219605,0.0611090479017298,1.5492014957214684,4.866284195023239,1653.86848567513,0.0533381544824947,1165.1831417616663,0.0405337223672643,-0.5200357852996992,-0.5203357018941466,5.221364236580323,0.00763,2.0376255536058903,0.0434782608695652,0.680884504786906,9.773171037552226,10.488912198301144,0.3745234131089281,1.257339225267945e-10,0.0002206513968714,0.0003128576345482,0.998672053673267,4526.01736419161,2.9735444321408884,420090.1496716368,271.2507993233126,0.5954222794742664,0.4280807737976466,0.1234567901234567,-0.5905249656516647,0.1640092940580986,-1.133281551080406,0.0961980691552162,0.238172059033228,0.3504017114639282,0.0608450827301245,1.4712125044652813,3.0,0.2218557327648061
"MATLAB 3-33 PM Tue, Oct 8, 2024 Run10 .csv",0,5.500953614157821,2153.1795595649623,0.2114078820776374,1151.4272535107757,0.0561731471296796,-0.2504335518360522,-0.2398748079939439,-1.391416613435391,0.00326,0.0437587138928237,0.0384615384615384,-0.4888580200219384,90.04422921965674,18.96650041859565,0.1464535743917254,3.163163713646721e-10,0.0002004740688615,0.0001576996789646,0.9986474484220542,1349.6704639746963,3.832347413869757,376463.22212830745,50.422672220351984,0.2701633219887737,0.4896156412690507,1.0,2.250333034289496,-2.009669558110632,5.837843076113709,0.0656171122193337,0.357471038882549,0.4173432552814484,0.0501840267593255,1.1674882994327578,5.563621277715191,2645.7660702748567,-0.0003238084257551,1096.0250141381753,0.056705530685691,-0.2469021862916409,-0.2368292300184131,-1.39295240801323,0.00464,0.0347763748379803,0.0384615384615384,0.4351212584834663,70.57518228201265,16.95597721973166,0.1478523881851523,3.1774291234027166e-10,0.0001059181502263,7.173135256765014e-06,0.9996498724261772,9437.946851316816,3.620848456241353,553397.0981369728,40.14306904518495,0.1550490323200207,0.5989592055380203,1.0,3.4041851709199538,-1.5211815022536732,2.916813129258085,0.091493726670742,0.3865300455460181,0.4583962976932526,0.0684846417945253,1.185926690500127,0.0,0.2889333195871536,2,0,5.500953614157821,2153.1795595649623,0.2114078820776374,1151.4272535107757,0.0561731471296796,-0.2504335518360522,-0.2398748079939439,-1.391416613435391,0.00326,0.0437587138928237,0.0384615384615384,-0.4888580200219384,90.04422921965674,18.96650041859565,0.1464535743917254,3.163163713646721e-10,0.0002004740688615,0.0001576996789646,0.9986474484220542,1349.6704639746963,3.832347413869757,376463.22212830745,50.422672220351984,0.2701633219887737,0.4896156412690507,1.0,2.250333034289496,-2.009669558110632,5.837843076113709,0.0656171122193337,0.357471038882549,0.4173432552814484,0.0501840267593255,1.1674882994327578,5.563621277715191,2645.7660702748567,-0.0003238084257551,1096.0250141381753,0.056705530685691,-0.2469021862916409,-0.2368292300184131,-1.39295240801323,0.00464,0.0347763748379803,0.0384615384615384,0.4351212584834663,70.57518228201265,16.95597721973166,0.1478523881851523,3.1774291234027166e-10,0.0001059181502263,7.173135256765014e-06,0.9996498724261772,9437.946851316816,3.620848456241353,553397.0981369728,40.14306904518495,0.1550490323200207,0.5989592055380203,1.0,3.4041851709199538,-1.5211815022536732,2.916813129258085,0.091493726670742,0.3865300455460181,0.4583962976932526,0.0684846417945253,1.185926690500127,0.0,0.2889333195871536
"MATLAB 3-36 PM Tue, Oct 15, 2024 Run12 .csv",0,5.385950259642039,2015.172105494638,0.2479310010834499,1250.2558664536746,0.0583644802142581,-0.4464262173540289,-0.4086155911160692,1.1798843628291973,0.00073,0.0380608974088014,0.173076923076923,1.207393952411458,39.36699149250413,16.352580865672486,0.3041711537581301,6.768837185959694e-11,0.0001491153912273,0.0003091365060324,0.9993466396858602,3040.9218759859514,2.358548779749114,351311.40047375514,70.36047858834888,0.2747210032857675,0.3187906956194312,1.0,-0.7607431075918694,1.2423636765761144,0.1651424369347096,0.0290719562768936,0.2648487435166652,0.3567833995819092,0.0417930711542427,1.347121360080982,5.201546789768978,1848.99538334862,0.0755293322901153,1192.7881117221254,0.0583385361473936,-0.4429071798186181,-0.4052162856206205,1.178572318365557,0.00108,0.0290780173021601,0.1923076923076923,1.3294594654799752,29.46667042554513,16.79292945153618,0.3040732312845996,6.129407477744893e-11,0.000132401260377,0.0002452068909065,0.9985522660700168,7541.863749832608,2.1894086294543653,349803.0876739123,91.7236306438552,0.2164566989269501,0.1983933539189896,1.0,-0.6063945559368094,1.59201939756464,0.8864156545852713,0.0159147042036056,0.2283868580368849,0.3605865824222565,0.0504133430018685,1.578841206195941,0.0,0.8808755517239861,2,0,5.385950259642039,2015.172105494638,0.2479310010834499,1250.2558664536746,0.0583644802142581,-0.4464262173540289,-0.4086155911160692,1.1798843628291973,0.00073,0.0380608974088014,0.173076923076923,1.207393952411458,39.36699149250413,16.352580865672486,0.3041711537581301,6.768837185959694e-11,0.0001491153912273,0.0003091365060324,0.9993466396858602,3040.9218759859514,2.358548779749114,351311.40047375514,70.36047858834888,0.2747210032857675,0.3187906956194312,1.0,-0.7607431075918694,1.2423636765761144,0.1651424369347096,0.0290719562768936,0.2648487435166652,0.3567833995819092,0.0417930711542427,1.347121360080982,5.201546789768978,1848.99538334862,0.0755293322901153,1192.7881117221254,0.0583385361473936,-0.4429071798186181,-0.4052162856206205,1.178572318365557,0.00108,0.0290780173021601,0.1923076923076923,1.3294594654799752,29.46667042554513,16.79292945153618,0.3040732312845996,6.129407477744893e-11,0.000132401260377,0.0002452068909065,0.9985522660700168,7541.863749832608,2.1894086294543653,349803.0876739123,91.7236306438552,0.2164566989269501,0.1983933539189896,1.0,-0.6063945559368094,1.59201939756464,0.8864156545852713,0.0159147042036056,0.2283868580368849,0.3605865824222565,0.0504133430018685,1.578841206195941,0.0,0.8808755517239861
"MATLAB 3-37 PM Tue, Oct 15, 2024 Run13 .csv",0,5.340933621453951,2084.7431808275187,0.2363146460268505,1224.397493603119,0.0049376242356669,-0.2642867107506289,-0.2673711786923196,-1.3416844093564275,0.00037,0.0337875350457848,0.0,1.3591515075549283,67.65417935002175,17.820677582767832,0.0130882002957549,3.160923634126305e-11,0.0001348312118556,0.000250665541566,0.999437778134036,3729.733143548694,2.9959164130268805,628235.5443006358,26.148084499854583,0.105746337563409,0.1394227149079191,1.0,4.230949785997106,-0.0353378418015515,-1.499589648231461,0.0393667012453079,0.2322499548064337,0.2593720579147339,0.0215565574128534,1.116779799293846,5.410219341922252,1975.0697930559247,0.0906166317287169,1179.823848860755,0.0047433494352636,-0.2607567427513984,-0.2641565775570039,-1.3428286412344166,0.00033,0.0248042491502951,0.0,1.877851958915234,57.260842822314096,16.60416319905249,0.012573234518949,1.8925106358780868e-11,0.0001622413219429,0.0002182894468674,0.9989959237109914,6157.4690821511085,2.681198744035582,416369.6670523386,30.78283927137344,0.0842065236277332,0.0868418626298882,1.0,1.3856706489206183,-0.0051788459586265,-1.205302238432497,0.0235817897319794,0.2072665515652409,0.2271031534671783,0.013154696792782,1.0957057554734944,0.0,-0.8414785398380848,2,0,5.340933621453951,2084.7431808275187,0.2363146460268505,1224.397493603119,0.0049376242356669,-0.2642867107506289,-0.2673711786923196,-1.3416844093564275,0.00037,0.0337875350457848,0.0,1.3591515075549283,67.65417935002175,17.820677582767832,0.0130882002957549,3.160923634126305e-11,0.0001348312118556,0.000250665541566,0.999437778134036,3729.733143548694,2.9959164130268805,628235.5443006358,26.148084499854583,0.105746337563409,0.1394227149079191,1.0,4.230949785997106,-0.0353378418015515,-1.499589648231461,0.0393667012453079,0.2322499548064337,0.2593720579147339,0.0215565574128534,1.116779799293846,5.410219341922252,1975.0697930559247,0.0906166317287169,1179.823848860755,0.0047433494352636,-0.2607567427513984,-0.2641565775570039,-1.3428286412344166,0.00033,0.0248042491502951,0.0,1.877851958915234,57.260842822314096,16.60416319905249,0.012573234518949,1.8925106358780868e-11,0.0001622413219429,0.0002182894468674,0.9989959237109914,6157.4690821511085,2.681198744035582,416369.6670523386,30.78283927137344,0.0842065236277332,0.0868418626298882,1.0,1.3856706489206183,-0.0051788459586265,-1.205302238432497,0.0235817897319794,0.2072665515652409,0.2271031534671783,0.013154696792782,1.0957057554734944,0.0,-0.8414785398380848
"MATLAB 3-38 PM Thu, Oct 17, 2024 Run8 .csv",0,5.583368082248123,2385.9560990525483,0.2732328807250582,1206.7184600699577,0.0007381734207019,-0.5954136672273422,-0.6003563742160503,17.955508231079918,0.0032,2.032363080924779,0.0,0.2102590502196863,6.585025503198036,6.074346670904352,0.0156359546993425,7.420604089628309e-12,0.0001142336837185,0.0006309686787296,0.9990435519079248,5055.546951343637,4.997038190235935,211474.0589050413,1.743043632384916,0.022488975678887,0.0166539172396351,0.2222222222222222,-1.7718192494732352,-0.08600745030318,-1.0777374701633904,0.0100958794355393,0.1066506302356719,0.1178716814517975,0.0072480047777712,1.105213173061704,5.838929461957862,2323.3420275937897,0.1638064685896818,1226.100251830745,0.0007912016170931,-0.5918978988774113,-0.5969033412004153,17.954419936730478,0.002,2.02337965976634,0.0,0.4600150445313848,6.7265381091930845,7.290482351491716,0.0167627461397054,3.5010192649155774e-12,0.0001950618412846,0.0009321061812098,0.9964888011674696,5108.578872243452,4.974082843807089,393874.6745810758,2.006404847850774,0.0264212308871368,0.0110889615234059,0.2222222222222222,-1.616974282793572,0.0095191300424336,-1.5004590634001818,0.0273586285114288,0.1040980601310729,0.1259483850002289,0.0155281581373674,1.2099013645561072,0.0,-0.6732604289574808,2,0,5.583368082248123,2385.9560990525483,0.2732328807250582,1206.7184600699577,0.0007381734207019,-0.5954136672273422,-0.6003563742160503,17.955508231079918,0.0032,2.032363080924779,0.0,0.2102590502196863,6.585025503198036,6.074346670904352,0.0156359546993425,7.420604089628309e-12,0.0001142336837185,0.0006309686787296,0.9990435519079248,5055.546951343637,4.997038190235935,211474.0589050413,1.743043632384916,0.022488975678887,0.0166539172396351,0.2222222222222222,-1.7718192494732352,-0.08600745030318,-1.0777374701633904,0.0100958794355393,0.1066506302356719,0.1178716814517975,0.0072480047777712,1.105213173061704,5.838929461957862,2323.3420275937897,0.1638064685896818,1226.100251830745,0.0007912016170931,-0.5918978988774113,-0.5969033412004153,17.954419936730478,0.002,2.02337965976634,0.0,0.4600150445313848,6.7265381091930845,7.290482351491716,0.0167627461397054,3.5010192649155774e-12,0.0001950618412846,0.0009321061812098,0.9964888011674696,5108.578872243452,4.974082843807089,393874.6745810758,2.006404847850774,0.0264212308871368,0.0110889615234059,0.2222222222222222,-1.616974282793572,0.0095191300424336,-1.5004590634001818,0.0273586285114288,0.1040980601310729,0.1259483850002289,0.0155281581373674,1.2099013645561072,0.0,-0.6732604289574808
"MATLAB 3-41 PM Thu, Oct 3, 2024 Run6 .csv",0,5.956833719299807,2451.307360225858,0.2545158261982904,1180.3708062703934,0.0046100802813651,-0.2738353744376451,-0.2806323535850351,-1.3847719488017605,0.00047,0.0252408103197514,0.0,-1.761434273151068,130.5743792375046,21.845978398017355,0.0123203362615717,2.6534931289684968e-11,0.000164921624429,8.894322902587576e-05,0.9973140456950232,2320.6926162468826,4.140726632078342,469495.8654841357,16.658682010861302,0.1023954848188991,0.2230821761709694,1.0,2.214335573175058,-0.9804021587786276,0.4069123291851326,0.0087558662891388,0.2472348469275015,0.2609687650203705,0.0096132441306737,1.055550090383886,5.815446038993013,2909.0507013782485,0.0226972762999362,1028.2515698430177,0.0046334645834812,-0.2703306043342637,-0.2770871611691998,-1.3855805555084482,0.00042,0.0162567128465648,0.0,-0.1947608644871743,88.08597216679223,19.657789584788578,0.0123828302850438,5.532800952789545e-11,0.0001173086874014,6.437076433560267e-06,0.9992902458996908,8518.467540944539,3.888725029081936,642186.3014483687,13.713753563569082,0.0910422431938107,0.3087125434676439,1.0,3.369801058635474,0.0955072336640412,-1.5961300524323423,0.0501372456550597,0.2792168938230585,0.3156834518909455,0.0256849556504949,1.1306029788118623,0.0,-0.167750835685023,2,0,5.956833719299807,2451.307360225858,0.2545158261982904,1180.3708062703934,0.0046100802813651,-0.2738353744376451,-0.2806323535850351,-1.3847719488017605,0.00047,0.0252408103197514,0.0,-1.761434273151068,130.5743792375046,21.845978398017355,0.0123203362615717,2.6534931289684968e-11,0.000164921624429,8.894322902587576e-05,0.9973140456950232,2320.6926162468826,4.140726632078342,469495.8654841357,16.658682010861302,0.1023954848188991,0.2230821761709694,1.0,2.214335573175058,-0.9804021587786276,0.4069123291851326,0.0087558662891388,0.2472348469275015,0.2609687650203705,0.0096132441306737,1.055550090383886,5.815446038993013,2909.0507013782485,0.0226972762999362,1028.2515698430177,0.0046334645834812,-0.2703306043342637,-0.2770871611691998,-1.3855805555084482,0.00042,0.0162567128465648,0.0,-0.1947608644871743,88.08597216679223,19.657789584788578,0.0123828302850438,5.532800952789545e-11,0.0001173086874014,6.437076433560267e-06,0.9992902458996908,8518.467540944539,3.888725029081936,642186.3014483687,13.713753563569082,0.0910422431938107,0.3087125434676439,1.0,3.369801058635474,0.0955072336640412,-1.5961300524323423,0.0501372456550597,0.2792168938230585,0.3156834518909455,0.0256849556504949,1.1306029788118623,0.0,-0.167750835685023
"MATLAB 3-47 PM Thu, Oct 3, 2024 Run7 .csv",0,5.947528957061193,2438.1748128168465,0.2579966356303418,1187.1855551732042,0.0016230582786602,-0.2177248411064412,-0.2254787243588186,-1.8350447452153889,0.00025,0.0152696314727125,0.0,-2.145645462931669,157.11475978941553,23.15529814365619,0.0037068819917709,7.142613699176929e-11,0.0001749467892736,9.509889261990296e-05,0.9964791101901678,1918.372556754893,4.444546582432423,447177.28556757566,22.469147725002863,0.1437133345245607,0.30577415581541,1.0,2.194952324882668,-0.5118189014527432,-1.0965623080218967,0.0081277853250503,0.3190406295009281,0.3256472897529602,0.0052628688536284,1.0207078962399454,5.847019486927866,2914.7439460755672,0.0272387868404244,1036.0170882442574,0.0014295364197648,-0.2143221958208789,-0.2222645087803473,-1.8354617892222267,0.00033,0.0062845871588794,0.0,-0.3017743545125341,110.68214532216972,21.448204732160903,0.0032654422924342,1.1861897544063103e-10,8.952382886169612e-05,8.811716878577907e-06,0.999028017111806,11159.353099778473,4.128786717746123,679580.5632942623,17.811892495109984,0.123689585857365,0.4057661933528719,1.0,2.351286536636139,-0.2092444705592377,-1.405910070263449,0.0460433143377304,0.3538085600604182,0.3910685884952545,0.0263684662453975,1.1053112689768545,0.0,-0.0616140751925634,2,0,5.947528957061193,2438.1748128168465,0.2579966356303418,1187.1855551732042,0.0016230582786602,-0.2177248411064412,-0.2254787243588186,-1.8350447452153889,0.00025,0.0152696314727125,0.0,-2.145645462931669,157.11475978941553,23.15529814365619,0.0037068819917709,7.142613699176929e-11,0.0001749467892736,9.509889261990296e-05,0.9964791101901678,1918.372556754893,4.444546582432423,447177.28556757566,22.469147725002863,0.1437133345245607,0.30577415581541,1.0,2.194952324882668,-0.5118189014527432,-1.0965623080218967,0.0081277853250503,0.3190406295009281,0.3256472897529602,0.0052628688536284,1.0207078962399454,5.847019486927866,2914.7439460755672,0.0272387868404244,1036.0170882442574,0.0014295364197648,-0.2143221958208789,-0.2222645087803473,-1.8354617892222267,0.00033,0.0062845871588794,0.0,-0.3017743545125341,110.68214532216972,21.448204732160903,0.0032654422924342,1.1861897544063103e-10,8.952382886169612e-05,8.811716878577907e-06,0.999028017111806,11159.353099778473,4.128786717746123,679580.5632942623,17.811892495109984,0.123689585857365,0.4057661933528719,1.0,2.351286536636139,-0.2092444705592377,-1.405910070263449,0.0460433143377304,0.3538085600604182,0.3910685884952545,0.0263684662453975,1.1053112689768545,0.0,-0.0616140751925634
"MATLAB 3-47 PM Tue, Oct 8, 2024 Run13 .csv",0,5.815185417502823,2333.886843326848,0.2392226007755725,1214.1333936365554,0.2689236709030916,0.3286558939478686,0.4092360792631344,-3.04223800297183,0.00199,0.0138451773517069,0.0909090909090909,-1.6164226551408163,314.5868200333842,35.10230834078012,0.272933057759615,3.0232466626679364e-11,0.0001530439731866,8.369577684361053e-05,0.9971068855515,2730.351946845436,4.256590063913499,362643.0520621774,10.475438917590626,0.0523431947558777,0.1115435486147817,1.0,-0.8078167105876735,-2.696946751310392,5.594875225289,0.0151985955238341,0.2880025029182434,0.3239503467082977,0.0640740542900511,1.1248178172960497,5.858319823488656,2822.889212155025,0.0351931999904696,1081.5703799385487,0.2708081947988199,0.3317670668571049,0.4125387267196292,-3.0425991094501184,0.00331,0.0048599977749245,0.0909090909090909,-0.1728801698996468,223.95787433977168,28.55975570704765,0.2749461343606503,3.1528896822844056e-11,0.000151603089314,7.725262539818549e-06,0.999335059184114,6591.78558765454,3.8320094638771978,591569.8046537767,7.852755543559115,0.041683956073929,0.1476481568981584,1.0,0.3486416049219483,-1.859954089482254,3.31053679323012,0.0362770569324493,0.2855612671375275,0.3700318920612335,0.0758444360403935,1.2958056103702067,0.0,0.8466714758357134,2,0,5.815185417502823,2333.886843326848,0.2392226007755725,1214.1333936365554,0.2689236709030916,0.3286558939478686,0.4092360792631344,-3.04223800297183,0.00199,0.0138451773517069,0.0909090909090909,-1.6164226551408163,314.5868200333842,35.10230834078012,0.272933057759615,3.0232466626679364e-11,0.0001530439731866,8.369577684361053e-05,0.9971068855515,2730.351946845436,4.256590063913499,362643.0520621774,10.475438917590626,0.0523431947558777,0.1115435486147817,1.0,-0.8078167105876735,-2.696946751310392,5.594875225289,0.0151985955238341,0.2880025029182434,0.3239503467082977,0.0640740542900511,1.1248178172960497,5.858319823488656,2822.889212155025,0.0351931999904696,1081.5703799385487,0.2708081947988199,0.3317670668571049,0.4125387267196292,-3.0425991094501184,0.00331,0.0048599977749245,0.0909090909090909,-0.1728801698996468,223.95787433977168,28.55975570704765,0.2749461343606503,3.1528896822844056e-11,0.000151603089314,7.725262539818549e-06,0.999335059184114,6591.78558765454,3.8320094638771978,591569.8046537767,7.852755543559115,0.041683956073929,0.1476481568981584,1.0,0.3486416049219483,-1.859954089482254,3.31053679323012,0.0362770569324493,0.2855612671375275,0.3700318920612335,0.0758444360403935,1.2958056103702067,0.0,0.8466714758357134
"MATLAB 3-49 PM Thu, Oct 17, 2024 Run9 .csv",0,3.850019874098428,1316.3177291439192,0.1024508095562175,1174.765104784083,0.0155006322314301,-0.5744926341769266,-0.5900343114872117,7.845788973525423,0.0026,2.010996269109696,0.0,-0.0419944215882929,0.5779629746684236,4.084397065859084,0.1838310275754627,1.6249633634520073e-11,4.0081668428121824e-05,0.0001319637049532,0.9997558338415592,21143.57883667011,3.201641559530398,83875.44882026674,17.898553925466206,0.0445239488018868,0.0288482211505153,0.4,-1.813354781528356,-0.1771249771485492,-1.5458339333057447,0.0140445971488952,0.1179320800304412,0.1279967963695526,0.0083919138747039,1.0853433292833756,2.981359629313914,985.3658656571034,-0.1072946715952273,939.626748313072,0.019632361022477,-0.5632298605735351,-0.5865548002707462,7.845539742104234,0.0016,1.0020108190070145,0.0,0.0275470694905811,-0.4229289229155353,3.565657320471625,0.2131172496729284,2.5611169060805868e-11,4.063779649606083e-05,0.000100566992942,0.9995655302096677,24596.94216704292,2.4033363012189968,45527.20175167686,29.740865758805885,0.0616045124997736,0.0281994335972435,0.5714285714285714,-1.6566482585064333,-0.8642576783748519,-0.3022045823409178,0.0050889015197753,0.1262402043739954,0.1314234519004821,0.0048708367044391,1.0410586116537877,0.0,-0.4876765911619092,2,0,3.850019874098428,1316.3177291439192,0.1024508095562175,1174.765104784083,0.0155006322314301,-0.5744926341769266,-0.5900343114872117,7.845788973525423,0.0026,2.010996269109696,0.0,-0.0419944215882929,0.5779629746684236,4.084397065859084,0.1838310275754627,1.6249633634520073e-11,4.0081668428121824e-05,0.0001319637049532,0.9997558338415592,21143.57883667011,3.201641559530398,83875.44882026674,17.898553925466206,0.0445239488018868,0.0288482211505153,0.4,-1.813354781528356,-0.1771249771485492,-1.5458339333057447,0.0140445971488952,0.1179320800304412,0.1279967963695526,0.0083919138747039,1.0853433292833756,2.981359629313914,985.3658656571034,-0.1072946715952273,939.626748313072,0.019632361022477,-0.5632298605735351,-0.5865548002707462,7.845539742104234,0.0016,1.0020108190070145,0.0,0.0275470694905811,-0.4229289229155353,3.565657320471625,0.2131172496729284,2.5611169060805868e-11,4.063779649606083e-05,0.000100566992942,0.9995655302096677,24596.94216704292,2.4033363012189968,45527.20175167686,29.740865758805885,0.0616045124997736,0.0281994335972435,0.5714285714285714,-1.6566482585064333,-0.8642576783748519,-0.3022045823409178,0.0050889015197753,0.1262402043739954,0.1314234519004821,0.0048708367044391,1.0410586116537877,0.0,-0.4876765911619092
"MATLAB 3-50 PM Mon, Aug 26, 2024 Run3 .csv",0,5.8088624338951576,2433.71248866321,0.3162116081172027,1319.629598715309,0.0225084509700472,-0.5681683593682759,-0.5808047031299558,6.629133980287557,0.00479,2.0081473608676847,0.0092592592592592,0.6500612679780349,21.84973913425554,16.878310171342687,0.242540635447167,7.217562180582437e-12,0.000411435994593,0.000444189916575,0.9973976511782924,-1389.7806789863048,3.942664997327933,632756.1298768234,29.77745282460085,0.2897803278647105,0.3849575853149902,0.1596638655462184,1.1811071475309611,0.4699616998671105,2.1693533550876705,0.0363840395212173,0.1495372188532793,0.2853505146503449,0.0317675179394669,1.908224031706252,5.547980645110769,1890.015692544352,0.1086989974098638,1127.147219506881,0.0233867605030892,-0.5629520268917065,-0.5773483281541432,6.4289946237264335,0.00469,1.9991616402391044,0.0,0.5783863392797216,14.16710620439213,13.159567886392866,0.2473094634060731,8.56740788029492e-12,0.0002399496951026,0.0001458222196447,0.9995415198154324,4165.629464075891,3.8524442624299895,359430.7923039049,43.20513076943932,0.1082268582838426,0.1429162953748984,0.0879310344827586,1.3380618780651852,1.3916969466890263,4.9289345582992965,0.0219320732355118,0.1318054650302202,0.2306885159015655,0.0208335122857804,1.750219657801544,2.0,0.2444375981253113,2,0,5.8088624338951576,2433.71248866321,0.3162116081172027,1319.629598715309,0.0225084509700472,-0.5681683593682759,-0.5808047031299558,6.629133980287557,0.00479,2.0081473608676847,0.0092592592592592,0.6500612679780349,21.84973913425554,16.878310171342687,0.242540635447167,7.217562180582437e-12,0.000411435994593,0.000444189916575,0.9973976511782924,-1389.7806789863048,3.942664997327933,632756.1298768234,29.77745282460085,0.2897803278647105,0.3849575853149902,0.1596638655462184,1.1811071475309611,0.4699616998671105,2.1693533550876705,0.0363840395212173,0.1495372188532793,0.2853505146503449,0.0317675179394669,1.908224031706252,5.547980645110769,1890.015692544352,0.1086989974098638,1127.147219506881,0.0233867605030892,-0.5629520268917065,-0.5773483281541432,6.4289946237264335,0.00469,1.9991616402391044,0.0,0.5783863392797216,14.16710620439213,13.159567886392866,0.2473094634060731,8.56740788029492e-12,0.0002399496951026,0.0001458222196447,0.9995415198154324,4165.629464075891,3.8524442624299895,359430.7923039049,43.20513076943932,0.1082268582838426,0.1429162953748984,0.0879310344827586,1.3380618780651852,1.3916969466890263,4.9289345582992965,0.0219320732355118,0.1318054650302202,0.2306885159015655,0.0208335122857804,1.750219657801544,2.0,0.2444375981253113
"MATLAB 3-52 PM Thu, Oct 17, 2024 Run10 .csv",0,4.251750825521032,3588.7283826009925,0.0649878212200964,4493.923649784986,2.500000000290117e-05,-0.6285532208763964,-0.6378104863246558,25.803301249500088,0.0002,-0.9975504556163376,1.0,0.7236883976715598,5.50670764036971,6.943950475422664,0.0006805498845242,8.07368263430171e-13,0.0078329972727161,0.0397650629346337,0.9523984064358604,-3721.5326742772218,2.955279093420577,1582480.7093263192,11.360250795996365,39.69768553190176,81.83654527367625,0.0,-1.8299689943504045,-0.2107782719013158,-1.5000000000000024,0.0038163548707962,0.1750965503851572,0.1786898374557495,0.0031319687344452,1.0205217467887755,4.572210864948379,3956.184533706429,-0.1132809608236535,4596.349721857841,3.000000000094941e-05,-0.6251206451619419,-0.6346053838276061,25.8033876432502,0.0004,-1.006536717296716,1.0,0.540057700553254,7.751728227926515,8.538144819878186,0.0008167710320464,6.549390885553004e-13,0.0145480085986852,0.0793379004024805,0.9061125391754868,62.28430049576501,3.278837819929731,2005177.229013996,9.570643391570982,60.189345956426536,28.983430270443005,0.0,-1.6725178487915775,-0.0093966814179124,-1.4999999999999991,0.0085419011116027,0.1946164286136627,0.2031364834308624,0.0069745014819286,1.043778702948624,0.0,-0.5810876154157862,2,0,4.251750825521032,3588.7283826009925,0.0649878212200964,4493.923649784986,2.500000000290117e-05,-0.6285532208763964,-0.6378104863246558,25.803301249500088,0.0002,-0.9975504556163376,1.0,0.7236883976715598,5.50670764036971,6.943950475422664,0.0006805498845242,8.07368263430171e-13,0.0078329972727161,0.0397650629346337,0.9523984064358604,-3721.5326742772218,2.955279093420577,1582480.7093263192,11.360250795996365,39.69768553190176,81.83654527367625,0.0,-1.8299689943504045,-0.2107782719013158,-1.5000000000000024,0.0038163548707962,0.1750965503851572,0.1786898374557495,0.0031319687344452,1.0205217467887755,4.572210864948379,3956.184533706429,-0.1132809608236535,4596.349721857841,3.000000000094941e-05,-0.6251206451619419,-0.6346053838276061,25.8033876432502,0.0004,-1.006536717296716,1.0,0.540057700553254,7.751728227926515,8.538144819878186,0.0008167710320464,6.549390885553004e-13,0.0145480085986852,0.0793379004024805,0.9061125391754868,62.28430049576501,3.278837819929731,2005177.229013996,9.570643391570982,60.189345956426536,28.983430270443005,0.0,-1.6725178487915775,-0.0093966814179124,-1.4999999999999991,0.0085419011116027,0.1946164286136627,0.2031364834308624,0.0069745014819286,1.043778702948624,0.0,-0.5810876154157862
"MATLAB 3-52 PM Thu, Oct 3, 2024 Run8 .csv",0,5.93305149407483,2423.629630816112,0.2531110937210181,1181.5752079398048,0.0035339480617321,-0.1214616034592697,-0.1323306826126598,-2.406862311450201,0.00028,0.0010250902626569,0.0,-1.991226567892568,198.2483647857092,25.842401378156385,0.0064854283635176,6.701912428794916e-11,0.0001803487485412,8.829172930711794e-05,0.9968792016420576,1677.0992878180891,4.087905558303287,363798.96358392463,18.806955230241595,0.1145173312616326,0.2528225613424643,1.0,1.167261970179254,-0.0365896319043739,-0.6639075840753157,0.0169257378578186,0.3265863234466977,0.3523929369449616,0.0147674969770739,1.0790192719214582,5.850892527113137,2939.1274267659173,0.0238885451480282,1033.2439294397825,0.0037316193095716,-0.1179164626883425,-0.1273321482371314,-2.40671998017154,0.0003,-0.0079613066806709,0.0,-0.0312110645604724,137.89407441659873,24.493247423878582,0.0068467862151096,1.0470075222481224e-10,0.0001074111824887,9.68077406165959e-06,0.9989279672196584,9300.0369614597,3.8664305899871647,639595.3383197547,14.44079869453834,0.1034329230156875,0.3362790017841702,1.0,1.3248372194942315,-0.4126102699233913,0.4847974782485909,0.0225982245802879,0.3664249332083596,0.3959017598628998,0.018512026182983,1.080444380234843,0.0,0.4441304300636942,2,0,5.93305149407483,2423.629630816112,0.2531110937210181,1181.5752079398048,0.0035339480617321,-0.1214616034592697,-0.1323306826126598,-2.406862311450201,0.00028,0.0010250902626569,0.0,-1.991226567892568,198.2483647857092,25.842401378156385,0.0064854283635176,6.701912428794916e-11,0.0001803487485412,8.829172930711794e-05,0.9968792016420576,1677.0992878180891,4.087905558303287,363798.96358392463,18.806955230241595,0.1145173312616326,0.2528225613424643,1.0,1.167261970179254,-0.0365896319043739,-0.6639075840753157,0.0169257378578186,0.3265863234466977,0.3523929369449616,0.0147674969770739,1.0790192719214582,5.850892527113137,2939.1274267659173,0.0238885451480282,1033.2439294397825,0.0037316193095716,-0.1179164626883425,-0.1273321482371314,-2.40671998017154,0.0003,-0.0079613066806709,0.0,-0.0312110645604724,137.89407441659873,24.493247423878582,0.0068467862151096,1.0470075222481224e-10,0.0001074111824887,9.68077406165959e-06,0.9989279672196584,9300.0369614597,3.8664305899871647,639595.3383197547,14.44079869453834,0.1034329230156875,0.3362790017841702,1.0,1.3248372194942315,-0.4126102699233913,0.4847974782485909,0.0225982245802879,0.3664249332083596,0.3959017598628998,0.018512026182983,1.080444380234843,0.0,0.4441304300636942
"MATLAB 3-53 PM Mon, Aug 26, 2024 Run4 .csv",0,5.828619161801903,2410.6005857832406,0.3243591212248391,1319.4337206807918,0.0326925619819482,-0.5142432018888036,-0.5157510739099139,2.2788221800317148,0.0045,1.9981761820206456,0.0307692307692307,0.8057373544484521,40.55609423889815,14.44115405061007,0.211900220647615,1.1654887837925484e-11,0.0004075788882618,0.0004987522515375,0.9974483108272508,-1417.7335074421576,3.16584478674794,653967.8851934079,25.603115804047608,0.2817671085150738,0.3650303727446443,0.3146067415730337,-0.8382761007614286,-0.747495447427069,-0.4578371207474316,0.072295171022415,0.1794510177098787,0.2300620412826538,0.0418006288066771,1.2820325246335391,5.617368458980034,1925.2655956139208,0.109394749166165,1113.26230013005,0.0446649056777642,-0.5055895622170652,-0.5119256757743258,1.9790733860719223,0.00378,-0.010810485448581,0.0161290322580645,0.779358948401623,29.35611389535626,15.743444211777378,0.2800106111647361,1.3242806444469448e-11,0.0001812636783517,0.0001557452429964,0.9995349469351306,5514.259425959282,3.0769068202467182,360137.5250879354,36.22154830368782,0.1006076908687169,0.1308909219953042,1.0,0.3195473560658501,-1.6235699406135398,2.791535263712888,0.0220237955451011,0.1718812760614579,0.208964946269989,0.0218509157348506,1.2157516575294178,1.0,-0.2242904271396247,2,0,5.828619161801903,2410.6005857832406,0.3243591212248391,1319.4337206807918,0.0326925619819482,-0.5142432018888036,-0.5157510739099139,2.2788221800317148,0.0045,1.9981761820206456,0.0307692307692307,0.8057373544484521,40.55609423889815,14.44115405061007,0.211900220647615,1.1654887837925484e-11,0.0004075788882618,0.0004987522515375,0.9974483108272508,-1417.7335074421576,3.16584478674794,653967.8851934079,25.603115804047608,0.2817671085150738,0.3650303727446443,0.3146067415730337,-0.8382761007614286,-0.747495447427069,-0.4578371207474316,0.072295171022415,0.1794510177098787,0.2300620412826538,0.0418006288066771,1.2820325246335391,5.617368458980034,1925.2655956139208,0.109394749166165,1113.26230013005,0.0446649056777642,-0.5055895622170652,-0.5119256757743258,1.9790733860719223,0.00378,-0.010810485448581,0.0161290322580645,0.779358948401623,29.35611389535626,15.743444211777378,0.2800106111647361,1.3242806444469448e-11,0.0001812636783517,0.0001557452429964,0.9995349469351306,5514.259425959282,3.0769068202467182,360137.5250879354,36.22154830368782,0.1006076908687169,0.1308909219953042,1.0,0.3195473560658501,-1.6235699406135398,2.791535263712888,0.0220237955451011,0.1718812760614579,0.208964946269989,0.0218509157348506,1.2157516575294178,1.0,-0.2242904271396247
"MATLAB 3-53 PM Thu, Aug 29, 2024 Run3 .csv",0,5.881994466142395,2482.7332771945294,0.3248649856660915,1284.5168734057445,0.0237797928377441,-0.5506028691801376,-0.5638862696845788,4.17165992532934,0.00145,1.9967517278996405,0.0,0.3906070181946449,28.636103023374265,11.673859618441488,0.1998261457983787,1.8699240456021994e-11,0.0003761372611677,0.0004349497315092,0.9961398334023186,-1223.932714835556,2.900404410661828,628574.996040325,35.71787282103527,0.4160152992057205,0.6341901222462397,0.1715976331360946,-0.8410451362317701,-0.0443609406845562,1.8747113522508227,0.0114132431149482,0.1884950219591458,0.2330022954940796,0.0120019840264624,1.2361190925486627,5.621234469461451,2100.331099055906,0.0811545600655746,1028.8628929890317,0.0238049470672049,-0.5471905257978493,-0.5609224396670847,4.171970069193653,0.00142,1.987764925167464,0.0,0.3662335656434608,24.297590244479576,10.871344490866935,0.2000516993192762,4.2861326407569534e-11,0.0001335150889529,7.606657363744367e-05,0.998999723997822,7482.298306744532,2.875035551990885,413022.1623730967,50.18271769851528,0.1504217657931072,0.3502056528666277,0.1715976331360946,-0.6830975756483406,-0.0189839132210229,1.0362829961423312,0.0181385284662247,0.2032019534707069,0.2489141082763672,0.0145336706768951,1.2249592291062792,3.0,0.7332404352624291,2,0,5.881994466142395,2482.7332771945294,0.3248649856660915,1284.5168734057445,0.0237797928377441,-0.5506028691801376,-0.5638862696845788,4.17165992532934,0.00145,1.9967517278996405,0.0,0.3906070181946449,28.636103023374265,11.673859618441488,0.1998261457983787,1.8699240456021994e-11,0.0003761372611677,0.0004349497315092,0.9961398334023186,-1223.932714835556,2.900404410661828,628574.996040325,35.71787282103527,0.4160152992057205,0.6341901222462397,0.1715976331360946,-0.8410451362317701,-0.0443609406845562,1.8747113522508227,0.0114132431149482,0.1884950219591458,0.2330022954940796,0.0120019840264624,1.2361190925486627,5.621234469461451,2100.331099055906,0.0811545600655746,1028.8628929890317,0.0238049470672049,-0.5471905257978493,-0.5609224396670847,4.171970069193653,0.00142,1.987764925167464,0.0,0.3662335656434608,24.297590244479576,10.871344490866935,0.2000516993192762,4.2861326407569534e-11,0.0001335150889529,7.606657363744367e-05,0.998999723997822,7482.298306744532,2.875035551990885,413022.1623730967,50.18271769851528,0.1504217657931072,0.3502056528666277,0.1715976331360946,-0.6830975756483406,-0.0189839132210229,1.0362829961423312,0.0181385284662247,0.2032019534707069,0.2489141082763672,0.0145336706768951,1.2249592291062792,3.0,0.7332404352624291
"MATLAB 3-53 PM Thu, Oct 3, 2024 Run9 .csv",0,5.949352558768856,2425.385181771776,0.2568542368274012,1182.9482761401766,0.1833307455247559,0.1611790924531865,0.2245285337988488,-3.0355933383382,0.00066,-0.0046727262213652,0.0833333333333333,-2.258148471318188,298.1340743750521,32.20867153310006,0.2203855748381507,3.9138515148328576e-11,0.0001881273661437,9.017690349035454e-05,0.9971373340116008,1420.7688043518556,4.218862794295324,393658.16994524415,12.12133415458364,0.0729589790430039,0.1640754507366997,1.0,-1.843814171702112,-2.5377117436667582,5.380941947665612,0.0241179877519607,0.3196642965078354,0.3504826712608337,0.0435010483321173,1.096408560761001,5.870418794068162,2947.1508627137223,0.0260586254640214,1040.9459609060232,0.1841273371982899,0.1646320335574299,0.2332807956912721,-3.035227256945337,0.00033,-0.013659664216491,0.0833333333333333,0.1520045926204995,205.61893965578767,29.93822974882136,0.221333498450767,5.7713637445333207e-11,0.0001210492465591,9.891849953648749e-06,0.9988688501250236,8251.756029201115,3.8997752914587744,574287.229054282,9.303427684838567,0.0673399191198204,0.2163079994955798,1.0,-1.6857425073625314,-2.02663033233878,3.634859591302916,0.01618392765522,0.3502350263794263,0.3849452006816864,0.0341370443485491,1.099105376926684,0.0,0.8905176593134836,2,0,5.949352558768856,2425.385181771776,0.2568542368274012,1182.9482761401766,0.1833307455247559,0.1611790924531865,0.2245285337988488,-3.0355933383382,0.00066,-0.0046727262213652,0.0833333333333333,-2.258148471318188,298.1340743750521,32.20867153310006,0.2203855748381507,3.9138515148328576e-11,0.0001881273661437,9.017690349035454e-05,0.9971373340116008,1420.7688043518556,4.218862794295324,393658.16994524415,12.12133415458364,0.0729589790430039,0.1640754507366997,1.0,-1.843814171702112,-2.5377117436667582,5.380941947665612,0.0241179877519607,0.3196642965078354,0.3504826712608337,0.0435010483321173,1.096408560761001,5.870418794068162,2947.1508627137223,0.0260586254640214,1040.9459609060232,0.1841273371982899,0.1646320335574299,0.2332807956912721,-3.035227256945337,0.00033,-0.013659664216491,0.0833333333333333,0.1520045926204995,205.61893965578767,29.93822974882136,0.221333498450767,5.7713637445333207e-11,0.0001210492465591,9.891849953648749e-06,0.9988688501250236,8251.756029201115,3.8997752914587744,574287.229054282,9.303427684838567,0.0673399191198204,0.2163079994955798,1.0,-1.6857425073625314,-2.02663033233878,3.634859591302916,0.01618392765522,0.3502350263794263,0.3849452006816864,0.0341370443485491,1.099105376926684,0.0,0.8905176593134836
"MATLAB 3-55 PM Tue, Sep 17, 2024 Run5 .csv",0,5.900410728789756,3077.3088691351445,0.2473896491635757,1030.2715447537964,0.0059147434433738,-0.6269586058923727,-0.6391122487055745,16.5358776546745,0.00739,1.9896294572946125,0.0144230769230769,-0.4804809631500764,8.951999481705045,11.708667634471784,0.1231135450192697,5.2500646863284924e-11,7.777264190052057e-05,7.837006530335639e-05,0.9975738211800927,8918.08047520107,5.536762794755584,44044.6142976125,26.48422220639047,0.3637254008514375,0.9956157191308868,0.071,0.1451096864165229,1.5399234563507358,6.822280532661498,0.0435766106843948,0.1384402363861982,0.2908853375911713,0.0271503745469106,2.101161809488004,5.892513495967775,3294.0846203320007,-0.034244632013402,990.5763158842364,0.0038008994307098,-0.6242451555235006,-0.6360062592881279,16.836470486477122,0.00553,1.980641978247689,0.0094786729857819,0.1917255514207625,12.391270205917758,17.605340832913967,0.0802611269249153,1.1768975490206079e-10,2.5901049684230662e-05,9.13543412131729e-07,0.9995744198314764,38592.0428715307,5.516444735507852,116822.36575279642,33.20269953940212,0.4240799468225543,1.2661044759524802,0.0585325638911789,0.3036777657807055,3.2585402097986,22.36282021074676,0.0840455859899521,0.228433563562366,0.6697893953323365,0.0564312172321029,2.932097126565524,2.0,0.1644683210535575,2,0,5.900410728789756,3077.3088691351445,0.2473896491635757,1030.2715447537964,0.0059147434433738,-0.6269586058923727,-0.6391122487055745,16.5358776546745,0.00739,1.9896294572946125,0.0144230769230769,-0.4804809631500764,8.951999481705045,11.708667634471784,0.1231135450192697,5.2500646863284924e-11,7.777264190052057e-05,7.837006530335639e-05,0.9975738211800927,8918.08047520107,5.536762794755584,44044.6142976125,26.48422220639047,0.3637254008514375,0.9956157191308868,0.071,0.1451096864165229,1.5399234563507358,6.822280532661498,0.0435766106843948,0.1384402363861982,0.2908853375911713,0.0271503745469106,2.101161809488004,5.892513495967775,3294.0846203320007,-0.034244632013402,990.5763158842364,0.0038008994307098,-0.6242451555235006,-0.6360062592881279,16.836470486477122,0.00553,1.980641978247689,0.0094786729857819,0.1917255514207625,12.391270205917758,17.605340832913967,0.0802611269249153,1.1768975490206079e-10,2.5901049684230662e-05,9.13543412131729e-07,0.9995744198314764,38592.0428715307,5.516444735507852,116822.36575279642,33.20269953940212,0.4240799468225543,1.2661044759524802,0.0585325638911789,0.3036777657807055,3.2585402097986,22.36282021074676,0.0840455859899521,0.228433563562366,0.6697893953323365,0.0564312172321029,2.932097126565524,2.0,0.1644683210535575
"MATLAB 3-56 PM Tue, Sep 17, 2024 Run6 .csv",0,5.940773025912514,3047.916096226624,0.2639841992342169,1033.984574588329,0.0123303840571757,-0.6253621457718271,-0.6434678361543308,14.714315883178507,0.01555,1.985356094931596,0.0,-0.4711375014527932,10.292841053509516,13.551686880480544,0.2331888359652037,1.7814527644196975e-10,9.468471348015343e-05,0.0001007449694347,0.9979986879805592,6609.649686736734,5.535104558683278,35216.345469714324,44.94433078748565,0.6614775972774604,1.6839229689336992,0.0448232323232323,0.1368025800054986,1.0579176147252212,0.2001932007478939,0.0481829661130905,0.160460170036868,0.3397779870033264,0.0505334122747219,2.117522291826424,5.904554995977583,3243.0214416257018,-0.0265611821135357,1006.4833394195176,0.0103053471530726,-0.6238634390144443,-0.6405965510962892,15.415080527960846,0.02611,1.976368210095824,0.1878172588832487,0.3928407368466692,14.87007809652492,15.161927590330764,0.2021101126488564,4.3771057582436847e-10,2.907449584870623e-05,1.2754384496623604e-06,0.999483948609826,34376.65622168652,5.52966315675528,91615.9746828284,57.06670115724881,0.6662925536621159,2.0150565257194457,0.1035971223021582,0.2957429706381334,1.445602800873092,1.6089131016336164,0.0923140871524811,0.2715427955213537,0.7338208842277527,0.1142438249692928,2.702413381356112,11.0,0.4714431635694677,2,0,5.940773025912514,3047.916096226624,0.2639841992342169,1033.984574588329,0.0123303840571757,-0.6253621457718271,-0.6434678361543308,14.714315883178507,0.01555,1.985356094931596,0.0,-0.4711375014527932,10.292841053509516,13.551686880480544,0.2331888359652037,1.7814527644196975e-10,9.468471348015343e-05,0.0001007449694347,0.9979986879805592,6609.649686736734,5.535104558683278,35216.345469714324,44.94433078748565,0.6614775972774604,1.6839229689336992,0.0448232323232323,0.1368025800054986,1.0579176147252212,0.2001932007478939,0.0481829661130905,0.160460170036868,0.3397779870033264,0.0505334122747219,2.117522291826424,5.904554995977583,3243.0214416257018,-0.0265611821135357,1006.4833394195176,0.0103053471530726,-0.6238634390144443,-0.6405965510962892,15.415080527960846,0.02611,1.976368210095824,0.1878172588832487,0.3928407368466692,14.87007809652492,15.161927590330764,0.2021101126488564,4.3771057582436847e-10,2.907449584870623e-05,1.2754384496623604e-06,0.999483948609826,34376.65622168652,5.52966315675528,91615.9746828284,57.06670115724881,0.6662925536621159,2.0150565257194457,0.1035971223021582,0.2957429706381334,1.445602800873092,1.6089131016336164,0.0923140871524811,0.2715427955213537,0.7338208842277527,0.1142438249692928,2.702413381356112,11.0,0.4714431635694677
"MATLAB 3-56 PM Wed, Nov 6, 2024 Run6 .csv",0,5.731865709321296,2282.125229200874,0.2890768565425451,1305.2708043120383,0.0012210734644295,-0.2709615163680677,-0.2827530322914182,-1.6262998312327095,0.0002333333333333,-0.0160683591894097,0.0,2.4757708867428714,102.4125793102872,20.812685871008163,0.0029902096409236,3.915561737980112e-11,0.0002075916316687,0.0002429556715714,0.9993315126543476,876.0606938040796,2.9924617276309244,1084183.660500398,8.526717513937662,0.0481983651819363,0.0739835336132592,1.0,-1.8659664554648423,0.5974053722573914,-1.4379292060904916,0.0290464153885841,0.3190926785767078,0.3470386672019959,0.0171223358430093,1.0875795356695093,5.39991583531509,2281.664878639471,0.0701756539365096,1065.940846012291,0.0008124038397505,-0.2673356789519779,-0.2796933153534928,-1.6254862496114466,0.0002333333333333,-0.0250563792881313,0.0,0.8051421070069016,75.62509723538037,19.338805239564223,0.0019882619688456,8.846113149153499e-11,0.0001270899526434,0.0001404595205153,0.999095608808936,7861.326470170711,2.7494982208376206,397326.593158777,9.87486600504306,0.0488390710997205,0.0565099983696094,1.0,-1.7069019610760572,0.9937641961357768,0.3756666167971327,0.0264250206947326,0.2919076156616211,0.3606187093257904,0.0311369282477122,1.2353864372754806,0.0,-0.4166838902111847,2,0,5.731865709321296,2282.125229200874,0.2890768565425451,1305.2708043120383,0.0012210734644295,-0.2709615163680677,-0.2827530322914182,-1.6262998312327095,0.0002333333333333,-0.0160683591894097,0.0,2.4757708867428714,102.4125793102872,20.812685871008163,0.0029902096409236,3.915561737980112e-11,0.0002075916316687,0.0002429556715714,0.9993315126543476,876.0606938040796,2.9924617276309244,1084183.660500398,8.526717513937662,0.0481983651819363,0.0739835336132592,1.0,-1.8659664554648423,0.5974053722573914,-1.4379292060904916,0.0290464153885841,0.3190926785767078,0.3470386672019959,0.0171223358430093,1.0875795356695093,5.39991583531509,2281.664878639471,0.0701756539365096,1065.940846012291,0.0008124038397505,-0.2673356789519779,-0.2796933153534928,-1.6254862496114466,0.0002333333333333,-0.0250563792881313,0.0,0.8051421070069016,75.62509723538037,19.338805239564223,0.0019882619688456,8.846113149153499e-11,0.0001270899526434,0.0001404595205153,0.999095608808936,7861.326470170711,2.7494982208376206,397326.593158777,9.87486600504306,0.0488390710997205,0.0565099983696094,1.0,-1.7069019610760572,0.9937641961357768,0.3756666167971327,0.0264250206947326,0.2919076156616211,0.3606187093257904,0.0311369282477122,1.2353864372754806,0.0,-0.4166838902111847
"MATLAB 3-57 PM Thu, Aug 29, 2024 Run4 .csv",0,5.888417958702931,2511.515145995389,0.3330369378893358,1275.403199092477,0.0035322273308199,-0.5198307103518636,-0.5324382278876492,1.8998253574197168,0.00105,-0.0174928133104153,0.0,0.6131965056246209,36.340853042865234,12.22483702145408,0.0219984345834162,2.7205272557119387e-11,0.0003321434216275,0.0004008578771151,0.9964138145201724,-945.20682382239,2.505906780719439,598881.9511235841,34.38452520534259,0.3975610634198357,0.6282533485245609,1.0,1.131264509064816,-0.9647840006935672,0.7115644579325111,0.013533136844635,0.2066569391565937,0.2220116817951202,0.0097473472069088,1.074300639026166,5.645275740600788,2138.3107571874007,0.0806913376627653,1019.8037427137908,0.0035403399505847,-0.5164519297277239,-0.5294900790688571,1.9006948765695293,0.00062,-0.0264809686720863,0.0,0.1282597525648144,38.34998575682548,11.970327735986467,0.0220489593425785,6.226463272374391e-11,0.000112248029446,6.893598413480566e-05,0.9991673170149036,8901.424122506489,2.499835046406456,391631.4089353188,47.94878498136032,0.15518321436606,0.3803775466392281,1.0,1.290453107209752,-0.5811930177358633,-1.0226360253409967,0.0291188615560532,0.2533409364954118,0.2768709397315979,0.0175697108249163,1.0928788041983584,0.0,0.5753327068259535,2,0,5.888417958702931,2511.515145995389,0.3330369378893358,1275.403199092477,0.0035322273308199,-0.5198307103518636,-0.5324382278876492,1.8998253574197168,0.00105,-0.0174928133104153,0.0,0.6131965056246209,36.340853042865234,12.22483702145408,0.0219984345834162,2.7205272557119387e-11,0.0003321434216275,0.0004008578771151,0.9964138145201724,-945.20682382239,2.505906780719439,598881.9511235841,34.38452520534259,0.3975610634198357,0.6282533485245609,1.0,1.131264509064816,-0.9647840006935672,0.7115644579325111,0.013533136844635,0.2066569391565937,0.2220116817951202,0.0097473472069088,1.074300639026166,5.645275740600788,2138.3107571874007,0.0806913376627653,1019.8037427137908,0.0035403399505847,-0.5164519297277239,-0.5294900790688571,1.9006948765695293,0.00062,-0.0264809686720863,0.0,0.1282597525648144,38.34998575682548,11.970327735986467,0.0220489593425785,6.226463272374391e-11,0.000112248029446,6.893598413480566e-05,0.9991673170149036,8901.424122506489,2.499835046406456,391631.4089353188,47.94878498136032,0.15518321436606,0.3803775466392281,1.0,1.290453107209752,-0.5811930177358633,-1.0226360253409967,0.0291188615560532,0.2533409364954118,0.2768709397315979,0.0175697108249163,1.0928788041983584,0.0,0.5753327068259535
"MATLAB 3-57 PM Thu, Oct 3, 2024 Run12 .csv",0,5.977844615663342,2465.646241209989,0.2569986121099263,1191.8290269524382,0.0021870005532135,-0.401617188033319,-0.4142234238098581,-0.7073819017159817,0.00041,-0.0189172674314208,0.0,-0.8472150339023221,96.8999082236104,19.24500932839241,0.0078146235801802,3.3001775854492636e-11,0.0001389284241414,7.905825791492844e-05,0.9971597553068572,3225.0615067455783,4.426732078535167,439850.0273954223,20.539170731464697,0.1161267783378484,0.2733310157275299,1.0,3.1284954735944743,-0.1499368229724508,-1.1995518379624217,0.0174699676036835,0.2520341660579046,0.2713296914100647,0.0115299777954948,1.0765591651876556,5.845224125503066,2954.486454215559,0.0120578765017936,1064.2404370144218,0.0024890847406613,-0.3982426070584871,-0.4110868431106507,-0.7064564450376185,0.00057,-0.0279055580560414,0.0,-0.0208869248404824,70.03846795001579,16.825699214784578,0.0088940353850654,5.2248030016638765e-11,0.0001033091466763,8.091823049923621e-06,0.9987021542951098,9667.122287085707,4.216332504091568,585492.1591937782,15.935777986671784,0.1108725824131109,0.36250038803593,1.0,3.2878081754955613,-0.779203535654891,-0.5739640696470678,0.0226125210523605,0.2714958410461744,0.2922166764736176,0.0161873822343617,1.0763210049465144,1.0,0.1626958242745382,2,0,5.977844615663342,2465.646241209989,0.2569986121099263,1191.8290269524382,0.0021870005532135,-0.401617188033319,-0.4142234238098581,-0.7073819017159817,0.00041,-0.0189172674314208,0.0,-0.8472150339023221,96.8999082236104,19.24500932839241,0.0078146235801802,3.3001775854492636e-11,0.0001389284241414,7.905825791492844e-05,0.9971597553068572,3225.0615067455783,4.426732078535167,439850.0273954223,20.539170731464697,0.1161267783378484,0.2733310157275299,1.0,3.1284954735944743,-0.1499368229724508,-1.1995518379624217,0.0174699676036835,0.2520341660579046,0.2713296914100647,0.0115299777954948,1.0765591651876556,5.845224125503066,2954.486454215559,0.0120578765017936,1064.2404370144218,0.0024890847406613,-0.3982426070584871,-0.4110868431106507,-0.7064564450376185,0.00057,-0.0279055580560414,0.0,-0.0208869248404824,70.03846795001579,16.825699214784578,0.0088940353850654,5.2248030016638765e-11,0.0001033091466763,8.091823049923621e-06,0.9987021542951098,9667.122287085707,4.216332504091568,585492.1591937782,15.935777986671784,0.1108725824131109,0.36250038803593,1.0,3.2878081754955613,-0.779203535654891,-0.5739640696470678,0.0226125210523605,0.2714958410461744,0.2922166764736176,0.0161873822343617,1.0763210049465144,1.0,0.1626958242745382
"MATLAB 3-58 PM Thu, Sep 5, 2024 Run1 .csv",0,5.535415471898961,2495.4767273814864,0.2192507212260697,1313.1803262091523,0.149547756908195,-0.1358620082861794,-0.0925586199102979,-2.4145801599650154,0.00163,-0.0203417215524264,0.1578947368421052,2.415536586990325,185.53880759978108,30.911294592524108,0.2735490703450201,1.9283717117453204e-11,0.0001876566133117,6.157950788380438e-05,0.9991120580765306,1364.4165771815692,4.077880596950688,632344.4628074013,7.312242188682422,0.0575644573277545,0.1089856915184544,1.0,2.125726438124133,-1.1699946533119605,1.022832968075753,0.0977926880121231,0.2851680338382721,0.3567107927799225,0.0691093804162576,1.2508793078196998,5.827192618641472,3037.652497793757,0.0128374374468868,1301.3573646304435,0.1494693612768647,-0.1327860714048383,-0.0898836073331907,-2.4135987657581017,0.00365,-0.0293301474399965,0.1052631578947368,0.4868277584058594,144.82194789208097,24.31907784519625,0.2735530040431275,2.7111723296555064e-11,0.0001386101773156,2.057245776253191e-05,0.998832992734488,7206.058112602192,3.514824553078505,911710.3935482216,7.354489592054563,0.0671222939199178,0.1467498812747064,1.0,3.2851632437813705,-1.5545017381207265,2.4014654630688046,0.0714110386371613,0.2719857227802276,0.3354222214221954,0.0612654425309322,1.2332346639136875,0.0,0.4685789848774197,2,0,5.535415471898961,2495.4767273814864,0.2192507212260697,1313.1803262091523,0.149547756908195,-0.1358620082861794,-0.0925586199102979,-2.4145801599650154,0.00163,-0.0203417215524264,0.1578947368421052,2.415536586990325,185.53880759978108,30.911294592524108,0.2735490703450201,1.9283717117453204e-11,0.0001876566133117,6.157950788380438e-05,0.9991120580765306,1364.4165771815692,4.077880596950688,632344.4628074013,7.312242188682422,0.0575644573277545,0.1089856915184544,1.0,2.125726438124133,-1.1699946533119605,1.022832968075753,0.0977926880121231,0.2851680338382721,0.3567107927799225,0.0691093804162576,1.2508793078196998,5.827192618641472,3037.652497793757,0.0128374374468868,1301.3573646304435,0.1494693612768647,-0.1327860714048383,-0.0898836073331907,-2.4135987657581017,0.00365,-0.0293301474399965,0.1052631578947368,0.4868277584058594,144.82194789208097,24.31907784519625,0.2735530040431275,2.7111723296555064e-11,0.0001386101773156,2.057245776253191e-05,0.998832992734488,7206.058112602192,3.514824553078505,911710.3935482216,7.354489592054563,0.0671222939199178,0.1467498812747064,1.0,3.2851632437813705,-1.5545017381207265,2.4014654630688046,0.0714110386371613,0.2719857227802276,0.3354222214221954,0.0612654425309322,1.2332346639136875,0.0,0.4685789848774197
"MATLAB 3-59 PM Tue, Sep 17, 2024 Run7 .csv",0,5.759562108671321,3068.845119935669,0.2218616680033911,976.2440134401162,0.008420461434022,-0.5980732421152101,-0.6113790110871955,7.271154336442817,0.00273,1.9768093702055625,0.0,-0.3375721113405644,14.794405340266785,9.539515876130936,0.0971871239657241,4.152161374379793e-11,7.100986109955746e-05,6.72286137040421e-05,0.9978098576001884,10077.397723515029,4.858827338735642,313825.8590788192,15.640057634242517,0.2151162741751228,0.6290806173604883,0.1636828644501279,0.1201883671834505,-0.3002095006311203,-1.1851284535287048,0.0346459740400314,0.1514755750627353,0.1845703458786011,0.0195589489446798,1.2184825560302988,5.721319274367041,3236.0722755031406,-0.049407414221514,954.01654990303,0.0079254708840933,-0.5946703905231214,-0.6091771347482272,7.272247605706831,0.00217,1.9678206737920927,0.0,0.0567562933906783,19.548217790669867,10.03935140023568,0.0914309226541097,1.0275561233186268e-10,3.321210255116851e-05,7.932971833017984e-07,0.999597110727552,30097.3751718222,4.732544207116717,462128.2311581614,20.366968312083245,0.2587183340872211,0.7853279202084069,0.059396299902629,-1.720126619647011,-0.1808601501981294,-1.5364958832059117,0.0855251905322075,0.227209814786911,0.2826987600326538,0.0417977684484301,1.244218962538142,0.0,0.123100253819189,2,0,5.759562108671321,3068.845119935669,0.2218616680033911,976.2440134401162,0.008420461434022,-0.5980732421152101,-0.6113790110871955,7.271154336442817,0.00273,1.9768093702055625,0.0,-0.3375721113405644,14.794405340266785,9.539515876130936,0.0971871239657241,4.152161374379793e-11,7.100986109955746e-05,6.72286137040421e-05,0.9978098576001884,10077.397723515029,4.858827338735642,313825.8590788192,15.640057634242517,0.2151162741751228,0.6290806173604883,0.1636828644501279,0.1201883671834505,-0.3002095006311203,-1.1851284535287048,0.0346459740400314,0.1514755750627353,0.1845703458786011,0.0195589489446798,1.2184825560302988,5.721319274367041,3236.0722755031406,-0.049407414221514,954.01654990303,0.0079254708840933,-0.5946703905231214,-0.6091771347482272,7.272247605706831,0.00217,1.9678206737920927,0.0,0.0567562933906783,19.548217790669867,10.03935140023568,0.0914309226541097,1.0275561233186268e-10,3.321210255116851e-05,7.932971833017984e-07,0.999597110727552,30097.3751718222,4.732544207116717,462128.2311581614,20.366968312083245,0.2587183340872211,0.7853279202084069,0.059396299902629,-1.720126619647011,-0.1808601501981294,-1.5364958832059117,0.0855251905322075,0.227209814786911,0.2826987600326538,0.0417977684484301,1.244218962538142,0.0,0.123100253819189
"MATLAB 3-59 PM Tue, Sep 17, 2024 Run8 .csv",0,5.734099268056526,3036.6876208490858,0.2197766766773342,945.8492760635625,0.0407420915134241,-0.493898167368538,-0.5135642069908951,0.8639090735634225,0.00268,-0.024615083915443,0.8653846153846154,-0.5479446485829624,37.90170299707249,14.340994474280054,0.2123133098004125,1.8869319217295387e-11,8.8175620118563e-05,6.311606845130972e-05,0.9976717929302384,7333.000160615431,4.466400692122456,547752.1762244378,6.731345495862187,0.0924150113070229,0.2752567773846624,1.0,-1.882580668286891,-0.4598834340687233,-0.9788708266897066,0.034731752872467,0.148586867061945,0.1775904548168182,0.0223695759125021,1.1951961726387412,5.696916110693743,3219.6116456197924,-0.0456934695282449,934.6576792574864,0.0394766272270585,-0.4867064634257044,-0.5073238987754298,0.7650572802574684,0.00117,-0.0336039155918617,0.8627450980392157,0.284634189530589,46.26431848468748,14.946119281679623,0.2016892007459186,4.7294083381551886e-11,5.362986413470074e-05,1.0456096006864163e-06,0.9995716434559436,18638.340029080544,4.079924987204173,888135.0689054359,8.760927947830554,0.1111825618768486,0.3391790602137865,1.0,-1.722771551361202,-0.1312334079369611,-1.6028151597131337,0.0892485380172729,0.230171990885454,0.2844830882549286,0.0428258519239004,1.2359587591893515,0.0,0.2936671861169429,2,0,5.734099268056526,3036.6876208490858,0.2197766766773342,945.8492760635625,0.0407420915134241,-0.493898167368538,-0.5135642069908951,0.8639090735634225,0.00268,-0.024615083915443,0.8653846153846154,-0.5479446485829624,37.90170299707249,14.340994474280054,0.2123133098004125,1.8869319217295387e-11,8.8175620118563e-05,6.311606845130972e-05,0.9976717929302384,7333.000160615431,4.466400692122456,547752.1762244378,6.731345495862187,0.0924150113070229,0.2752567773846624,1.0,-1.882580668286891,-0.4598834340687233,-0.9788708266897066,0.034731752872467,0.148586867061945,0.1775904548168182,0.0223695759125021,1.1951961726387412,5.696916110693743,3219.6116456197924,-0.0456934695282449,934.6576792574864,0.0394766272270585,-0.4867064634257044,-0.5073238987754298,0.7650572802574684,0.00117,-0.0336039155918617,0.8627450980392157,0.284634189530589,46.26431848468748,14.946119281679623,0.2016892007459186,4.7294083381551886e-11,5.362986413470074e-05,1.0456096006864163e-06,0.9995716434559436,18638.340029080544,4.079924987204173,888135.0689054359,8.760927947830554,0.1111825618768486,0.3391790602137865,1.0,-1.722771551361202,-0.1312334079369611,-1.6028151597131337,0.0892485380172729,0.230171990885454,0.2844830882549286,0.0428258519239004,1.2359587591893515,0.0,0.2936671861169429
"MATLAB 4-00 PM Mon, Aug 26, 2024 Run5 .csv",0,5.745862912542867,2312.765780837617,0.328775317290544,1291.05186393358,0.0380479376331476,-0.5932904913060918,-0.610199402723762,6.356782822407709,0.00788,1.973960461963552,0.2990654205607476,0.5820003049107297,25.516510191079583,14.934151478113485,0.4065688212144971,8.317745759544509e-11,0.000428130717252,0.0005102439872742,0.9979376233048394,-1657.9692145965942,4.070135411300093,573852.7370653994,62.33267420992907,0.7586734795688601,0.96857395023669,0.1446540880503144,-0.8853497037572327,0.5790113056277064,-0.8228868664825928,0.1245826703310013,0.1966522654528929,0.3866389310359955,0.0744799378674652,1.9661046372670083,5.587916820018042,1910.399059790892,0.0854152658998632,1008.2263745713316,0.0343984535846446,-0.591669927444191,-0.6068706626256741,6.5579899669258594,0.00848,1.9649714950241832,0.2018348623853211,0.8742895841828332,22.965861434314448,14.325209108830462,0.3745068439313311,9.038561777342948e-11,0.0001470502289003,0.0001308472014835,0.9996568190264152,6798.063671859979,3.9607542440995247,297964.8984850188,83.2112466542906,0.2514319777521115,0.347233344719469,0.0920502092050209,0.2745835169246073,0.5923961208090492,-0.8373687178342308,0.1162190735340118,0.2016325199166569,0.3913423097133637,0.0681748375783441,1.940869011978433,4.0,0.0708134634249288,2,0,5.745862912542867,2312.765780837617,0.328775317290544,1291.05186393358,0.0380479376331476,-0.5932904913060918,-0.610199402723762,6.356782822407709,0.00788,1.973960461963552,0.2990654205607476,0.5820003049107297,25.516510191079583,14.934151478113485,0.4065688212144971,8.317745759544509e-11,0.000428130717252,0.0005102439872742,0.9979376233048394,-1657.9692145965942,4.070135411300093,573852.7370653994,62.33267420992907,0.7586734795688601,0.96857395023669,0.1446540880503144,-0.8853497037572327,0.5790113056277064,-0.8228868664825928,0.1245826703310013,0.1966522654528929,0.3866389310359955,0.0744799378674652,1.9661046372670083,5.587916820018042,1910.399059790892,0.0854152658998632,1008.2263745713316,0.0343984535846446,-0.591669927444191,-0.6068706626256741,6.5579899669258594,0.00848,1.9649714950241832,0.2018348623853211,0.8742895841828332,22.965861434314448,14.325209108830462,0.3745068439313311,9.038561777342948e-11,0.0001470502289003,0.0001308472014835,0.9996568190264152,6798.063671859979,3.9607542440995247,297964.8984850188,83.2112466542906,0.2514319777521115,0.347233344719469,0.0920502092050209,0.2745835169246073,0.5923961208090492,-0.8373687178342308,0.1162190735340118,0.2016325199166569,0.3913423097133637,0.0681748375783441,1.940869011978433,4.0,0.0708134634249288
"MATLAB 4-00 PM Wed, Nov 6, 2024 Run7 .csv",0,5.70386565862132,2261.912987785688,0.287212270683318,1305.59587660886,0.0026348624233709,-0.0993527750734173,-0.1118845989822505,-2.550469442394627,0.00016,-0.0274639921574542,0.0,3.057240647564914,153.25072910179338,25.048064180108053,0.0044764906994627,6.960001871515171e-11,0.0002010771836299,0.0002319686723619,0.9992536009336912,973.3270590712882,3.1339558509369247,1162652.3001258017,12.823270563061737,0.0695872628682679,0.1123076497650638,1.0,-0.8881187392275738,0.7893693053788605,-0.7801453232639721,0.0163487386703491,0.371076801750395,0.4043003749847412,0.0190715479258829,1.0895328758834513,5.389940012594673,2297.3979324139364,0.069641748208592,1043.4754847556485,0.0028323742226897,-0.0963658919941145,-0.1094174270036636,-2.5492083605449625,0.00016,-0.0364530943597718,0.0,0.8809690070128746,107.10299675370914,21.54316214498132,0.0048150181265175,1.3859804454461083e-10,0.0001609696575804,0.0001247517996613,0.9988744690055326,6205.358724245674,2.997009725108934,597785.3131150897,14.11734756001421,0.0723440435186068,0.0869688511347004,1.0,-0.7280614147895834,0.1606408355830912,-1.6954503264969791,0.0837541949748992,0.3354552050431569,0.3878803145885467,0.0390297718436913,1.1562805070758857,0.0,0.4841982573078583,2,0,5.70386565862132,2261.912987785688,0.287212270683318,1305.59587660886,0.0026348624233709,-0.0993527750734173,-0.1118845989822505,-2.550469442394627,0.00016,-0.0274639921574542,0.0,3.057240647564914,153.25072910179338,25.048064180108053,0.0044764906994627,6.960001871515171e-11,0.0002010771836299,0.0002319686723619,0.9992536009336912,973.3270590712882,3.1339558509369247,1162652.3001258017,12.823270563061737,0.0695872628682679,0.1123076497650638,1.0,-0.8881187392275738,0.7893693053788605,-0.7801453232639721,0.0163487386703491,0.371076801750395,0.4043003749847412,0.0190715479258829,1.0895328758834513,5.389940012594673,2297.3979324139364,0.069641748208592,1043.4754847556485,0.0028323742226897,-0.0963658919941145,-0.1094174270036636,-2.5492083605449625,0.00016,-0.0364530943597718,0.0,0.8809690070128746,107.10299675370914,21.54316214498132,0.0048150181265175,1.3859804454461083e-10,0.0001609696575804,0.0001247517996613,0.9988744690055326,6205.358724245674,2.997009725108934,597785.3131150897,14.11734756001421,0.0723440435186068,0.0869688511347004,1.0,-0.7280614147895834,0.1606408355830912,-1.6954503264969791,0.0837541949748992,0.3354552050431569,0.3878803145885467,0.0390297718436913,1.1562805070758857,0.0,0.4841982573078583
"MATLAB 4-01 PM Thu, Oct 17, 2024 Run11 .csv",0,4.889458573882263,2102.007311070673,0.2056983355876835,1170.1628537283812,0.0101856241139947,-0.6269463247826977,-0.6448197943278149,11.645513953023668,0.0036,1.97111155372154,0.0,0.4415017408446878,2.644598722964288,4.918095441563636,0.1640574525106529,4.983234824376438e-12,7.283821909080042e-05,0.0002614993595546,0.9994667868341812,9718.271698058452,4.51811160003938,12117.74342086086,2.929009718256125,0.018115883265869,0.0226447063823371,0.25,-1.890887774697916,-1.9117301049316704,2.277471907494875,0.0039310479164123,0.1212049280107021,0.1265530133247375,0.0067438628915113,1.0441243223506818,5.770145014938655,2326.4527818870333,0.1174534075283706,1075.1466356507076,0.013187099435752,-0.619629712785112,-0.6419641904691866,11.646830972401885,0.0022,1.962122316256273,0.0,0.5643866192263788,3.2974429646435475,5.439971680843038,0.1996316957872929,2.0500953812121778e-12,0.0001756219267835,0.0003012787747281,0.9984718937650804,5685.348703614277,5.495900498582075,11495.93456638799,2.0761016423763747,0.0147201982898667,0.0170737791429713,0.2,-1.730706346503774,0.2102867458754672,-1.2843469258147595,0.0123421925306319,0.1048675943911075,0.1174559593200683,0.0086849842228247,1.120040561643972,0.0,-0.5386699810842746,2,0,4.889458573882263,2102.007311070673,0.2056983355876835,1170.1628537283812,0.0101856241139947,-0.6269463247826977,-0.6448197943278149,11.645513953023668,0.0036,1.97111155372154,0.0,0.4415017408446878,2.644598722964288,4.918095441563636,0.1640574525106529,4.983234824376438e-12,7.283821909080042e-05,0.0002614993595546,0.9994667868341812,9718.271698058452,4.51811160003938,12117.74342086086,2.929009718256125,0.018115883265869,0.0226447063823371,0.25,-1.890887774697916,-1.9117301049316704,2.277471907494875,0.0039310479164123,0.1212049280107021,0.1265530133247375,0.0067438628915113,1.0441243223506818,5.770145014938655,2326.4527818870333,0.1174534075283706,1075.1466356507076,0.013187099435752,-0.619629712785112,-0.6419641904691866,11.646830972401885,0.0022,1.962122316256273,0.0,0.5643866192263788,3.2974429646435475,5.439971680843038,0.1996316957872929,2.0500953812121778e-12,0.0001756219267835,0.0003012787747281,0.9984718937650804,5685.348703614277,5.495900498582075,11495.93456638799,2.0761016423763747,0.0147201982898667,0.0170737791429713,0.2,-1.730706346503774,0.2102867458754672,-1.2843469258147595,0.0123421925306319,0.1048675943911075,0.1174559593200683,0.0086849842228247,1.120040561643972,0.0,-0.5386699810842746
"MATLAB 4-02 PM Wed, Nov 6, 2024 Run8 .csv",0,5.748403284889405,2243.902646117,0.3417783029827319,1317.7252108358232,0.004282410506731,-0.1152817449175203,-0.1289401864224261,-2.6220404628331604,0.0002,-0.0317373545204708,0.0,3.0137892478090804,152.56627622827347,24.894152784825817,0.0074359175195277,6.158271271561805e-11,0.0046860996153815,0.0004586422418994,0.994428967627998,-3805.8323597633935,3.0890324309624884,1007795.310421966,52.20776488454334,1.3271743946358396,5.795230974115476,1.0,6.103574154361402,0.6154843247630475,0.1614303478123551,0.0115207076072692,0.3715675580501556,0.4021632933616638,0.0121803828074035,1.0823423214665535,5.390014247715946,2281.276716649064,0.1160690434642714,1046.4389304141705,0.0042162931569018,-0.1118949607865055,-0.1260077188016695,-2.6206115683978464,0.00018,-0.0407268625116368,0.0,0.9849879381159452,109.3159081901313,23.232684440657696,0.0073204767222909,1.2414531546991187e-10,0.0014414443891717,0.000210619212586,0.9973159143095044,691.88650065271,2.88776170381086,591462.264051802,57.95807906224311,0.7712351358554002,1.9172503147834887,1.0,5.264003790067845,-0.0141137697971103,-1.7034693663893907,0.0975456321239471,0.3518704433441162,0.4150648152828217,0.0479428156582485,1.1795955674427123,0.0,-0.1816327417036783,2,0,5.748403284889405,2243.902646117,0.3417783029827319,1317.7252108358232,0.004282410506731,-0.1152817449175203,-0.1289401864224261,-2.6220404628331604,0.0002,-0.0317373545204708,0.0,3.0137892478090804,152.56627622827347,24.894152784825817,0.0074359175195277,6.158271271561805e-11,0.0046860996153815,0.0004586422418994,0.994428967627998,-3805.8323597633935,3.0890324309624884,1007795.310421966,52.20776488454334,1.3271743946358396,5.795230974115476,1.0,6.103574154361402,0.6154843247630475,0.1614303478123551,0.0115207076072692,0.3715675580501556,0.4021632933616638,0.0121803828074035,1.0823423214665535,5.390014247715946,2281.276716649064,0.1160690434642714,1046.4389304141705,0.0042162931569018,-0.1118949607865055,-0.1260077188016695,-2.6206115683978464,0.00018,-0.0407268625116368,0.0,0.9849879381159452,109.3159081901313,23.232684440657696,0.0073204767222909,1.2414531546991187e-10,0.0014414443891717,0.000210619212586,0.9973159143095044,691.88650065271,2.88776170381086,591462.264051802,57.95807906224311,0.7712351358554002,1.9172503147834887,1.0,5.264003790067845,-0.0141137697971103,-1.7034693663893907,0.0975456321239471,0.3518704433441162,0.4150648152828217,0.0479428156582485,1.1795955674427123,0.0,-0.1816327417036783
"MATLAB 4-05 PM Thu, Oct 3, 2024 Run13 .csv",0,5.936164186863349,2449.517339975665,0.2428179293183001,1178.8700317452583,0.0019047838523214,-0.3418455257404174,-0.3567105778522055,-1.486382724722053,0.00032,-0.034586262762482,0.0,-0.633798963818113,117.4504915954631,21.36591670560352,0.0054189601723419,2.958282411614737e-11,0.0001344653474887,6.605485650090354e-05,0.9973809698602067,3384.765641042476,4.279616196635246,452851.631648428,16.611477327243733,0.0901340946293508,0.2207904154558827,1.0,0.0980360834207192,-0.0015299805465212,-1.0428069913876945,0.0195974111557006,0.2607769563280303,0.2776201391220093,0.0111488691122681,1.06458846299591,5.812494773885701,2993.55125230204,0.0028999099409537,1048.7663063192122,0.0023595523379088,-0.3387171409077968,-0.3540012464739827,-1.4848419552296388,0.00045,-0.0435760412795469,0.0,-0.1025782770700294,88.94681203295207,18.84361205343118,0.0067165623463555,4.409123645584574e-11,0.000106417442369,8.253981768173415e-06,0.998704120461272,9384.778455749229,3.993804837887328,645183.5262491938,12.3847122589852,0.0916439910844199,0.2960499355899448,1.0,0.2587139266394631,-0.0754073661233079,-0.9375819708083464,0.0202097499370574,0.2681360334774543,0.2903584563732148,0.013658812728023,1.0828774208656629,1.0,0.6389488688039773,2,0,5.936164186863349,2449.517339975665,0.2428179293183001,1178.8700317452583,0.0019047838523214,-0.3418455257404174,-0.3567105778522055,-1.486382724722053,0.00032,-0.034586262762482,0.0,-0.633798963818113,117.4504915954631,21.36591670560352,0.0054189601723419,2.958282411614737e-11,0.0001344653474887,6.605485650090354e-05,0.9973809698602067,3384.765641042476,4.279616196635246,452851.631648428,16.611477327243733,0.0901340946293508,0.2207904154558827,1.0,0.0980360834207192,-0.0015299805465212,-1.0428069913876945,0.0195974111557006,0.2607769563280303,0.2776201391220093,0.0111488691122681,1.06458846299591,5.812494773885701,2993.55125230204,0.0028999099409537,1048.7663063192122,0.0023595523379088,-0.3387171409077968,-0.3540012464739827,-1.4848419552296388,0.00045,-0.0435760412795469,0.0,-0.1025782770700294,88.94681203295207,18.84361205343118,0.0067165623463555,4.409123645584574e-11,0.000106417442369,8.253981768173415e-06,0.998704120461272,9384.778455749229,3.993804837887328,645183.5262491938,12.3847122589852,0.0916439910844199,0.2960499355899448,1.0,0.2587139266394631,-0.0754073661233079,-0.9375819708083464,0.0202097499370574,0.2681360334774543,0.2903584563732148,0.013658812728023,1.0828774208656629,1.0,0.6389488688039773
"MATLAB 4-05 PM Wed, Nov 6, 2024 Run9 .csv",0,5.699452281466664,2243.060443073694,0.287264198255302,1314.339556613441,0.025739361319332,0.8664549706331899,0.8607542252493736,-3.693585983463678,6e-05,-0.0360107168834875,0.0,4.787784154460059,390.4301480916298,38.135991238438095,0.0164902531742332,3.800678783569625e-11,0.0002671752316078,0.0002162897659317,0.9989541196907168,-300.95826219036053,3.364531425003513,917959.1477863408,11.87222193849911,0.0584978201259814,0.1048690371423785,1.0,3.0952670479503777,0.5127948696958784,-0.1735592448749914,0.0067746001482009,0.3967467892169952,0.4162862801551819,0.0101787949987646,1.0492492730104988,5.388217522175104,2291.146029127362,0.0692979075236941,1039.4485353393993,0.0254890172217877,0.8694958224832448,0.8630019885088263,-3.6919892764427145,6e-05,-0.0450006306635017,0.0,2.1450265319367467,269.7748047589145,35.92103567472777,0.0163328317597987,6.730383996658752e-11,0.0002092903990295,0.0001007402459632,0.9981735188125332,4769.32302408935,3.349044109372004,635802.4701499807,12.875227354969883,0.060689064304246,0.08171656063051,1.0,1.2560689949252724,-1.7193925717867993,1.3959925837226803,0.0245947510004044,0.4087093794345856,0.4352218770980835,0.0400343076844927,1.0648688261086048,0.0,-0.1657790066125867,2,0,5.699452281466664,2243.060443073694,0.287264198255302,1314.339556613441,0.025739361319332,0.8664549706331899,0.8607542252493736,-3.693585983463678,6e-05,-0.0360107168834875,0.0,4.787784154460059,390.4301480916298,38.135991238438095,0.0164902531742332,3.800678783569625e-11,0.0002671752316078,0.0002162897659317,0.9989541196907168,-300.95826219036053,3.364531425003513,917959.1477863408,11.87222193849911,0.0584978201259814,0.1048690371423785,1.0,3.0952670479503777,0.5127948696958784,-0.1735592448749914,0.0067746001482009,0.3967467892169952,0.4162862801551819,0.0101787949987646,1.0492492730104988,5.388217522175104,2291.146029127362,0.0692979075236941,1039.4485353393993,0.0254890172217877,0.8694958224832448,0.8630019885088263,-3.6919892764427145,6e-05,-0.0450006306635017,0.0,2.1450265319367467,269.7748047589145,35.92103567472777,0.0163328317597987,6.730383996658752e-11,0.0002092903990295,0.0001007402459632,0.9981735188125332,4769.32302408935,3.349044109372004,635802.4701499807,12.875227354969883,0.060689064304246,0.08171656063051,1.0,1.2560689949252724,-1.7193925717867993,1.3959925837226803,0.0245947510004044,0.4087093794345856,0.4352218770980835,0.0400343076844927,1.0648688261086048,0.0,-0.1657790066125867
"MATLAB 4-07 PM Mon, Aug 26, 2024 Run6 .csv",0,5.661844772615451,2245.780803041277,0.3366733948249664,1282.9843309385042,0.0352430632271244,-0.6149807965830764,-0.6361309692403355,7.999349771488742,0.02081,1.9625648289955069,0.1854838709677419,0.5131729079829459,16.510539715513346,12.812094938275518,0.4376561647659078,5.551922426760497e-10,0.0004717314102526,0.0005523932397785,0.997838127853276,-1931.9264111365533,4.703192297327488,389638.3428662367,148.83147486226767,1.995651375538516,2.533708917376557,0.0796178343949044,-0.9075019875199636,0.0973465871263455,0.6479823940336962,0.0867233633995056,0.2764847277152922,0.5196533071994782,0.0816797200911456,1.8795009456529068,5.676880131851609,1952.5954360006056,0.0993348299471768,995.0102935786588,0.0362081082408701,-0.6100892932114955,-0.6318447741023046,7.801000415841219,0.0209,1.9535747799525431,0.0737704918032786,0.666298537798547,15.483100765592482,13.213163699673478,0.4410333404829242,4.700479445743315e-10,0.0001336155161741,0.0001260157996551,0.9996654044752492,7481.656570279504,4.514404150208305,220824.6343114336,183.727069494013,0.6176620702927066,0.8829682934358539,0.0641821946169772,-0.7465759367889184,0.177300902261696,1.7164405086551326,0.0812426742911338,0.293526595664806,0.5656191956996919,0.066011803947119,1.9269776710305435,5.0,0.0490141958134278,2,0,5.661844772615451,2245.780803041277,0.3366733948249664,1282.9843309385042,0.0352430632271244,-0.6149807965830764,-0.6361309692403355,7.999349771488742,0.02081,1.9625648289955069,0.1854838709677419,0.5131729079829459,16.510539715513346,12.812094938275518,0.4376561647659078,5.551922426760497e-10,0.0004717314102526,0.0005523932397785,0.997838127853276,-1931.9264111365533,4.703192297327488,389638.3428662367,148.83147486226767,1.995651375538516,2.533708917376557,0.0796178343949044,-0.9075019875199636,0.0973465871263455,0.6479823940336962,0.0867233633995056,0.2764847277152922,0.5196533071994782,0.0816797200911456,1.8795009456529068,5.676880131851609,1952.5954360006056,0.0993348299471768,995.0102935786588,0.0362081082408701,-0.6100892932114955,-0.6318447741023046,7.801000415841219,0.0209,1.9535747799525431,0.0737704918032786,0.666298537798547,15.483100765592482,13.213163699673478,0.4410333404829242,4.700479445743315e-10,0.0001336155161741,0.0001260157996551,0.9996654044752492,7481.656570279504,4.514404150208305,220824.6343114336,183.727069494013,0.6176620702927066,0.8829682934358539,0.0641821946169772,-0.7465759367889184,0.177300902261696,1.7164405086551326,0.0812426742911338,0.293526595664806,0.5656191956996919,0.066011803947119,1.9269776710305435,5.0,0.0490141958134278
"MATLAB 4-09 PM Mon, Aug 26, 2024 Run7 .csv",0,5.808206252222579,2303.231895917116,0.3499939693617697,1301.105015164797,0.0279417668192632,-0.6226675566353529,-0.6447865566847668,8.777814002554223,0.02403,1.9582914666324904,0.0757575757575757,0.3588128838216967,13.133664683396924,14.770045179927408,0.3672785471457038,3.1172988623982403e-10,0.0004247140084406,0.0005372319677542,0.9978152979521396,-1719.6772681139378,4.782946616147309,366947.0774049765,164.84438549460688,2.1006717325305213,2.563452788924556,0.0430906389301634,0.0841909060690122,0.8118818086983731,5.842337050219772,0.0711133828759193,0.2624498931566874,0.6278965556621552,0.0678238065608308,2.3924435560249564,5.769217945168244,1985.6686170301832,0.1074227102691202,1027.7639585433317,0.0277082924007492,-0.6198387902202047,-0.6412850659065082,8.879635459787906,0.02115,1.949301011800678,0.0526315789473684,0.518933005237729,12.720446177383817,13.61863339292633,0.366515477361325,3.666901411757001e-10,0.0001394760127324,0.000116839164186,0.9996629629271389,7167.275170424479,4.7051394317094255,231910.1577922569,209.0201057499834,0.669700731245161,1.0080127758417003,0.0513100436681222,0.2454892680685094,0.4850650602682166,5.307804297410128,0.0571788203716278,0.2760756563512903,0.6157731473445893,0.0645559048894658,2.230450723120092,5.0,0.0779502361895017,2,0,5.808206252222579,2303.231895917116,0.3499939693617697,1301.105015164797,0.0279417668192632,-0.6226675566353529,-0.6447865566847668,8.777814002554223,0.02403,1.9582914666324904,0.0757575757575757,0.3588128838216967,13.133664683396924,14.770045179927408,0.3672785471457038,3.1172988623982403e-10,0.0004247140084406,0.0005372319677542,0.9978152979521396,-1719.6772681139378,4.782946616147309,366947.0774049765,164.84438549460688,2.1006717325305213,2.563452788924556,0.0430906389301634,0.0841909060690122,0.8118818086983731,5.842337050219772,0.0711133828759193,0.2624498931566874,0.6278965556621552,0.0678238065608308,2.3924435560249564,5.769217945168244,1985.6686170301832,0.1074227102691202,1027.7639585433317,0.0277082924007492,-0.6198387902202047,-0.6412850659065082,8.879635459787906,0.02115,1.949301011800678,0.0526315789473684,0.518933005237729,12.720446177383817,13.61863339292633,0.366515477361325,3.666901411757001e-10,0.0001394760127324,0.000116839164186,0.9996629629271389,7167.275170424479,4.7051394317094255,231910.1577922569,209.0201057499834,0.669700731245161,1.0080127758417003,0.0513100436681222,0.2454892680685094,0.4850650602682166,5.307804297410128,0.0571788203716278,0.2760756563512903,0.6157731473445893,0.0645559048894658,2.230450723120092,5.0,0.0779502361895017
"MATLAB 4-09 PM Thu, Oct 3, 2024 Run14 .csv",0,5.928660944600166,2457.0349291533607,0.2405512421747947,1181.8159569560248,0.001304184035079,-0.3189766839615787,-0.3348717527771505,-1.8294732644629408,0.00026,-0.0431329874885153,0.0,-0.6315336399621011,136.20271588093647,22.479487440125705,0.0034244213865721,3.082439726224705e-11,0.0001355732619666,6.363068953596874e-05,0.9969725155483292,3277.407474470817,4.140089076112798,396029.882766113,14.45684197709371,0.0775952347801508,0.1916570845811583,1.0,4.081421870598671,0.0184179983308547,-1.2317644397279923,0.0239409685134887,0.2613766531302378,0.2829551327228546,0.0146615325257014,1.08255702770004,5.785949142869651,3012.504466853812,-0.0029061733418422,1041.2000245411027,0.0023757306223967,-0.3156734970249846,-0.3319318301163394,-1.8275968697992264,0.00038,-0.0521235775832771,0.0,-0.1101358161723171,98.1236869715749,19.769285965043387,0.0062380021018861,4.537605373453712e-11,0.0001022480121033,8.292860471069497e-06,0.9985472098723605,9765.93274852858,3.772704369233351,612889.0173263563,10.690389369453923,0.0815834808438089,0.2604261097330466,1.0,4.242844336354319,-0.3342754702607866,-0.327226838325438,0.0128218472003936,0.2666193189529272,0.2867351841926575,0.0114358256149311,1.0754478907182332,2.0,0.6333643839383077,2,0,5.928660944600166,2457.0349291533607,0.2405512421747947,1181.8159569560248,0.001304184035079,-0.3189766839615787,-0.3348717527771505,-1.8294732644629408,0.00026,-0.0431329874885153,0.0,-0.6315336399621011,136.20271588093647,22.479487440125705,0.0034244213865721,3.082439726224705e-11,0.0001355732619666,6.363068953596874e-05,0.9969725155483292,3277.407474470817,4.140089076112798,396029.882766113,14.45684197709371,0.0775952347801508,0.1916570845811583,1.0,4.081421870598671,0.0184179983308547,-1.2317644397279923,0.0239409685134887,0.2613766531302378,0.2829551327228546,0.0146615325257014,1.08255702770004,5.785949142869651,3012.504466853812,-0.0029061733418422,1041.2000245411027,0.0023757306223967,-0.3156734970249846,-0.3319318301163394,-1.8275968697992264,0.00038,-0.0521235775832771,0.0,-0.1101358161723171,98.1236869715749,19.769285965043387,0.0062380021018861,4.537605373453712e-11,0.0001022480121033,8.292860471069497e-06,0.9985472098723605,9765.93274852858,3.772704369233351,612889.0173263563,10.690389369453923,0.0815834808438089,0.2604261097330466,1.0,4.242844336354319,-0.3342754702607866,-0.327226838325438,0.0128218472003936,0.2666193189529272,0.2867351841926575,0.0114358256149311,1.0754478907182332,2.0,0.6333643839383077
"MATLAB 4-12 PM Thu, Oct 3, 2024 Run15 .csv",0,5.901425883842765,2422.304794223959,0.2421768792088207,1167.6909440910113,0.1749287461434397,0.1618880842116148,0.2168022676466832,-3.265393548713308,0.00023,-0.0502552580935429,0.0833333333333333,0.3599605057877812,285.22575000421307,32.86920555921447,0.2017378760437717,1.1873122523395369e-11,0.000180104394803,6.276976047377359e-05,0.9981157927273948,1429.0847081947795,4.361613049206989,392968.6339594579,6.252215069500287,0.0320968385993696,0.0800520411572184,1.0,0.0675766932469636,-0.6048750441882176,-0.5807010867973807,0.0274670568108559,0.2556682007511456,0.2762714517116547,0.0173154939244205,1.0805858957037962,5.811332703154451,3034.8465244234053,0.007233473886426,1044.0411969671827,0.1748305643398202,0.16517027290167,0.214284349710925,-3.263237466406843,0.0002,-0.0592465245030524,0.0833333333333333,0.2749695396160574,211.37787046593905,28.53362172123867,0.20162464714935,1.652054846639578e-11,0.0002113277596393,9.017926838658216e-06,0.9983898819932376,4724.366944016186,3.772516991666453,588907.7572031579,4.354396567055149,0.0345765498413511,0.1083806737227083,1.0,0.229619677783365,-0.8259148978634333,0.2943661316461594,0.0161929231882094,0.2637474744518598,0.2802243459224701,0.0127486531982268,1.0624721488039033,1.0,0.5491336277485138,2,0,5.901425883842765,2422.304794223959,0.2421768792088207,1167.6909440910113,0.1749287461434397,0.1618880842116148,0.2168022676466832,-3.265393548713308,0.00023,-0.0502552580935429,0.0833333333333333,0.3599605057877812,285.22575000421307,32.86920555921447,0.2017378760437717,1.1873122523395369e-11,0.000180104394803,6.276976047377359e-05,0.9981157927273948,1429.0847081947795,4.361613049206989,392968.6339594579,6.252215069500287,0.0320968385993696,0.0800520411572184,1.0,0.0675766932469636,-0.6048750441882176,-0.5807010867973807,0.0274670568108559,0.2556682007511456,0.2762714517116547,0.0173154939244205,1.0805858957037962,5.811332703154451,3034.8465244234053,0.007233473886426,1044.0411969671827,0.1748305643398202,0.16517027290167,0.214284349710925,-3.263237466406843,0.0002,-0.0592465245030524,0.0833333333333333,0.2749695396160574,211.37787046593905,28.53362172123867,0.20162464714935,1.652054846639578e-11,0.0002113277596393,9.017926838658216e-06,0.9983898819932376,4724.366944016186,3.772516991666453,588907.7572031579,4.354396567055149,0.0345765498413511,0.1083806737227083,1.0,0.229619677783365,-0.8259148978634333,0.2943661316461594,0.0161929231882094,0.2637474744518598,0.2802243459224701,0.0127486531982268,1.0624721488039033,1.0,0.5491336277485138
"MATLAB 4-12 PM Wed, Nov 6, 2024 Run10 .csv",0,5.352532784861616,2167.140691822958,0.2068891752723167,1357.3507624179306,0.0012147110315421,-0.6261438188492764,-0.6432829274083363,8.02753820584504,0.00168,1.9483202877854515,0.0,0.2125778899795244,11.99539814062063,8.289304531508915,0.0151542515689632,4.1016891844573655e-11,0.0001484112249855,8.32955052732244e-05,0.9991715324049788,2612.375332304144,3.9098514136630698,445822.5340976298,72.49435048813474,0.185513426129736,0.4228764396798727,0.3351063829787234,-0.9351923422233774,0.412741865694507,-1.0079418165284422,0.0263459885120392,0.178477486333847,0.2070411872863769,0.0147919063893883,1.1600409191056211,5.131193596292883,2167.9599017528594,0.0074550136193156,1139.4805721372868,0.0032680328950137,-0.6228658298085302,-0.6404124134688111,8.029750225680054,0.00362,1.9393288861129925,0.0,0.0676692435554326,7.269616683165445,6.6112085419090825,0.0407706782442003,5.994793570558152e-11,0.0001878564436582,4.334203554363263e-05,0.998912595885614,5317.425244686329,3.56581743482044,533213.7600678353,77.78223215026904,0.2161546934483358,0.3285158310968133,0.3333333333333333,-1.7730252539308258,-0.086733093000606,-0.5643805863725517,0.0195864880084991,0.144695394449234,0.1695837879180908,0.0126226324134577,1.1720054294996158,0.0,-0.5236314509528438,2,0,5.352532784861616,2167.140691822958,0.2068891752723167,1357.3507624179306,0.0012147110315421,-0.6261438188492764,-0.6432829274083363,8.02753820584504,0.00168,1.9483202877854515,0.0,0.2125778899795244,11.99539814062063,8.289304531508915,0.0151542515689632,4.1016891844573655e-11,0.0001484112249855,8.32955052732244e-05,0.9991715324049788,2612.375332304144,3.9098514136630698,445822.5340976298,72.49435048813474,0.185513426129736,0.4228764396798727,0.3351063829787234,-0.9351923422233774,0.412741865694507,-1.0079418165284422,0.0263459885120392,0.178477486333847,0.2070411872863769,0.0147919063893883,1.1600409191056211,5.131193596292883,2167.9599017528594,0.0074550136193156,1139.4805721372868,0.0032680328950137,-0.6228658298085302,-0.6404124134688111,8.029750225680054,0.00362,1.9393288861129925,0.0,0.0676692435554326,7.269616683165445,6.6112085419090825,0.0407706782442003,5.994793570558152e-11,0.0001878564436582,4.334203554363263e-05,0.998912595885614,5317.425244686329,3.56581743482044,533213.7600678353,77.78223215026904,0.2161546934483358,0.3285158310968133,0.3333333333333333,-1.7730252539308258,-0.086733093000606,-0.5643805863725517,0.0195864880084991,0.144695394449234,0.1695837879180908,0.0126226324134577,1.1720054294996158,0.0,-0.5236314509528438
"MATLAB 4-12 PM Wed, Nov 6, 2024 Run11 .csv",0,5.373038288646844,2191.25075008597,0.20915273845958,1359.4735665483113,0.0012704985886689,-0.6253295349250381,-0.6426681232267057,8.521532078488217,0.0013,1.946895833664446,0.0,0.1966509476472671,12.046175311349478,7.677931745943467,0.0154844435075521,3.891511339051964e-11,0.0001306252170412,8.920110504292381e-05,0.9992372926074224,3522.285209797383,3.9537381892389742,448617.7736699437,6.95550747491003,0.0198444957603757,0.041348673326304,0.2413793103448276,-1.937961377693719,-0.0704825149670537,-1.2235569962410522,0.019346821308136,0.1775760224232307,0.1940542078018188,0.0116306964183604,1.0927951034927137,5.2088462321021165,2202.1896340294084,0.0151618173411804,1132.859946896718,0.0032125945699091,-0.6221974122001411,-0.6400091774069364,8.523800035851782,0.0027,1.9379042967290367,0.0,-0.0598160677604493,7.703092314738331,6.289883513317606,0.0392218281341608,5.5047212505177055e-11,0.0002044918670007,4.743215635029604e-05,0.9989511900617978,4885.041174074158,3.5826081487231365,573824.9158945018,7.134222674300782,0.0216869245695987,0.0320885477022449,0.2413793103448276,-1.7756701856450166,0.1022356336970594,-0.6461517885020487,0.0113915574550627,0.1380085774568411,0.1553213703632354,0.009643342436097,1.1254472238278703,0.0,-0.8138468783514342,2,0,5.373038288646844,2191.25075008597,0.20915273845958,1359.4735665483113,0.0012704985886689,-0.6253295349250381,-0.6426681232267057,8.521532078488217,0.0013,1.946895833664446,0.0,0.1966509476472671,12.046175311349478,7.677931745943467,0.0154844435075521,3.891511339051964e-11,0.0001306252170412,8.920110504292381e-05,0.9992372926074224,3522.285209797383,3.9537381892389742,448617.7736699437,6.95550747491003,0.0198444957603757,0.041348673326304,0.2413793103448276,-1.937961377693719,-0.0704825149670537,-1.2235569962410522,0.019346821308136,0.1775760224232307,0.1940542078018188,0.0116306964183604,1.0927951034927137,5.2088462321021165,2202.1896340294084,0.0151618173411804,1132.859946896718,0.0032125945699091,-0.6221974122001411,-0.6400091774069364,8.523800035851782,0.0027,1.9379042967290367,0.0,-0.0598160677604493,7.703092314738331,6.289883513317606,0.0392218281341608,5.5047212505177055e-11,0.0002044918670007,4.743215635029604e-05,0.9989511900617978,4885.041174074158,3.5826081487231365,573824.9158945018,7.134222674300782,0.0216869245695987,0.0320885477022449,0.2413793103448276,-1.7756701856450166,0.1022356336970594,-0.6461517885020487,0.0113915574550627,0.1380085774568411,0.1553213703632354,0.009643342436097,1.1254472238278703,0.0,-0.8138468783514342
"MATLAB 4-14 PM Thu, Oct 17, 2024 Run12 .csv",0,5.36686783693772,2258.82260690519,0.2340034049102115,1265.3054844082296,0.0001376841169748,-0.6644475876240433,-0.6821385148266705,17.508069663323596,0.0038,1.9440469254224348,0.0,0.2969905483418187,5.474496661391795,6.219351482716285,0.0030535077189077,4.158084513668858e-12,0.0001228251793528,0.0001608177165238,0.9994736871216728,3995.425799561008,5.16946700715004,42048.78713561083,3.569923525016377,0.0145622706453259,0.0250257548577035,0.081081081081081,-1.9434994486344013,-0.5507701246955082,-0.8665052985344399,0.0132862415909767,0.0993723094463348,0.1095373201370239,0.0082692395038898,1.102292185291101,5.752880500111569,2336.74324269407,0.0862815883367623,1206.254933425397,0.0008892402925646,-0.661186959435979,-0.6794027052468548,17.51044949574426,0.0032,1.9350551179611275,0.0,0.2070557282546148,6.676748756072694,6.225799594544351,0.0197233271656136,2.704003933133028e-12,0.0001244457743746,0.0001207215529279,0.9982887392265296,8021.877353752938,5.5303606501970926,87251.61982783656,3.657404083810842,0.0134671225073546,0.0197428168444082,0.081081081081081,-1.780960049073398,-0.0562991656422184,-1.222212842137265,0.014139050245285,0.0963870483636855,0.1100153684616088,0.0089747631582548,1.1413916115213028,0.0,-0.8495139571596024,2,0,5.36686783693772,2258.82260690519,0.2340034049102115,1265.3054844082296,0.0001376841169748,-0.6644475876240433,-0.6821385148266705,17.508069663323596,0.0038,1.9440469254224348,0.0,0.2969905483418187,5.474496661391795,6.219351482716285,0.0030535077189077,4.158084513668858e-12,0.0001228251793528,0.0001608177165238,0.9994736871216728,3995.425799561008,5.16946700715004,42048.78713561083,3.569923525016377,0.0145622706453259,0.0250257548577035,0.081081081081081,-1.9434994486344013,-0.5507701246955082,-0.8665052985344399,0.0132862415909767,0.0993723094463348,0.1095373201370239,0.0082692395038898,1.102292185291101,5.752880500111569,2336.74324269407,0.0862815883367623,1206.254933425397,0.0008892402925646,-0.661186959435979,-0.6794027052468548,17.51044949574426,0.0032,1.9350551179611275,0.0,0.2070557282546148,6.676748756072694,6.225799594544351,0.0197233271656136,2.704003933133028e-12,0.0001244457743746,0.0001207215529279,0.9982887392265296,8021.877353752938,5.5303606501970926,87251.61982783656,3.657404083810842,0.0134671225073546,0.0197428168444082,0.081081081081081,-1.780960049073398,-0.0562991656422184,-1.222212842137265,0.014139050245285,0.0963870483636855,0.1100153684616088,0.0089747631582548,1.1413916115213028,0.0,-0.8495139571596024
"MATLAB 4-18 PM Wed, Nov 6, 2024 Run12 .csv",0,5.424522684322973,2187.153653651577,0.2182965252215583,1335.2019004517815,0.002124295546984,-0.6164929150915001,-0.6354348855903369,5.456100661650076,0.0048,1.934075746575396,0.0,0.1534796838922082,16.586870402374117,8.981163731820489,0.0211162579410168,4.70545561548956e-11,7.792256554558243e-05,9.045554211148164e-05,0.999264734769954,8630.85663980966,3.1036091814805,412114.60931037215,10.562636405819418,0.0298947014824473,0.0637382071723544,0.25,-1.962882696926792,-2.3497327788035376,7.413403959089241,0.0106005930900573,0.1736862328648566,0.2004005563259125,0.0190174435999877,1.1538079502354222,5.323403808539567,2285.326135952077,0.017389378460315,1111.645998769799,0.0023317512093398,-0.6133937646489767,-0.6327800528500485,5.458872056770593,0.0022,1.9250829922734425,0.0,0.0972879245804887,10.977215139952968,7.301179249839522,0.0232100131059887,5.1216074468845616e-11,8.469421120993097e-05,4.103599309985563e-05,0.9991803018891854,11797.504075131226,2.8182713231505647,519422.4531858888,10.526277054893606,0.0403480218798751,0.0623678268008695,0.25,-1.7994745710727331,-0.1644373751426145,-1.372945873571232,0.0240360641479492,0.15073801779747,0.170713369846344,0.0143535562969092,1.13251701422605,2.0,-0.276543042283509,2,0,5.424522684322973,2187.153653651577,0.2182965252215583,1335.2019004517815,0.002124295546984,-0.6164929150915001,-0.6354348855903369,5.456100661650076,0.0048,1.934075746575396,0.0,0.1534796838922082,16.586870402374117,8.981163731820489,0.0211162579410168,4.70545561548956e-11,7.792256554558243e-05,9.045554211148164e-05,0.999264734769954,8630.85663980966,3.1036091814805,412114.60931037215,10.562636405819418,0.0298947014824473,0.0637382071723544,0.25,-1.962882696926792,-2.3497327788035376,7.413403959089241,0.0106005930900573,0.1736862328648566,0.2004005563259125,0.0190174435999877,1.1538079502354222,5.323403808539567,2285.326135952077,0.017389378460315,1111.645998769799,0.0023317512093398,-0.6133937646489767,-0.6327800528500485,5.458872056770593,0.0022,1.9250829922734425,0.0,0.0972879245804887,10.977215139952968,7.301179249839522,0.0232100131059887,5.1216074468845616e-11,8.469421120993097e-05,4.103599309985563e-05,0.9991803018891854,11797.504075131226,2.8182713231505647,519422.4531858888,10.526277054893606,0.0403480218798751,0.0623678268008695,0.25,-1.7994745710727331,-0.1644373751426145,-1.372945873571232,0.0240360641479492,0.15073801779747,0.170713369846344,0.0143535562969092,1.13251701422605,2.0,-0.276543042283509
"MATLAB 4-20 PM Thu, Oct 17, 2024 Run13 .csv",0,5.397038111216834,2285.782990383851,0.2357586550928679,1291.8371409216672,0.0035746138724183,-0.6055784402233351,-0.6254052772346657,4.24126745589155,0.0048833333333333,1.9312268383333848,0.0,0.4782107553010428,19.5266711560426,9.668987473431766,0.0314464627134575,4.4201220324174815e-12,0.0001262492151227,0.0001596559394414,0.9994820955376892,3709.20188097342,3.8399971001920696,328848.13759373984,45.10045763579168,0.1782462053243212,0.3210483792108056,0.0650246305418719,8.031579232132525,-0.7455725067309235,2.5786448425978143,0.0135100054740905,0.1061558491488297,0.118538635969162,0.0083657734831507,1.1166472400684364,5.66681599862174,2244.879395942536,0.0712901754812484,1163.9872768109824,0.0034560885521685,-0.602301713372032,-0.6225235807344657,4.210817281594726,0.0012966666666666,1.922233813505532,0.0,0.4229118624445003,19.463169482168265,10.270368026997163,0.0303906401525377,2.8686633812905308e-12,0.0001961548587429,0.0001065106787031,0.9980701838690484,5088.174671100187,3.767934585099772,472349.0492195272,48.74766883490355,0.1452356725783889,0.2351846311911118,0.0654437283093703,1.195235565498885,-0.024980540733864,-1.1366113460386598,0.0178837621212005,0.103458401821412,0.1229368090629577,0.0109072698992806,1.188272841051314,2.0,0.0922177339317165,2,0,5.397038111216834,2285.782990383851,0.2357586550928679,1291.8371409216672,0.0035746138724183,-0.6055784402233351,-0.6254052772346657,4.24126745589155,0.0048833333333333,1.9312268383333848,0.0,0.4782107553010428,19.5266711560426,9.668987473431766,0.0314464627134575,4.4201220324174815e-12,0.0001262492151227,0.0001596559394414,0.9994820955376892,3709.20188097342,3.8399971001920696,328848.13759373984,45.10045763579168,0.1782462053243212,0.3210483792108056,0.0650246305418719,8.031579232132525,-0.7455725067309235,2.5786448425978143,0.0135100054740905,0.1061558491488297,0.118538635969162,0.0083657734831507,1.1166472400684364,5.66681599862174,2244.879395942536,0.0712901754812484,1163.9872768109824,0.0034560885521685,-0.602301713372032,-0.6225235807344657,4.210817281594726,0.0012966666666666,1.922233813505532,0.0,0.4229118624445003,19.463169482168265,10.270368026997163,0.0303906401525377,2.8686633812905308e-12,0.0001961548587429,0.0001065106787031,0.9980701838690484,5088.174671100187,3.767934585099772,472349.0492195272,48.74766883490355,0.1452356725783889,0.2351846311911118,0.0654437283093703,1.195235565498885,-0.024980540733864,-1.1366113460386598,0.0178837621212005,0.103458401821412,0.1229368090629577,0.0109072698992806,1.188272841051314,2.0,0.0922177339317165
"MATLAB 4-20 PM Thu, Oct 17, 2024 Run14 .csv",0,5.387957502792281,2269.6936418518585,0.2340705531702935,1296.135560712995,0.0006749149600267,-0.5949449942110854,-0.6148904730609479,3.4348569451620934,0.0009,1.92980238421238,0.0,0.4637220880680046,21.51715521588038,10.09366825433684,0.0053827101793018,3.936514281339565e-12,0.0001494588282667,0.0001493897315955,0.9994984697157732,2472.624658947754,3.6206736309639385,325516.0316963029,1.400238462559501,0.0054181284427782,0.009606023336777,0.2857142857142857,-1.971189803337816,0.4913551013563141,-1.239519793153347,0.0141096541285514,0.1026934061944484,0.1173782122135162,0.0096359673694423,1.1429965814091538,5.641484042526012,2240.857214984683,0.0664433326758758,1167.2285459799643,0.0008778452275467,-0.5917787434684365,-0.612270344680457,3.43779615286826,0.0011,1.920809224121577,0.0,0.6049558005224556,23.1650812361829,10.621036319040805,0.0070043503912819,2.8289583866666296e-12,0.0002515189235437,9.827709471936184e-05,0.9975828612478912,3966.233821267147,3.5100950729258527,453624.8259353317,1.5285335090266048,0.0046182112822358,0.0077277993363995,0.2857142857142857,-1.8074093662153048,-0.7304305134678221,-0.8389679664951619,0.0159571117162704,0.109116618335247,0.1223386061191559,0.0114650655006055,1.1211729980788627,0.0,-0.8867118547961831,2,0,5.387957502792281,2269.6936418518585,0.2340705531702935,1296.135560712995,0.0006749149600267,-0.5949449942110854,-0.6148904730609479,3.4348569451620934,0.0009,1.92980238421238,0.0,0.4637220880680046,21.51715521588038,10.09366825433684,0.0053827101793018,3.936514281339565e-12,0.0001494588282667,0.0001493897315955,0.9994984697157732,2472.624658947754,3.6206736309639385,325516.0316963029,1.400238462559501,0.0054181284427782,0.009606023336777,0.2857142857142857,-1.971189803337816,0.4913551013563141,-1.239519793153347,0.0141096541285514,0.1026934061944484,0.1173782122135162,0.0096359673694423,1.1429965814091538,5.641484042526012,2240.857214984683,0.0664433326758758,1167.2285459799643,0.0008778452275467,-0.5917787434684365,-0.612270344680457,3.43779615286826,0.0011,1.920809224121577,0.0,0.6049558005224556,23.1650812361829,10.621036319040805,0.0070043503912819,2.8289583866666296e-12,0.0002515189235437,9.827709471936184e-05,0.9975828612478912,3966.233821267147,3.5100950729258527,453624.8259353317,1.5285335090266048,0.0046182112822358,0.0077277993363995,0.2857142857142857,-1.8074093662153048,-0.7304305134678221,-0.8389679664951619,0.0159571117162704,0.109116618335247,0.1223386061191559,0.0114650655006055,1.1211729980788627,0.0,-0.8867118547961831
"MATLAB 4-21 PM Wed, Nov 6, 2024 Run13 .csv",0,5.39772535313287,2139.6750330059035,0.2203847916941757,1349.5053393083426,0.0012093984560504,-0.5665983283551519,-0.5867608647208109,1.419994365234147,0.0006,-0.0730465240296318,0.0,0.308104567584304,28.33065147194788,11.692178010520504,0.0077579793727215,2.851820230315065e-11,9.890271371984646e-05,9.832731098061724e-05,0.9993241271644456,5874.71011574528,2.642171028567481,449341.8306314997,7.931018221418448,0.0215227904645381,0.0426132899517526,1.0,-1.9767278742784988,0.4780540133014718,-1.1048301901823794,0.019157111942768,0.1890974549452463,0.2144297325611114,0.0133858466323653,1.1339641383497208,5.392624888038484,2212.1881682128314,0.0218700196168976,1173.8218443999028,0.0007816067360417,-0.563374243144944,-0.5842638725800964,1.4230454479974135,0.0014,-0.082039954646333,0.0,-0.0368529900351429,20.42918169645288,9.89088051403192,0.0050135133850819,3.3722856523955576e-11,9.759523196935948e-05,4.207017807717622e-05,0.999169726043686,10237.89488360846,2.402856477749684,566597.9027300633,8.340916249074022,0.0225617091836647,0.0404226945348898,1.0,-1.812699229643687,-0.5034316934713137,-0.9603847212768022,0.0335853043198585,0.1651261800527572,0.1877888190746307,0.0184285688550169,1.137244372846467,0.0,-0.7692415693299622,2,0,5.39772535313287,2139.6750330059035,0.2203847916941757,1349.5053393083426,0.0012093984560504,-0.5665983283551519,-0.5867608647208109,1.419994365234147,0.0006,-0.0730465240296318,0.0,0.308104567584304,28.33065147194788,11.692178010520504,0.0077579793727215,2.851820230315065e-11,9.890271371984646e-05,9.832731098061724e-05,0.9993241271644456,5874.71011574528,2.642171028567481,449341.8306314997,7.931018221418448,0.0215227904645381,0.0426132899517526,1.0,-1.9767278742784988,0.4780540133014718,-1.1048301901823794,0.019157111942768,0.1890974549452463,0.2144297325611114,0.0133858466323653,1.1339641383497208,5.392624888038484,2212.1881682128314,0.0218700196168976,1173.8218443999028,0.0007816067360417,-0.563374243144944,-0.5842638725800964,1.4230454479974135,0.0014,-0.082039954646333,0.0,-0.0368529900351429,20.42918169645288,9.89088051403192,0.0050135133850819,3.3722856523955576e-11,9.759523196935948e-05,4.207017807717622e-05,0.999169726043686,10237.89488360846,2.402856477749684,566597.9027300633,8.340916249074022,0.0225617091836647,0.0404226945348898,1.0,-1.812699229643687,-0.5034316934713137,-0.9603847212768022,0.0335853043198585,0.1651261800527572,0.1877888190746307,0.0184285688550169,1.137244372846467,0.0,-0.7692415693299622
"MATLAB 4-22 PM Thu, Oct 10, 2024 Run5 .csv",0,5.63134238130942,2248.878021931885,0.2582135305637897,1247.1089309195067,0.0013631212298589,-0.3743077877924644,-0.3948460607075548,-1.6874579088002737,0.00049,-0.0744709781506376,0.0,-1.9286695277444057,99.4891295913524,20.89877622339072,0.0039028759185046,2.349730055971916e-11,0.0002750884734897,0.000178642111171,0.9981857122181016,-608.0916977542693,3.795056528752752,385339.1689414108,14.231235458360045,0.0983470721565174,0.1544983000009016,1.0,0.02050309025116,0.6226274547755222,-0.9895663513029818,0.0245963573455811,0.1761764057751359,0.2058537769317627,0.0158168197066536,1.1684525860659554,5.951427064139574,2650.3836589119105,0.0680871817472972,1098.0383372205022,0.0019357011053268,-0.3710719931406698,-0.3923106366860417,-1.6843508885084573,0.00051,-0.0834645440302881,0.0,0.5531996709455003,74.48694477774055,17.493608355776985,0.0055418845600331,1.3784643398644215e-11,0.0002134011779342,8.198469368090896e-06,0.9991272148168948,4681.919867963099,3.7779944154595,627945.8665070817,10.707149686159951,0.0472509338988272,0.1669299174572099,1.0,0.1846558386421224,-0.5899657822852108,-0.941952672415474,0.045721081495285,0.2103639732147085,0.2399725484848022,0.0270849150072087,1.1407492681262188,0.0,-0.9053823245900364,2,0,5.63134238130942,2248.878021931885,0.2582135305637897,1247.1089309195067,0.0013631212298589,-0.3743077877924644,-0.3948460607075548,-1.6874579088002737,0.00049,-0.0744709781506376,0.0,-1.9286695277444057,99.4891295913524,20.89877622339072,0.0039028759185046,2.349730055971916e-11,0.0002750884734897,0.000178642111171,0.9981857122181016,-608.0916977542693,3.795056528752752,385339.1689414108,14.231235458360045,0.0983470721565174,0.1544983000009016,1.0,0.02050309025116,0.6226274547755222,-0.9895663513029818,0.0245963573455811,0.1761764057751359,0.2058537769317627,0.0158168197066536,1.1684525860659554,5.951427064139574,2650.3836589119105,0.0680871817472972,1098.0383372205022,0.0019357011053268,-0.3710719931406698,-0.3923106366860417,-1.6843508885084573,0.00051,-0.0834645440302881,0.0,0.5531996709455003,74.48694477774055,17.493608355776985,0.0055418845600331,1.3784643398644215e-11,0.0002134011779342,8.198469368090896e-06,0.9991272148168948,4681.919867963099,3.7779944154595,627945.8665070817,10.707149686159951,0.0472509338988272,0.1669299174572099,1.0,0.1846558386421224,-0.5899657822852108,-0.941952672415474,0.045721081495285,0.2103639732147085,0.2399725484848022,0.0270849150072087,1.1407492681262188,0.0,-0.9053823245900364
"MATLAB 4-23 PM Thu, Oct 17, 2024 Run15 .csv",0,5.4282073937406725,2242.2080727416587,0.2330671283854068,1273.266471593002,0.001321211564021,-0.5482862953105616,-0.5695016480059396,1.391569383942579,0.0009,-0.078744340513654,0.0,0.8389151913723817,33.81281511782238,11.877291599025288,0.0074009162289472,1.960374111764076e-12,0.0002184994166621,0.0001631570080068,0.9995418348983088,316.01886948093124,3.23760764011229,270359.5900265538,0.9011734562722044,0.0056876949408105,0.0075660371189006,1.0,-1.987804016159864,-0.9449037741706476,-0.2728386410614405,0.0057571411132813,0.1012146315972009,0.1068136012554168,0.0054601440362918,1.055317789235234,5.699792961324226,2277.397024311565,0.0633661020758532,1159.384489196938,0.0005999999994642,-0.5450080996067396,-0.5666509283453499,1.3948442168200454,0.0007,-0.0877383121821533,0.0,0.3784849091601416,34.22422597375647,12.34826324349317,0.0033594624859788,1.6460435836526678e-12,0.0002937185497079,0.0001009810242237,0.9982233122931266,3398.5708879660447,2.7682967921759345,338865.6793968822,0.9618996190467444,0.0044213994278181,0.0063553157099571,1.0,-1.82327895650045,0.0350476109758634,-1.833964033326726,0.024525356888771,0.0997787731885909,0.1170890700817108,0.0133785863543245,1.173486768176652,0.0,-0.7117726951379735,2,0,5.4282073937406725,2242.2080727416587,0.2330671283854068,1273.266471593002,0.001321211564021,-0.5482862953105616,-0.5695016480059396,1.391569383942579,0.0009,-0.078744340513654,0.0,0.8389151913723817,33.81281511782238,11.877291599025288,0.0074009162289472,1.960374111764076e-12,0.0002184994166621,0.0001631570080068,0.9995418348983088,316.01886948093124,3.23760764011229,270359.5900265538,0.9011734562722044,0.0056876949408105,0.0075660371189006,1.0,-1.987804016159864,-0.9449037741706476,-0.2728386410614405,0.0057571411132813,0.1012146315972009,0.1068136012554168,0.0054601440362918,1.055317789235234,5.699792961324226,2277.397024311565,0.0633661020758532,1159.384489196938,0.0005999999994642,-0.5450080996067396,-0.5666509283453499,1.3948442168200454,0.0007,-0.0877383121821533,0.0,0.3784849091601416,34.22422597375647,12.34826324349317,0.0033594624859788,1.6460435836526678e-12,0.0002937185497079,0.0001009810242237,0.9982233122931266,3398.5708879660447,2.7682967921759345,338865.6793968822,0.9618996190467444,0.0044213994278181,0.0063553157099571,1.0,-1.82327895650045,0.0350476109758634,-1.833964033326726,0.024525356888771,0.0997787731885909,0.1170890700817108,0.0133785863543245,1.173486768176652,0.0,-0.7117726951379735
"MATLAB 4-23 PM Wed, Nov 6, 2024 Run14 .csv",0,5.36863204888386,2146.427216277503,0.2171288294308924,1350.230885012557,0.0013543710659906,-0.5382744486703952,-0.5593868438324117,0.3840380789768316,0.0005,-0.0801687946346598,0.0,0.2563299043724371,35.54198477407396,13.302821710062387,0.0071428887223652,2.2470951781868383e-11,0.0001511715414462,9.346435323895938e-05,0.9993373853527622,2344.774631193822,2.272867252386169,357297.90956561005,6.605639577926429,0.0176614049142837,0.0370514801489046,1.0,-1.9905730516302056,1.3808634604576164,0.0861099239672,0.0084625476598739,0.1893197302818298,0.2247765231132507,0.0176954442454345,1.1872852490262813,5.433587788473837,2229.903271320544,0.0269899027029286,1189.224383651545,0.0027316164411889,-0.5358693415040006,-0.556847692291448,0.387368849382848,0.0013,-0.0891629015661081,0.0,0.1449557210969493,26.06099455773773,11.043845016873396,0.0144666046795829,2.403637879630348e-11,0.0001168883987453,3.954151065486954e-05,0.9991382647935412,8547.796663470654,2.070402968112085,436005.3542386553,6.786198200232847,0.0278333136749922,0.0452255846979193,1.0,-1.8259238882146407,-1.3474206063497858,0.8350744293810521,0.0204396179318428,0.17265698325634,0.1899689507484436,0.0188446404635756,1.1002679831744826,1.0,-0.8458420013232307,2,0,5.36863204888386,2146.427216277503,0.2171288294308924,1350.230885012557,0.0013543710659906,-0.5382744486703952,-0.5593868438324117,0.3840380789768316,0.0005,-0.0801687946346598,0.0,0.2563299043724371,35.54198477407396,13.302821710062387,0.0071428887223652,2.2470951781868383e-11,0.0001511715414462,9.346435323895938e-05,0.9993373853527622,2344.774631193822,2.272867252386169,357297.90956561005,6.605639577926429,0.0176614049142837,0.0370514801489046,1.0,-1.9905730516302056,1.3808634604576164,0.0861099239672,0.0084625476598739,0.1893197302818298,0.2247765231132507,0.0176954442454345,1.1872852490262813,5.433587788473837,2229.903271320544,0.0269899027029286,1189.224383651545,0.0027316164411889,-0.5358693415040006,-0.556847692291448,0.387368849382848,0.0013,-0.0891629015661081,0.0,0.1449557210969493,26.06099455773773,11.043845016873396,0.0144666046795829,2.403637879630348e-11,0.0001168883987453,3.954151065486954e-05,0.9991382647935412,8547.796663470654,2.070402968112085,436005.3542386553,6.786198200232847,0.0278333136749922,0.0452255846979193,1.0,-1.8259238882146407,-1.3474206063497858,0.8350744293810521,0.0204396179318428,0.17265698325634,0.1899689507484436,0.0188446404635756,1.1002679831744826,1.0,-0.8458420013232307
"MATLAB 4-24 PM Thu, Oct 10, 2024 Run6 .csv",0,5.587696176142893,2205.2225780327663,0.2538122479962358,1232.8312845087485,0.0310025230488128,-0.4350496728195956,-0.4614720397353571,-1.2233591911787922,0.00061,-0.0815932487556652,0.1764705882352941,-1.545987721734858,84.98086018675252,18.58498788600395,0.1054812006677156,3.254456322301598e-11,0.000214302857867,0.0001843176198355,0.9980437380606356,384.032677031908,4.075324111112548,370427.7997581346,18.253901114629127,0.1237738087665875,0.1920469034982488,1.0,0.006657912899453,0.3140624833776564,-1.1649214294209664,0.0287951830029487,0.1845694954605663,0.2128882837295532,0.0167050827104206,1.1534315743688923,5.943497462154832,2624.6816185069074,0.0649971201284055,1097.7502213888918,0.0306471152519061,-0.4319659370202856,-0.4596444563137088,-1.2199724832442254,0.00056,-0.0905874909500632,0.1764705882352941,0.2507517910589598,61.81598591009097,15.89854826638518,0.1043096222251108,1.7931961910484926e-11,0.0001789240818859,8.496949603972647e-06,0.9992263668673108,5584.63878274382,3.893084510743685,546705.3188817492,13.438104696253095,0.0569019901428989,0.2026892469591972,1.0,0.1714311800711685,-0.598012718106503,-0.9679605397367488,0.0404795771837234,0.2027637924516902,0.240688978433609,0.0291270947183244,1.187041214426657,0.0,-0.9351137028990724,2,0,5.587696176142893,2205.2225780327663,0.2538122479962358,1232.8312845087485,0.0310025230488128,-0.4350496728195956,-0.4614720397353571,-1.2233591911787922,0.00061,-0.0815932487556652,0.1764705882352941,-1.545987721734858,84.98086018675252,18.58498788600395,0.1054812006677156,3.254456322301598e-11,0.000214302857867,0.0001843176198355,0.9980437380606356,384.032677031908,4.075324111112548,370427.7997581346,18.253901114629127,0.1237738087665875,0.1920469034982488,1.0,0.006657912899453,0.3140624833776564,-1.1649214294209664,0.0287951830029487,0.1845694954605663,0.2128882837295532,0.0167050827104206,1.1534315743688923,5.943497462154832,2624.6816185069074,0.0649971201284055,1097.7502213888918,0.0306471152519061,-0.4319659370202856,-0.4596444563137088,-1.2199724832442254,0.00056,-0.0905874909500632,0.1764705882352941,0.2507517910589598,61.81598591009097,15.89854826638518,0.1043096222251108,1.7931961910484926e-11,0.0001789240818859,8.496949603972647e-06,0.9992263668673108,5584.63878274382,3.893084510743685,546705.3188817492,13.438104696253095,0.0569019901428989,0.2026892469591972,1.0,0.1714311800711685,-0.598012718106503,-0.9679605397367488,0.0404795771837234,0.2027637924516902,0.240688978433609,0.0291270947183244,1.187041214426657,0.0,-0.9351137028990724
"MATLAB 4-24 PM Thu, Oct 17, 2024 Run16 .csv",0,5.446397568331509,2293.6022340582667,0.2536919822139689,1315.9818165274994,0.0008381527299756,-0.4970940887421243,-0.518607235503453,0.3699256033328204,0.0006,-0.0830177028766709,0.0,0.0564691132531157,35.509903314172625,12.086607036968894,0.0035979941219929,2.2849318531330208e-12,0.0001583772247744,0.0001337539185766,0.99923978012752,2028.8185974673447,4.627621352027537,349477.0309935738,0.8127336350289169,0.003388400612235,0.0060086073978882,1.0,-1.9961111225708883,0.1586237739072096,-1.7263370054149658,0.0172643554210662,0.0995651292800903,0.1102415418624878,0.0085427810447394,1.1072304396086634,5.725707961998149,2293.1236558837923,0.0792982368574373,1157.7360122981197,0.0008845902998682,-0.4938084919862443,-0.5158412202025757,0.3733682487959378,0.0006,-0.0920120803340183,0.0,0.5606593899514076,37.7786996636165,13.230421174488246,0.0037957103653807,1.617322116334647e-12,0.0001893373008345,8.044485472905806e-05,0.997234124789024,5266.971275040058,4.30842275132807,339555.3885246864,0.8578038832389785,0.0030480135319635,0.0055149126197141,1.0,-1.831213751643022,0.0230107444345088,-1.3746302466789155,0.0111596012115477,0.1119338586330413,0.1224844622611999,0.007438347156754,1.0942574816682336,0.0,-0.7511310276334549,2,0,5.446397568331509,2293.6022340582667,0.2536919822139689,1315.9818165274994,0.0008381527299756,-0.4970940887421243,-0.518607235503453,0.3699256033328204,0.0006,-0.0830177028766709,0.0,0.0564691132531157,35.509903314172625,12.086607036968894,0.0035979941219929,2.2849318531330208e-12,0.0001583772247744,0.0001337539185766,0.99923978012752,2028.8185974673447,4.627621352027537,349477.0309935738,0.8127336350289169,0.003388400612235,0.0060086073978882,1.0,-1.9961111225708883,0.1586237739072096,-1.7263370054149658,0.0172643554210662,0.0995651292800903,0.1102415418624878,0.0085427810447394,1.1072304396086634,5.725707961998149,2293.1236558837923,0.0792982368574373,1157.7360122981197,0.0008845902998682,-0.4938084919862443,-0.5158412202025757,0.3733682487959378,0.0006,-0.0920120803340183,0.0,0.5606593899514076,37.7786996636165,13.230421174488246,0.0037957103653807,1.617322116334647e-12,0.0001893373008345,8.044485472905806e-05,0.997234124789024,5266.971275040058,4.30842275132807,339555.3885246864,0.8578038832389785,0.0030480135319635,0.0055149126197141,1.0,-1.831213751643022,0.0230107444345088,-1.3746302466789155,0.0111596012115477,0.1119338586330413,0.1224844622611999,0.007438347156754,1.0942574816682336,0.0,-0.7511310276334549
"MATLAB 4-26 PM Thu, Oct 10, 2024 Run7 .csv",0,5.601611091488573,2204.5495513159767,0.2598436699043652,1231.7877843078395,0.0201341157879908,-0.4736600089920799,-0.4937276271616218,-0.7782574052161277,0.0008433333333333,-0.0858666111186821,0.0086206896551724,-1.4441267409895695,75.69868701968119,21.921682460237363,0.0778754260563136,3.5632239725129205e-11,0.0004227731067657,0.0001811397517762,0.9977145272694063,-1935.0681416432928,3.8933525801963818,569055.692131135,62.70101461315575,0.4268832863625784,0.8064553661967577,1.0,6.998350806488428,0.0588555289824998,-1.0601542296118116,0.0289270639419556,0.1896367253311749,0.2256555151939392,0.0160247874059323,1.1899357300114857,5.935514784011717,2628.1728768773723,0.0817081955732908,1102.7134757566123,0.0199918986061506,-0.4704828115347275,-0.4913347481002991,-0.7747028846959094,0.0007466666666666,-0.0948612591019284,0.0086206896551724,0.1803096745702234,52.94527293798132,17.80577289767241,0.0773253535453101,2.014455182735324e-11,0.0006070057367581,1.2342509839087645e-05,0.998836500957933,1645.5141038575375,3.8558765387066978,681739.4773279962,46.88964716582752,0.2205909607883121,1.1496890328543796,1.0,7.163496384928596,-0.1577768549768492,-0.6833841837439545,0.049204922914505,0.2026507745015209,0.291491893529892,0.0298217523010952,1.4383951615625543,0.0,-0.7928943543406939,2,0,5.601611091488573,2204.5495513159767,0.2598436699043652,1231.7877843078395,0.0201341157879908,-0.4736600089920799,-0.4937276271616218,-0.7782574052161277,0.0008433333333333,-0.0858666111186821,0.0086206896551724,-1.4441267409895695,75.69868701968119,21.921682460237363,0.0778754260563136,3.5632239725129205e-11,0.0004227731067657,0.0001811397517762,0.9977145272694063,-1935.0681416432928,3.8933525801963818,569055.692131135,62.70101461315575,0.4268832863625784,0.8064553661967577,1.0,6.998350806488428,0.0588555289824998,-1.0601542296118116,0.0289270639419556,0.1896367253311749,0.2256555151939392,0.0160247874059323,1.1899357300114857,5.935514784011717,2628.1728768773723,0.0817081955732908,1102.7134757566123,0.0199918986061506,-0.4704828115347275,-0.4913347481002991,-0.7747028846959094,0.0007466666666666,-0.0948612591019284,0.0086206896551724,0.1803096745702234,52.94527293798132,17.80577289767241,0.0773253535453101,2.014455182735324e-11,0.0006070057367581,1.2342509839087645e-05,0.998836500957933,1645.5141038575375,3.8558765387066978,681739.4773279962,46.88964716582752,0.2205909607883121,1.1496890328543796,1.0,7.163496384928596,-0.1577768549768492,-0.6833841837439545,0.049204922914505,0.2026507745015209,0.291491893529892,0.0298217523010952,1.4383951615625543,0.0,-0.7928943543406939
"MATLAB 4-26 PM Thu, Oct 17, 2024 Run17 .csv",0,5.487279461787004,2310.937398932735,0.2620986361751001,1314.373755955734,0.0103829505961796,-0.3872747393681484,-0.4116128230506645,-1.7520892179682723,0.00042,-0.0872910652396874,0.0,0.2656158888069684,64.7084962005259,17.206602491501968,0.0300079082750484,1.2363920692025174e-12,0.0001996943653419,0.0001376152406088,0.999283151720018,701.7773325621229,4.34965969684995,517882.75497086765,4.315980625963464,0.0176566765510377,0.0319310598576283,1.0,-0.0044182289819127,-0.8650798197157372,0.2484959745587218,0.0064465844631194,0.0983354665082076,0.1063805305957794,0.0056403389837338,1.0818124362780166,5.767153752346467,2342.961444500345,0.0908256676212895,1149.479597580025,0.0102173297076091,-0.3840874558458308,-0.408331512110072,-1.7484787599195055,0.00039,-0.0962858484858832,0.0,0.3000259236834354,60.11519003611843,16.96724884593781,0.0295280259342158,9.443254153633445e-13,0.0003463416440437,8.128552066869889e-05,0.997232845328883,2879.332770051811,4.175346601269852,482876.4190091579,4.501186537487242,0.0157902891655496,0.0277994708634549,1.0,0.1608514532144056,-0.3557709655941091,-0.8723273879704392,0.0179235994815827,0.1034360001827108,0.1182424259185791,0.0101953111897785,1.1431457684917632,1.0,-0.6549260720295887,2,0,5.487279461787004,2310.937398932735,0.2620986361751001,1314.373755955734,0.0103829505961796,-0.3872747393681484,-0.4116128230506645,-1.7520892179682723,0.00042,-0.0872910652396874,0.0,0.2656158888069684,64.7084962005259,17.206602491501968,0.0300079082750484,1.2363920692025174e-12,0.0001996943653419,0.0001376152406088,0.999283151720018,701.7773325621229,4.34965969684995,517882.75497086765,4.315980625963464,0.0176566765510377,0.0319310598576283,1.0,-0.0044182289819127,-0.8650798197157372,0.2484959745587218,0.0064465844631194,0.0983354665082076,0.1063805305957794,0.0056403389837338,1.0818124362780166,5.767153752346467,2342.961444500345,0.0908256676212895,1149.479597580025,0.0102173297076091,-0.3840874558458308,-0.408331512110072,-1.7484787599195055,0.00039,-0.0962858484858832,0.0,0.3000259236834354,60.11519003611843,16.96724884593781,0.0295280259342158,9.443254153633445e-13,0.0003463416440437,8.128552066869889e-05,0.997232845328883,2879.332770051811,4.175346601269852,482876.4190091579,4.501186537487242,0.0157902891655496,0.0277994708634549,1.0,0.1608514532144056,-0.3557709655941091,-0.8723273879704392,0.0179235994815827,0.1034360001827108,0.1182424259185791,0.0101953111897785,1.1431457684917632,1.0,-0.6549260720295887
"MATLAB 4-26 PM Thu, Sep 5, 2024 Run8 .csv",0,5.597393311144483,2702.578650529824,0.1957918129950602,1264.8062119900808,0.0178060251507124,-0.5566647829011,-0.5759980187217049,0.9407565281175004,0.0006,-0.0887155193606932,0.0178571428571428,1.147547311557989,52.290333789749816,16.92206078232576,0.1002047807962498,8.121765742236136e-12,0.0001138107512004,3.210603934384087e-05,0.9997734036456823,4474.951295102697,4.550219473106718,450148.29366338026,6.546107227301208,0.0562798727846055,0.1122287048490557,1.0,-0.0071872644522539,-0.5903650105908281,-1.087992145257921,0.0533512210845947,0.178298038393259,0.2084560561180115,0.0274810666248177,1.169143855964557,5.827965648526955,3093.047222656573,-0.0250812001248684,1200.811525807616,0.0173587280866563,-0.5534959847423635,-0.5735282759003362,0.944422923694817,0.00092,-0.0977104378698383,0.0178571428571428,0.507346409045751,43.8395469918505,14.402840449227345,0.0976875820460979,1.3087437182349828e-11,0.0001170374659614,9.443558799432126e-06,0.9996458177419956,8541.246254178071,4.249287602743786,535607.2248739465,7.047041148424091,0.0776926028402573,0.1799844023949658,1.0,0.1582065215002148,-0.1750076488189296,-0.9569771744369042,0.0398000931739807,0.1706851440668106,0.2163393557071686,0.0207541438480707,1.267476187748875,2.0,0.3741209866921828,2,0,5.597393311144483,2702.578650529824,0.1957918129950602,1264.8062119900808,0.0178060251507124,-0.5566647829011,-0.5759980187217049,0.9407565281175004,0.0006,-0.0887155193606932,0.0178571428571428,1.147547311557989,52.290333789749816,16.92206078232576,0.1002047807962498,8.121765742236136e-12,0.0001138107512004,3.210603934384087e-05,0.9997734036456823,4474.951295102697,4.550219473106718,450148.29366338026,6.546107227301208,0.0562798727846055,0.1122287048490557,1.0,-0.0071872644522539,-0.5903650105908281,-1.087992145257921,0.0533512210845947,0.178298038393259,0.2084560561180115,0.0274810666248177,1.169143855964557,5.827965648526955,3093.047222656573,-0.0250812001248684,1200.811525807616,0.0173587280866563,-0.5534959847423635,-0.5735282759003362,0.944422923694817,0.00092,-0.0977104378698383,0.0178571428571428,0.507346409045751,43.8395469918505,14.402840449227345,0.0976875820460979,1.3087437182349828e-11,0.0001170374659614,9.443558799432126e-06,0.9996458177419956,8541.246254178071,4.249287602743786,535607.2248739465,7.047041148424091,0.0776926028402573,0.1799844023949658,1.0,0.1582065215002148,-0.1750076488189296,-0.9569771744369042,0.0398000931739807,0.1706851440668106,0.2163393557071686,0.0207541438480707,1.267476187748875,2.0,0.3741209866921828
"MATLAB 4-28 PM Thu, Oct 17, 2024 Run18 .csv",0,5.5174506263226055,2367.110229551225,0.2678241503703863,1321.1992859286802,0.0583575414752821,-0.0433261257395723,-0.0564332149974662,-3.166465732495973,0.00018,-1.0901399734816986,1.0,-0.6478034107058905,133.20744555697777,24.347278569845063,0.0843177820938991,4.133488521538947e-13,0.0002779262651783,0.000127252054639,0.9992092428863488,-721.6307359008256,4.687355339612925,309832.87921930506,2.0477057000159657,0.0089197336976465,0.0176711348254653,0.0,-0.0099562999225955,-0.3248951170049239,-1.2906948597836394,0.0101733052730559,0.0963188984394073,0.1033252620697021,0.0055155408763342,1.072741318098674,5.800015302741333,2386.833598681,0.0989147342522012,1165.8261257781696,0.058347783775653,-0.0401329558015977,-0.054775040295327,-3.1627433993901057,0.0002,-1.0991350272537934,1.0,0.4622579719907895,102.95302320026786,21.80193558558696,0.084300203672045,3.5522218956372483e-13,0.0005777313235859,7.5919283137799e-05,0.9963871959678188,1724.654965535454,4.522566901674341,296600.5540263826,2.138670747513368,0.0082338205094002,0.0161031077173148,0.0,1.155561589786024,-0.0857615512295889,-0.7271476442316707,0.0072455805540084,0.10170632314682,0.1139695477485656,0.0070294990631236,1.1205748494520125,1.0,-0.8489976309303886,2,0,5.5174506263226055,2367.110229551225,0.2678241503703863,1321.1992859286802,0.0583575414752821,-0.0433261257395723,-0.0564332149974662,-3.166465732495973,0.00018,-1.0901399734816986,1.0,-0.6478034107058905,133.20744555697777,24.347278569845063,0.0843177820938991,4.133488521538947e-13,0.0002779262651783,0.000127252054639,0.9992092428863488,-721.6307359008256,4.687355339612925,309832.87921930506,2.0477057000159657,0.0089197336976465,0.0176711348254653,0.0,-0.0099562999225955,-0.3248951170049239,-1.2906948597836394,0.0101733052730559,0.0963188984394073,0.1033252620697021,0.0055155408763342,1.072741318098674,5.800015302741333,2386.833598681,0.0989147342522012,1165.8261257781696,0.058347783775653,-0.0401329558015977,-0.054775040295327,-3.1627433993901057,0.0002,-1.0991350272537934,1.0,0.4622579719907895,102.95302320026786,21.80193558558696,0.084300203672045,3.5522218956372483e-13,0.0005777313235859,7.5919283137799e-05,0.9963871959678188,1724.654965535454,4.522566901674341,296600.5540263826,2.138670747513368,0.0082338205094002,0.0161031077173148,0.0,1.155561589786024,-0.0857615512295889,-0.7271476442316707,0.0072455805540084,0.10170632314682,0.1139695477485656,0.0070294990631236,1.1205748494520125,1.0,-0.8489976309303886
"MATLAB 4-29 PM Thu, Oct 10, 2024 Run8 .csv",0,5.500689322471651,2295.172441616259,0.2240717723333723,1267.863883285261,0.0481777322730518,-0.6354757978408287,-0.6657684102781107,5.226437019205344,0.00495,1.908435572397296,0.1212121212121212,-0.5416046937099669,21.06809327543954,17.246928447309,0.4768001138056958,1.921064815893272e-11,0.0001666637247039,8.447400848752152e-05,0.9976304228712126,1661.737705423085,5.1315074687722815,49836.97370476122,24.679748652628525,0.1150234631042553,0.219538013222486,0.0945945945945946,-0.0127253353929366,2.25737147262172,3.30300697227544,0.0066926765441894,0.0812663394874996,0.2240678036212921,0.0449994703604177,2.7572031056690847,5.903192551070072,2773.201870045943,0.0334973531970373,1115.7329092312846,0.039553348017299,-0.6433174583401755,-0.677571803683784,6.430227291021981,0.00493,1.8994403833622515,0.1081081081081081,0.116262258940253,15.023367462384185,15.278324667126768,0.4392775362714409,1.0075536603741499e-11,0.0002146326766897,4.159472126022855e-06,0.9992014072858112,4655.402069695202,5.616668011015372,58284.5578801352,17.781145213777705,0.0870928139847562,0.2796723913584887,0.069047619047619,0.1529166580718335,2.583883435393384,5.141867161432312,0.0072571462392806,0.0928127198498527,0.2647700202465057,0.0457050607859571,2.852734201463289,4.0,-0.0019859173049748,2,0,5.500689322471651,2295.172441616259,0.2240717723333723,1267.863883285261,0.0481777322730518,-0.6354757978408287,-0.6657684102781107,5.226437019205344,0.00495,1.908435572397296,0.1212121212121212,-0.5416046937099669,21.06809327543954,17.246928447309,0.4768001138056958,1.921064815893272e-11,0.0001666637247039,8.447400848752152e-05,0.9976304228712126,1661.737705423085,5.1315074687722815,49836.97370476122,24.679748652628525,0.1150234631042553,0.219538013222486,0.0945945945945946,-0.0127253353929366,2.25737147262172,3.30300697227544,0.0066926765441894,0.0812663394874996,0.2240678036212921,0.0449994703604177,2.7572031056690847,5.903192551070072,2773.201870045943,0.0334973531970373,1115.7329092312846,0.039553348017299,-0.6433174583401755,-0.677571803683784,6.430227291021981,0.00493,1.8994403833622515,0.1081081081081081,0.116262258940253,15.023367462384185,15.278324667126768,0.4392775362714409,1.0075536603741499e-11,0.0002146326766897,4.159472126022855e-06,0.9992014072858112,4655.402069695202,5.616668011015372,58284.5578801352,17.781145213777705,0.0870928139847562,0.2796723913584887,0.069047619047619,0.1529166580718335,2.583883435393384,5.141867161432312,0.0072571462392806,0.0928127198498527,0.2647700202465057,0.0457050607859571,2.852734201463289,4.0,-0.0019859173049748
"MATLAB 4-29 PM Thu, Sep 5, 2024 Run9 .csv",0,5.722564829331297,2850.227273219674,0.196680279901393,1244.4715371325549,0.0160971599690002,-0.5753513989235308,-0.5965536061559726,1.519218758985943,0.00073,-0.0929888817237096,0.0,0.4369380464551796,17.453954064625346,13.785464766834869,0.0992135836738188,5.780615805010282e-12,8.520318020342334e-05,2.550722518936164e-05,0.9998139909281908,7403.029168087891,5.24801198828149,53144.61642017561,8.371905833558284,0.0790975265900696,0.1635749869740333,1.0,0.9845056291367218,0.0850710876271759,-1.0564383395873505,0.0378952890634536,0.1546475966515079,0.2034307658672333,0.0242733058919248,1.3154473155225048,5.917614384050195,3238.808267326194,-0.0298845671871688,1140.5265023532831,0.016371000197572,-0.5721476587291545,-0.5940185676944897,1.52305296714891,0.00228,-0.1019842060217035,0.0,0.211263014308129,13.557476843832545,10.57980120907454,0.1008718194884667,9.709256595206598e-12,7.505535158490644e-05,7.946201467481795e-06,0.999679947298818,13319.236086289318,5.431679422279874,44247.41076839167,8.869548940855552,0.1230305915308622,0.2724688988780016,1.0,2.1502717263576425,-0.2607433415854396,-0.3424155275015907,0.0301482075452804,0.1536844217200433,0.1885296654701233,0.0191403969387587,1.226732438851579,2.0,0.0136920396364367,2,0,5.722564829331297,2850.227273219674,0.196680279901393,1244.4715371325549,0.0160971599690002,-0.5753513989235308,-0.5965536061559726,1.519218758985943,0.00073,-0.0929888817237096,0.0,0.4369380464551796,17.453954064625346,13.785464766834869,0.0992135836738188,5.780615805010282e-12,8.520318020342334e-05,2.550722518936164e-05,0.9998139909281908,7403.029168087891,5.24801198828149,53144.61642017561,8.371905833558284,0.0790975265900696,0.1635749869740333,1.0,0.9845056291367218,0.0850710876271759,-1.0564383395873505,0.0378952890634536,0.1546475966515079,0.2034307658672333,0.0242733058919248,1.3154473155225048,5.917614384050195,3238.808267326194,-0.0298845671871688,1140.5265023532831,0.016371000197572,-0.5721476587291545,-0.5940185676944897,1.52305296714891,0.00228,-0.1019842060217035,0.0,0.211263014308129,13.557476843832545,10.57980120907454,0.1008718194884667,9.709256595206598e-12,7.505535158490644e-05,7.946201467481795e-06,0.999679947298818,13319.236086289318,5.431679422279874,44247.41076839167,8.869548940855552,0.1230305915308622,0.2724688988780016,1.0,2.1502717263576425,-0.2607433415854396,-0.3424155275015907,0.0301482075452804,0.1536844217200433,0.1885296654701233,0.0191403969387587,1.226732438851579,2.0,0.0136920396364367
"MATLAB 4-29 PM Wed, Nov 6, 2024 Run15 .csv",0,5.441887477022276,2233.786822504061,0.2234968565719137,1357.3220543836974,0.0063357889919866,-0.1301115380971912,-0.1572388023633929,-2.6879244969240053,0.00015,-0.0944133358447154,0.0,0.4339570525612014,93.12108147992392,20.61124621115302,0.010411002351318,9.903752735012254e-12,0.0002570032764982,8.259302616422279e-05,0.9990561614802173,-451.3986541980476,3.652500229651589,307665.4359731799,2.2790040033021564,0.0063835463693505,0.0154741606176044,1.0,-2.01826340633362,-0.7207699595704612,-0.8829815224499691,0.0129673820734024,0.1967660397291183,0.2162127757072449,0.0175482319710509,1.0988317699786927,5.591559237173345,2325.675472536183,0.0602561651252843,1201.6537877473872,0.0074944423786576,-0.1268262052024719,-0.1548153320217538,-2.684034351232488,0.00025,-0.1034087954056586,0.0,-0.5719750680998598,73.00462721105734,17.926739202384923,0.0123122102600593,5.877062988832969e-12,0.0002767572993163,3.522626651516581e-05,0.9992694567960368,3610.634513577443,3.30625384941755,524181.842704644,2.1738088556927857,0.0060537458842746,0.0140151616071239,1.0,-1.852373205356548,0.7192721473657201,-0.8822941957673454,0.0160504403710365,0.1533813872933387,0.1895069658756256,0.0222530770560397,1.2355277861269922,0.0,-0.9999635801869464,2,0,5.441887477022276,2233.786822504061,0.2234968565719137,1357.3220543836974,0.0063357889919866,-0.1301115380971912,-0.1572388023633929,-2.6879244969240053,0.00015,-0.0944133358447154,0.0,0.4339570525612014,93.12108147992392,20.61124621115302,0.010411002351318,9.903752735012254e-12,0.0002570032764982,8.259302616422279e-05,0.9990561614802173,-451.3986541980476,3.652500229651589,307665.4359731799,2.2790040033021564,0.0063835463693505,0.0154741606176044,1.0,-2.01826340633362,-0.7207699595704612,-0.8829815224499691,0.0129673820734024,0.1967660397291183,0.2162127757072449,0.0175482319710509,1.0988317699786927,5.591559237173345,2325.675472536183,0.0602561651252843,1201.6537877473872,0.0074944423786576,-0.1268262052024719,-0.1548153320217538,-2.684034351232488,0.00025,-0.1034087954056586,0.0,-0.5719750680998598,73.00462721105734,17.926739202384923,0.0123122102600593,5.877062988832969e-12,0.0002767572993163,3.522626651516581e-05,0.9992694567960368,3610.634513577443,3.30625384941755,524181.842704644,2.1738088556927857,0.0060537458842746,0.0140151616071239,1.0,-1.852373205356548,0.7192721473657201,-0.8822941957673454,0.0160504403710365,0.1533813872933387,0.1895069658756256,0.0222530770560397,1.2355277861269922,0.0,-0.9999635801869464
"MATLAB 4-34 PM Thu, Sep 5, 2024 Run10 .csv",0,5.740758371233638,3038.720879867613,0.1822378286202229,1220.0037032717737,0.0196220740305062,-0.668765329520477,-0.6978999767891869,8.369018969764152,0.00493,1.8970399394292512,0.015267175572519,0.2826432378372866,9.738665572936709,20.97591133656661,0.2568722245832283,6.944319533672424e-13,0.0001384657609334,1.871848103410391e-05,0.9997625799824724,2837.8301957581098,5.2618032089337445,25067.08276078163,2.732997815075516,0.0303534777330707,0.0672158404161647,0.0950226244343891,-0.0348776191556678,6.485545428280218,43.006563750846695,0.0050731593370437,0.0422522538854875,0.1924510753154754,0.0189283642615579,4.554812054217468,5.911209529953693,3324.823031977264,-0.0339079302380435,1093.0315301114497,0.0873795432244819,-0.6448122835293638,-0.6947459151678507,5.573216737868458,0.00488,1.888043668290611,0.6019417475728155,0.0635960699101768,6.605257060939776,18.065313365911344,0.898830506236073,9.832361880126024e-13,0.0001830233787203,9.206995512864892e-06,0.9996049105240588,5461.624178905507,5.46641138406209,17252.61722678264,3.147861276487234,0.0479175983276317,0.1219780480592684,0.2142857142857142,-1.8682427956416925,5.315405720051651,27.878837211329223,0.0070688825845718,0.0460983449162788,0.1674653398990631,0.0192135975377893,3.632784218244799,1.0,-0.0232363899742579,2,0,5.740758371233638,3038.720879867613,0.1822378286202229,1220.0037032717737,0.0196220740305062,-0.668765329520477,-0.6978999767891869,8.369018969764152,0.00493,1.8970399394292512,0.015267175572519,0.2826432378372866,9.738665572936709,20.97591133656661,0.2568722245832283,6.944319533672424e-13,0.0001384657609334,1.871848103410391e-05,0.9997625799824724,2837.8301957581098,5.2618032089337445,25067.08276078163,2.732997815075516,0.0303534777330707,0.0672158404161647,0.0950226244343891,-0.0348776191556678,6.485545428280218,43.006563750846695,0.0050731593370437,0.0422522538854875,0.1924510753154754,0.0189283642615579,4.554812054217468,5.911209529953693,3324.823031977264,-0.0339079302380435,1093.0315301114497,0.0873795432244819,-0.6448122835293638,-0.6947459151678507,5.573216737868458,0.00488,1.888043668290611,0.6019417475728155,0.0635960699101768,6.605257060939776,18.065313365911344,0.898830506236073,9.832361880126024e-13,0.0001830233787203,9.206995512864892e-06,0.9996049105240588,5461.624178905507,5.46641138406209,17252.61722678264,3.147861276487234,0.0479175983276317,0.1219780480592684,0.2142857142857142,-1.8682427956416925,5.315405720051651,27.878837211329223,0.0070688825845718,0.0460983449162788,0.1674653398990631,0.0192135975377893,3.632784218244799,1.0,-0.0232363899742579
"MATLAB 4-38 PM Tue, Oct 1, 2024 Run6 .csv",0,5.844489923812066,2737.8347544902767,0.2094912975247204,1351.2288978568245,0.0164686714373308,-0.694307175493568,-0.7287759558491724,13.033159691523403,0.0048,1.889917668824224,0.0,-0.4143545695491881,4.254257873977807,5.94702746845522,0.2928131438460861,1.923485160474237e-13,7.397313802821984e-05,4.008086319346442e-05,0.9966023264782544,9053.59072229923,5.5904405856199935,3907.616096976653,25.69109485399355,0.1220078580525384,0.2745387440241814,0.0529857022708158,-1.0487227965073749,0.5564541842284094,-0.2348037755541687,0.0049775817990302,0.0682800372530904,0.0794999504089355,0.0032624502096324,1.1643220128052465,5.657288739526279,2851.168421900182,-0.0341891918394594,1139.614224799281,0.0148855943498381,-0.6902443099284074,-0.7279297348254051,12.737662149733412,0.00468,1.880920721370836,0.0,-0.0510560092004827,3.669405120311877,5.30125817195058,0.2602376636890632,3.5599600204937653e-13,9.697639369022632e-05,1.346475949773802e-06,0.999412401541806,10305.728677994044,5.444778391078581,2413.336805682997,27.077916489667377,0.1217397858360533,0.4007943581640943,0.0499603489294211,-0.8814674542126462,-0.8935203813408154,-0.1238193863695809,0.0118249493837356,0.1020558822154998,0.114236843585968,0.008215225810655,1.119355799058667,0.0,0.064618822149734,2,0,5.844489923812066,2737.8347544902767,0.2094912975247204,1351.2288978568245,0.0164686714373308,-0.694307175493568,-0.7287759558491724,13.033159691523403,0.0048,1.889917668824224,0.0,-0.4143545695491881,4.254257873977807,5.94702746845522,0.2928131438460861,1.923485160474237e-13,7.397313802821984e-05,4.008086319346442e-05,0.9966023264782544,9053.59072229923,5.5904405856199935,3907.616096976653,25.69109485399355,0.1220078580525384,0.2745387440241814,0.0529857022708158,-1.0487227965073749,0.5564541842284094,-0.2348037755541687,0.0049775817990302,0.0682800372530904,0.0794999504089355,0.0032624502096324,1.1643220128052465,5.657288739526279,2851.168421900182,-0.0341891918394594,1139.614224799281,0.0148855943498381,-0.6902443099284074,-0.7279297348254051,12.737662149733412,0.00468,1.880920721370836,0.0,-0.0510560092004827,3.669405120311877,5.30125817195058,0.2602376636890632,3.5599600204937653e-13,9.697639369022632e-05,1.346475949773802e-06,0.999412401541806,10305.728677994044,5.444778391078581,2413.336805682997,27.077916489667377,0.1217397858360533,0.4007943581640943,0.0499603489294211,-0.8814674542126462,-0.8935203813408154,-0.1238193863695809,0.0118249493837356,0.1020558822154998,0.114236843585968,0.008215225810655,1.119355799058667,0.0,0.064618822149734
"MATLAB 4-43 PM Tue, Oct 1, 2024 Run7 .csv",0,6.0967867419496535,2901.195654764473,0.257573729359175,1166.542820274856,0.0170047459915859,-0.695436444743735,-0.7307815432998026,12.361523669919777,0.004985,1.8856443064612067,0.0,-0.3142530830870643,5.402121661350387,6.721938359895868,0.2914193651239089,4.1826309899612873e-13,0.0006361287271845,4.432382783763489e-05,0.9938602963490024,-2878.4065859713114,5.840358728124008,5149.11560699775,26.38404725913416,0.2205165131358254,0.5785714433100445,0.0256095421855814,-0.0570299029183991,0.1105356585238351,-0.767123925309996,0.0071093624830246,0.0741708183288573,0.0867432820796966,0.0048103150017106,1.1695068766141372,5.786835921203641,3141.703126991971,0.0011850731493263,923.6463364552372,0.0185765191411288,-0.6920682316728568,-0.7302700266358789,12.266196440919712,0.004985,1.876646953218971,0.0,-0.051490981749969,3.5239243046141384,5.592758480368457,0.3168623144329214,1.0753840014537317e-12,0.0008626160030616,3.743583901436186e-06,0.9982107740406746,1157.1901871722655,5.5595963560301005,2199.254887923116,24.77179233193668,0.260475132670074,0.9029984787306876,0.0261426284901298,0.1105977506447815,-0.2728533276661692,-0.8127683108163306,0.0089383471012114,0.0911769586993801,0.105379456281662,0.005858520745999,1.1557684944187372,5.0,-0.0105821704720059,2,0,6.0967867419496535,2901.195654764473,0.257573729359175,1166.542820274856,0.0170047459915859,-0.695436444743735,-0.7307815432998026,12.361523669919777,0.004985,1.8856443064612067,0.0,-0.3142530830870643,5.402121661350387,6.721938359895868,0.2914193651239089,4.1826309899612873e-13,0.0006361287271845,4.432382783763489e-05,0.9938602963490024,-2878.4065859713114,5.840358728124008,5149.11560699775,26.38404725913416,0.2205165131358254,0.5785714433100445,0.0256095421855814,-0.0570299029183991,0.1105356585238351,-0.767123925309996,0.0071093624830246,0.0741708183288573,0.0867432820796966,0.0048103150017106,1.1695068766141372,5.786835921203641,3141.703126991971,0.0011850731493263,923.6463364552372,0.0185765191411288,-0.6920682316728568,-0.7302700266358789,12.266196440919712,0.004985,1.876646953218971,0.0,-0.051490981749969,3.5239243046141384,5.592758480368457,0.3168623144329214,1.0753840014537317e-12,0.0008626160030616,3.743583901436186e-06,0.9982107740406746,1157.1901871722655,5.5595963560301005,2199.254887923116,24.77179233193668,0.260475132670074,0.9029984787306876,0.0261426284901298,0.1105977506447815,-0.2728533276661692,-0.8127683108163306,0.0089383471012114,0.0911769586993801,0.105379456281662,0.005858520745999,1.1557684944187372,5.0,-0.0105821704720059
"MATLAB 4-47 PM Tue, Oct 1, 2024 Run8 .csv",0,5.932498706596419,2458.261600400126,0.2779853157692814,1208.9390838683037,0.0465871603226547,-0.4810866158288599,-0.5125167393106695,-1.1457250989778598,0.00062,-0.1157801476597986,0.1232876712328767,-1.5533168497414909,77.95056030819327,19.7355526235663,0.1701624144544575,2.1523912172719748e-11,0.0029446093468239,0.0001126233855383,0.9936516797092252,-4110.604406013749,3.789704621846577,711143.1154687485,34.314095128416064,0.2338380197925097,0.6077213792558505,1.0,3.9402010616112593,0.6952834588994283,5.895309571392682,0.0094517350196837,0.1938453653250655,0.2398761677742004,0.0096477019071056,1.237461454762895,5.875311375199765,2859.011379853789,0.0574394680055492,1053.7461306527184,0.0466023633732509,-0.4780295554513932,-0.5107167907688107,-1.140995890358091,0.00061,-0.1247776361649841,0.2054794520547945,-0.5530838203557328,68.31050171489082,19.00934460592356,0.1702378076932432,4.5301126395685405e-11,0.0020987520985932,1.246076579422244e-05,0.9974861325592076,475.2758237753675,3.5404546964505355,841385.7995792982,31.682597691516435,0.1984768172870545,0.7996153529892369,1.0,4.107952818930591,-0.9530513274854738,0.077173805260982,0.0166770756244659,0.2395253507895012,0.256852023601532,0.0128559118633154,1.0723375323527142,1.0,-0.3936065852855374,2,0,5.932498706596419,2458.261600400126,0.2779853157692814,1208.9390838683037,0.0465871603226547,-0.4810866158288599,-0.5125167393106695,-1.1457250989778598,0.00062,-0.1157801476597986,0.1232876712328767,-1.5533168497414909,77.95056030819327,19.7355526235663,0.1701624144544575,2.1523912172719748e-11,0.0029446093468239,0.0001126233855383,0.9936516797092252,-4110.604406013749,3.789704621846577,711143.1154687485,34.314095128416064,0.2338380197925097,0.6077213792558505,1.0,3.9402010616112593,0.6952834588994283,5.895309571392682,0.0094517350196837,0.1938453653250655,0.2398761677742004,0.0096477019071056,1.237461454762895,5.875311375199765,2859.011379853789,0.0574394680055492,1053.7461306527184,0.0466023633732509,-0.4780295554513932,-0.5107167907688107,-1.140995890358091,0.00061,-0.1247776361649841,0.2054794520547945,-0.5530838203557328,68.31050171489082,19.00934460592356,0.1702378076932432,4.5301126395685405e-11,0.0020987520985932,1.246076579422244e-05,0.9974861325592076,475.2758237753675,3.5404546964505355,841385.7995792982,31.682597691516435,0.1984768172870545,0.7996153529892369,1.0,4.107952818930591,-0.9530513274854738,0.077173805260982,0.0166770756244659,0.2395253507895012,0.256852023601532,0.0128559118633154,1.0723375323527142,1.0,-0.3936065852855374
"MATLAB 4-52 PM Tue, Oct 1, 2024 Run9 .csv",0,5.903564689465085,2472.7200310593075,0.2422956206903935,1194.136960286574,0.0893227379772262,-0.4186602290044407,-0.4093019352212512,-1.8028946059284188,0.00133,-0.1172046017808043,0.0666666666666666,-1.587156765212336,100.62399311100624,19.57784636158421,0.2648277226577546,1.893244427870682e-11,0.0001394453196622,7.905095080687462e-05,0.9968655882634108,2693.451572500844,4.368157456105338,368395.5046737696,14.189453632009256,0.0803108821696282,0.1768302180636834,1.0,-0.0625679738590818,-0.7014560394571854,3.233156341446935,0.0167721712589263,0.1992349922657013,0.2517136466503143,0.0195782022153134,1.2634007901314197,5.8615994149272375,2901.528893125032,0.0156568173919374,1038.0177964307916,0.0889060932803627,-0.4155650790042893,-0.4081635547958995,-1.7981094597801004,0.00118,-0.1262022255489392,0.0666666666666666,-0.5642274316909849,88.50486940589425,21.37952615750565,0.2635843530110168,3.800783050550661e-11,0.0001165201593145,5.968268461488817e-06,0.9994155786086102,8577.19028610681,3.862505292914338,611392.996352784,12.65293599486274,0.0773841436383601,0.253876682755441,1.0,0.1053078872164001,-1.7296048826501909,3.891869224577305,0.0234524789452553,0.2437570334672928,0.2718585002422333,0.024566879169218,1.1152847422501602,0.0,0.3269946979985731,2,0,5.903564689465085,2472.7200310593075,0.2422956206903935,1194.136960286574,0.0893227379772262,-0.4186602290044407,-0.4093019352212512,-1.8028946059284188,0.00133,-0.1172046017808043,0.0666666666666666,-1.587156765212336,100.62399311100624,19.57784636158421,0.2648277226577546,1.893244427870682e-11,0.0001394453196622,7.905095080687462e-05,0.9968655882634108,2693.451572500844,4.368157456105338,368395.5046737696,14.189453632009256,0.0803108821696282,0.1768302180636834,1.0,-0.0625679738590818,-0.7014560394571854,3.233156341446935,0.0167721712589263,0.1992349922657013,0.2517136466503143,0.0195782022153134,1.2634007901314197,5.8615994149272375,2901.528893125032,0.0156568173919374,1038.0177964307916,0.0889060932803627,-0.4155650790042893,-0.4081635547958995,-1.7981094597801004,0.00118,-0.1262022255489392,0.0666666666666666,-0.5642274316909849,88.50486940589425,21.37952615750565,0.2635843530110168,3.800783050550661e-11,0.0001165201593145,5.968268461488817e-06,0.9994155786086102,8577.19028610681,3.862505292914338,611392.996352784,12.65293599486274,0.0773841436383601,0.253876682755441,1.0,0.1053078872164001,-1.7296048826501909,3.891869224577305,0.0234524789452553,0.2437570334672928,0.2718585002422333,0.024566879169218,1.1152847422501602,0.0,0.3269946979985731
"MATLAB 4-53 PM Thu, Oct 10, 2024 Run11.csv",0,5.751175854504002,2356.1809874274777,0.2374446325151224,1233.1576722995246,0.0942842552323426,-0.5261582584074582,-0.5368871309240135,-0.4100618611233848,0.0013,0.8813709440981903,0.2727272727272727,-0.8271665300962892,27.93310292836627,14.68385379190264,0.4083913026280346,5.976588214934007e-11,0.0001010662107307,8.017789812339067e-05,0.9975196040765044,5407.332675601352,5.199283645369388,74753.6948774986,47.12731535058596,0.2353116650765719,0.4955789534177728,0.7352941176470589,-1.0653370093294234,-0.0422643819769126,0.7835831346483615,0.0235066127777099,0.2352658987045288,0.2799602627754212,0.0221408308328371,1.1899738309589194,5.839119759553031,2814.528236368288,0.0117748337572557,1038.8894552668423,0.0963725707012023,-0.5553850947160602,-0.5599103185986825,0.2947862232431122,0.00583,1.8723731850671057,0.4313725490196078,0.1560458545947155,19.729448464131583,11.923586052131943,0.4853574274098793,7.08623527260269e-11,6.543496057550157e-05,3.62008566139255e-06,0.9993685127789148,15272.699853250497,5.411812872265732,97917.980873556,35.431880572631904,0.198554704017261,0.7007741564806471,0.3333333333333333,-0.8973370444977906,-1.072297124226707,0.3083891589898258,0.071464690566063,0.2493418496496537,0.335999220609665,0.0646995424245681,1.3475444297929613,0.0,-0.3033760513342191,2,0,5.751175854504002,2356.1809874274777,0.2374446325151224,1233.1576722995246,0.0942842552323426,-0.5261582584074582,-0.5368871309240135,-0.4100618611233848,0.0013,0.8813709440981903,0.2727272727272727,-0.8271665300962892,27.93310292836627,14.68385379190264,0.4083913026280346,5.976588214934007e-11,0.0001010662107307,8.017789812339067e-05,0.9975196040765044,5407.332675601352,5.199283645369388,74753.6948774986,47.12731535058596,0.2353116650765719,0.4955789534177728,0.7352941176470589,-1.0653370093294234,-0.0422643819769126,0.7835831346483615,0.0235066127777099,0.2352658987045288,0.2799602627754212,0.0221408308328371,1.1899738309589194,5.839119759553031,2814.528236368288,0.0117748337572557,1038.8894552668423,0.0963725707012023,-0.5553850947160602,-0.5599103185986825,0.2947862232431122,0.00583,1.8723731850671057,0.4313725490196078,0.1560458545947155,19.729448464131583,11.923586052131943,0.4853574274098793,7.08623527260269e-11,6.543496057550157e-05,3.62008566139255e-06,0.9993685127789148,15272.699853250497,5.411812872265732,97917.980873556,35.431880572631904,0.198554704017261,0.7007741564806471,0.3333333333333333,-0.8973370444977906,-1.072297124226707,0.3083891589898258,0.071464690566063,0.2493418496496537,0.335999220609665,0.0646995424245681,1.3475444297929613,0.0,-0.3033760513342191
"MATLAB 4-56 PM Tue, Oct 1, 2024 Run10 .csv",0,5.88746349735573,2440.935126353783,0.2472037698558307,1197.8131872588394,0.0083526605744814,-0.0753906794145881,-0.101672327125599,-3.3172721205546383,0.00017,-0.1200535100228155,0.0,-2.115347305717823,197.7874289286817,25.98666261508637,0.0122344892389858,1.3265452888533366e-11,0.0002009412158679,7.984146586997724e-05,0.9968085495733036,490.7802049740512,4.484205397465497,417288.8409294288,8.00543931274722,0.043218961287542,0.0975990469306597,1.0,4.931893955200235,-0.0396764300454886,-1.7927170702504174,0.0329307186603546,0.2159456083774566,0.2336024260520935,0.0161187399083067,1.081765115796076,5.883711132301865,2906.541342067596,0.0239820555266102,1050.010622448099,0.1499044692988064,-0.1178552258812791,-0.1027570829383147,-3.2123740992507006,0.00458,-0.1290514043168493,0.0625,-0.5928064668230933,180.80241755216903,29.0707865127065,0.2352648197740047,2.2716774854789697e-11,0.0001701728952167,6.629386755319419e-06,0.9992628880878336,5872.044938853606,3.7763073903585536,700103.2378702898,6.778078202191122,0.042434361129761,0.1377780273151965,1.0,5.100018023788019,-2.906802526680326,7.94950221059047,0.0286470779776573,0.2467067490518093,0.2824372470378876,0.050666594583806,1.1448298359222218,0.0,-0.363611097553618,2,0,5.88746349735573,2440.935126353783,0.2472037698558307,1197.8131872588394,0.0083526605744814,-0.0753906794145881,-0.101672327125599,-3.3172721205546383,0.00017,-0.1200535100228155,0.0,-2.115347305717823,197.7874289286817,25.98666261508637,0.0122344892389858,1.3265452888533366e-11,0.0002009412158679,7.984146586997724e-05,0.9968085495733036,490.7802049740512,4.484205397465497,417288.8409294288,8.00543931274722,0.043218961287542,0.0975990469306597,1.0,4.931893955200235,-0.0396764300454886,-1.7927170702504174,0.0329307186603546,0.2159456083774566,0.2336024260520935,0.0161187399083067,1.081765115796076,5.883711132301865,2906.541342067596,0.0239820555266102,1050.010622448099,0.1499044692988064,-0.1178552258812791,-0.1027570829383147,-3.2123740992507006,0.00458,-0.1290514043168493,0.0625,-0.5928064668230933,180.80241755216903,29.0707865127065,0.2352648197740047,2.2716774854789697e-11,0.0001701728952167,6.629386755319419e-06,0.9992628880878336,5872.044938853606,3.7763073903585536,700103.2378702898,6.778078202191122,0.042434361129761,0.1377780273151965,1.0,5.100018023788019,-2.906802526680326,7.94950221059047,0.0286470779776573,0.2467067490518093,0.2824372470378876,0.050666594583806,1.1448298359222218,0.0,-0.363611097553618
"MATLAB 4-57 PM Tue, Oct 1, 2024 Run11 .csv",0,5.856574870101072,2443.41036288083,0.2351136551102264,1187.3476886028757,0.1782487545964672,-0.0672842295981673,-0.0423575229971422,-3.3244533771288607,0.00076,-0.1214779641438208,0.0,-1.9537998662985392,195.93545788500765,26.422138573455666,0.2576221343463308,1.1619845952885637e-11,0.0001520306261584,7.126079132654409e-05,0.9967980256721438,2079.35524182239,4.4747441710039695,461804.7488102353,7.4015208854348895,0.0401200150115876,0.0914528187124588,1.0,-0.0708750802701061,-2.119392828203712,4.967349138974634,0.0212879288196563,0.2102426546414692,0.2355416059494018,0.0245033068856948,1.1203321531069672,5.891659370972069,2932.261392426491,0.0207116258989821,1043.5941116700997,0.178258906366156,-0.064240594802063,-0.0413038469331966,-3.319500418394891,0.00119,-0.1304759937008044,0.0666666666666666,-0.7594536616802374,188.68584903038968,30.93477188140393,0.2576474459886166,1.839207416406188e-11,0.0001641935898791,6.913216007845766e-06,0.9992666446049804,6085.905334919357,3.806689397997857,691050.3298301238,6.188589454191776,0.0400421898154588,0.1270471623603765,1.0,0.0973730920738278,-2.4014564956756472,5.639820089778123,0.031066073179245,0.2498660498460134,0.2822290647029877,0.0387679835683262,1.129521457104392,0.0,0.7021362289748763,2,0,5.856574870101072,2443.41036288083,0.2351136551102264,1187.3476886028757,0.1782487545964672,-0.0672842295981673,-0.0423575229971422,-3.3244533771288607,0.00076,-0.1214779641438208,0.0,-1.9537998662985392,195.93545788500765,26.422138573455666,0.2576221343463308,1.1619845952885637e-11,0.0001520306261584,7.126079132654409e-05,0.9967980256721438,2079.35524182239,4.4747441710039695,461804.7488102353,7.4015208854348895,0.0401200150115876,0.0914528187124588,1.0,-0.0708750802701061,-2.119392828203712,4.967349138974634,0.0212879288196563,0.2102426546414692,0.2355416059494018,0.0245033068856948,1.1203321531069672,5.891659370972069,2932.261392426491,0.0207116258989821,1043.5941116700997,0.178258906366156,-0.064240594802063,-0.0413038469331966,-3.319500418394891,0.00119,-0.1304759937008044,0.0666666666666666,-0.7594536616802374,188.68584903038968,30.93477188140393,0.2576474459886166,1.839207416406188e-11,0.0001641935898791,6.913216007845766e-06,0.9992666446049804,6085.905334919357,3.806689397997857,691050.3298301238,6.188589454191776,0.0400421898154588,0.1270471623603765,1.0,0.0973730920738278,-2.4014564956756472,5.639820089778123,0.031066073179245,0.2498660498460134,0.2822290647029877,0.0387679835683262,1.129521457104392,0.0,0.7021362289748763
"MATLAB 4-58 PM Thu, Oct 10, 2024 Run12.csv",0,5.814362401772581,2730.6574194178047,0.2031575264314322,1223.67879060891,0.0244988771056819,-0.6798277211603871,-0.706942718225382,7.568474377035414,0.00496,1.8770975817351727,0.0,-0.2811748613834255,9.510915044741456,8.479109194398644,0.3045768867415396,2.0902473696271614e-12,6.90081631286141e-05,3.1666024153341665e-05,0.9969234075605148,9961.962452256508,5.343926955452631,96366.9629636723,11.082977152859826,0.067933953930454,0.1710006061784522,0.0938628158844765,-1.0736441157404475,-0.3230799133747196,0.2646984436152486,0.0052816629409789,0.0746112824063146,0.0826143324375152,0.0041731976328025,1.1072632686785608,5.776964024404813,3175.991516395365,-0.0367265433424991,986.5554112439644,0.0252508800415143,-0.6777114869419276,-0.7046506102824812,7.77348527349497,0.00459,1.8680994169152405,0.0,-0.0215367945559099,6.449878970828795,6.503814126785004,0.3176850694965682,3.689245338987572e-12,8.153446013613397e-05,1.4930799336553463e-06,0.999044445165644,12253.033177598649,5.4367165534996245,109646.26099554713,8.614238929512505,0.0888081560622955,0.2804053008573544,0.1444201312910284,-0.9052718396403628,-0.595951957979302,-0.6630244935545457,0.0175371128320693,0.0940062519576814,0.1109676098823547,0.0115802956903511,1.180427977623326,1.0,-0.0485521197134943,2,0,5.814362401772581,2730.6574194178047,0.2031575264314322,1223.67879060891,0.0244988771056819,-0.6798277211603871,-0.706942718225382,7.568474377035414,0.00496,1.8770975817351727,0.0,-0.2811748613834255,9.510915044741456,8.479109194398644,0.3045768867415396,2.0902473696271614e-12,6.90081631286141e-05,3.1666024153341665e-05,0.9969234075605148,9961.962452256508,5.343926955452631,96366.9629636723,11.082977152859826,0.067933953930454,0.1710006061784522,0.0938628158844765,-1.0736441157404475,-0.3230799133747196,0.2646984436152486,0.0052816629409789,0.0746112824063146,0.0826143324375152,0.0041731976328025,1.1072632686785608,5.776964024404813,3175.991516395365,-0.0367265433424991,986.5554112439644,0.0252508800415143,-0.6777114869419276,-0.7046506102824812,7.77348527349497,0.00459,1.8680994169152405,0.0,-0.0215367945559099,6.449878970828795,6.503814126785004,0.3176850694965682,3.689245338987572e-12,8.153446013613397e-05,1.4930799336553463e-06,0.999044445165644,12253.033177598649,5.4367165534996245,109646.26099554713,8.614238929512505,0.0888081560622955,0.2804053008573544,0.1444201312910284,-0.9052718396403628,-0.595951957979302,-0.6630244935545457,0.0175371128320693,0.0940062519576814,0.1109676098823547,0.0115802956903511,1.180427977623326,1.0,-0.0485521197134943
"MATLAB 4-59 PM Tue, Oct 1, 2024 Run12 .csv",0,5.896155905072323,2437.7282990222466,0.2496531700376654,1188.7445465009732,0.0070671034048691,0.3019350189287665,0.2750720850859975,-3.838820890769896,0.0001,-0.1243268723858319,0.0,-2.539633370137707,293.56817959722906,31.62495637776057,0.0066465260149549,6.101240174636069e-12,0.0002149602375207,7.93294581021244e-05,0.9974006244366408,148.14868886553904,4.215731044194919,300859.7103989854,5.110989429022216,0.0275514797136344,0.0634762620517043,1.0,-1.0764131512107888,-0.1535617874700555,-1.5715449434305948,0.0280463048815727,0.2188147978782653,0.2372276258468628,0.0154840439946476,1.084148001630315,5.905047574497082,2927.660448476445,0.0301712783970853,1053.0791699033798,0.0066691291694646,0.3047432702994717,0.2772526249049898,-3.833756056978827,9e-05,-0.1333251724687145,0.0,0.092959138672264,273.06942799849975,34.10187464907649,0.0062737438935425,1.0524878065764768e-11,0.0002404110935834,7.429066809533237e-06,0.9992142117973788,4156.273310452193,3.5677937579289574,559461.9749079174,4.285512961987113,0.0281730518954364,0.0893806886043737,1.0,0.0920832286454464,0.2919750340399481,-1.5065145710460843,0.0274011966586113,0.2635299860239029,0.285146187543869,0.014298403222317,1.0820255859536436,0.0,-0.8327307067551191,2,0,5.896155905072323,2437.7282990222466,0.2496531700376654,1188.7445465009732,0.0070671034048691,0.3019350189287665,0.2750720850859975,-3.838820890769896,0.0001,-0.1243268723858319,0.0,-2.539633370137707,293.56817959722906,31.62495637776057,0.0066465260149549,6.101240174636069e-12,0.0002149602375207,7.93294581021244e-05,0.9974006244366408,148.14868886553904,4.215731044194919,300859.7103989854,5.110989429022216,0.0275514797136344,0.0634762620517043,1.0,-1.0764131512107888,-0.1535617874700555,-1.5715449434305948,0.0280463048815727,0.2188147978782653,0.2372276258468628,0.0154840439946476,1.084148001630315,5.905047574497082,2927.660448476445,0.0301712783970853,1053.0791699033798,0.0066691291694646,0.3047432702994717,0.2772526249049898,-3.833756056978827,9e-05,-0.1333251724687145,0.0,0.092959138672264,273.06942799849975,34.10187464907649,0.0062737438935425,1.0524878065764768e-11,0.0002404110935834,7.429066809533237e-06,0.9992142117973788,4156.273310452193,3.5677937579289574,559461.9749079174,4.285512961987113,0.0281730518954364,0.0893806886043737,1.0,0.0920832286454464,0.2919750340399481,-1.5065145710460843,0.0274011966586113,0.2635299860239029,0.285146187543869,0.014298403222317,1.0820255859536436,0.0,-0.8327307067551191
"MATLAB 5-01 PM Thu, Oct 10, 2024 Run13.csv",0,5.74414535455977,2651.052542660503,0.2066899641024112,1222.7686855573306,0.0031902856029386,-0.6736967972224502,-0.7016131098650076,6.35409986270475,0.00269,1.8742486734931625,0.0,-0.5062009364585485,22.362014570642152,11.786877869421884,0.0359569175244593,2.241170787266024e-12,8.001554546948109e-05,3.395128557693682e-05,0.9962128755825148,7951.171203501911,4.450476265185203,389262.1495377675,6.967953545690905,0.0391571845463359,0.0991933009572477,0.180064308681672,-0.0791821866811304,-0.6541568888925783,-0.2474196611496322,0.0056946542859077,0.077727480456233,0.0836623120307922,0.0037916978028876,1.0763543542093972,5.751993030252215,3114.2823291447576,-0.0235122646766295,992.9932375347356,0.0030902881215828,-0.670657009765526,-0.7001441381616568,6.359220634024369,0.00204,1.8652502381473304,0.0,-0.0295440948067021,18.012660535749177,10.144719586525294,0.0348376529050828,3.601434204057635e-12,0.0001200424309628,2.0913081204408794e-06,0.9988194513256352,8320.55335195886,4.504793332229922,672373.0601340669,5.325192947781344,0.0480035739818662,0.1617360882073415,0.1573033707865168,2.089438296931256,-0.3428459570854565,-1.209806607397927,0.0311926531791687,0.1038594751060008,0.1312486815452576,0.016888012221736,1.263714084933539,0.0,-0.4814422824669815,2,0,5.74414535455977,2651.052542660503,0.2066899641024112,1222.7686855573306,0.0031902856029386,-0.6736967972224502,-0.7016131098650076,6.35409986270475,0.00269,1.8742486734931625,0.0,-0.5062009364585485,22.362014570642152,11.786877869421884,0.0359569175244593,2.241170787266024e-12,8.001554546948109e-05,3.395128557693682e-05,0.9962128755825148,7951.171203501911,4.450476265185203,389262.1495377675,6.967953545690905,0.0391571845463359,0.0991933009572477,0.180064308681672,-0.0791821866811304,-0.6541568888925783,-0.2474196611496322,0.0056946542859077,0.077727480456233,0.0836623120307922,0.0037916978028876,1.0763543542093972,5.751993030252215,3114.2823291447576,-0.0235122646766295,992.9932375347356,0.0030902881215828,-0.670657009765526,-0.7001441381616568,6.359220634024369,0.00204,1.8652502381473304,0.0,-0.0295440948067021,18.012660535749177,10.144719586525294,0.0348376529050828,3.601434204057635e-12,0.0001200424309628,2.0913081204408794e-06,0.9988194513256352,8320.55335195886,4.504793332229922,672373.0601340669,5.325192947781344,0.0480035739818662,0.1617360882073415,0.1573033707865168,2.089438296931256,-0.3428459570854565,-1.209806607397927,0.0311926531791687,0.1038594751060008,0.1312486815452576,0.016888012221736,1.263714084933539,0.0,-0.4814422824669815
"MATLAB 5-05 PM Thu, Oct 10, 2024 Run14.csv",0,5.748273773679714,2616.706178303425,0.218338902706914,1222.2566154729898,0.0344689390891829,-0.3966842553207145,-0.4315835017396039,-2.060346658719233,0.00045,-0.1286002347488488,0.0,-1.1072837546420906,95.50288304017631,22.60366028274294,0.0936919981709527,5.605799343714169e-13,0.0001937218109466,3.6943278366199633e-05,0.9961844384937172,628.6981793503764,4.387680650430402,379346.6071951987,1.77812470540194,0.0096913650627748,0.0258009256900913,1.0,-2.084720257621813,-0.1018768583484173,-0.4661556724727038,0.0056578689813613,0.0804433569312095,0.0884235191345215,0.0040560979229579,1.099202252463633,5.824591264772266,3075.6098065298734,0.0002717965874397,998.7976838533864,0.0349697646868855,-0.3935293436389928,-0.4260376662793574,-2.0551140123425133,0.00041,-0.1375989406205797,0.0,0.4568584428786369,82.03998442195521,19.90964259204997,0.0950265345593447,7.225453658466879e-13,0.0003744389736745,5.779011838777216e-06,0.9984081931758388,2666.41098648961,3.829325645411626,657471.5412278299,1.3380680828590197,0.0113485650258864,0.0379528873501828,1.0,0.0841484335028741,-0.4951740172371187,-1.0603740214423296,0.0220962417125701,0.1132151851058006,0.1299732434749603,0.0128643566652982,1.14801952894834,0.0,-0.4054522216640435,2,0,5.748273773679714,2616.706178303425,0.218338902706914,1222.2566154729898,0.0344689390891829,-0.3966842553207145,-0.4315835017396039,-2.060346658719233,0.00045,-0.1286002347488488,0.0,-1.1072837546420906,95.50288304017631,22.60366028274294,0.0936919981709527,5.605799343714169e-13,0.0001937218109466,3.6943278366199633e-05,0.9961844384937172,628.6981793503764,4.387680650430402,379346.6071951987,1.77812470540194,0.0096913650627748,0.0258009256900913,1.0,-2.084720257621813,-0.1018768583484173,-0.4661556724727038,0.0056578689813613,0.0804433569312095,0.0884235191345215,0.0040560979229579,1.099202252463633,5.824591264772266,3075.6098065298734,0.0002717965874397,998.7976838533864,0.0349697646868855,-0.3935293436389928,-0.4260376662793574,-2.0551140123425133,0.00041,-0.1375989406205797,0.0,0.4568584428786369,82.03998442195521,19.90964259204997,0.0950265345593447,7.225453658466879e-13,0.0003744389736745,5.779011838777216e-06,0.9984081931758388,2666.41098648961,3.829325645411626,657471.5412278299,1.3380680828590197,0.0113485650258864,0.0379528873501828,1.0,0.0841484335028741,-0.4951740172371187,-1.0603740214423296,0.0220962417125701,0.1132151851058006,0.1299732434749603,0.0128643566652982,1.14801952894834,0.0,-0.4054522216640435
