name,cluster,match_name,file_name,a0_spectral_entropy,a0_spectral_centroid,a0_spectral_flatness,a0_spectral_bandwidth,a0_std_dev_time_diff,a0_mean_time_diff,a0_median_time_diff,a0_peaks_per_second,a0_percent_time_above_threshold,a0_num_boilings,a0_unused_peak_proportion,a0_skewness,a0_kurtosis,a0_crest_factor,a0_burstiness,a0_spectral_flux,a0_low_band_power,a0_mid_band_power,a0_high_band_power,a0_high_to_low_ratio,a0_mean_spectral_entropy_time,a0_var_spectral_centroid_time,a0_wavelet_energy_low_scale,a0_wavelet_energy_mid_scale,a0_wavelet_energy_high_scale,a0_regime_dominance,a0_rms_change_points,a0_skew_peak_magnitude,a0_kurtosis_peak_magnitude,a0_iqr_peak_magnitude,a1_spectral_entropy,a1_spectral_centroid,a1_spectral_flatness,a1_spectral_bandwidth,a1_std_dev_time_diff,a1_mean_time_diff,a1_median_time_diff,a1_peaks_per_second,a1_percent_time_above_threshold,a1_num_boilings,a1_unused_peak_proportion,a1_skewness,a1_kurtosis,a1_crest_factor,a1_burstiness,a1_low_band_power,a1_mid_band_power,a1_high_band_power,a1_high_to_low_ratio,a1_mean_spectral_entropy_time,a1_var_spectral_centroid_time,a1_spectral_flux,a1_wavelet_energy_low_scale,a1_wavelet_energy_mid_scale,a1_wavelet_energy_high_scale,a1_regime_dominance,a1_rms_change_points,a1_skew_peak_magnitude,a1_kurtosis_peak_magnitude,a1_iqr_peak_magnitude,num_peak_mag_high_diff,peak_mag_correlation,subcluster
Calm_to_Boiling_50V_on_StartT65.csv,2,Calm_to_Boiling_50V_on_StartT65.csv,Calm_to_Boiling_50V_on_StartT65.csv,3.840602864492288,1960.6718728902304,0.0515946288889593,2179.760527211787,0.0430592348664388,-0.4012350807123268,-0.3303568417330637,20.42413570838361,0.0049821774732408,2.155820212545436,0.0,-0.0455803797299315,0.7057357854512674,5.298585535743604,1.215204475048426,9.329993087138891e-15,0.0068176119550489,0.0592444039288897,0.9339118668569169,-1196.669019119768,3.3770993942135874,111148.5122078792,66.67232587527603,185.86980883450096,52.285255685189234,0.0220545560069645,-1.167341978213873,0.8232669624889766,0.1513812846948417,0.0050031226873397,4.361142267440104,2425.287461405203,-0.2439092499728445,2664.815448758566,0.0716721598350305,-0.3697493064137171,-0.3075848669558513,8.907588700818298,0.0010975526101173,2.207040707046489,0.0112359550561797,-0.0162923468465586,0.6914501025401032,7.021836763948618,1.150557673692412,0.0057761317327336,0.0519950705744546,0.9422077119154724,163.12088357956554,3.729321439500029,183202.82090138493,1.0153167838733904e-15,27.882221940607515,51.91521268481164,15.914282617927716,0.0404411764705882,-0.9239241945852212,2.525236229073597,9.673339479679074,0.0026530396938324,6,0.1403497841423732,1
"MATLAB 1-02 PM Thu, Nov 7, 2024 Run8 .csv",2,"MATLAB 1-02 PM Thu, Nov 7, 2024 Run8 .csv","MATLAB 1-02 PM Thu, Nov 7, 2024 Run8 .csv",5.700523466214685,2294.871845438176,0.2601321043988069,1356.9178434613618,0.000944933859495,-0.2060629519050372,-0.1230119282696145,1.3550354094918493,0.0004,0.1528325921487296,0.0,1.5285514573324797,58.05735517788983,17.777887562975184,0.0040071831573368,1.6762173189186158e-11,0.0001796046586576,0.0001720823514029,0.9991079887529378,4192.9483621892905,2.5738513181212137,457622.5399895293,14.752301235465987,0.0563930759478273,0.106560644675062,1.0,-0.1782904995024012,-0.4052563421635066,-1.058759462362168,0.0387733173370361,5.308989046859168,2144.0924624139006,-0.0944571182326501,1207.4333525905374,0.0012130436916114,-0.2019340060468296,-0.1134015346788038,1.774512015602666,0.00052,0.2033459995813612,0.0,0.5924224765027378,32.97700477799756,12.948236092615607,0.0051455754848899,0.0001861116581055,9.598499436098652e-05,0.9990280117854176,5367.895928470295,2.4186048812789545,430587.02158378414,2.363179516398276e-11,17.91751299450009,0.0466936713917039,0.0698648367790605,1.0,0.064025905560085,-0.3270751493357315,-0.923031762092128,0.0180765235424042,0,-0.5879004306974205,4
"MATLAB 1-12 PM Thu, Nov 7, 2024 Run9 .csv",2,"MATLAB 1-12 PM Thu, Nov 7, 2024 Run9 .csv","MATLAB 1-12 PM Thu, Nov 7, 2024 Run9 .csv",5.632734954703723,2219.356500154379,0.2422642592202483,1361.1591295752792,0.001526229011616,-0.2344562213444213,-0.1540021009186256,1.6104740110985358,0.0004,0.1468573513553178,0.0,0.7014451415491838,49.50016549623467,15.54669688072016,0.0070066751427447,1.956995707051097e-11,0.0001473785950866,0.0001603812121189,0.99910955564306,5336.904122256612,2.371240132687473,341763.19337257947,6.075090090592648,0.0197514367524483,0.0383251137897717,1.0,-1.200187542079458,-0.2211635974477234,-1.8491075866065616,0.0486015796661376,5.512061504986173,2229.4356448898766,-0.0776159775312406,1230.437858798969,0.0010243900615248,-0.2311765867241186,-0.1453048697078956,2.0200053700670826,0.00045,0.1959565846511044,0.0,0.0683401489313396,31.576606288259683,12.40336216729875,0.0047038919179543,0.000147679333869,7.50542077684034e-05,0.9990274036146608,6764.842293375229,2.114355601251618,371843.63077761134,2.2644998975762363e-11,6.707033520078976,0.0164755968168894,0.0304530825889372,1.0,-0.9600738941493026,0.1499109454272645,-1.4177103729972167,0.0176768648624419,0,-0.9613666164854772,4
"MATLAB 1-17 PM Tue, Sep 10, 2024 Run11 .csv",2,"MATLAB 1-17 PM Tue, Sep 10, 2024 Run11 .csv","MATLAB 1-17 PM Tue, Sep 10, 2024 Run11 .csv",5.968856521020376,2598.534220024597,0.3391543446318617,1233.1860991820956,0.0963450457881872,-0.246967270959512,-0.1245471872835105,1.8379215460799183,0.005075,0.1438697309586118,0.3263157894736842,-0.6438752742427393,29.50022129662332,13.449113105326653,0.4576568603359611,4.0155273204746994e-11,0.0009918176835685,0.0003462152072055,0.9978154245426972,-472.4678280621305,3.800468182842667,855300.695499447,71.002855821061,1.052627827942372,1.4993885287197406,1.0,6.788863936632014,0.546991495613493,2.8244802009052457,0.0321660983562469,5.787063791581461,2402.265935531891,-0.0569447218586797,1089.5998042304984,0.0985846253210897,-0.2605751319518893,-0.1409315372401822,2.6424822818424687,0.00527,-0.8077381228140239,1.0,0.4527385169345662,28.55933986755394,12.364137507081946,0.5081347895923005,0.0007356784995826,5.169982043130167e-05,0.9988724861628124,1357.756801006858,3.774130521478343,728346.730293468,8.166289824501976e-11,88.98291153144889,0.498739482319314,0.9718564206378296,0.0,7.027876205996003,-0.9052964821096,-0.4364633539401197,0.0732184982299805,1,-0.0453966280383336,4
"MATLAB 1-19 PM Tue, Sep 10, 2024 Run12 .csv",2,"MATLAB 1-19 PM Tue, Sep 10, 2024 Run12 .csv","MATLAB 1-19 PM Tue, Sep 10, 2024 Run12 .csv",5.962456590772573,2603.7027815089427,0.3351846125041344,1220.9347556522332,0.0713818478623058,-0.199476258000008,-0.0971642391088836,0.9245063227883304,0.004055,0.1420771587205883,0.0259740259740259,-1.1498893015298872,56.025063114174266,17.60857138456694,0.2733558622569702,2.2919865525585074e-11,0.0019921404450408,0.0002824307266135,0.9967511244038691,-999.902381274064,3.451940235190866,875821.3426028661,38.70979761789985,0.5035509388983721,0.7960550141200107,1.0,0.7822948238588965,-1.2091205971076036,3.1650223337551315,0.030158166885376,5.836837231475611,2451.691130540047,-0.0575387414838732,1109.3324093481535,0.0843699438499785,-0.2129190340192035,-0.0906775378004923,1.5760827342712722,0.00414,0.1900450527068991,0.573170731707317,0.7211051664449383,54.58968932987423,16.73729264516978,0.344295986110996,0.0024625743380426,2.2451584222011923e-05,0.9971924152632948,404.9390103106165,3.3628849847596296,828139.5384349199,4.499078851681412e-11,47.37350661486993,0.215968210855714,0.5755504741572668,1.0,1.0206462660831874,-0.6006065171605028,-0.6490857798097798,0.1060762888193131,0,0.1052788444696026,4
"MATLAB 1-21 PM Thu, Nov 7, 2024 Run10 .csv",2,"MATLAB 1-21 PM Thu, Nov 7, 2024 Run10 .csv","MATLAB 1-21 PM Thu, Nov 7, 2024 Run10 .csv",5.381934030771023,2139.310338336899,0.2233793238359952,1338.2130763177963,0.0010924602444239,-0.3307588890984642,-0.2527812907751955,4.561451372200382,0.00075,2.1402845864825646,0.0,0.2316090313685962,21.39657282890687,9.652680265982069,0.0082157517380139,3.920944070024574e-11,0.0001241922648279,9.723163965974004e-05,0.9991456692917852,6523.178871868957,3.058056247299001,402870.9635030349,9.067314704504472,0.0261189305593967,0.0506102517527614,0.2051282051282051,-1.2242742889142204,0.5437164624947242,-1.1632514109633112,0.0166921752691268,5.382569160598576,2276.4005155998366,-0.1140069284273075,1134.841833423479,0.0045681684763507,-0.3284942825540715,-0.2458235381813094,4.960042959312432,0.0014,2.187828228227822,0.0,0.0005629346585124,15.323513627592074,8.50431059393826,0.0343840638309553,0.0001425239612513,3.6540403638884936e-05,0.9991869723656636,7010.659566245002,2.780196284418904,553619.5318114264,4.7362127483072856e-11,8.907428834343937,0.0293758576009555,0.0500124757054565,0.6842105263157895,-0.9865836738296287,-0.172598065938515,-1.5553837088804188,0.0289916390180587,0,-0.7434722301006569,0
"MATLAB 1-25 PM Thu, Nov 7, 2024 Run11 .csv",2,"MATLAB 1-25 PM Thu, Nov 7, 2024 Run11 .csv","MATLAB 1-25 PM Thu, Nov 7, 2024 Run11 .csv",5.257913498427458,2052.796226337274,0.217676264444999,1299.798760222984,0.020926787834068,-0.3971462170490757,-0.3239263770502247,10.839001160422796,0.0044,2.137296966085859,0.0,0.0288790766579007,8.117323897422063,9.530536463003578,0.2915072054196006,1.2522703309172149e-10,0.0001142275375226,8.499538004076848e-05,0.9992470764168802,7189.676478658065,4.203266851904787,299788.21001942,46.1464752417708,0.1200149069530625,0.2345829453297315,0.1231884057971014,-0.2352228102027489,0.9537975882061596,1.09886847518802,0.0463314926624298,5.5127576848602695,2305.2997797821004,-0.0968662121236598,1142.8376260128937,0.0229695532294401,-0.3931725641902051,-0.3177002056460488,10.832612123449632,0.00696,2.184133520762693,0.0,-0.0009253776539106,6.067946681433044,7.756751269639556,0.3111766727872752,0.0001123175961002,3.200614306125861e-05,0.9990936811594988,8895.255203533834,4.350856046209212,462909.0487274608,7.712324671258553e-11,41.98001130225275,0.1346401084884059,0.2591220551327095,0.0974930362116991,0.0013664263156774,-0.4335962070943985,-0.4728968244165172,0.0335828948020935,4,0.3239405361118686,1
"MATLAB 1-29 PM Thu, Nov 7, 2024 Run12 .csv",2,"MATLAB 1-29 PM Thu, Nov 7, 2024 Run12 .csv","MATLAB 1-29 PM Thu, Nov 7, 2024 Run12 .csv",5.281036348782035,2103.271139742919,0.2118538538391066,1326.2743370409603,0.0215868440285228,-0.4096631831714679,-0.3374934288412881,14.027014605297662,0.0094,2.1355043938478357,0.0,-0.0796768216442584,4.8003357919981005,6.00912057567984,0.3459776667959343,1.265787134774853e-10,0.0001236732169997,7.110206990506321e-05,0.9990466456193232,6498.198787657619,4.5622296712967625,192123.4301435968,11.998591743501228,0.0316090669741259,0.0627783745421649,0.2051282051282051,-1.2417919229758658,-0.2909115833656538,-1.1386661340755064,0.0444636344909668,5.577481925476137,2370.9350095239865,-0.0998071144948846,1155.699355941651,0.007414513723298,-0.4184852793675773,-0.3405462061428396,17.417950027357172,0.0066,2.1819166962836167,0.0,-0.0298240049530529,4.069315401016897,6.902329813281178,0.1429050120384258,0.0001166835765009,2.5094996189604604e-05,0.9990135109330284,8561.732001115932,4.941593279108992,274994.2709195808,1.1129614133433297e-10,10.743771096848343,0.0410208966308913,0.0758315048695171,0.1186440677966101,-1.005863513597139,-0.0237437168451669,-0.0237711047844939,0.0249881449341774,0,0.2593928056778546,1
"MATLAB 1-30 PM Tue, Sep 10, 2024 Run16 .csv",2,"MATLAB 1-30 PM Tue, Sep 10, 2024 Run16 .csv","MATLAB 1-30 PM Tue, Sep 10, 2024 Run16 .csv",5.943819102279006,2604.5772640142254,0.3049750418605128,1189.598687264497,0.1992156151472543,0.0719114125079914,0.2022785361424723,-1.1336168097408137,0.00324,0.1343093456891528,0.1621621621621621,-1.4463426815353364,127.19479552856116,29.332484926385018,0.3648303549567288,1.2344392872372239e-11,0.0002106828892019,0.0002201454247949,0.998349489296646,3144.232116615492,4.30108918805649,559703.9874465184,16.184783098759006,0.176334418157944,0.3009312055261215,1.0,0.7538286685087228,-0.6809848311619182,1.5903196830935151,0.0293851935863494,5.866089096450061,2528.2264303292213,-0.0998682603102537,1132.1876032933303,0.1987959971216083,0.0734009935286987,0.207973126357092,-0.744970469771034,0.002535,1.1804388132975654,0.3243243243243243,0.964770951930592,116.82155641975484,24.348076394994976,0.3640785628828408,9.062232113470944e-05,4.676227387767763e-06,0.9994691375240018,11028.950980391442,3.933720930956624,674470.4288976527,2.4045238640857024e-11,19.924043819515123,0.0801760332656687,0.2251339661958442,0.7666666666666667,0.9893165264609836,-0.4707835373279518,-0.6042175358151978,0.0893243575096131,0,0.3400331767942799,2
"MATLAB 1-31 PM Tue, Oct 29, 2024 Run7 .csv",2,"MATLAB 1-31 PM Tue, Oct 29, 2024 Run7 .csv","MATLAB 1-31 PM Tue, Oct 29, 2024 Run7 .csv",5.7024668299712165,2228.0870504441787,0.2685828859481679,1288.6824700317752,0.0150805366717456,-0.1168492937892599,-0.0358604809131134,-0.1880869664000219,0.0003866666666666,0.1337118216098116,0.0,0.6108894868643309,93.14314502131334,19.15870305860564,0.0420855959997613,3.137912549009662e-11,0.0001793725342033,0.0001549141183453,0.9993542230529476,3969.742565680184,4.339070827553885,527620.2615312,60.0129268082407,0.288227428450593,0.4859367221649878,1.0,9.751638964251017,-0.5869362930339933,0.059309444512372,0.011862216591835,5.8723817031464005,2535.182632841466,-0.0459522299553901,1115.7030388091737,0.0153968923279958,-0.1154681318441298,-0.0303922069363294,0.1995648488555303,0.0005533333333333,0.1796998718045396,0.0,-0.4160986713497284,65.88189100303155,17.02883079739847,0.0429740921180127,0.0001655077502725,3.991447266395643e-05,0.9994296029382086,6038.5667818703205,3.871744156388832,657073.0789447617,2.9756719110698494e-11,53.79359099908057,0.2480793553845338,0.5481666556533531,1.0,6.986906546490045,-0.3310628856529078,-1.3037201374802043,0.0636366492509842,6,0.553570067064734,4
"MATLAB 1-32 PM Thu, Nov 7, 2024 Run13 .csv",2,"MATLAB 1-32 PM Thu, Nov 7, 2024 Run13 .csv","MATLAB 1-32 PM Thu, Nov 7, 2024 Run13 .csv",5.50295986404006,2239.850190475572,0.232702978872454,1347.779721859354,0.0218175113340058,-0.3902929682471026,-0.3023494979430145,9.008633587568836,0.0038,2.1331142975304704,0.0833333333333333,-0.1314144056381244,4.344174568734618,6.316085576180012,0.2539067127451326,8.778922747966141e-11,7.50173673934009e-05,7.683773984553082e-05,0.9989702273142328,11707.629582004169,4.943861133414779,140709.79759994213,9.954327577215327,0.03122843746195,0.0640247614447347,0.2727272727272727,-1.2505507400066886,-0.4227540756008033,-0.1118096250805122,0.0070910501480102,5.704498160478998,2492.183645318192,-0.085815937570004,1122.6611113551128,0.0194605985850417,-0.4072499507564846,-0.3306575401743395,12.395590910771435,0.0052,2.178960930311514,0.0,-0.0049845207026435,3.3559640332657885,5.403691353772816,0.2877570558005649,9.477424117214788e-05,2.5220095452232397e-05,0.9990859382626284,10541.7455830418,5.154707176296375,175874.46637695865,7.542242769903977e-11,8.67446848757896,0.037972914014831,0.0773008932458963,0.1555555555555555,-1.015503433480894,0.0110725046962675,-0.4284178264956702,0.0187415504455566,1,-0.5194959566929782,1
"MATLAB 1-33 PM Tue, Oct 29, 2024 Run8 .csv",2,"MATLAB 1-33 PM Tue, Oct 29, 2024 Run8 .csv","MATLAB 1-33 PM Tue, Oct 29, 2024 Run8 .csv",5.694731198323868,2206.7600741458973,0.253546452477761,1297.0085103296335,0.0011499999989607,-0.0698518951511657,0.0047224672496291,-0.001206992061673,0.0002,0.1319192493717881,0.0,1.0229536857531747,74.48515286446592,14.939810675699851,0.0028155220956778,3.696486440253231e-11,0.0001424362518474,0.0001563693446196,0.9994465266712584,5393.42294971368,4.542748842048409,395843.38087940926,2.250052828767522,0.010814097430115,0.0185085828281337,1.0,-1.2549301485221,-0.2307661695678921,-1.4999999999999996,0.01021025121212,5.9478254135153605,2548.6429928286207,-0.0504799114343202,1130.68192376129,0.0030999999972331,-0.0706330386239103,0.007961792514277,0.3834612490511984,0.0002,0.1774830473254626,0.0,-0.5894659944299752,59.87983832424672,14.66175314979709,0.007626076260713,0.000128193329571,3.814315101916572e-05,0.999737428124994,7798.6696458432,4.075771739766416,469408.5307202943,3.033548134003166e-11,1.9959803901415167,0.0093540860846123,0.021408721474823,1.0,-1.0203233934227711,-0.1860581529926726,-1.5000000000000002,0.0264863830804824,0,0.9997566773873352,4
"MATLAB 1-36 PM Thu, Nov 7, 2024 Run14 .csv",2,"MATLAB 1-36 PM Thu, Nov 7, 2024 Run14 .csv","MATLAB 1-36 PM Thu, Nov 7, 2024 Run14 .csv",5.490895081965969,2250.8606306610395,0.2279427332192682,1348.083717982733,0.0304964161558688,-0.3864235487635517,-0.2973055670180625,7.490077529185516,0.0018,1.1307242012131056,0.0,0.2499825415536037,16.256094027109615,11.141869017777893,0.3245680734662594,5.1590526229927103e-11,0.0001173225684581,8.845954190070523e-05,0.9993919107656504,6880.4642433192375,3.653966606008023,470252.8995838498,8.433575933599466,0.0280008029867023,0.0542321626948735,0.75,-1.2593095570375112,1.3658670871783851,0.7219448849450805,0.0265368223190307,5.850087900730117,2538.3767121656706,-0.0561598130448834,1195.1898032112915,0.0305209370490042,-0.3854075544856198,-0.2923188742310354,7.872756720869934,0.00245,0.1760051643394112,0.0,-0.5225410360484407,15.265965062369183,9.482775436312636,0.3247599178127996,0.0001463539746441,2.882761106873351e-05,0.9994312678770833,6828.863174417635,3.620226211584405,703908.6964492719,2.222290220451149e-11,7.142698106782017,0.0236804121396688,0.0626504522978614,1.0,-1.025143353364649,0.4491908159415855,-0.4723127857081595,0.0237013018131255,2,0.2533820940410081,4
"MATLAB 1-36 PM Tue, Oct 29, 2024 Run9 .csv",2,"MATLAB 1-36 PM Tue, Oct 29, 2024 Run9 .csv","MATLAB 1-36 PM Tue, Oct 29, 2024 Run9 .csv",5.756141170144572,2226.4199560616003,0.2707995163805866,1305.1112644067607,0.0010374794623959,-0.0469243760104582,0.0268054154271068,-0.6148697441085127,0.00032,0.1301266771337645,0.0,0.551432580400495,105.0152896676206,20.81411186202709,0.002387754806247,2.6338507723531373e-11,0.0001748757444678,0.0001503327844101,0.99935166591705,4069.533506201649,3.909396109074581,556196.1454039322,9.057437696073478,0.0406632392950506,0.0698851354921478,1.0,-0.2614992612952169,-0.0818811768601923,-1.21361462997972,0.0177656957507133,5.957091289222628,2567.115448712631,-0.0387650260911432,1142.191297529095,0.0027132670657816,-0.0455148128567396,0.031615791976253,-0.2331850771383226,0.00036,0.1752662228463856,0.0,-0.4390134036991746,77.584754885142,18.14016858372383,0.0062373955590426,0.0001739388928459,3.3607821759248144e-05,0.999425303164928,5745.841466579112,3.398795611230695,533588.7179162635,2.5259402067647508e-11,8.106236764395621,0.0355836989244349,0.0838330751873333,1.0,-0.0275533333355877,-0.1444448040108932,-1.4309779720269802,0.0580465680360794,0,0.8610182120493796,4
"MATLAB 1-38 PM Thu, Nov 7, 2024 Run15 .csv",2,"MATLAB 1-38 PM Thu, Nov 7, 2024 Run15 .csv","MATLAB 1-38 PM Thu, Nov 7, 2024 Run15 .csv",5.457528128673019,2276.863175665613,0.2293719941063673,1374.3260153817116,0.0122567554960265,-0.3357043502073404,-0.2588006533904068,3.467526311523986,0.0013,0.1277365808163998,0.0,-0.2832071813123131,25.68581311791783,12.053395803285763,0.0817753063953291,1.997250600600045e-11,0.0001256150077495,8.456500974963024e-05,0.999115656371422,6279.714916727227,3.2222459213380263,420422.8303939978,5.559470457367472,0.0178957833467455,0.0353117052311999,1.0,-1.2702580783260398,1.49302745106526,0.7019569066795475,0.0238452303409575,5.8958496732031325,2587.604396536364,-0.045796322655168,1222.8926872729771,0.0069758462188715,-0.3337655115495551,-0.2538455417935146,3.845232879637269,0.00135,0.1723104568742829,0.0,0.087537674184411,25.04537955805253,13.063619742152168,0.0461187563774062,0.0002412340086341,2.5139148133440252e-05,0.9988844468800664,4140.728135869455,3.058161188291464,724238.1146667135,1.1775279392627598e-11,4.716183416447734,0.0160575840942391,0.0429750619861874,1.0,-1.0371932532193426,-0.5789953079551114,1.726865836863423,0.0118471169471739,0,0.3959958289675068,4
"MATLAB 1-41 PM Thu, Nov 7, 2024 Run16 .csv",2,"MATLAB 1-41 PM Thu, Nov 7, 2024 Run16 .csv","MATLAB 1-41 PM Thu, Nov 7, 2024 Run16 .csv",5.455778429296464,2306.531959134146,0.2190904190469686,1388.533771104347,0.0019354465516186,-0.3074878559769098,-0.2352286879457832,2.558372815064049,0.00086,0.1265415326577174,0.0,-0.4194988133743718,34.236956481326395,13.707757353851036,0.0107416507924028,1.2979849392954874e-11,0.0001023273248236,6.434963576295526e-05,0.9990532389595724,8074.745219497574,3.719733089046087,447756.6710612326,9.388298519644572,0.0282799061703986,0.058838394828037,1.0,-0.2746374868414509,0.5055506412792073,-1.328371185636916,0.0164536330103874,5.822461833580812,2626.4397596723543,-0.0662483773231017,1220.8670999329504,0.0008810456431479,-0.3071857684542953,-0.2311762088241857,2.9340903337488777,0.00102,0.1708325738882316,0.0,-0.2388893157050638,33.172418243679175,13.306397912404384,0.0048921814675681,0.0001229646882713,1.863400276700756e-05,0.99890616268345,8123.520473447247,3.2943076411256085,616439.2877423312,7.816572972578169e-12,7.967217163588456,0.025493021589958,0.0737735023877247,1.0,-0.0420132131612203,-0.7626771490105619,-1.0904136005641858,0.0479698041081428,0,-0.9478396710046564,4
"MATLAB 1-41 PM Tue, Oct 29, 2024 Run10 .csv",2,"MATLAB 1-41 PM Tue, Oct 29, 2024 Run10 .csv","MATLAB 1-41 PM Tue, Oct 29, 2024 Run10 .csv",5.445027475842302,2044.1154501474236,0.2322207719799222,1253.466133869605,0.0539734251003346,-0.3261834977216121,-0.2558677051955862,3.153914575011822,0.00132,2.1259440085783763,0.2580645161290322,0.0798307701239103,45.68336599320634,16.63044331156662,0.3320896579932181,4.694909000784619e-10,0.0001681234490956,0.0001270908967568,0.9992185332450724,4247.555776649488,3.3052264036169605,425857.47363197856,29.879336155181917,0.1202820951239193,0.1949208746603769,0.1794871794871795,-0.2768271910991566,2.7110488552502408,6.227391710768494,0.0217383480072022,5.885980327680798,2488.1841375182903,-0.0474000453015384,1149.3637841814457,0.0544521425481182,-0.3260556191004867,-0.2519415423119138,3.528637568982423,0.00124,2.170093632395206,0.1290322580645161,-0.1173331989460667,26.519460009308727,13.877188057281543,0.3353997080155131,9.670297833529854e-05,3.079540213588853e-05,0.999382055228168,10334.553003765895,3.279008031362307,578533.4457161567,8.830585624165905e-11,22.14876684920528,0.0923362525339222,0.2106365949949673,0.1746031746031746,-0.044423193132159,0.6768019521140842,0.6084570491351342,0.0557800149917602,2,0.4222049900744404,1
"MATLAB 1-43 PM Tue, Oct 29, 2024 Run11 .csv",2,"MATLAB 1-43 PM Tue, Oct 29, 2024 Run11 .csv","MATLAB 1-43 PM Tue, Oct 29, 2024 Run11 .csv",5.580144545962247,2148.9234294218354,0.2449875987811484,1313.2175172915097,0.0559287076861512,-0.3292887427862437,-0.2653847569897539,3.140410850233242,0.00417,2.1241514363403526,0.1854838709677419,0.0699276666798736,40.5318384023922,17.183939466620032,0.3440837022895258,2.3315981699961003e-10,0.0001578002560029,0.0001299445418393,0.9990279202142668,4613.429706229547,3.416674347524641,418356.4419368439,114.27278754939464,0.4961101380292895,0.7864941192447513,0.1183431952662721,2.7166036961277262,2.959588355393976,11.871715472606816,0.0228081738948822,5.866262945033999,2497.334793538696,-0.0505756316372157,1169.8222314749617,0.0573236765039002,-0.3318441933066908,-0.2631375428200754,3.612150770152448,0.006545,2.167876807916129,0.119047619047619,-0.109433400474972,24.385431048520157,12.375696121345916,0.3584002105422086,0.0001067606443461,2.828827177949026e-05,0.999286165476956,9360.0612060503,3.347422708299493,588772.3213571894,7.069372193068567e-11,92.35936589310424,0.3690126211892385,0.875001120826389,0.1405405405405405,3.948346866955025,-0.2267945918955375,-0.5572091715355336,0.057545870244503,6,0.145045680269313,1
"MATLAB 1-44 PM Thu, Nov 7, 2024 Run17 .csv",2,"MATLAB 1-44 PM Thu, Nov 7, 2024 Run17 .csv","MATLAB 1-44 PM Thu, Nov 7, 2024 Run17 .csv",5.444256113964105,2334.78451805194,0.2158926571255957,1415.603556245973,0.0016408583104951,-0.2981014721988776,-0.226873774292211,2.13601361043326,0.0007,0.1235539122610114,0.0,-0.2344881353269805,35.30729736433494,14.302075103595229,0.0084245082041954,1.1792082346281312e-11,0.0001324865656919,6.126842063742102e-05,0.999345646229455,5818.217606063377,3.841561624181784,553835.0515883862,8.444641614828054,0.0264677467280376,0.0554883999641288,1.0,-0.2855860081299795,-0.0617160526563997,-1.103793761360205,0.0122970542311668,5.861032263244305,2621.399863188087,-0.0546529692867521,1243.949931294659,0.0007177074606463,-0.2980786514064554,-0.2236528763591956,2.506758505546953,0.00084,0.1671378664231032,0.0,-0.4815718233497533,37.44805392085112,14.496469806085823,0.0036836491268638,0.000179221033293,1.813488426903605e-05,0.9991449945274478,5574.931558920247,3.4331847830178424,665637.9662194757,6.135925767249444e-12,7.059588938215602,0.0221786069057689,0.0662630175605402,1.0,-0.0540631130159139,-0.3010651705910252,-1.3491058343054845,0.0553642928600311,0,-0.9004791594517875,4
"MATLAB 1-45 PM Tue, Oct 29, 2024 Run12 .csv",2,"MATLAB 1-45 PM Tue, Oct 29, 2024 Run12 .csv","MATLAB 1-45 PM Tue, Oct 29, 2024 Run12 .csv",5.565582953036417,2140.106968965649,0.2493127310871311,1313.852111070098,0.059705860706066,-0.3343487985349835,-0.2753408260528683,3.1225298869398723,0.00254,1.1217613400229878,0.8306451612903226,0.0488187903747711,39.75460465236528,18.018206965894937,0.3693591820670469,1.9539559273505782e-10,0.0003180108482234,0.0001379235204251,0.9987581810223684,1394.1342530936006,3.5186482737245046,496771.9318942352,115.85680871149944,0.5017888585319448,0.8393869881236411,0.5217391304347826,3.707844879096904,3.372971048738331,13.158126501859796,0.0203948009014129,5.890918774390852,2498.288275268972,-0.025502009751583,1181.0570882165612,0.0590841147303881,-0.3359528771971626,-0.2685988768372761,3.540291457956527,0.00218,2.164921041944026,0.208,-0.0592702487190374,23.687159977335423,11.108370275353137,0.3684845157611595,0.0005379795172081,3.12700899667919e-05,0.9987621893202682,1856.505977222628,3.5087821949116687,643202.3436119158,6.223761723260184e-11,92.52113840167578,0.3574838900187662,0.9842514413775278,0.2080536912751678,2.9387069470712697,-0.3704833123018631,-1.0698393549639993,0.061972154378891,5,-0.1396588613322003,1
"MATLAB 1-48 PM Thu, Nov 7, 2024 Run18 .csv",2,"MATLAB 1-48 PM Thu, Nov 7, 2024 Run18 .csv","MATLAB 1-48 PM Thu, Nov 7, 2024 Run18 .csv",5.441869789264736,2360.071326280172,0.2244502077066428,1405.2653067049905,0.0316781766097544,0.7159382191177641,0.7833201557421081,-2.0819513582579203,0.0001,0.1211638159436466,0.0,-0.7945466842596275,204.36705625716243,33.35866099711631,0.0261161001981043,1.5503370769590797e-12,0.0004116445811491,5.694562570119549e-05,0.9988407608687806,672.7133632284817,3.845098704255216,667154.0814775785,1.4026019483266667,0.0047485284186492,0.0104852790359903,1.0,-1.294344825160802,0.553049778495335,-1.2779533496539637,0.00722341299057,5.893904213542322,2718.724948354087,-0.036212122597471,1223.831598593659,0.0316357787689496,0.714726315415813,0.7874857887212752,-1.715184562001135,0.00014,0.1641821004510005,0.0,0.2547197583786239,167.5976307160028,29.946280289593208,0.026098897658667,0.0007289373260343,1.915119679959808e-05,0.9982233249547894,1369.422705221402,3.290925609117349,618818.5041169947,8.610920314787236e-13,1.1246899968842026,0.0046635200339398,0.0139381339153342,1.0,-0.063703032899669,-0.8418449037117091,-0.8864701070168386,0.0351281988620758,0,-0.0941743755697961,3
"MATLAB 1-51 PM Tue, Oct 29, 2024 Run13 .csv",2,"MATLAB 1-51 PM Tue, Oct 29, 2024 Run13 .csv","MATLAB 1-51 PM Tue, Oct 29, 2024 Run13 .csv",5.629095667631356,2154.0332285775585,0.2444617307354349,1311.166884465953,0.0660729364254938,-0.3227898914331711,-0.244096895150465,2.504645923098796,0.001575,1.1193712437056231,0.0535714285714285,-0.2335230500131991,46.78776595212256,19.141702988820576,0.3725160478332587,1.4451125909695682e-10,0.0001596074073897,0.0001091917098582,0.9991697867648638,4484.692002279957,3.5847329047459424,416761.2181148822,102.7192171205128,0.4016844483437142,0.6762284783393762,0.7204301075268817,1.6990860620660808,3.83094111223123,17.479582635282366,0.0141769599914551,5.909881929913928,2539.288495974113,-0.049758645842872,1199.2481352739503,0.0672635338564153,-0.3234487011198179,-0.2378602108880908,2.8684291452128994,0.0018,1.1619652759719237,0.0267857142857142,0.057726093237978,28.182558015063133,15.14832490999192,0.3792555476664743,0.0001303816494051,1.8267968064216303e-05,0.9993207023099084,7664.580919700765,3.452343455900933,587525.0104216643,5.202777960759448e-11,83.58742349232628,0.2999461149468078,0.8138504361208008,0.7263157894736842,1.9290670271875148,0.0499616343672058,-0.0126844794983389,0.0630241498351097,2,0.4978667402484103,1
"MATLAB 1-54 PM Tue, Oct 29, 2024 Run15 .csv",2,"MATLAB 1-54 PM Tue, Oct 29, 2024 Run15 .csv","MATLAB 1-54 PM Tue, Oct 29, 2024 Run15 .csv",5.564215288361853,2029.1234445106045,0.2450618546190734,1287.1845622983524,0.0061999999944861,-0.1751817417723089,-0.1065639470752434,-0.1084927718218926,0.0007,0.1175786714675996,0.0,-0.6747575489175724,80.55782287643245,18.999428636101484,0.0188966778420586,3.9449329281748105e-11,0.0001934195940438,0.0001045089797661,0.999020701691706,3367.8350394866766,3.536868935666733,411509.540196268,3.5341727718502787,0.0112803853715973,0.0196291450437981,1.0,-1.3074830507070363,0.6893558936981833,-1.5000000000000004,0.0365729457139968,5.772652970067892,2421.980568380241,-0.0581356855529662,1227.8776634855135,0.0083499999925807,-0.1737372322198039,-0.1020562115245996,0.2523068761495302,0.0004,0.1597484514928464,0.0,-0.0149174468573924,52.60679785803528,13.17678703901888,0.0252685731577512,0.0002140432712586,1.4795288448717468e-05,0.9992793161377248,4668.585516664171,3.2272378260710464,517796.89238954993,3.639018263815582e-11,3.037057234970415,0.0084281428815129,0.0239356389315941,1.0,-1.0781629127253016,-0.3959784942945287,-1.500000000000001,0.0266010761260986,0,0.7979682832260699,4
"MATLAB 1-59 PM Tue, Oct 29, 2024 Run16 .csv",2,"MATLAB 1-59 PM Tue, Oct 29, 2024 Run16 .csv","MATLAB 1-59 PM Tue, Oct 29, 2024 Run16 .csv",5.547537368796647,2114.786941742135,0.2348560011703558,1262.5422760303393,0.0073650639215752,-0.1064858765649623,-0.0414590334702913,-0.6311190061369221,0.00064,0.1145910510708936,0.0,-0.8819611479429887,104.59271722386308,20.39145819443228,0.0183210545474963,6.005459029408855e-11,0.0001585159762382,9.465836089962376e-05,0.999189702219448,4469.976507144498,4.139603209225781,539939.0743502462,23.081501502591447,0.0892164235280588,0.1579542908505541,1.0,3.6815684280044354,0.3398188995627642,-0.5592194313786099,0.0301729452610015,5.936943642373537,2626.722129836289,-0.0438119989417788,1172.775495274946,0.0079495708669205,-0.1074610226296436,-0.0387828791090931,-0.2752919817366344,0.00061,0.1560537440277181,0.0,0.5145706023458682,64.97303231258255,17.150680162446378,0.0197572360097081,0.0001784370601253,1.3651070560528185e-05,0.9992737088310836,5600.146674291622,3.415362432516726,661601.8562047665,2.5477999510248856e-11,16.716144068541865,0.0697195836593739,0.1961094655646262,1.0,2.9097871874200045,-0.8116260488475697,-0.4919339038258496,0.0456908822059632,0,0.5501264755074604,4
"MATLAB 11-34 AM Tue, Mar 5, 2024 Run0 .csv",2,"MATLAB 11-34 AM Tue, Mar 5, 2024 Run0 .csv","MATLAB 11-34 AM Tue, Mar 5, 2024 Run0 .csv",5.095417592007711,2340.6284176582417,0.2151704157190583,1413.008164469814,0.0246247158805958,-0.465754982070004,-0.4054931367546794,15.375398785221416,0.0049466666666666,2.1110059065948468,0.0,0.0034067478419526,0.214402701972324,4.895125789899886,0.5027929675183104,1.9570370525436518e-13,0.0006295387822765,0.0049349224799572,0.994403906169629,-297.30706819261377,4.478189077388057,54035.22647972996,126.90582762179396,76.71597178896435,3.5798167028819043,0.0067178067268848,-1.3315697975417986,0.8010580706282965,0.4053738583269419,0.0061479648947716,5.814814936486743,3093.701957120534,0.0333022046318816,1898.296870108045,0.0258115727237894,-0.4615925055209097,-0.3997498798235562,14.091922604323202,0.0049383333333333,2.151620095069564,0.0,0.0026237707247147,0.2242938431400465,4.992347630715253,0.4693477008996742,0.0004376865509717,0.0047623727760797,0.9947668134384224,2272.783596457147,5.10362033556965,83096.83076710503,1.8168976824031093e-14,36.64723276493321,30.94191976426677,1.4837501030273534,0.0076301615798922,-1.1046726924056278,0.6856217717794101,0.1743279560261181,0.0042192262411117,22,0.0740490545085053,1
"MATLAB 12-04 PM Thu, Nov 7, 2024 Run0 .csv",2,"MATLAB 12-04 PM Thu, Nov 7, 2024 Run0 .csv","MATLAB 12-04 PM Thu, Nov 7, 2024 Run0 .csv",5.633234971408024,2545.53999767628,0.289777408929829,1185.196240739115,0.0679438595277998,0.5279816931265888,0.5853617760282981,-2.2303119067894444,9.5e-05,0.1080182861981405,0.1052631578947368,2.334393341745036,251.69059878737968,34.645080672861134,0.0648370827083393,8.701201310366623e-12,0.0003667129449156,0.0040314521738401,0.9954611523522416,801.4538682421125,4.174799972082886,483667.3141270217,13.427097600002291,0.8966438937258422,0.2045226807274639,1.0,0.6574816811696729,-0.3531633661587127,-1.6186300689507465,0.0640170317888259,5.834152494788426,2173.2808389957936,0.0799861434071805,1204.667893235441,0.0679766728188889,0.5256933047005488,0.5854984517742239,-1.8854246542456536,9.5e-05,0.1479253876044357,0.1052631578947368,1.316589818373717,185.6107540964575,33.884208480072594,0.0648683955905197,0.0005457658179767,0.0102448870911128,0.9871552500828236,1808.7524311110385,3.463441115871929,398031.11975168926,3.694071425113625e-12,17.65914871980288,1.503753946961785,0.0734982670347565,1.0,1.8832774077396783,-0.486340602287847,-1.2995893993359693,0.0685758394002913,0,-0.5572220717920899,3
"MATLAB 12-14 PM Thu, Nov 7, 2024 Run2 .csv",2,"MATLAB 12-14 PM Thu, Nov 7, 2024 Run2 .csv","MATLAB 12-14 PM Thu, Nov 7, 2024 Run2 .csv",5.614784529593889,2454.359436318998,0.3022765219074509,1202.416111942047,0.0058942960964242,0.033529463595176,0.0972666901210995,-1.402658860130238,0.000215,0.1050306658014346,0.0,1.4119998315005238,137.3181139610614,26.516953025981664,0.0105506133745539,1.973335531215693e-11,0.0006047235594236,0.0016303504464308,0.9975987578280582,-299.6354328972443,4.087427560077612,692154.9809441007,27.19899014426253,0.9730044159783748,0.428997849829168,1.0,5.646533159881145,-0.0320166141033955,-1.423800712601094,0.0684266099333762,5.85364328116581,2182.041654331767,0.0820283114583758,1194.739861584424,0.0059943197551907,0.0308089195501898,0.0970717846821069,-1.0627442311575823,0.00038,0.1442306801393074,0.0,1.6459020863073373,103.62177816302894,24.2230069287148,0.0107296527262746,0.0006764223233298,0.003323794217811,0.9938837985223508,1469.324361782934,3.648941893783101,461068.2145963924,9.031220111130092e-12,34.19959372439026,1.462001470179458,0.1929146903020892,1.0,3.871227507884985,-0.2675212227701559,-1.4397220934581534,0.0665640527009964,0,-0.5577332987466158,3
"MATLAB 12-21 PM Thu, Nov 7, 2024 Run3 .csv",2,"MATLAB 12-21 PM Thu, Nov 7, 2024 Run3 .csv","MATLAB 12-21 PM Thu, Nov 7, 2024 Run3 .csv",5.697376391439709,2472.265856794587,0.2983746322613317,1211.553789075104,0.0011118502313162,0.0633188535167839,0.1248935692269122,-1.533942545861946,0.00021,0.1008479972460463,0.0,1.7421972748490453,160.5154346753563,28.63936086288706,0.0018663229489191,1.5388183725025128e-11,0.0003030994240202,0.0008673622764374,0.9986308301314424,1294.7161387373471,4.119732201521848,416407.54075180495,12.28881109868756,0.2135778187605737,0.1582111350485007,1.0,3.631205230077205,-0.0372009323209565,-1.291221043998131,0.0833840930461883,5.793480354196829,2208.130025836805,0.0336225309285015,1159.9802434213834,0.0018227618965375,0.060105791605173,0.1237644501175221,-1.2009895898888798,0.00025,0.1390580896881276,0.0,1.6628285408394772,111.45851549730916,23.273823844602312,0.0030590631518099,0.0002782340182057,0.0013414443741704,0.996565296238196,3581.7521619558165,3.596354375762868,323348.9431741909,1.0429140608327598e-11,15.596130073071238,0.263488797185407,0.0636346881983215,1.0,1.8543576480884132,-0.1678133113151226,-1.4517225466742183,0.0554587459564208,0,-0.4343225616949029,3
"MATLAB 12-25 PM Fri, Sep 6, 2024 Run0 .csv",2,"MATLAB 12-25 PM Fri, Sep 6, 2024 Run0 .csv","MATLAB 12-25 PM Fri, Sep 6, 2024 Run0 .csv",5.785486945087604,2732.2210378594027,0.2205207179520062,1002.0438479612534,0.0483084374065205,-0.3411748279449897,-0.2621234822353657,1.9526817351161672,0.0044,0.0990554250080227,0.0192307692307692,-0.8323272617453195,51.9082699922381,16.84846772020625,0.2485352879969062,2.298990153126463e-11,0.0001185112246433,4.4495918512113536e-05,0.9984877224119204,6403.515464496896,3.0327716674678924,591086.6522900857,14.457604260104818,0.1030643557124238,0.2606022753424782,1.0,-0.3753638826959122,-2.44342012204029,5.711909899180322,0.0158261945843697,6.138582997222975,2936.6285088635327,-0.0881849458412788,1103.8372158846362,0.048387738815409,-0.3447400753847485,-0.2638815500583084,2.2826511169465524,0.00286,2.1368412652090507,0.5576923076923077,0.5060044261947395,58.64528041463712,19.03065561439087,0.2489181643907828,8.287990366583977e-05,3.81301716168922e-06,0.9992602131467626,12056.72507988958,3.1145739858322714,786884.8085221677,4.1163577354017586e-11,19.96672087444367,0.1374867750264582,0.3938568973909102,0.4,-0.1528722918244029,-0.4975981891343415,-0.8728106573071202,0.1183060371875763,0,0.6749739711353322,4
"MATLAB 12-26 PM Thu, Nov 7, 2024 Run4 .csv",2,"MATLAB 12-26 PM Thu, Nov 7, 2024 Run4 .csv","MATLAB 12-26 PM Thu, Nov 7, 2024 Run4 .csv",5.735299003756472,2467.649790672325,0.2965126128013683,1220.258636267303,0.0015070718060654,-0.0283270930767215,0.0321375002394539,-1.3518215089582792,0.00019,0.0984579009286815,0.0,2.696157161475253,157.56411204164976,28.08132995540988,0.0029651527029177,1.5313770389705788e-11,0.0002551939104191,0.0006316107236657,0.9988455809663138,1885.0788663962617,4.352566655261935,475465.7145901479,13.38886706048054,0.1659298494444424,0.1662579154091102,1.0,-0.3775535869536179,-0.5475390516717042,-1.2374558351798906,0.0741321873664855,5.758670529777054,2210.776427367787,0.0209215542001972,1143.5329375991214,0.0016816456503355,-0.0319983794833896,0.0302031161752466,-1.022846651842121,0.00023,0.1361023237160249,0.0,1.2466427372722473,99.1885919556186,20.9775354755052,0.0033086254585708,0.000258885324892,0.000843088801706,0.9977108079766676,3853.871625951725,3.844766206366169,429465.7922329437,1.1430219956311654e-11,16.889536623579822,0.1771117106737391,0.0696714602910619,1.0,-0.1552822717953417,0.5613363742903207,-1.2412674430040105,0.0311200463771819,0,-0.4882260341856351,3
"MATLAB 12-28 PM Thu, Nov 7, 2024 Run5 .csv",2,"MATLAB 12-28 PM Thu, Nov 7, 2024 Run5 .csv","MATLAB 12-28 PM Thu, Nov 7, 2024 Run5 .csv",5.806787933916547,2468.5090856964634,0.3140875125090975,1230.3655050217958,0.0013556456518569,-0.0657789776782817,-0.0059795515340652,-1.1652407313831792,0.000265,0.096665328690658,0.0,2.872215256125452,139.94854980029885,27.03756278431073,0.0028604240487195,1.4830490736530895e-11,0.0004441002232764,0.0006267492846357,0.998629800311596,197.94326214879905,3.9203621839458345,734128.267644492,29.410982530682634,0.329769393933124,0.4444217145163567,1.0,2.615877300273265,-0.649401976816722,-0.7642730499540549,0.0537886288762092,5.812782589692128,2231.881099660107,0.0394279255520666,1158.4523925500946,0.0018305523939126,-0.0696339477002868,-0.0076428843071363,-0.839249448409702,0.00031,0.1338854992369479,0.0,1.5515109906658475,94.7459914854283,20.424363199311944,0.0038618652700147,0.0004221731761442,0.0007806715859135,0.9969696443216144,2361.518212566128,3.539715411086882,535323.9080674739,1.1879554846495856e-11,37.08441740490044,0.3269339711598204,0.1847843354921435,1.0,1.837487788291842,-0.3504102946125796,-1.5516152986774348,0.0378919157385826,0,-0.458008321392173,3
"MATLAB 12-29 PM Fri, Sep 6, 2024 Run2 .csv",2,"MATLAB 12-29 PM Fri, Sep 6, 2024 Run2 .csv","MATLAB 12-29 PM Fri, Sep 6, 2024 Run2 .csv",5.795777136564452,2716.9772531935914,0.2169141055262674,1012.299874035424,0.0247264688722671,-0.206748063539866,-0.1480685686736856,-0.2696914711679481,0.00029,0.0960678046113168,0.0333333333333333,-0.8508425559042403,86.24652508530247,18.72413384494597,0.074030579689492,1.2590734196367019e-11,7.865778051441165e-05,3.965703790311978e-05,0.9984419526496436,10635.534160136884,3.541757306307382,433970.79710630106,9.218417597526503,0.0618446395605732,0.1587472651827304,1.0,0.6136875960155594,0.0196063579424584,-0.9866147622538524,0.012839195728302,6.091700865714515,2950.8145080972604,-0.1002673972559537,1115.1262046871627,0.024749050573085,-0.2107650744416904,-0.1504582176862637,0.0553052870913024,0.00063,1.133146557743922,0.1666666666666666,0.2908710260867096,99.74667998402823,20.97430731006526,0.0740981888742308,6.747508909923586e-05,4.271489248222088e-06,0.999418260590564,14811.662702967553,3.21650045804849,607180.3981208093,2.5107635167560903e-11,12.790199562475255,0.0886183580672765,0.2686805648787193,0.7407407407407407,0.8350778083209032,-0.7014563048969435,-0.9123910614051014,0.0858205974102019,0,0.3835690675520283,4
"MATLAB 12-29 PM Fri, Sep 6, 2024 Run3 .csv",2,"MATLAB 12-29 PM Fri, Sep 6, 2024 Run3 .csv","MATLAB 12-29 PM Fri, Sep 6, 2024 Run3 .csv",5.827929995443653,2703.90370478398,0.2221897183090064,1026.2420980446077,0.0079542317456102,-0.2788707170767158,-0.2207575858757832,0.5258462887968562,0.00037,0.0954702805319756,0.0,-0.82259450797807,69.02146259160165,16.7470776820432,0.0302532431665032,1.8191676776401183e-11,7.279933883676815e-05,4.3282194174809386e-05,0.998823990406639,11655.032910921796,3.2725136404424884,455750.8217320698,12.121474198682758,0.0800647385232084,0.2029434807282398,1.0,1.6114978917578535,-0.5850595885076192,0.7546600628621425,0.0092446771264076,6.091336450186704,2952.534234053535,-0.1015319864892673,1118.003065292533,0.0079190821792387,-0.2830011861293326,-0.2229735511288652,0.8498485223418792,0.00096,1.1324076162508967,0.0789473684210526,-0.1974712341191155,71.47749631731104,18.98523163712317,0.030122651241497,6.10197663258788e-05,4.151135931899622e-06,0.9995431340507338,16380.645063644277,3.151055802330679,669997.0912398531,4.2125993089227366e-11,16.98046042656373,0.1174010505930182,0.3555138473179917,0.8157894736842105,1.8326678283499644,-0.1674324620590211,-1.1938513863505742,0.095639382302761,0,0.3741911799517657,4
"MATLAB 12-47 PM Thu, Nov 7, 2024 Run6 .csv",2,"MATLAB 12-47 PM Thu, Nov 7, 2024 Run6 .csv","MATLAB 12-47 PM Thu, Nov 7, 2024 Run6 .csv",5.899154286286931,2528.130251774044,0.2966746370067183,1277.947955629359,0.0008475163847737,-0.1838171661026446,-0.1287708795067487,-0.6501588062836676,0.0003,0.0853123711831753,0.0,3.647505768483824,126.69976200533875,25.526468141877164,0.002256017571065,1.2926960779051628e-11,0.0002455309865187,0.0002815503524355,0.9990208180570956,1880.4845086105788,3.945590696491009,454381.7023419276,14.788310925636411,0.1064001441320268,0.1851065719300963,1.0,1.5742729193768572,-0.3762773960542808,-1.2535520995266265,0.0588886141777038,5.621279368852726,2318.2223461105405,-0.0107244086938997,1119.5393922866958,0.000997489451218,-0.1894553218480015,-0.1332842208029281,-0.3430634928805038,0.00028,0.1198456108694601,0.0,1.9429882609027207,63.16757391240516,17.392466646413105,0.0026556955215318,0.0003116201588372,0.0002263161396801,0.998446460621549,3204.0496492489947,3.154433697857512,477089.6884725351,1.8131206009991125e-11,17.52968741305133,0.0899712999993594,0.0957614974214731,1.0,3.7916981688440057,0.0138890190652595,-0.8630069906319866,0.0149695307016372,0,-0.7813808611647152,3
"MATLAB 12-54 PM Thu, Nov 7, 2024 Run7 .csv",2,"MATLAB 12-54 PM Thu, Nov 7, 2024 Run7 .csv","MATLAB 12-54 PM Thu, Nov 7, 2024 Run7 .csv",5.869557991825364,2465.2865727818844,0.285761172957808,1319.3281242627668,0.0008652002238134,-0.2163905315752467,-0.1624659658160119,-0.3724770092047964,0.0003,0.0823247507864695,0.0,2.6735787626682246,101.11670851898228,23.23803084324533,0.0024840661055965,1.3023044314531756e-11,0.0002131219653991,0.0002295692242619,0.9990446480169932,2463.117889335586,2.963604117978609,459600.7376529009,8.68097245770123,0.0503013765150701,0.0915564966082397,1.0,0.5633243980883289,0.0083401856498451,-1.0340562509973512,0.0454354733228684,5.529402304699866,2287.254751909458,-0.0312540312098187,1163.7041014097051,0.0007337352015706,-0.2224811726098626,-0.1677608883016217,-0.0703543193727678,0.00028,0.1161509034043317,0.0,1.577152018864144,59.27669176194254,16.256381865405437,0.002107136990991,0.0002800095243098,0.0001586519286186,0.9984556925567872,3565.791895892779,2.5377249955526398,409900.449399362,1.8991279954347278e-11,10.267595020956245,0.0415996531364907,0.0508058599961892,1.0,-0.2203517310106881,0.3694601954287114,-0.6509718091932597,0.0084407013654708,0,-0.5875198754205649,3
"MATLAB 2-02 PM Tue, Oct 29, 2024 Run17 .csv",2,"MATLAB 2-02 PM Tue, Oct 29, 2024 Run17 .csv","MATLAB 2-02 PM Tue, Oct 29, 2024 Run17 .csv",5.655419155609541,2145.87485406047,0.2699041108497911,1283.1040402640926,0.009571127928334,-0.1234166307996106,-0.0763731903744573,-1.2306391417555664,0.00043,0.074556937755034,0.0,-1.1126268497516336,110.68075482529468,22.47989703026896,0.0210444812126721,3.168328311837472e-11,0.0014907767205381,0.0001176259775226,0.9979674213245202,-1649.2800967671697,3.478990428651341,815564.5217380417,39.30080651133743,0.1969910304262077,0.8950737163226411,1.0,2.534858242738155,0.0640964692812865,-0.7279663995806911,0.0263890385627746,5.86420994873774,2560.6807413668307,-0.0123376960446255,1191.0847597941645,0.0105262955808338,-0.1306916737856245,-0.0826102239504864,-0.941445273208489,0.00034,0.1065446639949979,0.0,0.043928001718322,72.16546000736304,18.052022674956557,0.023152110728618,0.0015390855956001,2.245873071540685e-05,0.9980686013412357,648.481542673431,3.0970822735740766,967643.146004664,2.255973642291843e-11,32.11005198346928,0.1401977423049506,0.584564680056725,1.0,3.748318529367108,0.1247920750195806,-1.4786539669388088,0.0629023888707161,1,0.2808754363702641,4
"MATLAB 2-03 PM Thu, Oct 24, 2024 Run1 .csv",2,"MATLAB 2-03 PM Thu, Oct 24, 2024 Run1 .csv","MATLAB 2-03 PM Thu, Oct 24, 2024 Run1 .csv",5.869338087854204,2823.269576607613,0.3528520555564776,1136.0180320343231,0.0033576185905083,-0.4406271435922614,-0.389162207362356,3.764915621985319,0.00155,0.0739594136756928,0.0,0.7524926695453762,37.48656572192233,13.44113515173637,0.0242191325445391,2.184835509879543e-12,0.0015218948771327,0.0076467984294093,0.990506813406998,-1675.113100758974,4.620153497407537,723920.0890948593,13.321339186205051,1.5890375950139324,0.4666912580427277,1.0,3.5326685384804493,-0.0843338457322108,-1.602542066320037,0.0363446840643883,6.123406726467122,2644.544982082599,0.1535861125610877,1164.345873186067,0.0032011636563909,-0.4478421060742871,-0.3960255571795266,4.053114965818169,0.001025,0.1058057225019722,0.0,0.1249392698934928,32.097299289938576,14.037070333852707,0.0230905937648971,0.0022364469734534,0.0147932959130897,0.9785314679247856,437.53841675655286,4.18176829860142,531045.7942295626,1.3904425667956109e-12,17.219893567006707,2.5715391401256382,0.2291901417492677,1.0,1.7459085493961692,-0.6419302104765915,-0.6864368501900158,0.0281071853637695,1,-0.2238943422414745,4
"MATLAB 2-09 PM Tue, Oct 22, 2024 Run3 .csv",2,"MATLAB 2-09 PM Tue, Oct 22, 2024 Run3 .csv","MATLAB 2-09 PM Tue, Oct 22, 2024 Run3 .csv",5.107882720283426,1931.3672158088689,0.2255164828588305,1365.8887808485915,0.0013331216130328,-0.5337247030543009,-0.4860413972214527,14.082432204385556,0.0028666666666666,2.06738664880294,0.0,0.2492811716048383,7.636304770666625,8.199651610368965,0.0233936383133376,4.754791568571228e-12,0.0003395982082447,0.0010405367977001,0.9984662174004167,534.5153988992997,4.235907523169045,533476.7880330691,245.7518581111327,4.861989451472989,0.7288039096686642,0.0112002036400661,-0.491418208354313,0.0199707635009673,-1.2314798251607575,0.0282266974449157,4.170336376401265,1380.8259142255508,-0.0989225752191937,1266.2534918777462,0.0045612773466277,-0.5415635254782154,-0.4942942256540799,14.25969144293859,0.0049466666666666,2.09767736607869,0.0,0.3361444347728642,2.666123886191535,6.84200293763552,0.0795848544751245,0.000446403458294,0.0015392061795179,0.9962540781570376,2231.7346777830494,3.77449119013937,507752.3131672092,4.471662117156666e-12,423.72911894318105,8.520669311636308,0.3342014016066163,0.0109037146553317,-0.2806012302841569,0.1497129277264285,-0.9822589135087356,0.0251836371421813,3,-0.2094690831803169,0
"MATLAB 2-11 PM Tue, Oct 22, 2024 Run4 .csv",2,"MATLAB 2-11 PM Tue, Oct 22, 2024 Run4 .csv","MATLAB 2-11 PM Tue, Oct 22, 2024 Run4 .csv",5.40709291028811,2149.9621699300264,0.2489825292911821,1336.2178230673962,0.0005040112739018,-0.5332702711608017,-0.4862084490239869,13.102628265220236,0.0022,2.065594076564916,0.0,0.3847624547531564,10.111019823364735,8.269523113922272,0.0083220419025685,4.513248587207774e-12,0.0002320910398039,0.0009513288915109,0.9986431424317368,1875.4542714265217,4.129557006177679,545668.1391749623,26.900366195279027,0.43054348556562,0.1212611235647896,0.1728395061728395,-1.4979873211274302,-0.2778628266078627,-1.4712848838800674,0.0271594417095184,4.812557105888871,1658.6305069852945,-0.0434681357885767,1321.7146726106364,0.0002039321951195,-0.5416952693758766,-0.4950402261707176,13.376904263053907,0.00254,2.095460541599613,0.0,0.5402363879263868,3.9627900673511034,7.622567244377842,0.0033672506170924,0.0003292187343097,0.0015096255853923,0.995894230677998,3025.022961606622,3.6711826974215,423760.032276027,2.429605279534541e-12,43.63723704050856,0.6975282386356582,0.0553634247940759,0.1728395061728395,-1.2878311701969731,-0.4295431085590254,-1.019015583293185,0.0259974116086959,1,-0.5901969546334134,0
"MATLAB 2-13 PM Thu, Oct 31, 2024 Run7 .csv",2,"MATLAB 2-13 PM Thu, Oct 31, 2024 Run7 .csv","MATLAB 2-13 PM Thu, Oct 31, 2024 Run7 .csv",5.693990716356767,2522.7005068568697,0.2147835653450098,1367.02532710365,0.0111901901903537,-0.5309964412188508,-0.4875535353610203,11.480695090562394,0.00235,2.0626064561682105,0.0333333333333333,-0.4737042761025545,14.87430728020182,12.434664393009491,0.1644615425743917,2.1279342918350438e-11,5.244030009359948e-05,3.925253402650797e-05,0.998341827061143,16574.114568059944,4.499007667650253,338086.98592231027,5.388255406513214,0.0240934921602982,0.0530865761107451,0.1358024691358024,-1.5089358424159585,4.43944234703983,20.036359514609977,0.0082175800204276,6.004796354580255,2996.6226388071977,-0.0630097680737501,1119.7601675229762,0.0122496620728641,-0.5397432502253834,-0.4973168936971091,11.749998464824932,0.00335,2.0917658341344847,0.0,0.2348978785995231,10.661904019871043,8.525429062791519,0.1797410445394738,7.750084117393286e-05,4.161227405281453e-06,0.9981906651546036,12879.739755525923,4.883745881421698,405373.3973671374,1.2911662694790962e-11,3.449796911372664,0.0222722252754181,0.0762050543713021,0.1612903225806451,-1.299881070051667,0.9156703675307704,1.768993249098246,0.0174384832382201,1,0.5909843959909761,1
"MATLAB 2-14 PM Tue, Oct 22, 2024 Run5 .csv",2,"MATLAB 2-14 PM Tue, Oct 22, 2024 Run5 .csv","MATLAB 2-14 PM Tue, Oct 22, 2024 Run5 .csv",5.642366668346494,2378.9338591328724,0.2736376748901828,1250.3943287904117,0.0006816512573715,-0.5405882244135679,-0.4953315698894182,13.472704743203192,0.0026,2.061411408009528,0.0,0.5514179318402405,13.406740178865892,9.0382496020527,0.0112611462339784,4.871714522818848e-12,0.0001321210484759,0.0008653541442494,0.998750801881478,5081.306913747308,4.30626347531559,517946.4393501363,3.028505691595468,0.0487451242989726,0.025287710282162,0.125,-1.51331525093137,-0.1341545235682092,-1.0678414340820803,0.0237694108486175,5.688138769757296,2123.032328522576,0.04641544177411,1296.573368396591,0.0007791973026286,-0.5496182404951672,-0.5050475607016223,13.740019068037276,0.0026,2.090287951148433,0.0,0.680689891107435,6.92473244549133,7.600445386895607,0.0128726451761535,0.0002030220358437,0.0015305228106736,0.9953987544433788,4902.909924562953,3.9949528239886303,561021.9234408127,2.252721322476783e-12,4.074470323277429,0.0696739820434779,0.0125429175966325,0.125,-1.3047010299935446,-0.5018877488372478,-1.1628670721462449,0.0198152315616607,0,-0.7374951825299614,0
"MATLAB 2-15 PM Thu, Oct 31, 2024 Run8 .csv",2,"MATLAB 2-15 PM Thu, Oct 31, 2024 Run8 .csv","MATLAB 2-15 PM Thu, Oct 31, 2024 Run8 .csv",5.688003020896299,2394.8555545578524,0.2260173834389261,1332.2846970273024,0.0282452158924339,-0.5278269680379171,-0.4899705871616643,9.866802334520878,0.00346,2.060813883930187,0.0746268656716417,-0.5458486136672988,28.440406959628135,16.868081005094375,0.3799804831942123,6.664297284883307e-11,8.304639621272919e-05,4.7880386530465095e-05,0.9987547588995366,9541.169294317911,4.532403859967057,368492.9999509084,15.772335971865983,0.0648658521739075,0.1391580804515084,0.0959595959595959,-0.5155049551890756,4.182474560810055,17.42777203046129,0.0101806944608688,6.018185297350783,2895.137652453473,-0.0484565150710897,1132.619645709471,0.0283468927358705,-0.5369903849402337,-0.5000128942117653,10.133122134640734,0.00368,2.0895490096554075,0.0298507462686567,0.3710965516288209,15.866341132805442,12.854218500935213,0.3815894515946801,0.0001110708458762,5.04114738188064e-06,0.998796984051354,8992.431597795914,4.826052146353106,454501.09802193823,2.305492234514448e-11,9.930739245576223,0.0578717172868714,0.1889142685982666,0.116591928251121,-0.3071110099644834,3.129310163913425,11.596023713703287,0.0260073709487914,1,0.7079495768191361,1
"MATLAB 2-16 PM Thu, Oct 31, 2024 Run9 .csv",2,"MATLAB 2-16 PM Thu, Oct 31, 2024 Run9 .csv","MATLAB 2-16 PM Thu, Oct 31, 2024 Run9 .csv",5.658834203076758,2386.8530218079973,0.2334310169192302,1326.1078402337864,0.02306738838607,-0.5291561469040661,-0.4902096044292466,9.96213158879937,0.00384,2.0602163598508456,0.0518518518518518,-0.5112069268928544,28.39064179016928,20.331036729330787,0.3115320980094499,6.014617880766875e-11,0.0004417424313377,4.533864304075973e-05,0.9983521479057204,-232.50866728871915,4.534890870418234,384769.1894891822,64.29156644168539,0.2718968221814088,0.7405267885255122,0.0267909143855562,1.4823053405532187,4.083028602124857,16.114707671444442,0.0095922902226448,6.016646508924589,2903.0916295723378,-0.0302751587186844,1134.177411891888,0.0227223393245395,-0.5383590252332437,-0.5002782277175141,10.227456864204996,0.004705,2.088810068162382,0.0148148148148148,0.3419601675761967,15.871183148090246,14.474340879965627,0.3068721054582465,0.0005480856421523,5.825617586123613e-06,0.9983161607128834,1821.4601586579015,4.872463546378975,474425.774683944,2.2664646975957178e-11,39.14522305306436,0.2279929603658289,0.8217406837204587,0.0252067743205986,2.690479010064578,3.1442107901648617,12.44211687445805,0.0230012565851211,9,0.7725564045968166,1
"MATLAB 2-21 PM Mon, Oct 28, 2024 Run4 .csv",2,"MATLAB 2-21 PM Mon, Oct 28, 2024 Run4 .csv","MATLAB 2-21 PM Mon, Oct 28, 2024 Run4 .csv",5.846054482182057,2381.392994755526,0.2771982624386728,1362.1491575553855,0.001621992278649,-0.4736981302243163,-0.4312997771572728,3.617433675335847,0.00091,0.0542411190574335,0.0,-0.1103110686380986,36.01353335304902,13.214492193546867,0.011593006823844,7.702336394725696e-12,0.0001771535472747,0.0001395839711365,0.999046391837726,3074.466339229218,3.427496283937635,469074.047734511,18.14099320210909,0.0900540371364672,0.1439544311444245,1.0,1.460408297976162,0.2639304064627085,-1.3973927844424032,0.0171882146596908,5.902855059165433,2600.819522812403,-0.0224325689649577,1191.9308821977077,0.0009833830646622,-0.4837765873970099,-0.4423315628247508,3.872813703599206,0.00125,0.0814206532321251,0.0,-0.1952878945960664,26.82929766994211,11.941118178739815,0.0070291856006627,0.0001605296755258,3.167722596228119e-05,0.9990959409186584,6223.7460933371885,3.2763991716988823,635802.1198062539,8.022167530199208e-12,17.109623678777734,0.0578741036667958,0.1730308953109896,1.0,0.6663792103551904,0.0239925301826855,-1.448883872567869,0.054986480474472,0,-0.6428059809509541,4
"MATLAB 2-21 PM Thu, Oct 24, 2024 Run5 .csv",2,"MATLAB 2-21 PM Thu, Oct 24, 2024 Run5 .csv","MATLAB 2-21 PM Thu, Oct 24, 2024 Run5 .csv",5.7666341559552965,2298.288559377041,0.3050066377153184,1282.620053483727,0.0010347063747936,-0.4051280026150445,-0.3630887944859792,1.4131414443502095,0.0005,0.0536435949780924,0.0,0.4980958670917417,48.07940418926346,15.657348830437437,0.0049384087508054,7.216835822748337e-12,0.0003276337967387,0.0009161823231886,0.998489386713049,475.3631034081768,3.1458277482083994,530214.8363854295,4.364861315347261,0.0519931049944687,0.0381574289677088,1.0,-1.5417814062815436,1.445933197273679,0.1841403665692467,0.0025052559375762,5.729374423060495,2176.873992064192,0.0493072525265886,1257.398068934232,9.162456938076112e-05,-0.4152816233059035,-0.3744468963912054,1.6675269478993415,0.00045,0.0806817117390994,0.0,0.3467579588571269,39.97020786981719,14.150120325363329,0.0004373023944198,0.0002154137141918,0.0010110262932619,0.9968013813485777,4627.381246771165,2.9345833288063035,455460.3271366975,8.12928981174629e-12,6.172022142709812,0.0629978649066075,0.0270451240128225,1.0,-1.3360307696157483,-0.1775345966642617,-1.0196075387896852,0.0306227219104767,0,0.0664238504344449,4
"MATLAB 2-23 PM Mon, Oct 28, 2024 Run5 .csv",2,"MATLAB 2-23 PM Mon, Oct 28, 2024 Run5 .csv","MATLAB 2-23 PM Mon, Oct 28, 2024 Run5 .csv",5.808875743186828,2388.917818728685,0.2676818207509205,1366.9033968913432,0.0022720842534458,-0.4763934171285333,-0.4350668289574527,3.404300969475934,0.0007,0.05244854681941,0.0,-0.0577929801563956,34.75945538088026,13.275643211059451,0.0161900325153294,8.16729936457974e-12,0.0001368487343194,0.0001208024943843,0.999360949735549,4715.968081847246,3.3053937617640026,443609.2267696911,3.792441091305456,0.0184412911601397,0.0296392956679611,1.0,-1.546160814796955,0.6717486841275998,-1.078777040929452,0.0111377549171447,5.857957118301485,2604.848364277865,-0.036007820295606,1197.1072339026969,8.42650087705136e-05,-0.4869045154514226,-0.4466775633385288,3.656697423596612,0.0011,0.0792038287530481,0.0,-0.2845407354736483,25.65042610623406,11.141680389137116,0.0006012322255693,0.000105333240035,2.6183847474755093e-05,0.9993319299525196,9487.336852259274,3.192301434625692,610383.1301408163,8.275694024671004e-12,3.5625214906253664,0.0120125938508863,0.0367500149398561,1.0,-1.340850729557626,-0.0949360699270887,-1.5302457435195955,0.044686273932457,0,-0.2254227464561903,4
"MATLAB 2-23 PM Thu, Oct 31, 2024 Run10 .csv",2,"MATLAB 2-23 PM Thu, Oct 31, 2024 Run10 .csv","MATLAB 2-23 PM Thu, Oct 31, 2024 Run10 .csv",5.628690670124516,2436.755647275008,0.2037787773529354,1321.692361220752,0.0169870380124732,-0.5409334747869479,-0.5027558461651597,9.499611717855055,0.00282,2.0518510227400686,0.0229007633587786,-0.5822447169562244,24.07848531121009,16.856962029507333,0.2210724633426695,5.476743535104392e-11,7.928706963285837e-05,3.244981336114108e-05,0.9986101784461086,10000.924507937278,4.575856514814411,333787.33205258567,28.287462549727454,0.1189943118601438,0.2829205882018628,0.0339321357285429,0.4516494809453393,5.894468643388947,35.10002808256907,0.0094594454765319,5.957366949752738,3023.8707554244925,-0.0643072717748017,1099.364746578547,0.0173191596217258,-0.551352542695323,-0.5147928967835685,9.751013647261509,0.00361,2.078464887260022,0.0076335877862595,0.3142726287571539,14.57933157755836,15.61425243509608,0.225412808267405,0.0001073660679464,3.2952179029411656e-06,0.9986172677683708,9301.050945317906,4.829314824286705,402857.4863760362,1.4560760207125875e-11,15.569659118541464,0.100736590898252,0.3808738434278108,0.0434353405725567,1.6567392904714353,5.211344882736067,39.03849550319939,0.0159259486198425,2,0.6819940565086642,1
"MATLAB 2-23 PM Tue, Oct 22, 2024 Run6 .csv",2,"MATLAB 2-23 PM Tue, Oct 22, 2024 Run6 .csv","MATLAB 2-23 PM Tue, Oct 22, 2024 Run6 .csv",5.4961429927712135,2220.2165813062074,0.2652423621825434,1297.878658259242,0.00068924559303,-0.5580123129754635,-0.5169448634205005,12.845092729142126,0.002875,2.051253498660728,0.0,0.7535795545256976,12.11452853862036,9.659277237077726,0.0113360488353986,5.8460541192061076e-12,0.0004662918385371,0.0004740930545662,0.99883395146302,-459.1075712844631,4.297815297724537,503319.0788918342,85.78090548786108,0.5778667170468268,0.618342410521301,0.0897226753670473,-1.5505402233123664,-0.3816495374247706,-1.165007728312674,0.0316694164276123,5.273927395088963,1898.783031387475,-0.0019023045517777,1291.4291836140387,0.0011795249035478,-0.5685116581614793,-0.5288082302771576,13.09550013383435,0.003275,2.0777259457669968,0.0,0.2912905210783287,4.663660595849386,6.902891707566548,0.0193996915532021,0.0004603924532771,0.0006391598684376,0.9973733182887232,2166.354620257659,3.9964214909213904,495411.19678837486,3.399740840117935e-12,121.88744542385264,0.6635489627277494,0.2778658073193362,0.0897226753670473,-1.3456706894995034,0.519690827873401,-0.2516796875925871,0.0119422125816345,0,-0.5726712697886048,0
"MATLAB 2-25 PM Mon, Oct 28, 2024 Run6 .csv",2,"MATLAB 2-25 PM Mon, Oct 28, 2024 Run6 .csv","MATLAB 2-25 PM Mon, Oct 28, 2024 Run6 .csv",5.4344201565190815,2174.2251617774828,0.255647480045959,1268.1242680341184,0.0739032280111851,-0.1509741089251922,-0.0877119156013034,-1.4183782561768088,0.00273,0.049460926422704,0.0454545454545454,0.1637628043540122,114.73381192581962,22.18083657058465,0.156919757902634,5.3973340262141496e-11,0.0002688945905462,0.0001842710534062,0.9991555233310092,1092.8731679230905,3.9646952853519055,574801.1810926388,17.98222743164619,0.1161336701024912,0.1676642116330956,1.0,0.4428906639145165,-3.381746863251154,11.983080603865336,0.0219601842761039,6.084395186673635,2690.896370366936,0.0187303643629528,1115.8774293436738,0.0738942809167143,-0.1616946522445142,-0.0994542311746395,-1.170954425627266,0.00345,0.0755091212879197,0.0454545454545454,-0.156384135011235,96.44231231706708,22.096946325917525,0.1568880700257384,0.0002079690663824,4.4348206394647415e-05,0.9992351813632148,4804.729851148117,3.811597894624381,778232.1830626648,1.54398057969673e-11,11.136766788945168,0.0579021389868735,0.1674937680538128,1.0,0.6470993705876804,-0.55690531103525,0.5536142839410818,0.0832045036554336,0,0.710893323072592,4
"MATLAB 2-25 PM Thu, Oct 24, 2024 Run6 .csv",2,"MATLAB 2-25 PM Thu, Oct 24, 2024 Run6 .csv","MATLAB 2-25 PM Thu, Oct 24, 2024 Run6 .csv",5.503517727354359,2088.460727267922,0.2689894080169135,1294.2542138248332,0.0440813292710914,-0.5112893403146934,-0.4755009325275343,4.877554529615187,0.0009,2.048863402343363,0.0588235294117647,1.1454143628008733,29.01896326838405,16.319496794473075,0.3946845377517579,3.784313790028061e-11,0.0002424044887885,0.0006383683367011,0.9989469458031912,1490.8332139364402,2.971674622541944,510526.4323670247,10.67056578004526,0.0786521463173048,0.0659833943622338,0.3214285714285714,-1.559299040343189,1.6768214953056992,3.8583025322398807,0.0205419421195984,5.35032697493931,1892.877175772869,0.0031041055889685,1238.518071267412,0.0443292400110248,-0.5222406599957721,-0.4878695643361588,5.123983835450503,0.0019,2.074770179794894,0.0,0.528535238143483,17.16892192462885,11.44243048007258,0.3972821603119028,0.0001652978826339,0.0006811569318786,0.998137217010016,6038.415018419928,2.828416007028564,445530.1801781205,2.308872561490197e-11,15.007015093042073,0.079445485856801,0.0320907779554877,0.3666666666666666,-1.3553106093832583,0.0145710617261786,-0.4914771525191543,0.0273676240444183,0,0.3476848193808796,1
"MATLAB 2-26 PM Thu, Oct 31, 2024 Run11 .csv",2,"MATLAB 2-26 PM Thu, Oct 31, 2024 Run11 .csv","MATLAB 2-26 PM Thu, Oct 31, 2024 Run11 .csv",5.617011152248874,2422.092590694138,0.2098017291352771,1296.207312035718,0.0186305333337313,-0.5508039012715936,-0.5033679843057772,9.563850791366836,0.0048,2.0470708301053397,0.0,-0.3662047360496638,7.033749933242671,8.255095385992995,0.2474324917504649,3.790767007063716e-11,6.792649505289798e-05,3.769116510180127e-05,0.9986730012236098,12050.37229076227,4.93893499664815,175566.579512944,42.71150984920687,0.1849696403152021,0.4185418660573372,0.1214421252371916,-0.5658681531163061,0.6287853545146388,0.2067760226021002,0.018108168542385,5.95999183637097,3033.228039924372,-0.0677655726463589,1087.7657644709127,0.0174569024697436,-0.5604167610958621,-0.5142655648296259,9.707295522960951,0.00449,2.072553355315817,0.0,0.2097474765110678,5.850039055943258,9.255265587281215,0.227342127873883,0.000109903576061,2.9804785251711142e-06,0.9989577457044614,9089.401651039549,5.359930944894389,217765.39426086543,1.7148608216283792e-11,24.20193449479929,0.1652466050089457,0.5835462108905288,0.1156862745098039,-0.3625405492960747,0.5328466628921608,0.9236153870455146,0.0213499337434769,6,-0.0883880615838931,1
"MATLAB 2-27 PM Mon, Oct 28, 2024 Run7 .csv",2,"MATLAB 2-27 PM Mon, Oct 28, 2024 Run7 .csv","MATLAB 2-27 PM Mon, Oct 28, 2024 Run7 .csv",5.407322288707055,2158.9916962412744,0.2439366256566588,1257.3545861126586,0.002908654917244,-0.0107997254897822,0.0288039806887644,-1.9452047016094556,0.00023,0.0458757819466569,0.0,-0.2532775428509172,140.55346273023838,24.61847825383992,0.0047112783548555,5.970346991027994e-11,0.0001891155081821,0.0001629250768118,0.9993452094135328,2617.9373189598346,4.3247517348224696,364753.1642190059,15.93573295577526,0.0933329352661857,0.1409643596200518,1.0,3.4297524383682827,0.4271087622536824,-0.8993288992990114,0.0109918987751007,6.0627643037454,2693.326310827324,0.0087241172609365,1113.3891466414716,0.0028913056615182,-0.0222269507897675,0.0156537676906489,-1.7037480193452748,0.00032,0.0710754723297657,0.0,-0.0587359911104854,119.8105697779126,24.85289126037506,0.0046843150992071,0.0001945680896306,3.541162569257466e-05,0.9992527053183335,5135.748144597697,3.904666106402418,669505.4524114648,1.531559954430772e-11,9.7225209139991,0.0471607918160789,0.1505065415476017,1.0,3.632639490762048,-0.156854957635776,-0.5384853763955433,0.0627772545814515,0,0.2724216846246839,4
"MATLAB 2-28 PM Thu, Oct 31, 2024 Run12 .csv",2,"MATLAB 2-28 PM Thu, Oct 31, 2024 Run12 .csv","MATLAB 2-28 PM Thu, Oct 31, 2024 Run12 .csv",5.412275109283332,2319.3012616825754,0.1995389033974969,1275.9276750288043,0.0230869708505792,-0.5511866289043963,-0.5036240533761058,9.346487859089711,0.0036,2.0446807337879744,0.0,-0.451482581109315,8.349668921649696,8.662410371261666,0.2919592654033479,4.5082890845528366e-11,6.962118287986828e-05,3.76548575371676e-05,0.9990833990083424,11669.418979799366,4.533183766231185,226349.40043393456,8.274211402688453,0.0338487604193823,0.0736780484932994,0.2641509433962264,-1.5746269701471287,0.2680974806148468,-1.0933972005812973,0.0154536831378936,6.0108535734662105,3008.7623716315347,-0.0609656615101861,1096.884674768797,0.0237137988311344,-0.5626007164521255,-0.510176898856165,9.58595549192544,0.0031,2.069597589343714,0.0,0.252645902721592,7.445481104603793,7.100578196750413,0.2997497074040058,6.880228465480137e-05,3.319965944638751e-06,0.9990971438199064,14521.278600451016,5.221895770039674,349825.40249773354,1.2005147290456036e-11,4.093800010088354,0.0297570836749807,0.092984220042508,0.4375,-1.3721804691798296,-0.5280030518132522,-0.8858848219771378,0.0255961465835571,1,0.3556909274890371,1
"MATLAB 2-29 PM Thu, Oct 24, 2024 Run7 .csv",2,"MATLAB 2-29 PM Thu, Oct 24, 2024 Run7 .csv","MATLAB 2-29 PM Thu, Oct 24, 2024 Run7 .csv",5.566705246370759,2072.0291139188225,0.2838748606228545,1276.1767359896571,0.0616318609890889,-0.4842227151696876,-0.4504130706915579,3.1414015804530564,0.004565,2.044083209708633,0.1397058823529411,1.290306539727382,33.776981921944646,20.206588877776817,0.4190342034817856,2.1935278154386888e-11,0.0002832213867262,0.0007109149371337,0.998768620180296,838.3559746814526,3.3955678084882805,504050.9086791972,89.59607940302926,0.7224123561814445,0.6099946143361306,0.3430656934306569,0.4231833255951656,0.5798690447730196,6.68253065648369,0.0372345992922783,5.534172600772019,1966.396573142222,0.0322177389094198,1227.713932160215,0.0619568271905787,-0.4968436510515402,-0.4633422324033491,3.4298749386201983,0.00456,2.0688586478506887,0.0218978102189781,0.8396537503458923,21.913046785281693,12.660545717994982,0.4243725167031625,0.0002482565610365,0.0007206097168124,0.9978606852235944,4019.473568219517,3.2520564397586638,471818.4409911412,1.8676319090952484e-11,117.25923005543122,0.6555146235206954,0.2987225858185989,0.2865853658536585,-0.3745904491507685,-0.2421283584952972,1.4561427470934438,0.0242108345031738,3,-0.089992217211179,1
"MATLAB 2-30 PM Tue, Oct 22, 2024 Run7 .csv",2,"MATLAB 2-30 PM Tue, Oct 22, 2024 Run7 .csv","MATLAB 2-30 PM Tue, Oct 22, 2024 Run7 .csv",5.5811826145953205,2324.691065609896,0.2653485384398056,1231.3083081900588,0.0003954761482168,-0.5777498156025208,-0.5402911051465603,14.334227288566668,0.0018,2.042888161549951,0.0,0.7811953999190995,11.475396646452811,8.511489008113164,0.007108368075326,6.318677053734177e-12,0.0001476430792517,0.0003718361923116,0.9992622077539852,4065.504637928018,4.50933352767976,362007.5201546119,2.988707231042985,0.0221092298162166,0.0273619450162577,0.1296296296296296,-1.5811960829202458,-0.4378282103112408,-1.1131643600786203,0.0254926979541779,5.731115090609198,2210.6711160048767,0.0243812954856637,1192.2450420768778,0.0007339988585175,-0.5895591965214971,-0.5539228993344483,14.570711347259714,0.002,2.0673807648646374,0.0,0.5056376115607468,6.436326321769943,7.030398282641647,0.013216799709621,0.0002033495844978,0.0004799243525102,0.998170497814498,4908.642917956264,4.288014332455588,465049.24113890337,3.336987896970057e-12,3.398587039912436,0.0217009167418258,0.0138226291451816,0.1296296296296296,-1.379410409092646,0.444377967096051,-0.8597998304647052,0.0132849565148353,0,-0.8189284708529782,0
"MATLAB 2-31 PM Thu, Oct 31, 2024 Run13 .csv",2,"MATLAB 2-31 PM Thu, Oct 31, 2024 Run13 .csv","MATLAB 2-31 PM Thu, Oct 31, 2024 Run13 .csv",5.757861457760656,2520.7822024670586,0.2220281438675448,1280.2725885343682,0.0303536883816024,-0.541606763645063,-0.4991191397183372,7.324586730710343,0.0028,2.041693113391269,0.0,-0.4384216521944986,11.707499486892669,9.508326112316396,0.323393228302748,1.710783882608127e-11,0.0001172377956923,4.2072119954931865e-05,0.9990090206496984,5804.144519015746,4.766629291946565,293640.40489188227,2.68820661648032,0.0135003305108192,0.0310409384642089,0.1666666666666666,-1.5855754914356572,0.577124393314575,-0.5040146449693355,0.010616335272789,5.935683362828375,3042.34543887252,-0.0700583774755771,1038.7637072555135,0.0318870020258774,-0.553239006811928,-0.5132535663818382,7.559081739974935,0.003,2.065902881878586,0.0,0.1841863943561461,9.75419093871572,7.461995408809946,0.3388269265129051,0.0001968927105878,2.9982574260677005e-06,0.9991877496212483,5074.782843092798,4.988642000546943,524496.7995215803,1.4298471399569449e-11,1.6525446741620753,0.0130903163438455,0.0440010914121416,0.1666666666666666,-1.3842303690345237,-0.12237325093345,-1.2849812981012103,0.0244264060258865,1,0.4107214136514043,1
"MATLAB 2-33 PM Mon, Oct 28, 2024 Run8 .csv",2,"MATLAB 2-33 PM Mon, Oct 28, 2024 Run8 .csv","MATLAB 2-33 PM Mon, Oct 28, 2024 Run8 .csv",5.328934121658989,2077.6849985463155,0.2476591811825654,1200.0691088191145,0.0615229116182029,-0.1140642448645948,-0.0723361919017937,-1.7899177764746537,0.001,0.0399005411532451,0.0,-0.7876226698078753,133.1793447081189,23.51138918567859,0.1172926203191057,9.761136584045119e-11,0.0004334202120162,0.0001575702229872,0.998973147622536,-433.94381319599415,4.165886915033923,588310.1990085621,60.62246811056749,0.3424750398001173,0.6653586744621163,1.0,4.407855395791225,-3.328345813350569,15.06697134119976,0.012294965982437,6.030095695103972,2661.948151537413,0.011221898690144,1070.264452047445,0.0616959428830542,-0.1262057814026059,-0.0864495672794238,-1.5584063413527434,0.0007833333333333,0.0636860573995089,0.0,0.3891771998367572,104.1941773029732,22.46845180701638,0.1176225021455296,0.0003844562860652,3.1428992247949466e-05,0.9990196630304512,2598.5260203572007,3.903595959470387,661747.5292749676,2.6466895295407278e-11,36.25825115411833,0.2056956534951017,0.6539595161504582,1.0,4.608539691052661,-0.7821560690560763,-0.1821758351897808,0.0717708599567413,0,0.69382479227744,4
"MATLAB 2-38 PM Thu, Oct 24, 2024 Run8 .csv",2,"MATLAB 2-38 PM Thu, Oct 24, 2024 Run8 .csv","MATLAB 2-38 PM Thu, Oct 24, 2024 Run8 .csv",5.71317851123904,2160.2166250667715,0.2925512470079527,1275.1292535708965,0.0436322268223683,-0.5411674558011258,-0.5132483296503634,5.72436122052196,0.001985,2.0351203485185154,0.0158730158730158,1.4875715467140145,27.446746725070103,18.04218400730908,0.412604116046619,3.0166650718397976e-11,0.0001993427628752,0.0004594183177847,0.9990432024029524,2214.9366423757324,3.462129725863065,496773.70009167306,102.2556872704366,0.6679820120019828,0.7503871824375382,0.0649087221095334,1.3903377617295805,1.816809237017586,7.66177758308263,0.0318287658691406,5.61524150223018,2102.708375385423,0.0144559094046007,1187.713008061043,0.0428408763412384,-0.5540004413294505,-0.5275722349321075,5.947916457930054,0.003085,2.0577745254553035,0.0,0.98631386207976,16.062948853611196,10.546296840078424,0.4051207834383853,0.0001579501354449,0.0003748550403988,0.9986113424469754,6322.320266671699,3.2828427642167566,502578.3652358664,2.5881098599709084e-11,127.5562354527289,0.5441660393156444,0.4307506932619002,0.6122448979591837,0.5892598512851501,0.2177145300985564,0.8520206339760197,0.0197432672977447,7,-0.2094345177683988,1
"MATLAB 2-39 PM Mon, Oct 28, 2024 Run9 .csv",2,"MATLAB 2-39 PM Mon, Oct 28, 2024 Run9 .csv","MATLAB 2-39 PM Mon, Oct 28, 2024 Run9 .csv",5.350319820064023,2046.1022439090104,0.2473185350522684,1195.1855243865216,0.0764297581021437,-0.2183429687802875,-0.1546263645029757,-1.334578516666654,0.00136,0.0339253003598332,0.1666666666666666,-0.870351158240868,111.1761492241091,21.4094659596163,0.1774734737540856,1.533562529504027e-10,0.0001675910213899,0.0001799289191159,0.9989428595868038,3149.364128973575,4.518111054986549,449947.82185951184,13.398665943330393,0.0696510489054457,0.108916979835107,1.0,-1.614041646785831,-2.3378867491763997,4.560437592042592,0.0152744150161743,6.112301331602245,2688.425967171997,0.0194822304478031,1084.7265452531783,0.0770010399592241,-0.2312760892835278,-0.1700529022577623,-1.113012328687014,0.00054,0.0562966424692522,0.3333333333333333,1.1026724984726473,91.65946058620976,20.903507949371413,0.1787698269947873,0.0001575366731414,2.6339837615256465e-05,0.9990051016917648,6341.412966075313,3.8417806240180665,668899.2627634346,3.086417827730137e-11,7.420096149696344,0.0385046274966264,0.1197933914638518,1.0,-1.415560108656727,-0.9017566078537318,-0.546588029110803,0.0674636059999465,0,0.5192310178011622,4
"MATLAB 2-40 PM Thu, Oct 24, 2024 Run9 .csv",2,"MATLAB 2-40 PM Thu, Oct 24, 2024 Run9 .csv","MATLAB 2-40 PM Thu, Oct 24, 2024 Run9 .csv",5.700251736821371,2230.229270702396,0.2860321154129797,1265.022556199405,0.0394188837019599,-0.5521977725564375,-0.5202934159819048,6.252962866649772,0.0011,2.03213272812181,0.0,1.3920074678642766,25.831115497676738,11.90783419629144,0.3944956673323325,5.0690854689052957e-11,0.0001900039109938,0.0003563601974408,0.9990806837833506,2425.247244297123,4.104711055521708,412066.0772548616,4.625492511419945,0.0320416128984074,0.0401152049990926,0.375,-1.620610759558948,0.1110625298285909,-1.099602251128385,0.0278129029273987,5.689145716650341,2208.3502229192845,0.021297725924414,1178.5809506788669,0.0414015834005686,-0.5656518025924299,-0.5374989024512715,6.47154548048673,0.0009,2.054079817990175,0.0,0.996298910172397,16.87515095808292,9.788416117619343,0.415122828582057,0.0002303338356594,0.0002953104151109,0.9986284435767476,4335.569894530434,3.863357195855613,465914.6402729831,2.3979061642878877e-11,5.405809689620386,0.0325234449264311,0.0291756588832719,0.2272727272727272,-1.4227900485695435,0.4527625659819949,-1.1814607778055006,0.0225092330574988,0,-0.564700324019306,1
"MATLAB 2-40 PM Thu, Oct 31, 2024 Run15 .csv",2,"MATLAB 2-40 PM Thu, Oct 31, 2024 Run15 .csv","MATLAB 2-40 PM Thu, Oct 31, 2024 Run15 .csv",5.641276505112163,2576.2403718867167,0.2086057439123073,1332.8356188215353,0.0598976255722928,-0.5190274884211546,-0.4850824332807492,3.248192593165154,0.0014,2.031535204042469,0.0,-0.5737252523293745,25.654506560707464,11.48757907808389,0.4465528749405836,1.7400242728675053e-11,7.06581428021038e-05,3.289647798592442e-05,0.9979960609114672,11284.082499540067,4.248523712990139,360509.0743547424,1.5093048086968115,0.0073524351524186,0.0165595147657566,0.2857142857142857,-1.6228004638166538,1.1986656001005322,0.2207158988192783,0.0082251298427581,5.891159880278349,3101.4937338155223,-0.0722367573721742,1038.8383280424146,0.0623086046653522,-0.5322790606923032,-0.5021142359883066,3.4657806822878863,0.0016,2.053340876497149,0.0,-0.267474817516096,24.813943503907293,12.59517174383328,0.4641813115512233,0.0001346590805311,2.59754680956034e-06,0.9990764403882728,7419.302407587936,4.159046119047788,676500.6018451516,9.580492923180175e-12,0.8296579158105153,0.006911369186112,0.024069783873297,0.2857142857142857,-1.4252000285404822,0.1937947990388912,-1.8249660948828983,0.0489546543359756,0,0.2225176871445205,1
"MATLAB 2-40 PM Tue, Oct 22, 2024 Run8 .csv",2,"MATLAB 2-40 PM Tue, Oct 22, 2024 Run8 .csv","MATLAB 2-40 PM Tue, Oct 22, 2024 Run8 .csv",4.960327945761129,1856.319541080762,0.1960033617549344,1302.8046054932552,0.0005114117222451,-0.6090492676687811,-0.576371450467506,18.245222515648187,0.0023,2.030937679963128,0.0,0.5903209133433308,5.922908570220663,7.173058327957833,0.0113263511671197,4.735517718153703e-12,0.0001881769106484,0.0001915117148462,0.9994481588182138,2463.765689823956,4.4271433367441695,169602.53474894847,9.745380525139712,0.0219331750070509,0.0309004611190591,0.081081081081081,-1.6249901680743593,-0.1373937382035312,-1.6300568066151273,0.0297586688399314,4.448034338774072,1586.3207681822291,-0.1073336886634301,1230.0281205750362,0.0007804876659196,-0.6224872710636303,-0.5925295694138741,18.461816080056693,0.0021,2.052601935004124,0.0,0.3868687793615256,2.1496208718799457,4.872443979636632,0.0172856369951855,0.0001615352116079,0.0001768649533847,0.999280419332356,6186.146100191721,3.943098686516474,152596.6536490975,4.861023683158563e-12,13.632286927047884,0.0211747900979981,0.0162068274542968,0.081081081081081,-1.427610008511421,0.2997482956972873,-1.10635215248926,0.0095876318216324,0,0.7933574174996224,0
"MATLAB 2-43 PM Thu, Oct 31, 2024 Run16 .csv",2,"MATLAB 2-43 PM Thu, Oct 31, 2024 Run16 .csv","MATLAB 2-43 PM Thu, Oct 31, 2024 Run16 .csv",5.84991107879762,2708.838767761806,0.2215740115201802,1290.0097418464095,0.0044324560496431,-0.4155833026854479,-0.3857494851716999,0.2344818380338518,0.0003,0.0297426318044449,0.0,-2.101203305067111,66.3099623964884,19.59403117838859,0.0184148568906122,4.239692277355095e-12,0.0001154195562738,3.389813572278191e-05,0.9951000273823728,5759.653362448608,4.459539894426492,311323.54694749066,0.576451571473032,0.0031988247774985,0.0076922178890302,1.0,-1.6293695765897709,-0.7502624151340428,-0.9517752780755284,0.0029155164957046,5.874138228979511,3203.962775007568,-0.0705115292111359,969.5363216456336,0.003873270219825,-0.4284608349951923,-0.4015602365944493,0.4490863530139029,0.0008,0.0511240520180724,0.0,0.4999250379957646,53.13329471927404,15.373967401102531,0.0160428146759221,0.0001840992369297,3.521271383771882e-06,0.9972599898802386,5416.969708902011,3.954914685305268,633376.0778765202,4.145094201808244e-12,0.3486121714030356,0.003604254976135,0.0121559588545554,1.0,-1.4324299684532986,-0.0707982650155172,-1.1180884848925494,0.0273560583591461,0,0.3229826460263836,4
"MATLAB 2-45 PM Thu, Oct 24, 2024 Run10 .csv",2,"MATLAB 2-45 PM Thu, Oct 24, 2024 Run10 .csv","MATLAB 2-45 PM Thu, Oct 24, 2024 Run10 .csv",5.802276669065716,2237.330669122691,0.3029829807506556,1274.4357908389616,0.0410326002433488,-0.5658649564451717,-0.5412275195692255,7.225691350087054,0.00215,2.0285475836457625,0.0,1.3424649420601191,23.548195894400607,11.952929650859398,0.4435956786995168,2.953369146634623e-11,0.000216172988375,0.0003559065977019,0.99910593577648,1745.366821296324,4.687694911483475,307234.8292076763,10.513354361705137,0.0683856612548101,0.0902508561827922,0.3684210526315789,-1.633748985105182,0.1552929826997718,-0.557482870598589,0.0375351464748382,5.683111346667177,2189.821920399692,0.0100186927700138,1148.185943367312,0.0393975617157976,-0.583907775240495,-0.5609409034645906,7.938331817331753,0.00265,2.0496461690320213,0.0434782608695652,0.9191969149199032,15.709831174006595,12.6478551911814,0.4464772876502949,0.0001626737860623,0.0002510200547054,0.9988017531865268,6139.905988318707,4.441941078298775,396934.539386293,3.3529065372132327e-11,12.5978061126881,0.0553854093474821,0.0566549318481257,0.4117647058823529,-1.437249928395176,2.4525339582372854,7.885922359483937,0.0132607007026672,1,0.4621984329832406,1
"MATLAB 2-45 PM Thu, Oct 31, 2024 Run17 .csv",2,"MATLAB 2-45 PM Thu, Oct 31, 2024 Run17 .csv","MATLAB 2-45 PM Thu, Oct 31, 2024 Run17 .csv",5.602172078062409,2595.479396121182,0.2014293761801719,1346.6466840064866,0.0007071067805408,-0.1749057837380137,-0.1430165371897127,-1.7792289212121315,0.00015,0.0279500595664212,0.0,-1.3533904802983143,127.85627514520384,23.82639957651613,0.0014594567206756,1.633350279054733e-12,0.0002014850565543,3.3748220555872986e-05,0.998859229506319,2073.820214217314,4.368763328153958,329888.69457510737,0.5016237113406757,0.0025659582007361,0.0059075395585178,1.0,-1.6359386893628878,-0.251536608708344,-1.1661895734564784,0.0023428544402122,5.8268041424539305,3135.116493194467,-0.0638457016895493,1021.9972327598072,0.0021228911085208,-0.1887759427518091,-0.1617062373240214,-1.5676079803747616,0.0003,0.0489072275389954,0.0,0.4629651247790434,111.74598056396572,20.326746858624897,0.0043816121989718,0.000436649138259,5.702782442218116e-06,0.9985844107310192,2286.9263287968924,3.604809198662586,662694.4145732204,1.1115359212500369e-12,0.2948396050839073,0.0024596875958059,0.0084357589738156,1.0,-1.4396599083661148,-0.4907020259596679,-1.3745467894385202,0.0243733966350555,0,0.9532985733013768,4
"MATLAB 2-46 PM Thu, Oct 31, 2024 Run18 .csv",2,"MATLAB 2-46 PM Thu, Oct 31, 2024 Run18 .csv","MATLAB 2-46 PM Thu, Oct 31, 2024 Run18 .csv",5.599374991982582,2544.8182134383637,0.2141308753517315,1314.2211870787305,0.2432104299338809,0.0586125621625851,0.2151554279576374,-2.3882414078319565,0.00018,0.0267550114077389,0.1428571428571428,-1.427606342930793,180.76307156956105,27.476860585814727,0.337745355019091,9.709068264842633e-13,0.0002614016621497,3.416472922297269e-05,0.9978220692485036,919.0473536759008,4.385524595256778,285493.1378261817,0.8516923783338554,0.0042028899968904,0.0105688499782222,1.0,0.359681902121701,1.3509620276407992,0.6818689852346811,0.0037469607591629,5.8600948462020686,3122.8732538894706,-0.0425195053391114,1002.444139157044,0.2439939819502661,0.0446695409011232,0.1981130953457955,-2.17860951642304,0.00014,0.0474293445529441,0.1428571428571428,0.4915620208141651,134.28932044462874,26.34078619476156,0.3387864234467179,0.0007223947286046,9.204820473113295e-06,0.9970715788114372,1380.2309725283778,3.3744801631183283,628168.0990274431,7.012711197058874e-13,0.4588789930925692,0.0044584760553325,0.0149706452704937,1.0,0.5555201316920075,-0.6041677099908607,-1.1509982975064867,0.0150655901432037,0,0.3419604658595913,2
"MATLAB 2-47 PM Mon, Oct 28, 2024 Run10 .csv",2,"MATLAB 2-47 PM Mon, Oct 28, 2024 Run10 .csv","MATLAB 2-47 PM Mon, Oct 28, 2024 Run10 .csv",5.493377718647107,2068.822766069225,0.2374785336382798,1231.8926466629518,0.0330907801672741,-0.5413871333352321,-0.4971616232135314,4.198399875780211,0.00451,2.024962439169715,0.0375,-0.8444275922123914,45.60929284553953,17.54517910447877,0.2685443300729749,1.726179464369148e-10,0.000138599846254,0.0001152660735998,0.9990551616986464,4288.31778335403,3.5290281656014093,379881.0661735858,46.980555757280335,0.1971185522868802,0.3298362654690969,0.1,1.353112789348584,1.4386533422449348,0.4843957349136407,0.0144333326816558,5.982843568127189,2609.123187027212,-0.0096538018505082,1171.7136173885467,0.0331928951975118,-0.5557299542970514,-0.5152829045397436,4.405048193046446,0.00426,2.045212520073867,0.0125,0.3096189871223221,28.99755326059412,15.830097735787383,0.2694616111684131,0.0001099541138628,1.3529851161401335e-05,0.9993180566042956,9088.500843640544,3.4957657117122807,613267.085274726,3.581848027591069e-11,31.88767200820028,0.1285037898705466,0.3788342824246843,0.0894736842105263,1.5482901917791914,1.391416481224608,0.6058431141495513,0.042215393781662,6,0.8914207193634335,1
"MATLAB 2-47 PM Tue, Oct 22, 2024 Run9 .csv",2,"MATLAB 2-47 PM Tue, Oct 22, 2024 Run9 .csv","MATLAB 2-47 PM Tue, Oct 22, 2024 Run9 .csv",5.470520487056213,2308.438525255283,0.242742236311092,1267.1212715391694,0.0008021597138156,-0.608515450914787,-0.5786506404095688,14.19564982304305,0.0021,2.0243649150903744,0.0,0.7780165473660685,10.048682747269734,8.352008769980502,0.0140396531936048,9.586322124691379e-12,0.0001193329295349,0.0001887369260111,0.9992653417709876,5446.636794876464,4.66920071493108,180809.95173339325,2.858961166466188,0.0139808688570979,0.0232357099106912,0.1296296296296296,-1.6490769149091218,-0.0978095417650142,-1.6562345619316974,0.0341939485073089,5.740796514225913,2343.7576381171607,0.0075689333555522,1176.5167160389094,0.00090679861908,-0.6229747849065491,-0.5961982379731062,14.401303615595058,0.0018,2.044473578580841,0.0,0.5623313505770954,8.311661942027229,6.627099839157715,0.0158907087290174,0.0001565515922945,0.0001899740215095,0.9985752594293182,6378.5698043287175,5.059575164483004,224243.62477167777,4.42208134206294e-12,2.713787404192133,0.0115861377485407,0.0130792534282587,0.1296296296296296,-1.4541197881917474,-1.5046293123697496,3.180142632769442,0.0041045331954956,0,-0.7127013841917326,0
"MATLAB 2-50 PM Tue, Oct 22, 2024 Run10 .csv",2,"MATLAB 2-50 PM Tue, Oct 22, 2024 Run10 .csv","MATLAB 2-50 PM Tue, Oct 22, 2024 Run10 .csv",5.482464984613987,2226.164464605561,0.2388061853615057,1302.7504607835467,0.0006457079639984,-0.6063630748915455,-0.5784627785508935,11.159587863795036,0.0018,2.0195847224556447,0.0,0.9218473901524876,12.91942392758052,9.096014184028256,0.00954987481934,4.802664592366177e-12,0.0001222779396634,0.0001826006305636,0.999244662025556,5186.845023547662,4.401508573838336,323382.1058843227,3.0229195919439245,0.0113588908554286,0.0194439064155618,0.1333333333333333,-1.6665945489707672,-0.6752988919423362,-0.5860625006782736,0.017656946182251,5.464840969932133,2125.91691086777,-0.0199269041111505,1237.3448070112613,0.0008669969274088,-0.6215361267811648,-0.5970209060178467,11.357285458633228,0.0015,2.038562046636636,0.0,0.6434734715156,8.946801143656065,7.190951281860125,0.0128403226430535,0.0001646620967264,0.0001593087748501,0.9988865234679384,6066.280846207932,4.129619418470954,372825.03693774814,3.679567933290597e-12,3.456520711880901,0.0095424620677443,0.0110844952007735,0.1333333333333333,-1.4733996279592574,-0.4973438400833196,-1.0838534413654366,0.0087761062383651,0,0.0420552079363794,0
"MATLAB 2-51 PM Thu, Oct 24, 2024 Run11 .csv",2,"MATLAB 2-51 PM Thu, Oct 24, 2024 Run11 .csv","MATLAB 2-51 PM Thu, Oct 24, 2024 Run11 .csv",5.5457756656023065,2065.9245914540847,0.265500451882317,1284.119204571744,0.0265961198715736,-0.598472063674288,-0.5708298303607828,8.844803990530462,0.00616,2.017792150217621,0.0,0.753964848623822,11.522253563183082,10.718494189447766,0.3382534855593023,4.9121819254534736e-11,0.0001349706153511,0.0002582597394863,0.9993822495141108,4397.646242390299,4.262563053678659,328747.10128591466,84.98884987606372,0.3616936670365015,0.5005470348028939,0.1554959785522788,1.3268363382561157,0.2854695016745532,3.699930137617,0.0261342722177505,5.367221200778273,2095.154750049749,-0.0401575674324102,1123.2044738144507,0.0236015545140235,-0.6153471420689184,-0.5866669065438843,9.23952001142301,0.00673,2.036345222157559,0.0,0.4249546172827576,7.056942601182513,7.596528906240287,0.3061471635490272,9.79862889719694e-05,0.0001585058420042,0.9991993378445664,10197.338304447918,3.9432092520028346,423350.9455116002,5.3108799214329285e-11,98.36876015110325,0.3065223157064449,0.3664918371996166,0.1758530183727034,-0.4806295678720738,-0.5374965204306162,1.0005562739166145,0.0250898265838623,5,-0.026765812672127,1
"MATLAB 2-52 PM Thu, Oct 3, 2024 Run2 .csv",2,"MATLAB 2-52 PM Thu, Oct 3, 2024 Run2 .csv","MATLAB 2-52 PM Thu, Oct 3, 2024 Run2 .csv",5.870362345789214,2396.0285998164977,0.2838399274765948,1262.1029629625496,0.0044870163730763,-0.2748023289647284,-0.2486078651805097,-1.364238501165091,0.00043,0.0165971020589387,0.0,-2.158259108119738,135.219779346467,23.45097699965375,0.0110960621785599,6.86337543487149e-12,0.0003299373325425,0.0001687891476858,0.997447731116658,1.859980469517268,3.815390835791178,752528.7875272701,7.237842333970411,0.0559703269718404,0.0893974546465836,1.0,5.322456929740705,-0.1361776478059746,-1.4621873001442125,0.0382669973373413,5.9409617666748815,2717.4439959254787,-0.0188420410982924,1056.0154616334892,0.0046078058724883,-0.2901688459973153,-0.2677975738369913,-1.171513529898034,0.00033,0.0348673391715077,0.0,0.0738174098730097,86.94897648502416,18.677036812744134,0.0113906578742143,0.0004781630485363,9.16670144605495e-06,0.9989317855882902,2089.102846081501,3.367673401351667,849648.1907342259,6.446080801025207e-12,5.815980141225608,0.0294771681169826,0.1034656149700685,1.0,2.5145504721860488,0.0017349784430517,-1.4130006185121733,0.0471063935756682,0,-0.966381767147484,4
"MATLAB 2-52 PM Tue, Oct 22, 2024 Run11 .csv",2,"MATLAB 2-52 PM Tue, Oct 22, 2024 Run11 .csv","MATLAB 2-52 PM Tue, Oct 22, 2024 Run11 .csv",5.49012532734166,2335.275887778672,0.2381438322189424,1288.1890884863362,7.378202337253875e-05,-0.6081016107678069,-0.5818858994213895,10.128196167144548,0.0013,2.0154020539002566,0.0,0.8572613259817371,13.330475007971444,9.15559979581927,0.0010084810269086,6.770699027612862e-12,0.0001361807170809,0.0001712336279456,0.99934372355027,4302.595295793658,4.343660792456624,377043.9949382372,2.2422647185067084,0.0111181231693847,0.020054519812505,0.2058823529411764,-1.681922478774707,-0.3909856870746737,-1.0148822703825535,0.0169258984923362,5.710376304118723,2304.4292014245875,0.0122789444124591,1184.4964476885264,0.0009144468362201,-0.6236868233812642,-0.6013282405537839,10.31893208898315,0.0018,2.033389456185456,0.0,0.5961973900651615,11.203170611916091,7.500627517753421,0.0124819496864702,0.0002007091964705,0.00016224074835,0.9983100702397242,4973.912943676164,4.187063379053551,514478.61339982337,2.664650305767964e-12,2.165518732882099,0.0084337274523454,0.011038984141751,0.2058823529411764,-1.490269487755829,-0.650816999080759,-0.7699756013723666,0.011723589003086,0,-0.633208119970608,0
"MATLAB 2-53 PM Thu, Oct 24, 2024 Run12 .csv",2,"MATLAB 2-53 PM Thu, Oct 24, 2024 Run12 .csv","MATLAB 2-53 PM Thu, Oct 24, 2024 Run12 .csv",5.5236398719397135,2075.661687608936,0.2591717040222105,1290.069460528208,0.0237305073955564,-0.6083655146370887,-0.57762491669281,9.623000819615688,0.0024,2.014804529820915,0.0,0.6171587142463287,10.0815024398454,7.592488285689711,0.3209494344731314,4.568879184138925e-11,0.0001428971732422,0.0002477657655232,0.999365425094005,3950.586153809159,4.327955110164377,319300.10670580296,17.793037483120788,0.0774396890619597,0.109623730881577,0.2745098039215686,-1.6841121830324126,0.3586945074712988,-0.6951423052647754,0.0171808254718779,5.346026428572886,2105.805273154277,-0.041509785839336,1124.7426118951869,0.0204094100139853,-0.6282006199091075,-0.5987435740617638,10.81279222012627,0.00585,2.0326505146924307,0.0,0.4193242481296333,6.211408796672881,7.120474775703912,0.2920845800653858,0.0001014571275191,0.0001496029973741,0.9990948782274937,9847.45875087588,4.01186309413174,422251.39191980334,5.84736977265477e-11,20.44650419196808,0.0651343799804953,0.0807742677338306,0.2063492063492063,-1.4926794677267674,-0.7445854373325911,-0.2573094980346009,0.0289848923683166,2,0.0823252937535899,1
"MATLAB 2-55 PM Tue, Oct 22, 2024 Run12 .csv",2,"MATLAB 2-55 PM Tue, Oct 22, 2024 Run12 .csv","MATLAB 2-55 PM Tue, Oct 22, 2024 Run12 .csv",5.296173261637174,2136.0811377710124,0.2265344089843188,1324.9465571186447,0.0008825756774057,-0.6101335674847711,-0.5851309857570783,9.204510322566833,0.001925,2.0124144335035505,0.0,0.6967389951743613,12.185781201004202,9.601638614131852,0.0115620687547331,7.228360417404511e-12,0.0004693177617612,0.0001422553914341,0.9990312258975564,-943.2960003482611,3.864237251746568,425697.5513625503,61.92627250422648,0.1926681591156303,0.4017186495235219,0.5390946502057613,-1.6928710000632354,-0.3501226697092389,-1.157652678683179,0.0258507522940635,5.246978828268208,2005.6299303231772,-0.0163797372156633,1245.4299725074432,0.0010562249017832,-0.6262559165599936,-0.6052049080791149,9.3902736208343,0.002665,2.029694748720328,0.0,0.3995526950529219,8.750313176229485,7.640420265709068,0.0138378409385787,0.0009571811196094,0.0001216245145305,0.9980507511996796,1042.6979082150615,3.4815464012563795,498412.5317501448,3.982291369053521e-12,70.06842214432459,0.1599126932841437,0.3210680930771301,0.5390946502057613,-1.5023193876105223,-0.617797026612371,-0.2758871208760576,0.010176196694374,0,-0.1953845238087434,0
"MATLAB 2-56 PM Thu, Oct 3, 2024 Run3 .csv",2,"MATLAB 2-56 PM Thu, Oct 3, 2024 Run3 .csv","MATLAB 2-56 PM Thu, Oct 3, 2024 Run3 .csv",5.922691763177222,2363.313667273262,0.3214108238939488,1270.0280606218346,0.0526445343320067,-0.2707397651003044,-0.236148037868467,-1.85895565999014,0.00498,0.0106218612655268,0.024390243902439,-2.3839376163722967,138.50725728835445,26.152080017031217,0.1256882759429891,8.00647323241762e-12,0.013780680050393,0.0001731620526528,0.9839337614271884,-3022.3139140216945,4.018761381926511,793340.4169494726,13.418322379844948,0.1315310473692938,0.5193414880499846,1.0,0.3005598871636477,-1.9549675832802709,7.014226774902525,0.0333072459697723,6.00548945486651,2729.133548633504,0.0302954623855987,1097.7630465602383,0.0213234287093905,-0.276376683123773,-0.2545509089084394,-1.7261761859109956,0.000325,0.0274779242412509,0.0,0.5048256610536158,107.631592422931,22.051389092915045,0.0496367267759439,0.0144384809469606,2.1471391742903427e-05,0.9848270471896964,68.20849442593244,3.666754738791523,817077.585727881,7.294269347472518e-12,10.46901985391136,0.0773064468019586,0.4170943770882063,1.0,-0.5095493275233387,-0.2259910900907849,-1.3135620044830232,0.0572947984933853,0,-0.0907752425630782,1
"MATLAB 2-57 PM Mon, Oct 28, 2024 Run11 .csv",2,"MATLAB 2-57 PM Mon, Oct 28, 2024 Run11 .csv","MATLAB 2-57 PM Mon, Oct 28, 2024 Run11 .csv",5.645154051160838,2134.8528862860408,0.2643184914195232,1271.386853622124,0.0068486258375286,-0.5356259043119083,-0.5120870548923833,2.519918630881961,0.0010233333333333,0.0100243371861856,0.0103626943005181,-1.0299830781392578,43.1424318853193,23.614173681451625,0.0441833466721141,2.7036907343278024e-11,0.0014476614781595,0.0001155941201187,0.9974536811852656,-2411.9461548607824,3.2782078345289567,450863.3499029108,80.18585971335563,0.3627909013988678,1.1066616415503336,1.0,1.298370182905942,6.048155060092816,52.37594229066441,0.0116614234447479,5.875091525270763,2600.958109578601,0.0179016365345383,1207.216985201218,0.0071024493830289,-0.5520582678727407,-0.5326662421664632,2.701703830292521,0.00211,0.0267389827482252,0.0,0.3198214700383331,25.302610220711767,18.21311682395533,0.0458117863778937,0.0021449256401572,1.979520643848002e-05,0.9972127776555948,464.91717893888193,3.290353462388471,663303.405219926,1.4496237739765968e-11,61.05172681467091,0.2682815053844274,1.0556473515253528,1.0,-0.5119593074942776,0.6855968213541439,2.887039534382107,0.0249491107463836,3,0.4641847116248035,1
"MATLAB 2-58 PM Tue, Oct 22, 2024 Run13 .csv",2,"MATLAB 2-58 PM Tue, Oct 22, 2024 Run13 .csv","MATLAB 2-58 PM Tue, Oct 22, 2024 Run13 .csv",5.199469125748067,2124.424932428295,0.1903942658554377,1324.1389873160997,0.0010544548345126,-0.6169780725787157,-0.5936541066227019,9.074453266377343,0.0017,2.008231764948162,0.0,0.6215226457003975,11.58123539124068,9.158383959968791,0.0137343514874225,7.456248185793753e-12,0.000103772253056,0.0001014466985001,0.999614044820213,6510.082471552465,3.627349343633466,426741.5895628108,2.9785295890722145,0.0085194073406285,0.0154670124837891,0.21875,-1.7081989298671751,0.0104692305293808,-1.440438556596392,0.0293672025203705,5.239531326092216,2082.677947226964,-0.073193439136176,1236.5348982794292,0.0007729363198181,-0.6336671253442512,-0.614662242610157,9.253254891645224,0.0016,2.024522158269148,0.0,0.5138983351675255,9.329762581504642,7.48954263187715,0.0100631830813009,9.583400542210786e-05,8.326997569511625e-05,0.999295581990568,10427.359031787286,3.2453231816520813,538785.0083896938,3.4931695287368973e-12,3.153692771209168,0.0068093230959681,0.0105727379145829,0.21875,-1.5191892474070938,-0.5350553963397505,-0.5396309110090876,0.0083099448680876,0,-0.8212971266079826,0
"MATLAB 2-58 PM Wed, Sep 18, 2024 Run5 .csv",2,"MATLAB 2-58 PM Wed, Sep 18, 2024 Run5 .csv","MATLAB 2-58 PM Wed, Sep 18, 2024 Run5 .csv",5.925452298497291,3099.202442961826,0.2678807900934674,1101.1238117701955,0.0545803160567221,-0.4211118695019966,-0.3819321413442988,-0.3357513532548695,0.00222,0.0070367167894797,0.0555555555555555,-1.2623213875522088,69.22015124338357,18.834974037070253,0.1986740989543665,4.233834313243773e-11,0.0002250403136357,0.0001913385917637,0.9993554574457068,1303.6124748078482,4.857070085138964,741629.5542967187,15.31482834125031,0.3084430753581093,0.5387618577591196,1.0,0.2874216616174134,-2.026766376022316,5.135509704041759,0.0272555011510848,5.575815657333291,2662.8955589225648,-0.0883342362471151,963.07894926368,0.0543598027777556,-0.4380728321340698,-0.4034429098073939,-0.1589387774154449,0.00208,0.0230442752830969,0.0555555555555555,0.6426462915930183,65.90947336578634,16.65630616830296,0.1979187661401496,4.545972562843441e-05,9.74762186151449e-06,0.9998406798673556,21993.98843802017,4.125020318609567,699689.077185113,1.9368176676075255e-10,24.249898893846087,0.2104041746451486,0.3978477162261419,1.0,0.4759907926510287,-1.0946207965779158,1.155139343611138,0.0922789081931114,0,0.4041447650623249,4
"MATLAB 3-00 PM Mon, Oct 28, 2024 Run12 .csv",2,"MATLAB 3-00 PM Mon, Oct 28, 2024 Run12 .csv","MATLAB 3-00 PM Mon, Oct 28, 2024 Run12 .csv",5.65340659462295,2140.71026336778,0.2411261528473518,1277.3538548674735,0.0035049568043503,-0.5371405407149668,-0.5139991930314938,3.0515019969380845,0.0041,0.0052441445514561,0.0,-0.9105010160062792,39.99656319923329,14.094189891077033,0.021660048248774,1.849592318424788e-11,0.0001215981507491,0.0001031731121428,0.9987296038448208,5054.460980467486,3.402656083983312,593910.1042526149,2.559397860598396,0.013459112990866,0.0216568256027182,1.0,-1.7191474511557034,-1.3657581345637588,0.5188804060841101,0.0172743147611618,5.824852050340082,2594.853807767698,-0.0306524718496012,1219.6902635047377,0.0017439578215898,-0.5542950824327522,-0.5355889102086405,3.225330998634828,0.0018,0.0208274508040199,0.0,0.5088184210814759,25.118216743869404,10.238777787312491,0.0107773683580283,8.693469595142913e-05,8.187286192031704e-06,0.9993015401276268,11494.852879981794,3.4658396722505533,706517.673522275,1.3439642080636598e-11,2.0207249243513963,0.0079379343732674,0.0227126263512752,1.0,-1.5312391472617874,-0.920294527184055,-0.1846268491679215,0.0147234386205673,0,0.8945805370338248,4
"MATLAB 3-00 PM Tue, Oct 15, 2024 Run5 .csv",2,"MATLAB 3-00 PM Tue, Oct 15, 2024 Run5 .csv","MATLAB 3-00 PM Tue, Oct 15, 2024 Run5 .csv",4.667262011274822,1648.113434431652,0.1819436352082788,1296.878621132106,0.0137763779284933,-0.5624969032103365,-0.5396772275446653,3.241897445654247,0.002785,2.004049096392774,0.0,0.1607455705061218,11.625421316539091,9.328439863001298,0.0994383083322116,2.8440343747149232e-11,0.0001581079463676,0.0006056072666795,0.9990737540182364,3145.5475976913667,2.254444845712895,451824.08304928686,330.3160906115986,3.299018692719103,0.6333642248547026,0.1036269430051813,0.2764731403288851,-1.239217840359802,6.605333492020344,0.0154885408282279,3.573015045160882,1120.9729978640046,-0.1414101741593065,1085.7037914689245,0.0137521487711148,-0.5798243071757003,-0.5615195771976489,3.413737397922537,0.00205,2.0193495678179687,0.0,0.2761584668190418,3.067371474049409,8.570940394214677,0.0992634215488683,0.0001589182741845,0.0007075257696454,0.9981547097611214,6280.930968343117,1.962184943773161,300748.28169805155,3.0851854236855827e-11,569.1893245782194,5.461308446825185,0.3377920964327066,0.0828789531079607,1.463940892796335,0.3184058854106624,-0.5566135862587172,0.0307754853367805,4,0.0874395337643346,0
"MATLAB 3-02 PM Thu, Oct 24, 2024 Run13.csv",2,"MATLAB 3-02 PM Thu, Oct 24, 2024 Run13.csv","MATLAB 3-02 PM Thu, Oct 24, 2024 Run13.csv",5.489744970970822,2052.7811870114806,0.2543403102681774,1360.44348811411,0.0486374111967844,-0.5866256277841565,-0.5737942793165043,4.5285357249857885,0.00154,2.0022565241547503,0.0,0.7877680504432404,21.732082997915665,14.412005355115818,0.4138096368020063,2.2473018450143358e-11,0.0002028473013824,0.0002240998052131,0.99907314889093,1730.1314160803076,3.2625966237881863,499730.70821928646,60.22837418250809,0.2110572497194476,0.3041281649102644,0.2336448598130841,0.2699040275557682,0.8612589307954407,2.0227845816801,0.0281907153129578,5.230044485759056,1977.3600930495104,-0.0356858262928212,1235.1452881882535,0.0470577015564887,-0.608581372736068,-0.5967655776828423,4.997395103406952,0.00443,2.0171327433388915,0.0,0.5351748646203018,13.543138188364544,10.035640283307524,0.415826523694919,0.0001959450750155,0.000115528271209,0.9988091556889556,5097.393520146337,3.058500131471571,538635.392016474,2.2093381749095078e-11,73.50673045331476,0.1385287127508543,0.2320158610442728,0.2536585365853658,0.4567109528835187,-1.2598441886031633,3.2820626167930467,0.0188343971967698,2,0.0408023198269059,1
"MATLAB 3-02 PM Tue, Oct 22, 2024 Run14 .csv",2,"MATLAB 3-02 PM Tue, Oct 22, 2024 Run14 .csv","MATLAB 3-02 PM Tue, Oct 22, 2024 Run14 .csv",5.11355509275189,2035.8739442729925,0.191910034769565,1328.1745059545713,0.0010304731913641,-0.6015771690031616,-0.5809332965780684,5.024880573772212,0.001,2.001659000075409,0.0,0.5656937203211014,16.32805496823498,10.301847115110627,0.0099442527602141,6.134057017738577e-12,0.0001089554178612,0.0001171601378633,0.9993973006071732,5970.17518532761,3.020109865921195,443259.6447507614,2.6448802435087604,0.0062271466044018,0.0125771871351149,0.3333333333333333,-1.7322856767019377,-0.4131919782902145,-1.5520008754318753,0.025964320898056,5.033774429160083,1887.924546347605,-0.0584038919313837,1249.4589745776295,0.000791754380405,-0.6192002974637265,-0.6032809111827511,5.192742427183594,0.0011,2.016393801845866,0.0,0.1874302087900332,11.214749182674735,8.474925577287147,0.007636888170789,0.0002136806603332,8.84900540913885e-05,0.9989286472967328,4674.866905310454,2.5467034263042945,487499.7927520264,3.434807419725795e-12,2.967820214924134,0.0053789664522415,0.0083520908977798,0.3333333333333333,-1.54569902708742,-0.0313445533708731,-1.018132939476391,0.0095828127861022,0,-0.3340416266506391,0
"MATLAB 3-03 PM Wed, Sep 18, 2024 Run6 .csv",2,"MATLAB 3-03 PM Wed, Sep 18, 2024 Run6 .csv","MATLAB 3-03 PM Wed, Sep 18, 2024 Run6 .csv",5.937311278730117,3058.885944233494,0.2746197067132709,1119.4613385440323,0.0310414630063169,-0.4307078275647102,-0.4069003485364594,-0.389418243442198,0.0007266666666666,-0.0001335721626145,0.0092592592592592,-1.2062741960534882,72.14909933425263,19.04296700445005,0.1118140563752826,7.627012027637468e-11,0.0002545781228352,0.0002113784608744,0.9993113293316906,701.2739793606866,4.70521555910208,885068.3766894263,57.02393446927338,1.135552232481685,1.957973928995258,1.0,16.261145210524944,-0.8634012930608909,1.1517307793793714,0.0204354414343834,5.607984690381412,2662.9727684784,-0.0764239166590335,971.1743954782854,0.0313253904858752,-0.4486402493965985,-0.4291269118541084,-0.2245399641734975,0.0004766666666666,0.0141769773667888,0.1018518518518518,0.4791667403275677,68.93018679357544,17.074871313672535,0.1128367879133985,7.503011029344699e-05,9.656669998058568e-06,0.9998152498337736,13325.520193472194,4.023875152179484,851230.6525757763,2.7993422576888303e-10,87.09064543933607,0.7179471893831874,1.4319826145900585,1.0,15.447071032999764,-0.3197889428107395,-1.3583386491927292,0.1009305226802825,0,-0.0571284096969381,4
"MATLAB 3-04 PM Tue, Oct 15, 2024 Run6 .csv",2,"MATLAB 3-04 PM Tue, Oct 15, 2024 Run6 .csv","MATLAB 3-04 PM Tue, Oct 15, 2024 Run6 .csv",4.900473262802404,1746.9748842885238,0.2125343993458656,1304.370792886,0.0014393738020652,-0.4829889617430788,-0.4635893657536272,0.4394476275954408,0.00056,-0.0007310962419557,0.0,0.4267828727493422,25.423850983835944,12.143166645529275,0.0063583177008494,2.979390659726944e-11,0.0003776318679831,0.0006319986811231,0.9988100909608042,-586.4005988376553,1.807596213958526,359190.0582263093,355.24569647681955,2.5052886643249277,0.9876877453129144,1.0,0.2589555062672397,0.1867186227566975,-0.8237789886214268,0.0162645661830901,3.854725697268348,1223.1165832365532,-0.1095415292820468,1126.7385364819695,0.0015118090008345,-0.5010138753048116,-0.4864422453085023,0.6033313821499142,0.0005433333333333,0.0134380358737631,0.0,0.4202860480317383,8.444198655810057,10.799003193908993,0.0066784731479811,0.0003047734632982,0.0006985170467656,0.9979245062782937,3274.3156030673813,1.6354130033752303,250849.65203159637,3.2935095029303756e-11,596.7437188453621,3.6023199378479984,0.5472847877765723,1.0,-1.5553389469711751,0.2558201646340717,-1.1632023997067793,0.0366060364246369,0,-0.578714900153545,0
"MATLAB 3-04 PM Tue, Oct 22, 2024 Run15 .csv",2,"MATLAB 3-04 PM Tue, Oct 22, 2024 Run15 .csv","MATLAB 3-04 PM Tue, Oct 22, 2024 Run15 .csv",5.133086304465105,2066.155824477136,0.200039637623284,1333.333589426473,0.0035020110809152,-0.5766920180431038,-0.5561783829382279,4.002429358768408,0.0028,1.998671379678703,0.0,0.6635842482051867,20.989207541067422,11.517887751395923,0.0261902538334683,2.5171955121353907e-12,0.0002007619405512,0.0001188499386683,0.9993028505156766,1738.9770003072997,2.803813332125444,453640.6176106978,1.9634436202441647,0.005194618687419,0.0100860184328608,0.2857142857142857,-1.743234197990466,-1.5715447979914676,1.260023359718816,0.0185931241512298,5.192798696392288,1989.162160633654,-0.046760907109326,1232.864955989751,0.0009267625841398,-0.5936449211712143,-0.5794575787322516,3.165218577721564,0.0007,2.012699094380737,0.0,0.0975136701540455,14.764277764104826,9.01718389255579,0.0068716948959042,0.0004805340540027,8.904749642934525e-05,0.9985889582151624,2078.081563412712,2.430071977875744,468219.0812080218,1.860799912097175e-12,2.095552986625916,0.007236758703874,0.0097428802877082,0.4,-1.557748926942114,0.1176250717442063,-1.263197717258287,0.0064677882194519,0,-0.214358117561639,0
"MATLAB 3-05 PM Mon, Oct 28, 2024 Run13 .csv",2,"MATLAB 3-05 PM Mon, Oct 28, 2024 Run13 .csv","MATLAB 3-05 PM Mon, Oct 28, 2024 Run13 .csv",5.8933937819813735,2340.4203471768856,0.267305093546765,1348.0735036163348,0.0021076579927226,-0.4576954513687957,-0.4404454348437101,-0.0113814072499849,0.0003,-0.0031211925593204,0.0,-1.9210490933761477,78.5892195280613,17.614052130908625,0.0082384025847168,1.44165737968404e-11,0.000123032658403,0.0001249401305263,0.997189837748978,4844.779040871618,3.6392284850640526,722493.928265931,1.665518699674146,0.0076625912649103,0.0142010463515985,1.0,-1.7498033107635829,-0.3417840262679372,-1.4793316801362844,0.0027219519019126,5.925213022618125,2696.7737545501686,-0.0138199492283362,1196.7928381759598,0.0018190351516595,-0.4741600288213135,-0.4618035793535632,0.1485242484475799,0.0004,0.0104822699016604,0.0,0.529073827797981,45.48341985424642,13.51949626655635,0.0070578187529923,0.0001183052683145,8.593275455548039e-06,0.9985236840037196,8440.23007791032,3.463437530621637,626705.9172334163,1.2201548012213815e-11,1.3294863289653496,0.0057885572716085,0.0179495821615366,1.0,-1.56497886685493,-0.8599140541062497,-0.944521610539701,0.0206090873479842,0,-0.4121173345277921,4
"MATLAB 3-05 PM Tue, Oct 15, 2024 Run7 .csv",2,"MATLAB 3-05 PM Tue, Oct 15, 2024 Run7 .csv","MATLAB 3-05 PM Tue, Oct 15, 2024 Run7 .csv",4.892839786706957,1744.8946189567182,0.2152124854177246,1307.717001858426,0.0014162351523961,-0.48539545156404,-0.4674124866237785,0.3081556084087262,0.00059,-0.004913764797344,0.0,0.4449053036505702,25.961355698330667,12.42675340301215,0.0061241061551847,3.00715377289018e-11,0.0003896488715877,0.0006362024366183,0.998766681215448,-718.7845382601099,1.8743809370196536,352332.6263750304,357.5320973781452,2.4007786334955177,1.1480362139341471,1.0,1.2436275764633,0.239661394698617,-0.8742832195857919,0.0193836066126823,3.841693451031497,1221.0075785694128,-0.1076021233265474,1122.3949933866618,0.0014451242529098,-0.5040224231614332,-0.4911495798456302,0.4650776899636097,0.0004866666666666,0.0082654454225834,0.0,0.4198679346887636,8.802550510215703,10.960286667096774,0.0062491126453508,0.0003548083180683,0.0006752807129132,0.9980124808503916,2812.8215434288577,1.7122026019924117,236945.3027622153,3.2289133980059645e-11,600.9823828791334,3.307927174299832,0.5626441376320269,1.0,0.4277911932322538,0.2096621342497745,-1.209126315148882,0.0335613697767257,0,-0.6302025724973888,0
"MATLAB 3-06 PM Tue, Oct 22, 2024 Run16 .csv",2,"MATLAB 3-06 PM Tue, Oct 22, 2024 Run16 .csv","MATLAB 3-06 PM Tue, Oct 22, 2024 Run16 .csv",5.191398906420992,2030.775552886157,0.2113107426959825,1323.7534769610468,0.0004630334757022,-0.5571137462926643,-0.5399795383613861,1.9619971695841436,0.0006,-0.0067063370353674,0.0,0.4726130527885976,27.7380497706243,12.970737805693387,0.0028466339365084,3.406601461809968e-12,0.0001415708065999,0.0001322983794476,0.9994297471173704,3755.813502339255,2.6405833119369646,426483.8337438037,1.5210788691536756,0.0040552103755664,0.0068911290405013,1.0,-1.762941536309817,-0.1532663695754617,-1.3585737733878622,0.019531069099903,5.339150453448131,2127.71730049171,-0.0390971569085877,1256.00001771698,0.0005932958784397,-0.5756569104865352,-0.5640955802969706,2.115935676996347,0.0008,0.0060486209435064,0.0,0.3837311196900331,20.263259539987303,10.128143808650798,0.0036398520181924,0.0002717640197153,8.41083997987353e-05,0.9987863863191416,3675.197280954769,2.376312750968223,535937.3798296497,2.0218518302268397e-12,1.5790314530708698,0.0032671249472425,0.0056405096996124,1.0,-1.5794387466805626,-0.2490573024316132,-0.5336008808045438,0.0044142365455627,0,-0.6449600522387702,4
"MATLAB 3-06 PM Wed, Sep 18, 2024 Run7 .csv",2,"MATLAB 3-06 PM Wed, Sep 18, 2024 Run7 .csv","MATLAB 3-06 PM Wed, Sep 18, 2024 Run7 .csv",5.942523423764164,3053.1372289074952,0.275158010874899,1116.7760301778956,0.0566294091841283,-0.4197085253069867,-0.3849075730340818,-0.747510374133987,0.00492,-0.0079013851940499,0.0606060606060606,-1.2142688670165682,83.16971326183567,20.587687648179408,0.1874234483949164,8.028889698398182e-11,0.0002369925445878,0.0002062868120878,0.9993164260461131,898.4099258582191,4.426632044522406,879082.3143384826,18.22958752482292,0.3561793512444715,0.6159694946483919,1.0,0.2326790551747715,-3.109462424334839,9.960415712537769,0.0330226016044616,5.640817784482127,2677.156321812998,-0.0730524341489293,970.881956555435,0.056792288364829,-0.4386926767481984,-0.4093262474455152,-0.5955609161502373,0.00469,1.004570737957455,0.1515151515151515,0.5817306925116658,79.71980914418305,18.47144105083165,0.1879178191792948,7.081486102673753e-05,8.450714341643892e-06,0.9997994337005676,14118.497434077768,3.4092880046791527,953497.6435226918,2.7970239100615326e-10,27.35667633997478,0.2274254953744134,0.4629855790097074,0.8333333333333334,0.4157412933775597,-1.2581030440895205,1.454901104237016,0.1034531271457672,0,0.520642311299726,4
"MATLAB 3-08 PM Fri, Sep 13, 2024 Run8 .csv",2,"MATLAB 3-08 PM Fri, Sep 13, 2024 Run8 .csv","MATLAB 3-08 PM Fri, Sep 13, 2024 Run8 .csv",5.76167272891545,2800.489565526424,0.2330121222076704,947.0187840900276,0.0641691991800581,-0.4365822464936781,-0.4045856075515264,-0.5564721892156532,0.0075666666666666,-0.0090964333527323,0.0571428571428571,-0.8367430448582803,53.6934123142756,18.137081808579307,0.2233099900169362,2.4749959964787945e-10,0.0001150060451149,0.0001115714834176,0.9994747728374632,5357.894339905295,4.8847335934359215,399805.2955833623,78.90317689742504,1.078623729420335,2.501536919060941,1.0,5.2282996466593605,-1.7335793039462175,4.405879855958015,0.0646444702148438,5.789633851856098,3007.379514287415,-0.1052189665237407,992.7768791595062,0.0711500479202285,-0.4612800938132484,-0.4288069144409646,-0.33984489171148,0.0097933333333333,0.0030928549714037,0.9065420560747663,1.2260060837899225,78.37612909981286,19.48190690513124,0.2524073067930954,3.693895746745422e-05,2.6813976018174164e-06,0.9994917719750356,27057.93126012441,4.400979049513363,632449.4313651742,5.18579808108472e-10,96.81895852357272,0.951713254430888,2.7860565001476054,1.0,5.410921333435683,-0.9802606219209622,0.770103186007284,0.2274112504720689,0,-0.1664778799989211,4
"MATLAB 3-08 PM Mon, Oct 28, 2024 Run14 .csv",2,"MATLAB 3-08 PM Mon, Oct 28, 2024 Run14 .csv","MATLAB 3-08 PM Mon, Oct 28, 2024 Run14 .csv",5.773375678984408,2302.7029122635167,0.2500705031081796,1348.57140549139,0.0013499999987832,-0.3725278811883906,-0.3567746248619224,-1.0606540671938438,0.0002,-0.0096939574320735,0.0,-1.9505838566600973,89.69257646696983,19.34612780078623,0.003830330543281,8.967745372352679e-12,0.0002312277463144,9.392711490931475e-05,0.998710539583982,979.1870718609224,3.879909004903921,689836.366620632,1.2741606515577868,0.0054848262571846,0.0105175354743883,1.0,-1.7738900575983454,-0.7050703152743805,-1.5000000000000058,0.0050079417228698,5.850472374418734,2693.365526799706,-0.0248302682572339,1197.908096328297,0.001499999998691,-0.3946932009983815,-0.3843722479846512,-0.9116881833527756,0.0002,0.0023539134783781,0.0,0.6133710624442662,56.87053009457066,14.33385472884552,0.0042906178490276,0.0001913480979677,6.352726440968704e-06,0.9990404096589448,5221.062661555978,3.917988603436074,615568.6158843198,8.575120115714409e-12,1.0343859111285991,0.0044628940243277,0.0140935972137141,1.0,-1.5914886465352565,0.688855067116221,-1.5000000000000062,0.0100065666437149,0,0.4099456780183558,4
"MATLAB 3-10 PM Mon, Oct 28, 2024 Run15 .csv",2,"MATLAB 3-10 PM Mon, Oct 28, 2024 Run15 .csv","MATLAB 3-10 PM Mon, Oct 28, 2024 Run15 .csv",5.751322380529708,2284.978744270816,0.2391970609991971,1331.7387583291093,0.0008999999992228,-0.3062595351399818,-0.2910026594554911,-1.069594548840528,0.0002,-0.010889005590756,0.0,-2.008798154473876,91.87270786719772,19.280746202572683,0.00213878327001,1.1635191961343788e-11,0.0001648224343974,9.093119438409058e-05,0.9981625128543848,2701.5240226107385,3.9343400723421977,680348.9603119704,1.2544352697576189,0.0051663359303992,0.0099872154583726,1.0,-1.7782694661137568,0.7054691558826562,-1.5,0.0100232726335525,5.870890498344526,2732.013237665985,-0.0249811837053125,1187.0715535561772,0.0019499999982514,-0.3228977172026011,-0.3131529150591193,-0.9226177144279144,0.0004,0.0008760304923267,0.0,0.7018079452566545,60.86851542153198,13.51466840813079,0.0046028561311913,0.0001611085825393,5.863862824048516e-06,0.9986165025072054,6198.406607314354,3.8105575101615616,675366.0109858155,1.022251198050564e-11,0.9877104907788784,0.0046495451423004,0.0144610539500876,1.0,-1.596308606477134,-0.7035019736031582,-1.4999999999999991,0.0205621820688248,0,-0.9999396961067528,4
"MATLAB 3-10 PM Tue, Oct 22, 2024 Run17 .csv",2,"MATLAB 3-10 PM Tue, Oct 22, 2024 Run17 .csv","MATLAB 3-10 PM Tue, Oct 22, 2024 Run17 .csv",5.272661759949579,2104.7220991744025,0.2222237662933924,1365.3560716314398,0.0001499999998874,-0.4050503619988826,-0.3900416766353807,-1.074064789663871,0.0003,-0.0114865296700972,0.0,0.2971465153325357,59.38173876940001,16.756172818851685,0.0004643244080494,1.5735854981067185e-12,0.0002515782846741,0.0001253088402511,0.9989222867904708,608.9160834457666,3.0153847582016,284558.56130436645,0.7047487653717385,0.0018072346964167,0.003616658517298,1.0,-1.7804591703714625,-0.4323534760763087,-1.500000000000001,0.014033031463623,5.376503964476223,2141.927741082396,-0.0174286496387722,1256.9950099928997,0.0013999999987802,-0.4246749751827215,-0.4152182484743639,-0.928082479965484,0.0004,0.000137088999301,0.0,0.7171627680616237,45.00077438641326,13.34516968750263,0.0043343653251412,0.0006907008505923,7.877085441864787e-05,0.9980277657178148,1444.9493798392068,2.579175031546165,301097.8397616504,9.45179609980162e-13,0.7323426862638425,0.0018480781093694,0.0038692583967016,1.0,-1.5987185864480726,-0.6951456453450596,-1.5000000000000002,0.0085997295379638,0,-0.6936232077978819,4
"MATLAB 3-11 PM Thu, Oct 24, 2024 Run14.csv",2,"MATLAB 3-11 PM Thu, Oct 24, 2024 Run14.csv","MATLAB 3-11 PM Thu, Oct 24, 2024 Run14.csv",5.5413320042525465,2045.3267396921924,0.3051219813107579,1381.3209620298665,0.0544716140292697,-0.6031929131523304,-0.5916197109923544,3.766733953194008,0.002295,1.9873184221712208,0.0,0.5390833835241312,22.25949274819465,12.372817076517675,0.4289471535570164,1.940146000237681e-11,0.0130657910428411,0.0002899037270493,0.986076968734119,-3300.7219284503344,2.806299342119945,481718.4412139213,101.43409722567628,1.3211251409386318,12.76651094751499,0.1795918367346938,0.2151614211131263,-0.0357030013307508,-0.1502186976554775,0.0327514505386352,5.309700852585328,1983.2892904204637,0.0290762584818622,1253.9952101814918,0.0531706385707952,-0.6251074785673552,-0.61694891530645,4.060727963600867,0.004335,1.9986592060132495,0.0,0.3567394117489049,15.34567292241492,11.208909619003956,0.4259716497081328,0.0165322200767147,0.0001627302298218,0.9824616369347766,59.42708434655737,2.6102583239770367,506203.7313555018,2.095899529113824e-11,120.001790178831,0.8086977789780305,3.369829981362006,0.4120171673819742,0.3964614536100499,-0.5875578934776585,1.0110576684153347,0.0238066780567169,4,0.1072245953007145,1
"MATLAB 3-13 PM Fri, Aug 23, 2024 Run6 .csv",2,"MATLAB 3-13 PM Fri, Aug 23, 2024 Run6 .csv","MATLAB 3-13 PM Fri, Aug 23, 2024 Run6 .csv",5.851663756271485,2492.279335838557,0.3263926929567334,1327.132217328545,0.0362635367083116,-0.6654476471852242,-0.662136762732276,10.603430988040332,0.00742,1.985525849933197,0.0272108843537414,0.7050816846701886,22.55892748306824,23.842308032827287,0.5344123269271436,6.664123677330355e-11,0.0003314033425797,0.0004134176737192,0.998151937020936,-386.0265888377294,4.280923296779856,555066.4449108621,72.7610707391763,0.7852629336414387,1.0445203079999177,0.0387984981226533,0.2085923083400092,3.241614211652347,20.437632475655956,0.0664570701122284,5.534416336452593,1945.2130893097155,-0.0114826647436661,1049.078945340915,0.0359342891363287,-0.6854544159880539,-0.6879449157608846,10.744440674167588,0.00845,1.9964423815341727,0.0272108843537414,0.8200870900929138,15.868293007953358,20.70278628638755,0.5295602364514181,0.000106204412203,0.0001041135607535,0.9997174080295628,9413.1438354744,4.14183455667644,298262.7089606165,1.0062888967181388e-10,106.10256535678684,0.2787667417765094,0.4060312624628317,0.04,-0.6107684863027665,4.87038286489142,35.39881512637164,0.0361437302827835,4,0.8608522505195113,1
"MATLAB 3-13 PM Tue, Oct 15, 2024 Run8 .csv",2,"MATLAB 3-13 PM Tue, Oct 15, 2024 Run8 .csv","MATLAB 3-13 PM Tue, Oct 15, 2024 Run8 .csv",4.883466766001319,1723.773329300979,0.2018584554303937,1279.4550251830503,0.0009925487692857,-0.499150436254648,-0.4859147974244904,0.1943864961477439,0.00057,-0.0156691982254855,0.0,0.682167087831052,26.259495526802056,12.401717098554716,0.0042015186957034,3.317212257150227e-11,0.000257076027545,0.0004587122960567,0.9990999442853576,473.9914494561344,2.036882623579061,326068.18916777085,117.1115924117741,0.4534574677070465,0.2807899507544797,1.0,0.2042128998245977,0.1538439261507813,-1.5480688773465965,0.0261111408472061,3.922581292055095,1260.7875419031177,-0.1075064445401695,1107.4537360514676,0.0009226827926745,-0.5193300673050559,-0.5118255829285565,0.333407132846542,0.00042,-0.0050355014518785,0.0,0.4085209075861733,9.449856063599183,10.21607682109876,0.0039057718105033,0.0002964913096015,0.0004394824811066,0.9983431353728796,3367.19189751183,1.9084712950512772,241746.10264524457,3.2934675604090486e-11,189.9989879054524,0.5195982988285254,0.1323291896577338,1.0,0.3844115537553561,0.3323182796058164,-1.180780834098294,0.0212949967384338,0,-0.6615782162765605,0
"MATLAB 3-13 PM Wed, Sep 18, 2024 Run8 .csv",2,"MATLAB 3-13 PM Wed, Sep 18, 2024 Run8 .csv","MATLAB 3-13 PM Wed, Sep 18, 2024 Run8 .csv",5.94506179176719,3024.842804727726,0.2767977548739426,1111.6939650187558,0.1084740248924169,-0.4644261377972968,-0.4211428320170538,-0.4145599860900502,0.00644,-0.0168642463841677,0.081081081081081,-0.6378092333328046,69.86650956652119,18.77408318263869,0.3972801159350431,1.510669712940754e-10,0.0002151089055712,0.000205569710703,0.9993774574394132,1219.020559923531,4.743820405526416,727654.4053806951,26.409297192343576,0.526316310251279,0.8796692857129645,1.0,-0.8001665086908134,-2.1723776920162945,9.390102414723977,0.0462813746929168,5.66778275794075,2703.2796862641885,-0.0705243582807086,969.3142751789028,0.1082202301432637,-0.4848508533174412,-0.4468562499974866,-0.2775283988197068,0.00694,-0.0065133844379299,0.7297297297297297,0.1140373929538332,71.33002972885136,19.303292393673477,0.3964554730999499,5.477701972868286e-05,7.052606604357714e-06,0.9998288776787804,18252.70674876166,3.714046415099777,850153.3150933882,4.753209582626932e-10,38.444705314969504,0.317468338843131,0.6812115105315351,1.0,-1.6204084061865216,-1.146559495414754,1.5663775125574846,0.1333645594120026,0,0.5105738509958319,4
"MATLAB 3-14 PM Fri, Sep 13, 2024 Run9 .csv",2,"MATLAB 3-14 PM Fri, Sep 13, 2024 Run9 .csv","MATLAB 3-14 PM Fri, Sep 13, 2024 Run9 .csv",5.773618115159074,2878.5236582843686,0.2239693322860661,940.5822566651244,0.0191387486724746,-0.6537644386085542,-0.6404818490903237,7.680972113392928,0.0196133333333333,1.982538229536491,0.0,-0.2382607638633229,18.043571896805865,14.63795751367376,0.2258414186800409,3.7481380626313257e-10,0.0004762912118701,6.647830041076869e-05,0.9987336986991836,-1337.2392168917531,5.163751351829017,204276.0319051876,151.147692637739,2.001752702194019,7.704837768057386,0.025426944971537,1.197643787051481,0.9452703378110664,0.6302650826309306,0.0671781584620475,5.738799961675435,3105.5103239434443,-0.0885564565342646,948.7677559892522,0.0191805785508469,-0.6739628965741953,-0.6661715833092245,7.783675731474606,0.0241,1.9927476740690444,0.0,0.4815757214394026,27.061521236476302,16.115843894495963,0.225694599155545,0.0004085578768446,5.319176985922383e-06,0.9990404479368736,2445.28500013875,4.795592220430736,396726.1620308277,8.137699885603916e-10,170.34145548801803,2.1340074141730065,8.07461519825246,0.0803858520900321,2.37718161384254,1.4526649970106331,1.2498719394563542,0.095186232328415,22,0.1995223670340272,1
"MATLAB 3-15 PM Thu, Oct 24, 2024 Run15.csv",2,"MATLAB 3-15 PM Thu, Oct 24, 2024 Run15.csv","MATLAB 3-15 PM Thu, Oct 24, 2024 Run15.csv",5.441444180242689,2122.6541160196566,0.2469859016327256,1418.0093399583925,0.0475866367375182,-0.5565311121683427,-0.5402489009816922,1.8681221122939515,0.0005,0.9807456572984674,0.0,0.3705177938454321,35.981380831201555,13.987348136655156,0.257086098215454,9.906170413463952e-12,0.0001337388980498,0.0001534912217238,0.9989848897129848,4013.800403494194,2.2932095969608075,435534.31629282166,3.2580720245244548,0.0104354908566698,0.0163383248723537,0.625,-1.808925325721636,0.6085636914094493,-0.7998162231031016,0.0252061259746551,5.284962535991098,2051.636182668961,-0.0325304017688864,1250.3807986305048,0.0475912764694093,-0.577149329961557,-0.5674175839133879,2.001175600707387,0.0008,0.9905308495899674,0.0,0.4740280003082838,25.69948963770535,12.373122278331058,0.2570000891650057,9.216340044871604e-05,5.722308966317684e-05,0.999011918137814,10839.57311984935,2.109636896950542,467371.9933597213,1.182726671902146e-11,3.87524388304858,0.0083911080864862,0.0158272819981973,0.625,-1.6300483260702765,0.1813787006031438,-1.1039437847439284,0.0258183041214942,0,-0.8700395139347079,4
"MATLAB 3-16 PM Fri, Sep 13, 2024 Run10 .csv",2,"MATLAB 3-16 PM Fri, Sep 13, 2024 Run10 .csv","MATLAB 3-16 PM Fri, Sep 13, 2024 Run10 .csv",5.741783692126081,2941.505845703025,0.1854497243856389,926.8730945682764,0.0455651195347336,-0.559270704544947,-0.556937918235324,1.2964032554816587,0.0048566666666666,-1.0198518667808738,1.0,-0.0195185622542718,33.01814669012179,17.283950825984984,0.2484449991985112,7.443532216711657e-11,4.75893121978269e-05,3.705930776133378e-05,0.998926582446742,17527.45709662429,4.645721208550112,463739.50934328313,45.42915368437371,0.5220500284776206,1.6183919433525775,0.0,0.188884970020658,-0.671175019131664,-0.5440702159259296,0.0654039502143859,5.685257116292132,3185.3817899007136,-0.1261328184619297,917.5263520833392,0.045540359853351,-0.5800547361779295,-0.5835329174055652,1.4284622191808678,0.0020133333333333,-1.0102080919030585,1.0,0.1668880609275178,46.12976329639537,23.542355972229903,0.2483091606436456,3.138390520772777e-05,1.536486881698452e-06,0.9993380107719646,31842.37283911672,4.134197344428164,753935.2636589467,1.4290484490458592e-10,47.72118538017307,0.6447658526133244,1.7949150324323082,0.0,0.3675416939587848,0.4991107045827859,1.158589371178974,0.1027007150650025,3,-0.2877309624568845,4
"MATLAB 3-17 PM Wed, Sep 18, 2024 Run9 .csv",2,"MATLAB 3-17 PM Wed, Sep 18, 2024 Run9 .csv","MATLAB 3-17 PM Wed, Sep 18, 2024 Run9 .csv",5.93001779302419,3033.8419627127,0.2713593583313886,1105.858031262709,0.0456231561736108,-0.4325470416984605,-0.41228300470176,-0.9592673948160676,0.00111,-0.0228394871775796,0.03125,-0.7155709588077785,82.22074513245846,20.29502072811225,0.144684287035943,1.5299428742700922e-10,0.0002149982050405,0.0001957446833843,0.9994183660073492,1149.172550548028,4.798887970811633,764969.7089533092,24.5257563888704,0.5012952669101672,0.8599994372301558,1.0,0.1779364487321297,-0.7709324096404715,1.2302471058646205,0.0503587606549263,5.688661950693293,2737.3462904667854,-0.0697158553714146,970.8367210124104,0.0457134143353426,-0.4537638462343384,-0.4396095850592783,-0.8321810546879931,0.00049,-1.0139027993681866,1.0,0.1969065594096977,82.51625944352422,18.952328249966676,0.144970521897241,6.376690659890464e-05,5.861161266823416e-06,0.9998068324011044,15679.086311806108,3.949057680402517,819168.2481465923,4.688950246744883e-10,35.04875742327093,0.2993358605535504,0.6649768634747076,0.0,0.3554917941040909,-0.1498457579598381,-1.4392870495113228,0.1602242571115494,0,0.082191944061635,4
"MATLAB 3-18 PM Tue, Oct 15, 2024 Run9 .csv",2,"MATLAB 3-18 PM Tue, Oct 15, 2024 Run9 .csv","MATLAB 3-18 PM Tue, Oct 15, 2024 Run9 .csv",4.637765299032795,1601.189700400014,0.1725743673828147,1244.149870530732,0.0009960413129774,-0.537907250354761,-0.5284500564000054,0.5273368841916799,0.00066,-0.0246320594156033,0.0,0.6569341743273399,19.488802135494108,11.563374881155944,0.0046742466423373,4.821898723607692e-11,0.0001060300518405,0.000340319908057,0.9993937240335214,5904.517555090222,1.652039656628234,307249.73627627274,150.63031950354213,0.4004178076989305,0.2996172771133216,1.0,-1.8286326640409876,0.0530080897753175,-1.4761031348624998,0.0288814437389373,3.692929788136461,1180.908320579576,-0.1299257998014154,1053.404097842136,0.0008468109859155,-0.5593920439141733,-0.5563055854734231,0.651439650177073,0.00054,-0.0161196238472638,0.0,0.3397135077077655,6.711925275224406,9.378447311866047,0.0039740971440544,7.026187085787904e-05,0.0002940988995199,0.999009576358806,14218.37426418,1.4863895475874245,223194.58983259904,6.189724534083456e-11,241.00702709725124,0.4250337701158183,0.1551816126655082,1.0,-1.6517381458087252,0.3677797209578699,-0.2745636425055222,0.0160486733913421,0,-0.397168686280261,0
"MATLAB 3-19 PM Thu, Oct 17, 2024 Run4 .csv",2,"MATLAB 3-19 PM Thu, Oct 17, 2024 Run4 .csv","MATLAB 3-19 PM Thu, Oct 17, 2024 Run4 .csv",5.2640431861766,2030.782718983694,0.2450400922056336,1345.0175352145675,0.0008929416972295,-0.6876213463187526,-0.6786280908031737,11.085066967207815,0.0023366666666666,1.9741728924257145,0.0,0.1179911373900006,6.916069415535622,7.235872346796951,0.0136412651972632,6.109050605189144e-12,0.0001879815298418,0.0024299331276671,0.9972231889881332,1769.3608629311266,3.911058988455384,568406.0183566915,224.9797640470273,11.686095928820595,0.7728599093837419,0.0793157076205287,-1.8330120725563988,0.4589078042376408,-0.5237846972109184,0.0134963515400886,4.643737065321632,1555.7677512242713,-0.0374492439899002,1335.479780182068,0.0007243900443838,-0.7092703064735773,-0.7066862523527759,11.207180683764754,0.0039766666666666,1.9824024931666848,0.0,0.343515217970388,4.1181108886695785,8.671877051243053,0.0110663403135451,0.0001996178647925,0.0039319054434613,0.9938816530243634,4978.92137087726,3.4956356705377862,594479.0475596299,5.273267074454108e-12,392.0279358141764,21.65925904295076,0.3923652531969501,0.0799373040752351,-1.656558105750603,0.0313235760520835,-0.8153381164840843,0.0321572634577751,5,-0.2136386567993812,0
"MATLAB 3-19 PM Wed, Sep 18, 2024 Run10 .csv",2,"MATLAB 3-19 PM Wed, Sep 18, 2024 Run10 .csv","MATLAB 3-19 PM Wed, Sep 18, 2024 Run10 .csv",5.8882899715213695,3088.2267717440677,0.2500478412628701,1083.1635028404858,0.0266303454408311,-0.6659882920656923,-0.6560171080908536,7.2139931683223795,0.01443,1.9735753683463733,0.0263157894736842,-0.1484497421983664,16.440060821617404,13.816128743615677,0.3021617669924283,2.4611216367700564e-10,0.0001324699437973,0.0001338339862417,0.9993992339354,4001.565055381624,5.2636652648217215,126273.65318889692,54.40181854503808,0.9599340828653656,1.792250726024282,0.0441400304414003,-0.8352017768141042,0.3883135306309924,-0.1275217901334926,0.0875353708863258,5.7030835604804135,2750.05995425466,-0.0746455499824986,980.3623644691124,0.0254882744739758,-0.6884766021450679,-0.6853015858767225,7.43511336026361,0.01899,1.9816635516736592,0.2347826086956521,-0.0717319796996873,16.810808561060448,13.478135417310485,0.2916951896444489,4.395678021082856e-05,5.301698732928939e-06,0.999740545236216,22743.71645150512,4.956104321609692,99634.77226932006,6.058340392525786e-10,80.62240583057785,0.6835109472454841,1.5687638324643782,0.10828025477707,1.3410319142784584,0.3404278004289493,1.0435128798635098,0.1022782462835312,5,-0.0667979799960781,1
"MATLAB 3-21 PM Thu, Oct 17, 2024 Run5 .csv",2,"MATLAB 3-21 PM Thu, Oct 17, 2024 Run5 .csv","MATLAB 3-21 PM Thu, Oct 17, 2024 Run5 .csv",5.433561378391483,2187.561442092588,0.2627743401650789,1306.202901460134,0.000626124044451,-0.6928479122275546,-0.6845951426005403,11.6050966910105,0.00167,1.9723803201876908,0.0,0.1357026311971872,7.803888577431062,6.535098100272376,0.0098828229529222,6.093978498295111e-12,0.0001789113540699,0.0017971864285967,0.9978450510727128,2020.0472937478623,3.978270987629303,517468.6705258731,53.16546172096079,1.937128453296174,0.2756848207912073,0.1428571428571428,-1.839581185329516,-0.4134265914110921,-0.5106979770063629,0.0044886103272438,5.148421201189818,1804.3223190031647,0.0090987546076678,1360.1254377530242,7.380294104575682e-05,-0.7147504332696755,-0.7130322528639079,11.724226833424758,0.00164,1.980185668687608,0.0,0.4409640370618856,5.6375094775338095,8.954676638950751,0.0011648097786843,0.0001718891362781,0.0030685491579253,0.994517113482914,5785.805519865296,3.551401223225376,524025.86158399074,3.0317602723616244e-12,86.45347499260326,3.4125429041661866,0.1354590396102684,0.1428571428571428,-1.663788045663419,-0.3251408315270536,-1.064296741695659,0.0341761180758476,4,-0.0433864117625697,0
"MATLAB 3-24 PM Tue, Oct 8, 2024 Run7 .csv",2,"MATLAB 3-24 PM Tue, Oct 8, 2024 Run7 .csv","MATLAB 3-24 PM Tue, Oct 8, 2024 Run7 .csv",5.854004630971229,2375.1049058940152,0.2529525716235256,1253.1893448677622,0.0266666304547665,-0.489507766794863,-0.4787731773196904,-0.4706560250648812,0.0019,-0.0288147279709916,0.0089285714285714,-1.8149442865352687,97.835578750097,22.01668387982449,0.0992148602312023,7.808123687803024e-11,0.0001371129467141,9.56730582429991e-05,0.9972727959691592,3701.6129079039592,3.913414229431977,414819.557078039,91.3416013339686,0.4832812887494611,0.9475072605468504,1.0,6.156039406155073,0.0656952881381342,-1.2514797977218692,0.0810430055856704,5.918503086650572,2751.54627357198,-0.0407823123492673,1088.892609710369,0.0269140489766146,-0.5115519456317297,-0.5098629200564888,-0.353514932079078,0.00172,-0.0212922142984435,0.0089285714285714,0.3507090972180808,69.04398191910893,17.35567213414958,0.1001216369250021,8.755268617462988e-05,5.3984380982985696e-06,0.999277134156598,11413.437757506044,3.6543107817996887,607923.2712783488,6.854620118472831e-11,71.94131692635857,0.3491702893547697,1.1890431587550576,1.0,6.331391994394704,-0.072020341386569,-0.8077560284420042,0.0803691437840461,0,0.2333707463339372,4
"MATLAB 3-25 PM Wed, Sep 18, 2024 Run11 .csv",2,"MATLAB 3-25 PM Wed, Sep 18, 2024 Run11 .csv","MATLAB 3-25 PM Wed, Sep 18, 2024 Run11 .csv",5.889762422457309,3085.8711983663734,0.2443455386990087,1083.3748891300231,0.0040369098310738,-0.550357085156659,-0.5435621945287212,0.5915759577034585,0.00111,-0.0294122520503328,0.0,-0.1168292176600219,50.53201453557329,15.730072375195968,0.0193183080210157,4.852635327457328e-11,0.0001286424504245,0.0001245835034648,0.9995886598648578,4191.288983474502,4.6943055097402295,603804.4972276795,15.607082680608812,0.2672018384362509,0.5060264294490597,1.0,0.1538497018973672,-0.2859550326781643,-1.5590416197479202,0.0544171917438507,5.695116731160277,2804.110576267327,-0.0826774787564804,986.6405714471756,0.0038817433149158,-0.572573568224388,-0.5722782535047454,0.7077225259750346,0.00048,1.9779688442085308,0.0833333333333333,-0.3233696922139968,53.56208899990232,14.861432975989326,0.018580122205732,5.812522271559968e-05,3.824727220428359e-06,0.999769112864838,17200.262917814496,4.220002131008423,610511.4360959312,1.2532562724578786e-10,22.74952064257701,0.1932623656369165,0.4527811139123963,0.1739130434782608,1.3289820144237647,-0.5337229959022026,-0.9821086240304742,0.0745124092698097,0,-0.0499858797630951,4
"MATLAB 3-26 PM Wed, Sep 18, 2024 Run12 .csv",2,"MATLAB 3-26 PM Wed, Sep 18, 2024 Run12 .csv","MATLAB 3-26 PM Wed, Sep 18, 2024 Run12 .csv",5.87765095243028,3127.831119192695,0.2397152068517484,1070.0414905196617,0.0111669626924166,-0.3655779973730429,-0.3597512119577861,-1.6129162852872874,0.00048,-0.030009776129674,0.0,-0.3505607083944846,91.1698543207056,20.830723624275755,0.0282859729837307,2.753052021869913e-11,0.000142372599549,0.000109926259684,0.9996246880546404,3434.947022901609,4.428461418293708,606458.7990136478,7.698274110743179,0.1303680191019883,0.253833539346091,1.0,3.151659997639661,0.1473347760288422,-1.344859897073035,0.0412117493152618,5.722304153412973,2841.493551575646,-0.0787308585608085,991.6596604583126,0.0114094346820325,-0.3878399753943845,-0.3874935871733311,-1.4977642417299375,0.00032,-0.0227700972844948,0.5,-0.2781764406835794,96.7228139423598,20.346533296705218,0.028900741405673,7.360192970519937e-05,3.6369261740318537e-06,0.999722246330978,13582.826569020728,3.543827122079647,703168.521168251,6.40935618518326e-11,11.07496369961976,0.0980856625103151,0.2350654151678791,1.0,3.326572034452826,-0.4371872471734263,-1.5217417095590264,0.1096063929796219,0,-0.0897867662845896,4
"MATLAB 3-28 PM Thu, Oct 17, 2024 Run6 .csv",2,"MATLAB 3-28 PM Thu, Oct 17, 2024 Run6 .csv","MATLAB 3-28 PM Thu, Oct 17, 2024 Run6 .csv",4.343545415076296,1498.4421830453534,0.1676855400311214,1292.032422363503,0.0003437948503861,-0.7086888345977852,-0.701640228923943,14.782777490046374,0.00221,1.9693926997909847,0.0,-0.0823687732178441,1.9511503042485487,5.1774576126856005,0.0065213953431452,1.0720853206379816e-11,0.0003498228710482,0.0006967464337756,0.998841325811478,-738.205954764654,3.678344469783963,279583.22646965395,234.979315393998,3.248792034468009,0.3478451662808535,0.1434977578475336,-1.850529706618044,-0.3522150662283587,-1.1342682702012,0.0173618605732917,3.362344014243872,1074.4418528744934,-0.1432674262359624,1104.8848816636294,0.0002023517285326,-0.7310292437429236,-0.7308089203765524,14.896935008889498,0.00273,1.9764909612224797,0.0,0.2033945153625991,0.3815087369354044,5.818042060891595,0.0038383809956665,0.000421889728294,0.0007869964047411,0.9979389892073316,2365.402431679723,3.018985287904936,147509.83296338317,1.3108872947377035e-11,420.4007871477423,5.779155090520294,0.214911399187779,0.1434977578475336,-1.6758379455181127,-0.3130753967591587,-1.0601922257106886,0.0355403870344162,1,0.7186144584158214,0
"MATLAB 3-28 PM Tue, Oct 15, 2024 Run10 .csv",2,"MATLAB 3-28 PM Tue, Oct 15, 2024 Run10 .csv","MATLAB 3-28 PM Tue, Oct 15, 2024 Run10 .csv",4.908428214920219,1755.776539303831,0.1899594081302328,1221.5499689217477,0.0010986416186303,-0.6169697098669215,-0.6104292462717626,2.678186237302316,0.001,-0.0312048242883562,0.0,0.8287134679041345,16.78286627337231,10.487674974263864,0.007551946437502,7.786794463952496e-11,0.000235012627872,0.0002699033310372,0.999333740506959,651.529141761504,2.643930690274088,365225.5028077911,134.88056414959837,0.3379363838449848,0.3603655545648155,1.0,-0.8527194108757499,-0.0848382687472002,-1.4091629908266343,0.0341091334819794,4.360419327279152,1435.3821105354234,-0.0826111925062001,1121.842030340414,0.0011117763761746,-0.6393950795476149,-0.6397242539623076,2.7913492314312114,0.00092,-0.0242479802705462,0.0,0.5720426027938118,7.72167414170125,8.472652720488625,0.0076421561214236,0.0002879352043542,0.0002374374990848,0.99881127112711,3468.8751358737227,2.491081692075761,310182.9553102195,4.5438351911730056e-11,194.8497008424294,0.2862753826117642,0.1990767753531072,1.0,-1.6782479254890514,-0.4574808736916482,-0.3614448258280336,0.0174616146087646,0,-0.42079094648899,0
"MATLAB 3-29 PM Tue, Oct 8, 2024 Run8 .csv",2,"MATLAB 3-29 PM Tue, Oct 8, 2024 Run8 .csv","MATLAB 3-29 PM Tue, Oct 8, 2024 Run8 .csv",5.608323075399701,2141.836540783283,0.2490580110234999,1174.4021950788288,0.0724139328341893,-0.3789685208342357,-0.3503072810381832,-1.6308102487687344,0.001095,-0.0323998724470386,0.0576923076923076,-1.269900373598488,95.03367811944626,20.12947043632366,0.1878145699578141,2.3223666376996438e-10,0.0001982502900754,0.0001980797467429,0.9986395446114704,1422.0540521509956,3.925060810256889,364388.49153974885,95.58020165152764,0.5840143741123711,0.9093127356359456,1.0,4.142901180608839,-1.0434421565798009,1.225434271467825,0.0461069256067276,5.668262222341447,2524.5192818964456,-0.0690740308015301,1101.713363640342,0.0721488978340143,-0.4015035174684463,-0.3795549212048028,-1.519636304068293,0.002795,0.9742741367434024,0.2692307692307692,0.4101226656194027,69.46120835899548,17.816583145913327,0.1870957696841672,0.0001054252671914,7.716773309808707e-06,0.9996627249829656,9482.19294685608,3.685340227097793,512862.5770887194,2.5107121319506376e-10,84.6915476324123,0.3142504582552945,1.0262293658121686,0.8157894736842105,3.316932114569071,-0.384868923295983,-0.9290057598425552,0.1257336166501044,0,0.1931773242287062,4
"MATLAB 3-29 PM Tue, Oct 8, 2024 Run9 .csv",2,"MATLAB 3-29 PM Tue, Oct 8, 2024 Run9 .csv","MATLAB 3-29 PM Tue, Oct 8, 2024 Run9 .csv",5.842674908161628,2363.5281225353,0.2486045744819787,1240.9768577934958,0.0248228051213338,-0.5160055750107094,-0.5087962981665095,-0.2352734883140925,0.002305,-0.0329973965263798,0.0,-1.6158999719565703,89.28230428314441,21.04355332100328,0.0994644650087438,8.675175154164414e-11,0.0001415412796119,9.224741057161764e-05,0.9975561142670982,3425.354994427295,3.8076281298307504,400530.1432859352,69.05350404910716,0.3587375156574167,0.7193090374634765,1.0,3.140711476351133,0.0084295802320432,-1.261484341969742,0.0850183886289596,5.8961078892220105,2774.661474886764,-0.0425888536206572,1085.9691202253057,0.0248187713988023,-0.5386714554864658,-0.5401702545682101,-0.1250940683278791,0.001375,-0.0264648047496232,0.0125,0.2853505211781761,64.72222057242057,16.868900071447293,0.0994402319926823,8.29097980293821e-05,5.721424067371172e-06,0.9992274134244896,12051.982240631887,3.6320196184770297,593275.2010666182,8.641789765952759e-11,54.47615706391662,0.2685259883582561,0.938838583327275,1.0,2.314522134598132,-0.0793797933600257,-0.4550687729710998,0.0643723553419114,0,0.2154732647431355,4
"MATLAB 3-31 PM Thu, Oct 17, 2024 Run7 .csv",2,"MATLAB 3-31 PM Thu, Oct 17, 2024 Run7 .csv","MATLAB 3-31 PM Thu, Oct 17, 2024 Run7 .csv",5.330553304025216,2331.153378047693,0.2413350085312496,1230.898839209747,0.0006324555314742,-0.7163851190209471,-0.7109743325215322,15.759766844270167,0.0022,1.9658075553149377,0.0,0.0715194327188479,7.303780773240668,6.232114186274303,0.0123365838498292,8.548272790015226e-12,0.0001552337313774,0.000751524187446,0.9987409811185474,2796.8468328452004,4.754804868299607,286786.1129900728,1.973616238601912,0.0351489445150289,0.0158578220749064,0.2857142857142857,-1.8636679321642784,0.147965358765892,-1.2382949052590373,0.011153657734394,5.613638501944161,2177.9435247112638,0.0370057687250108,1273.472907950403,0.0008350352982846,-0.7394330037975422,-0.7409009214017124,15.867957214827928,0.0024,1.9720573122643252,0.0,0.477549729481284,6.25511849247494,7.742934107526331,0.0163483090955408,0.0002275708617843,0.001354539764191,0.9964068041777924,4378.446328167842,4.658217552020242,504071.8656601383,4.111100923816685e-12,2.462465025978363,0.0489971535452146,0.0090240953831329,0.2352941176470588,-1.6902978253437455,-0.0483816396605188,-1.215062035257488,0.0238137459754943,0,-0.9026462938559888,0
"MATLAB 3-31 PM Tue, Oct 15, 2024 Run11 .csv",2,"MATLAB 3-31 PM Tue, Oct 15, 2024 Run11 .csv","MATLAB 3-31 PM Tue, Oct 15, 2024 Run11 .csv",5.226664776076571,1864.588509930545,0.2380267465852889,1239.1355813236155,0.0410970624431552,-0.6592626126845684,-0.6515133498418739,4.851386794529664,0.00845,1.9652100312355965,0.0989010989010989,0.8615367675799612,16.36866031538876,12.481801584848288,0.375555720364903,1.4781535928137528e-10,0.0002230185015017,0.0003882307178471,0.9991985234540476,836.154535068315,3.114251707190381,438903.8303098605,195.08503603187307,0.7478886771256797,0.7291953948267843,0.1126126126126126,0.1341423635780161,-0.4286915209456976,0.0392470446528432,0.0981843149662018,4.866284195023239,1653.86848567513,-0.0314489657931095,1165.1831417616663,0.0405337223672643,-0.6834105671676943,-0.6826162549590387,5.058583640471715,0.00763,1.9713183707713,0.0434782608695652,0.680884504786906,9.773171037552226,10.488912198301144,0.3745234131089281,0.0002206513968714,0.0003128576345482,0.998672053673267,4526.01736419161,2.9735444321408884,420090.1496716368,1.257339225267945e-10,271.2507993233126,0.5954222794742664,0.4280807737976466,0.1234567901234567,-0.6927078053146842,0.1640092940580986,-1.133281551080406,0.0961980691552162,3,0.2218557327648061,1
"MATLAB 3-33 PM Tue, Oct 8, 2024 Run10 .csv",2,"MATLAB 3-33 PM Tue, Oct 8, 2024 Run10 .csv","MATLAB 3-33 PM Tue, Oct 8, 2024 Run10 .csv",5.500953614157821,2153.1795595649623,0.2114078820776374,1151.4272535107757,0.0561731471296796,-0.3872182668181824,-0.3685413846261316,-1.6576186935207122,0.00326,-0.0359850169230857,0.0384615384615384,-0.4888580200219384,90.04422921965674,18.96650041859565,0.1464535743917254,3.163163713646721e-10,0.0002004740688615,0.0001576996789646,0.9986474484220542,1322.7588399682395,3.832347413869757,376463.22212830745,50.422672220351984,0.2701633219887737,0.4896156412690507,1.0,2.129762955062605,-2.009669558110632,5.837843076113709,0.0656171122193337,5.563621277715191,2645.7660702748567,-0.0844335668782442,1096.0250141381753,0.056705530685691,-0.4103645560773992,-0.3993469222196351,-1.5524118971056329,0.00464,-0.0301595122147515,0.0384615384615384,0.4351212584834663,70.57518228201265,16.95597721973166,0.1478523881851523,0.0001059181502263,7.173135256765014e-06,0.9996498724261772,9437.946851316816,3.620848456241353,553397.0981369728,3.1774291234027166e-10,40.14306904518495,0.1550490323200207,0.5989592055380203,1.0,3.3024722347434383,-1.5211815022536732,2.916813129258085,0.091493726670742,0,0.2889333195871536,4
"MATLAB 3-36 PM Tue, Oct 15, 2024 Run12 .csv",2,"MATLAB 3-36 PM Tue, Oct 15, 2024 Run12 .csv","MATLAB 3-36 PM Tue, Oct 15, 2024 Run12 .csv",5.385950259642039,2015.172105494638,0.2479310010834499,1250.2558664536746,0.0583644802142581,-0.5830571822737607,-0.5372974535489471,0.9245263457473945,0.00073,-0.0383751132404506,0.173076923076923,1.207393952411458,39.36699149250413,16.352580865672486,0.3041711537581301,6.768837185959694e-11,0.0001491153912273,0.0003091365060324,0.9993466396858602,3014.1914067566586,2.358548779749114,351311.40047375514,70.36047858834888,0.2747210032857675,0.3187906956194312,1.0,-0.8789958619682179,1.2423636765761144,0.1651424369347096,0.0290719562768936,5.201546789768978,1848.99538334862,-0.0072257025161433,1192.7881117221254,0.0583385361473936,-0.6065447254399025,-0.5682082560945015,1.0257550433055656,0.00108,-0.0331152781868542,0.1923076923076923,1.3294594654799752,29.46667042554513,16.79292945153618,0.3040732312845996,0.000132401260377,0.0002452068909065,0.9985522660700168,7541.863749832608,2.1894086294543653,349803.0876739123,6.129407477744893e-11,91.7236306438552,0.2164566989269501,0.1983933539189896,1.0,-0.7071676851403166,1.59201939756464,0.8864156545852713,0.0159147042036056,0,0.8808755517239861,4
"MATLAB 3-37 PM Tue, Oct 15, 2024 Run13 .csv",2,"MATLAB 3-37 PM Tue, Oct 15, 2024 Run13 .csv","MATLAB 3-37 PM Tue, Oct 15, 2024 Run13 .csv",5.340933621453951,2084.7431808275187,0.2363146460268505,1224.397493603119,0.0049376242356669,-0.4008023631235619,-0.3960645054757149,-1.5889093791855915,0.00037,-0.0401676854784742,0.0,1.3591515075549283,67.65417935002175,17.820677582767832,0.0130882002957549,3.160923634126305e-11,0.0001348312118556,0.000250665541566,0.999437778134036,3703.138540402274,2.9959164130268805,628235.5443006358,26.148084499854583,0.105746337563409,0.1394227149079191,1.0,4.114435025258665,-0.0353378418015515,-1.499589648231461,0.0393667012453079,5.410219341922252,1975.0697930559252,0.0088776396571308,1179.823848860755,0.0047433494352636,-0.4245256702493273,-0.4275042567353793,-1.4906642557701009,0.00033,-0.0353321026659312,0.0,1.877851958915234,57.260842822314096,16.60416319905249,0.012573234518949,0.0001622413219429,0.0002182894468674,0.9989959237109914,6157.4690821511085,2.681198744035582,416369.6670523386,1.8925106358780868e-11,30.78283927137344,0.0842065236277332,0.0868418626298882,1.0,1.285602374946867,-0.0051788459586265,-1.205302238432497,0.0235817897319794,0,-0.8414785398380848,3
"MATLAB 3-38 PM Thu, Oct 17, 2024 Run8 .csv",2,"MATLAB 3-38 PM Thu, Oct 17, 2024 Run8 .csv","MATLAB 3-38 PM Thu, Oct 17, 2024 Run8 .csv",5.583368082248123,2385.9560990525483,0.2732328807250582,1206.7184600699577,0.0007381734207019,-0.7318908820846756,-0.7290535224496182,17.71099427700163,0.0032,1.9592347904421847,0.0,0.2102590502196863,6.585025503198036,6.074346670904352,0.0156359546993425,7.420604089628309e-12,0.0001142336837185,0.0006309686787296,0.9990435519079248,5028.997636891509,4.997038190235935,211474.0589050413,1.743043632384916,0.022488975678887,0.0166539172396351,0.2222222222222222,-1.8877546789990407,-0.08600745030318,-1.0777374701633904,0.0100958794355393,5.838929461957862,2323.3420275937897,0.0824061574296534,1226.100251830745,0.0007912016170931,-0.7557106203342218,-0.7603695899469555,17.808244875702897,0.002,1.963928955841043,0.0,0.4600150445313848,6.7265381091930845,7.290482351491716,0.0167627461397054,0.0001950618412846,0.0009321061812098,0.9964888011674696,5108.578872243452,4.974082843807089,393874.6745810758,3.5010192649155774e-12,2.006404847850774,0.0264212308871368,0.0110889615234059,0.2222222222222222,-1.7168076050240717,0.0095191300424336,-1.5004590634001818,0.0273586285114288,0,-0.6732604289574808,0
"MATLAB 3-41 PM Thu, Oct 3, 2024 Run6 .csv",2,"MATLAB 3-41 PM Thu, Oct 3, 2024 Run6 .csv","MATLAB 3-41 PM Thu, Oct 3, 2024 Run6 .csv",5.956833719299807,2451.307360225858,0.2545158261982904,1180.3708062703934,0.0046100802813651,-0.4101204017169802,-0.4093486090694653,-1.615730824125646,0.00047,-0.0437528299545213,0.0,-1.761434273151068,130.5743792375046,21.845978398017355,0.0123203362615717,2.6534931289684968e-11,0.000164921624429,8.894322902587576e-05,0.9973140456950232,2294.3697452662086,4.140726632078342,469495.8654841357,16.658682010861302,0.1023954848188991,0.2230821761709694,1.0,2.101296799712431,-0.9804021587786276,0.4069123291851326,0.0087558662891388,5.815446038993013,2909.0507013782485,-0.0570096303023043,1028.2515698430177,0.0046334645834812,-0.4343622955854818,-0.4411462577565639,-1.523452848995518,0.00042,-0.0397657516240852,0.0,-0.1947608644871743,88.08597216679223,19.657789584788578,0.0123828302850438,0.0001173086874014,6.437076433560267e-06,0.9992902458996908,8518.467540944539,3.888725029081936,642186.3014483687,5.532800952789545e-11,13.713753563569082,0.0910422431938107,0.3087125434676439,1.0,3.2711424951212345,0.0955072336640412,-1.5961300524323423,0.0501372456550597,0,-0.167750835685023,4
"MATLAB 3-47 PM Thu, Oct 3, 2024 Run7 .csv",2,"MATLAB 3-47 PM Thu, Oct 3, 2024 Run7 .csv","MATLAB 3-47 PM Thu, Oct 3, 2024 Run7 .csv",5.947528957061193,2438.1748128168465,0.2579966356303418,1187.1855551732042,0.0016230582786602,-0.3537408057765789,-0.3542217299944563,-2.047026510283117,0.00025,-0.0479354985099096,0.0,-2.145645462931669,157.11475978941553,23.15529814365619,0.0037068819917709,7.142613699176929e-11,0.0001749467892736,9.509889261990296e-05,0.9964791101901678,1892.366706634255,4.444546582432423,447177.28556757566,22.469147725002863,0.1437133345245607,0.30577415581541,1.0,2.0859688699084917,-0.5118189014527432,-1.0965623080218967,0.0081277853250503,5.847019486927866,2914.7439460755672,-0.050097353380913,1036.0170882442574,0.0014295364197648,-0.3786604447842676,-0.3871535923448651,-1.961710208152578,0.00033,-0.0449383420752651,0.0,-0.3017743545125341,110.68214532216972,21.448204732160903,0.0032654422924342,8.952382886169612e-05,8.811716878577907e-06,0.999028017111806,11159.353099778473,4.128786717746123,679580.5632942623,1.1861897544063103e-10,17.811892495109984,0.123689585857365,0.4057661933528719,1.0,2.254272635324664,-0.2092444705592377,-1.405910070263449,0.0460433143377304,0,-0.0616140751925634,4
"MATLAB 3-47 PM Tue, Oct 8, 2024 Run13 .csv",2,"MATLAB 3-47 PM Tue, Oct 8, 2024 Run13 .csv","MATLAB 3-47 PM Tue, Oct 8, 2024 Run13 .csv",5.815185417502823,2333.886843326848,0.2392226007755725,1214.1333936365554,0.2689236709030916,0.1926783667933305,0.2804892521773242,-3.2515087522886787,0.00199,-0.0485330225892508,0.0909090909090909,-1.6164226551408163,314.5868200333842,35.10230834078012,0.272933057759615,3.0232466626679364e-11,0.0001530439731866,8.369577684361053e-05,0.9971068855515,2704.391385419089,4.256590063913499,362643.0520621774,10.475438917590626,0.0523431947558777,0.1115435486147817,1.0,-0.9162208343492144,-2.696946751310392,5.594875225289,0.0151985955238341,5.858319823488656,2822.889212155025,-0.0418042593193102,1081.5703799385487,0.2708081947988199,0.1673850239348346,0.2475310735869467,-3.167186974872367,0.00331,-0.0456772835682905,0.0909090909090909,-0.1728801698996468,223.95787433977168,28.55975570704765,0.2749461343606503,0.000151603089314,7.725262539818549e-06,0.999335059184114,6591.78558765454,3.8320094638771978,591569.8046537767,3.1528896822844056e-11,7.852755543559115,0.041683956073929,0.1476481568981584,1.0,0.2518626553537246,-1.859954089482254,3.31053679323012,0.0362770569324493,0,0.8466714758357134,2
"MATLAB 3-49 PM Thu, Oct 17, 2024 Run9 .csv",2,"MATLAB 3-49 PM Thu, Oct 17, 2024 Run9 .csv","MATLAB 3-49 PM Thu, Oct 17, 2024 Run9 .csv",3.850019874098428,1316.3177291439192,0.1024508095562175,1174.765104784083,0.0155006322314301,-0.7103932863002655,-0.7187887814733669,7.641940255710333,0.0026,1.9502719292520667,0.0,-0.0419944215882929,0.5779629746684236,4.084397065859084,0.1838310275754627,1.6249633634520073e-11,4.0081668428121824e-05,0.0001319637049532,0.9997558338415592,21117.708852632342,3.201641559530398,83875.44882026674,17.898553925466206,0.0445239488018868,0.0288482211505153,0.4,-1.9206002428646256,-0.1771249771485492,-1.5458339333057447,0.0140445971488952,2.981359629313914,985.3658656571034,-0.183614769081892,939.626748313072,0.019632361022477,-0.7276994914135683,-0.7517995925397584,7.7242729836981905,0.0016,0.952844833445658,0.0,0.0275470694905811,-0.4229289229155353,3.565657320471625,0.2131172496729284,4.063779649606083e-05,0.000100566992942,0.9995655302096677,24596.94216704292,2.4033363012189968,45527.20175167686,2.5611169060805868e-11,29.740865758805885,0.0616045124997736,0.0281994335972435,0.5714285714285714,-1.752957304588153,-0.8642576783748519,-0.3022045823409178,0.0050889015197753,0,-0.4876765911619092,0
"MATLAB 3-50 PM Mon, Aug 26, 2024 Run3 .csv",2,"MATLAB 3-50 PM Mon, Aug 26, 2024 Run3 .csv","MATLAB 3-50 PM Mon, Aug 26, 2024 Run3 .csv",5.8088624338951576,2433.71248866321,0.3162116081172027,1319.629598715309,0.0225084509700472,-0.7039921364604156,-0.7095668160164561,6.430707293974227,0.00479,1.9490768810933845,0.0092592592592592,0.6500612679780349,21.84973913425554,16.878310171342687,0.242540635447167,7.217562180582437e-12,0.000411435994593,0.000444189916575,0.9973976511782924,-1415.5600856354872,3.942664997327933,632756.1298768234,29.77745282460085,0.2897803278647105,0.3849575853149902,0.1596638655462184,1.075020348619963,0.4699616998671105,2.1693533550876705,0.0363840395212173,5.547980645110769,1890.015692544352,0.0330562617463142,1127.147219506881,0.0233867605030892,-0.7275092456495027,-0.7428302595594849,6.311048972336595,0.00469,1.9513669504596067,0.0,0.5783863392797216,14.16710620439213,13.159567886392866,0.2473094634060731,0.0002399496951026,0.0001458222196447,0.9995415198154324,4165.629464075891,3.8524442624299895,359430.7923039049,8.56740788029492e-12,43.20513076943932,0.1082268582838426,0.1429162953748984,0.0879310344827586,1.2422227354699695,1.3916969466890263,4.9289345582992965,0.0219320732355118,2,0.2444375981253113,1
"MATLAB 3-52 PM Thu, Oct 17, 2024 Run10 .csv",2,"MATLAB 3-52 PM Thu, Oct 17, 2024 Run10 .csv","MATLAB 3-52 PM Thu, Oct 17, 2024 Run10 .csv",4.251750825521032,3588.7283826009925,0.0649878212200964,4493.923649784986,2.500000000290117e-05,-0.7642232479061376,-0.766587885011846,25.61571862619028,0.0002,-1.0533132152239804,1.0,0.7236883976715598,5.50670764036971,6.943950475422664,0.0006805498845242,8.07368263430171e-13,0.0078329972727161,0.0397650629346337,0.9523984064358604,-3747.1309261492406,2.955279093420577,1582480.7093263192,11.360250795996365,39.69768553190176,81.83654527367625,0.0,-1.93373846841086,-0.2107782719013158,-1.5000000000000024,0.0038163548707962,4.572210864948379,3956.184533706429,-0.1875689728409728,4596.349721857841,3.000000000094941e-05,-0.7898530397552642,-0.8005615935056071,25.69208420589277,0.0004,-1.051588815512496,1.0,0.540057700553254,7.751728227926515,8.538144819878186,0.0008167710320464,0.0145480085986852,0.0793379004024805,0.9061125391754868,62.28430049576501,3.278837819929731,2005177.229013996,6.549390885553004e-13,9.570643391570982,60.189345956426536,28.983430270443005,0.0,-1.7674171844137856,-0.0093966814179124,-1.4999999999999991,0.0085419011116027,0,-0.5810876154157862,1
"MATLAB 3-52 PM Thu, Oct 3, 2024 Run8 .csv",2,"MATLAB 3-52 PM Thu, Oct 3, 2024 Run8 .csv","MATLAB 3-52 PM Thu, Oct 3, 2024 Run8 .csv",5.93305149407483,2423.629630816112,0.2531110937210181,1181.5752079398048,0.0035339480617321,-0.2570931929734111,-0.2611119027500224,-2.5917339190091333,0.00028,-0.0539107393033215,0.0,-1.9912265678925676,198.2483647857092,25.842401378156385,0.0064854283635176,6.701912428794916e-11,0.0001803487485412,8.829172930711794e-05,0.9968792016420576,1651.5463246403615,4.087905558303287,363798.96358392463,18.806955230241595,0.1145173312616326,0.2528225613424643,1.0,1.0640718273314345,-0.0365896319043739,-0.6639075840753157,0.0169257378578186,5.850892527113137,2939.1274267659173,-0.0500607859577334,1033.2439294397825,0.0037316193095716,-0.2826926512405464,-0.2934069274832971,-2.5163628640208646,0.0003,-0.0523277570055218,0.0,-0.0312110645604724,137.89407441659873,24.493247423878582,0.0068467862151096,0.0001074111824887,9.68077406165959e-06,0.9989279672196584,9300.0369614597,3.8664305899871647,639595.3383197547,1.0470075222481224e-10,14.44079869453834,0.1034329230156875,0.3362790017841702,1.0,1.2301728356152757,-0.4126102699233913,0.4847974782485909,0.0225982245802879,0,0.4441304300636942,4
"MATLAB 3-53 PM Mon, Aug 26, 2024 Run4 .csv",2,"MATLAB 3-53 PM Mon, Aug 26, 2024 Run4 .csv","MATLAB 3-53 PM Mon, Aug 26, 2024 Run4 .csv",5.828619161801903,2410.6005857832406,0.3243591212248391,1319.4337206807918,0.0326925619819482,-0.6497979163717457,-0.6445399369476217,2.099372603974543,0.0045,1.944894212537996,0.0307692307692307,0.8057373544484521,40.55609423889815,14.44115405061007,0.211900220647615,1.1654887837925484e-11,0.0004075788882618,0.0004987522515375,0.9974483108272508,-1443.1958932313037,3.16584478674794,653967.8851934079,25.603115804047608,0.2817671085150738,0.3650303727446443,0.3146067415730337,-0.9403075811839768,-0.747495447427069,-0.4578371207474316,0.072295171022415,5.617368458980034,1925.2655956139208,0.0361227798835185,1113.26230013005,0.0446649056777642,-0.670453338687032,-0.678237594156821,1.8727516092388024,0.00378,-0.0538056399915731,0.0161290322580645,0.779358948401623,29.35611389535626,15.743444211777378,0.2800106111647361,0.0001812636783517,0.0001557452429964,0.9995349469351306,5514.259425959282,3.0769068202467182,360137.5250879354,1.3242806444469448e-11,36.22154830368782,0.1006076908687169,0.1308909219953042,1.0,0.2253528756733982,-1.6235699406135398,2.791535263712888,0.0220237955451011,1,-0.2242904271396247,1
"MATLAB 3-53 PM Thu, Aug 29, 2024 Run3 .csv",2,"MATLAB 3-53 PM Thu, Aug 29, 2024 Run3 .csv","MATLAB 3-53 PM Thu, Aug 29, 2024 Run3 .csv",5.881994466142395,2482.7332771945294,0.3248649856660915,1284.5168734057445,0.0237797928377441,-0.6861191461474802,-0.692678954172459,3.994921365023048,0.00145,1.944296688458655,0.0,0.3906070181946449,28.636103023374265,11.673859618441488,0.1998261457983787,1.8699240456021994e-11,0.0003761372611677,0.0004349497315092,0.9961398334023186,-1249.3498119304109,2.900404410661828,628574.996040325,35.71787282103527,0.4160152992057205,0.6341901222462397,0.1715976331360946,-0.9424972854416828,-0.0443609406845562,1.8747113522508227,0.0114132431149482,5.621234469461451,2100.331099055906,0.0082212716944857,1028.8628929890317,0.0238049470672049,-0.7120980962266977,-0.7273529276177446,4.067308845868636,0.00142,1.9454554185154007,0.0,0.3662335656434608,24.297590244479576,10.871344490866935,0.2000516993192762,0.0001335150889529,7.606657363744367e-05,0.998999723997822,7482.298306744532,2.875035551990885,413022.1623730967,4.2861326407569534e-11,50.18271769851528,0.1504217657931072,0.3502056528666277,0.1715976331360946,-0.7770571042975405,-0.0189839132210229,1.0362829961423312,0.0181385284662247,3,0.7332404352624291,1
"MATLAB 3-53 PM Thu, Oct 3, 2024 Run9 .csv",2,"MATLAB 3-53 PM Thu, Oct 3, 2024 Run9 .csv","MATLAB 3-53 PM Thu, Oct 3, 2024 Run9 .csv",5.949352558768856,2425.385181771776,0.2568542368274012,1182.9482761401766,0.1833307455247559,0.0257012530014435,0.0957320278607961,-3.209620882893613,0.00066,-0.0563008356206862,0.0833333333333333,-2.258148471318188,298.1340743750521,32.20867153310006,0.2203855748381507,3.9138515148328576e-11,0.0001881273661437,9.017690349035454e-05,0.9971373340116008,1395.396995951292,4.218862794295324,393658.16994524415,12.12133415458364,0.0729589790430039,0.1640754507366997,1.0,-1.944686989699388,-2.5377117436667582,5.380941947665612,0.0241179877519607,5.870418794068162,2947.1508627137223,-0.0465359819955099,1040.9459609060232,0.1841273371982899,-0.0003193308303,0.0667317381724472,-3.1382279267622524,0.00033,-0.0552835229776245,0.0833333333333333,0.1520045926204995,205.61893965578767,29.93822974882136,0.221333498450767,0.0001210492465591,9.891849953648749e-06,0.9988688501250236,8251.756029201115,3.8997752914587744,574287.229054282,5.7713637445333207e-11,9.303427684838567,0.0673399191198204,0.2163079994955798,1.0,-1.7794670842684792,-2.02663033233878,3.634859591302916,0.01618392765522,0,0.8905176593134836,2
"MATLAB 3-55 PM Tue, Sep 17, 2024 Run5 .csv",2,"MATLAB 3-55 PM Tue, Sep 17, 2024 Run5 .csv","MATLAB 3-55 PM Tue, Sep 17, 2024 Run5 .csv",5.900410728789756,3077.3088691351445,0.2473896491635757,1030.2715447537964,0.0059147434433738,-0.7622826952817172,-0.7679240404443173,16.372694173122607,0.00739,1.941309068061949,0.0144230769230769,-0.4804809631500764,8.951999481705045,11.708667634471784,0.1231135450192697,5.2500646863284924e-11,7.777264190052057e-05,7.837006530335639e-05,0.9975738211800927,8892.889821577668,5.536762794755584,44044.6142976125,26.48422220639047,0.3637254008514375,0.9956157191308868,0.071,0.046554193269789,1.5399234563507358,6.822280532661498,0.0435766106843948,5.892513495967775,3294.0846203320007,-0.1054845158267031,990.5763158842364,0.0038008994307098,-0.7893716957467566,-0.8030295950796118,16.740112030692615,0.00553,1.9417607110502728,0.0094786729857819,0.1917255514207625,12.391270205917758,17.605340832913967,0.0802611269249153,2.5901049684230662e-05,9.13543412131729e-07,0.9995744198314764,38592.0428715307,5.516444735507852,116822.36575279642,1.1768975490206079e-10,33.20269953940212,0.4240799468225543,1.2661044759524802,0.0585325638911789,0.2108929958477656,3.2585402097986,22.36282021074676,0.0840455859899521,2,0.1644683210535575,1
"MATLAB 3-56 PM Tue, Sep 17, 2024 Run6 .csv",2,"MATLAB 3-56 PM Tue, Sep 17, 2024 Run6 .csv","MATLAB 3-56 PM Tue, Sep 17, 2024 Run6 .csv",5.940773025912514,3047.9160962266237,0.2639841992342169,1033.984574588329,0.0123303840571757,-0.7605709226143728,-0.7722910922435909,14.559265448879252,0.01555,1.9395164958239253,0.0,-0.4711375014527932,10.292841053509516,13.551686880480544,0.2331888359652037,1.7814527644196977e-10,9.468471348015343e-05,0.0001007449694347,0.9979986879805592,6584.594899196207,5.535104558683278,35216.345469714324,44.94433078748565,0.6614775972774604,1.6839229689336992,0.0448232323232323,0.0399850804966721,1.0579176147252212,0.2001932007478939,0.0481829661130905,5.904554995977583,3243.0214416257018,-0.096785023192164,1006.4833394195176,0.0103053471530726,-0.7891213611143449,-0.8079755955922676,15.32370373270065,0.02611,1.939543886571196,0.1878172588832487,0.3928407368466692,14.87007809652492,15.161927590330764,0.2021101126488564,2.907449584870623e-05,1.2754384496623604e-06,0.999483948609826,34376.65622168652,5.52966315675528,91615.9746828284,4.3771057582436847e-10,57.06670115724881,0.6662925536621159,2.0150565257194457,0.1035971223021582,0.2036630559349492,1.445602800873092,1.6089131016336164,0.0923140871524811,11,0.4714431635694677,1
"MATLAB 3-56 PM Wed, Nov 6, 2024 Run6 .csv",2,"MATLAB 3-56 PM Wed, Nov 6, 2024 Run6 .csv","MATLAB 3-56 PM Wed, Nov 6, 2024 Run6 .csv",5.731865709321296,2282.125229200874,0.2890768565425451,1305.2708043120383,0.0012210734644295,-0.4061318556950138,-0.4115801098308509,-1.7786392497810866,0.0002333333333333,-0.0610810282554157,0.0,2.4757708867428714,102.4125793102872,20.812685871008163,0.0029902096409236,3.9155617379801116e-11,0.0002075916316687,0.0002429556715714,0.9993315126543476,851.0511949578436,2.9924617276309244,1084183.660500398,8.526717513937662,0.0481983651819363,0.0739835336132592,1.0,-1.9622046237610336,0.5974053722573914,-1.4379292060904916,0.0290464153885841,5.39991583531509,2281.664878639471,0.0002904937694389,1065.940846012291,0.0008124038397505,-0.4326373950107601,-0.4471909294176359,-1.7152024913635415,0.0002333333333333,-0.0611950549218298,0.0,0.8051421070069016,75.62509723538037,19.338805239564223,0.0019882619688456,0.0001270899526434,0.0001404595205153,0.999095608808936,7861.326470170711,2.7494982208376206,397326.593158777,8.846113149153499e-11,9.87486600504306,0.0488390710997205,0.0565099983696094,1.0,-1.7987469240359897,0.9937641961357768,0.3756666167971327,0.0264250206947326,0,-0.4166838902111847,3
"MATLAB 3-57 PM Thu, Aug 29, 2024 Run4 .csv",2,"MATLAB 3-57 PM Thu, Aug 29, 2024 Run4 .csv","MATLAB 3-57 PM Thu, Aug 29, 2024 Run4 .csv",5.888417958702931,2511.515145995389,0.3330369378893358,1275.403199092477,0.0035322273308199,-0.65496261216321,-0.6612691268772544,1.7501969546222202,0.00105,-0.0616785523347569,0.0,0.6131965056246209,36.340853042865234,12.22483702145408,0.0219984345834162,2.7205272557119387e-11,0.0003321434216275,0.0004008578771151,0.9964138145201724,-970.1710339743354,2.505906780719439,598881.9511235841,34.38452520534259,0.3975610634198357,0.6282533485245609,1.0,1.0356056719812607,-0.9647840006935672,0.7115644579325111,0.013533136844635,5.645275740600788,2138.3107571874007,0.0111448584072522,1019.8037427137908,0.0035403399505847,-0.6817974397453875,-0.6971062627011653,1.8126391883255373,0.00062,-0.0619339964148555,0.0,0.1282597525648144,38.34998575682548,11.970327735986467,0.0220489593425785,0.000112248029446,6.893598413480566e-05,0.9991673170149036,8901.424122506489,2.499835046406456,391631.4089353188,6.226463272374391e-11,47.94878498136032,0.15518321436606,0.3803775466392281,1.0,1.1988430959930718,-0.5811930177358633,-1.0226360253409967,0.0291188615560532,0,0.5753327068259535,4
"MATLAB 3-57 PM Thu, Oct 3, 2024 Run12 .csv",2,"MATLAB 3-57 PM Thu, Oct 3, 2024 Run12 .csv","MATLAB 3-57 PM Thu, Oct 3, 2024 Run12 .csv",5.977844615663342,2465.646241209989,0.2569986121099263,1191.8290269524382,0.0021870005532135,-0.5367106523290659,-0.5430581442496357,-0.8542992887625989,0.00041,-0.0622760764140981,0.0,-0.8472150339023221,96.8999082236104,19.24500932839241,0.0078146235801802,3.300177585449264e-11,0.0001389284241414,7.905825791492844e-05,0.9971597553068572,3200.142585287924,4.426732078535167,439850.0273954223,20.539170731464697,0.1161267783378484,0.2733310157275299,1.0,3.0334159677235557,-0.1499368229724508,-1.1995518379624217,0.0174699676036835,5.845224125503066,2954.486454215559,-0.0571499218421619,1064.2404370144218,0.0024890847406613,-0.5636319110350323,-0.5788215963111236,-0.7928515797735081,0.00057,-0.0626729379078812,0.0,-0.0208869248404824,70.03846795001579,16.825699214784578,0.0088940353850654,0.0001033091466763,8.091823049923621e-06,0.9987021542951098,9667.122287085707,4.216332504091568,585492.1591937782,5.2248030016638765e-11,15.935777986671784,0.1108725824131109,0.36250038803593,1.0,3.196433116022133,-0.779203535654891,-0.5739640696470678,0.0226125210523605,1,0.1626958242745382,4
"MATLAB 3-58 PM Thu, Sep 5, 2024 Run1 .csv",2,"MATLAB 3-58 PM Thu, Sep 5, 2024 Run1 .csv","MATLAB 3-58 PM Thu, Sep 5, 2024 Run1 .csv",5.535415471898961,2495.4767273814864,0.2192507212260697,1313.1803262091523,0.149547756908195,-0.2709170350663265,-0.2213971618002481,-2.5587865312607523,0.00163,-0.0628736004934393,0.1578947368421052,2.415536586990325,185.53880759978108,30.911294592524108,0.2735490703450201,1.9283717117453204e-11,0.0001876566133117,6.157950788380438e-05,0.9991120580765306,1339.542944418206,4.077880596950688,632344.4628074013,7.312242188682422,0.0575644573277545,0.1089856915184544,1.0,2.0312262634658493,-1.1699946533119605,1.022832968075753,0.0977926880121231,5.827192618641472,3037.652497793757,-0.056031679985511,1301.3573646304435,0.1494693612768647,-0.2982191693402649,-0.2577369301018284,-2.4983333469858886,0.00365,-0.0634118794009068,0.1052631578947368,0.4868277584058594,144.82194789208097,24.31907784519625,0.2735530040431275,0.0001386101773156,2.057245776253191e-05,0.998832992734488,7206.058112602192,3.514824553078505,911710.3935482216,2.7111723296555064e-11,7.354489592054563,0.0671222939199178,0.1467498812747064,1.0,3.1940231360511944,-1.5545017381207265,2.4014654630688046,0.0714110386371613,0,0.4685789848774197,2
"MATLAB 3-59 PM Tue, Sep 17, 2024 Run7 .csv",2,"MATLAB 3-59 PM Tue, Sep 17, 2024 Run7 .csv","MATLAB 3-59 PM Tue, Sep 17, 2024 Run7 .csv",5.759562108671321,3068.845119935669,0.2218616680033911,976.2440134401162,0.008420461434022,-0.7330513938641579,-0.7402251958774906,7.132369996648839,0.00273,1.9359313513478784,0.0,-0.3375721113405644,14.794405340266785,9.539515876130936,0.0971871239657241,4.152161374379793e-11,7.100986109955746e-05,6.72286137040421e-05,0.9978098576001884,10052.614668140246,4.858827338735642,313825.8590788192,15.640057634242517,0.2151162741751228,0.6290806173604883,0.1636828644501279,0.0268468549504379,-0.3002095006311203,-1.1851284535287048,0.0346459740400314,5.721319274367041,3236.0722755031406,-0.1175991698307969,954.01654990303,0.0079254708840933,-0.7601910763763111,-0.7772675966531943,7.190834131495249,0.00217,1.9351102376130416,0.0,0.0567562933906783,19.548217790669867,10.03935140023568,0.0914309226541097,3.321210255116851e-05,7.932971833017984e-07,0.999597110727552,30097.3751718222,4.732544207116717,462128.2311581614,1.0275561233186269e-10,20.366968312083245,0.2587183340872211,0.7853279202084069,0.059396299902629,-1.810796823890683,-0.1808601501981294,-1.5364958832059117,0.0855251905322075,0,0.123100253819189,1
"MATLAB 3-59 PM Tue, Sep 17, 2024 Run8 .csv",2,"MATLAB 3-59 PM Tue, Sep 17, 2024 Run8 .csv","MATLAB 3-59 PM Tue, Sep 17, 2024 Run8 .csv",5.734099268056526,3036.6876208490858,0.2197766766773342,945.8492760635625,0.0407420915134241,-0.6288378816018863,-0.6424142132313628,0.7278357495203247,0.00268,-0.0646661727314628,0.8653846153846154,-0.5479446485829624,37.90170299707249,14.340994474280054,0.2123133098004125,1.8869319217295387e-11,8.8175620118563e-05,6.311606845130972e-05,0.9976717929302384,7308.26239393494,4.466400692122456,547752.1762244378,6.731345495862187,0.0924150113070229,0.2752567773846624,1.0,-1.975342849307268,-0.4598834340687233,-0.9788708266897066,0.034731752872467,5.696916110693743,3219.6116456197924,-0.1135465442259701,934.6576792574864,0.0394766272270585,-0.6522709432377757,-0.675532930248562,0.6853043595539887,0.00117,-0.0656287038799838,0.8627450980392157,0.284634189530589,46.26431848468748,14.946119281679623,0.2016892007459186,5.362986413470074e-05,1.0456096006864163e-06,0.9995716434559436,18638.340029080544,4.079924987204173,888135.0689054359,4.7294083381551886e-11,8.760927947830554,0.1111825618768486,0.3391790602137865,1.0,-1.8132068038616216,-0.1312334079369611,-1.6028151597131337,0.0892485380172729,0,0.2936671861169429,4
"MATLAB 4-00 PM Mon, Aug 26, 2024 Run5 .csv",2,"MATLAB 4-00 PM Mon, Aug 26, 2024 Run5 .csv","MATLAB 4-00 PM Mon, Aug 26, 2024 Run5 .csv",5.745862912542867,2312.765780837617,0.328775317290544,1291.05186393358,0.0380479376331476,-0.7281917680238403,-0.7390532304144022,6.223420514115491,0.00788,1.934736303189196,0.2990654205607476,0.5820003049107297,25.516510191079583,14.934151478113485,0.4065688212144971,8.317745759544509e-11,0.000428130717252,0.0005102439872742,0.9979376233048394,-1682.6616925827934,4.070135411300093,573852.7370653994,62.33267420992907,0.7586734795688601,0.96857395023669,0.1446540880503144,-0.9775325535649736,0.5790113056277064,-0.8228868664825928,0.1245826703310013,5.587916820018042,1910.399059790892,0.0179008721136956,1008.2263745713316,0.0343984535846446,-0.7572782012151438,-0.775198263666971,6.4798975997304815,0.00848,1.9336323546269905,0.2018348623853211,0.8742895841828332,22.965861434314448,14.325209108830462,0.3745068439313311,0.0001470502289003,0.0001308472014835,0.9996568190264152,6798.063671859979,3.9607542440995247,297964.8984850188,9.038561777342949e-11,83.2112466542906,0.2514319777521115,0.347233344719469,0.0920502092050209,0.1843832161674394,0.5923961208090492,-0.8373687178342308,0.1162190735340118,4,0.0708134634249288,1
"MATLAB 4-00 PM Wed, Nov 6, 2024 Run7 .csv",2,"MATLAB 4-00 PM Wed, Nov 6, 2024 Run7 .csv","MATLAB 4-00 PM Wed, Nov 6, 2024 Run7 .csv",5.70386565862132,2261.912987785688,0.287212270683318,1305.59587660886,0.0026348624233709,-0.2342156142755662,-0.2407422481230632,-2.681120734935966,0.00016,-0.0658612208901452,0.0,3.057240647564914,153.25072910179338,25.048064180108053,0.0044764906994627,6.960001871515171e-11,0.0002010771836299,0.0002319686723619,0.9992536009336912,948.6798697793796,3.1339558509369247,1162652.3001258017,12.823270563061737,0.0695872628682679,0.1123076497650638,1.0,-0.979722257822679,0.7893693053788605,-0.7801453232639721,0.0163487386703491,5.389940012594673,2297.3979324139364,0.0024660353339819,1043.4754847556485,0.0028323742226897,-0.2620179597239487,-0.2778635976131252,-2.6256401742322377,0.00016,-0.0671065868660352,0.0,0.8809690070128746,107.10299675370914,21.54316214498132,0.0048150181265175,0.0001609696575804,0.0001247517996613,0.9988744690055326,6205.358724245674,2.997009725108934,597785.3131150897,1.3859804454461083e-10,14.11734756001421,0.0723440435186068,0.0869688511347004,1.0,-0.8180267638034993,0.1606408355830912,-1.6954503264969791,0.0837541949748992,0,0.4841982573078583,3
"MATLAB 4-01 PM Thu, Oct 17, 2024 Run11 .csv",2,"MATLAB 4-01 PM Thu, Oct 17, 2024 Run11 .csv","MATLAB 4-01 PM Thu, Oct 17, 2024 Run11 .csv",4.889458573882263,2102.007311070673,0.2056983355876835,1170.1628537283812,0.0101856241139947,-0.761770726469247,-0.7736812649188,11.517573676233209,0.0036,1.9335412550305136,0.0,0.4415017408446878,2.644598722964288,4.918095441563636,0.1640574525106529,4.983234824376438e-12,7.283821909080042e-05,0.0002614993595546,0.9994667868341812,9693.669797460834,4.51811160003938,12117.74342086086,2.929009718256125,0.018115883265869,0.0226447063823371,0.25,-1.981911962080385,-1.9117301049316704,2.277471907494875,0.0039310479164123,5.770145014938655,2326.4527818870333,0.0506163755653182,1075.1466356507076,0.013187099435752,-0.7853255744738278,-0.810528930646813,11.57205971222271,0.0022,1.9321544716409391,0.0,0.5643866192263788,3.2974429646435475,5.439971680843038,0.1996316957872929,0.0001756219267835,0.0003012787747281,0.9984718937650804,5685.348703614277,5.495900498582075,11495.93456638799,2.0500953812121778e-12,2.0761016423763747,0.0147201982898667,0.0170737791429713,0.2,-1.8204367437744384,0.2102867458754672,-1.2843469258147595,0.0123421925306319,0,-0.5386699810842746,0
"MATLAB 4-02 PM Wed, Nov 6, 2024 Run8 .csv",2,"MATLAB 4-02 PM Wed, Nov 6, 2024 Run8 .csv","MATLAB 4-02 PM Wed, Nov 6, 2024 Run8 .csv",5.748403284889405,2243.902646117,0.3417783029827319,1317.7252108358232,0.004282410506731,-0.2500292715728703,-0.2578092999137562,-2.7445587081218603,0.0002,-0.0676537931281688,0.0,3.0137892478090804,152.56627622827347,24.894152784825817,0.0074359175195277,6.158271271561805e-11,0.0046860996153815,0.0004586422418994,0.994428967627998,-3830.34368297243,3.0890324309624884,1007795.310421966,52.20776488454334,1.3271743946358396,5.795230974115476,1.0,6.013708629404204,0.6154843247630475,0.1614303478123551,0.0115207076072692,5.390014247715946,2281.276716649064,0.049909373324334,1046.4389304141705,0.0042162931569018,-0.2776784103929842,-0.2948095981156255,-2.6920617215608127,0.00018,-0.0693234113451122,0.0,0.9849879381159452,109.3159081901313,23.232684440657696,0.0073204767222909,0.0014414443891717,0.000210619212586,0.9973159143095044,691.88650065271,2.88776170381086,591462.264051802,1.2414531546991187e-10,57.95807906224311,0.7712351358554002,1.9172503147834887,1.0,5.174743296283684,-0.0141137697971103,-1.7034693663893907,0.0975456321239471,0,-0.1816327417036783,3
"MATLAB 4-05 PM Thu, Oct 3, 2024 Run13 .csv",2,"MATLAB 4-05 PM Thu, Oct 3, 2024 Run13 .csv","MATLAB 4-05 PM Thu, Oct 3, 2024 Run13 .csv",5.936164186863349,2449.517339975665,0.2428179293183001,1178.8700317452583,0.0019047838523214,-0.4765161773645682,-0.4855873342438807,-1.603478938508994,0.00032,-0.0688488412868513,0.0,-0.633798963818113,117.4504915954631,21.36591670560352,0.0054189601723419,2.958282411614737e-11,0.0001344653474887,6.605485650090354e-05,0.9973809698602067,3360.3448952220224,4.279616196635246,452851.631648428,16.611477327243733,0.0901340946293508,0.2207904154558827,1.0,0.0093292208887927,-0.0015299805465212,-1.0428069913876945,0.0195974111557006,5.812494773885701,2993.55125230204,-0.0625823983758683,1048.7663063192122,0.0023595523379088,-0.5045881784320387,-0.5230402649242683,-1.5529710013764009,0.00045,-0.0708012943311635,0.0,-0.1025782770700294,88.94681203295207,18.84361205343118,0.0067165623463555,0.000106417442369,8.253981768173415e-06,0.998704120461272,9384.778455749229,3.993804837887328,645183.5262491938,4.409123645584574e-11,12.3847122589852,0.0916439910844199,0.2960499355899448,1.0,0.1699233363418066,-0.0754073661233079,-0.9375819708083464,0.0202097499370574,1,0.6389488688039773,4
"MATLAB 4-05 PM Wed, Nov 6, 2024 Run9 .csv",2,"MATLAB 4-05 PM Wed, Nov 6, 2024 Run9 .csv","MATLAB 4-05 PM Wed, Nov 6, 2024 Run9 .csv",5.699452281466664,2243.060443073694,0.287264198255302,1314.339556613441,0.025739361319332,0.7318227565246387,0.731873647407526,-3.807971181499739,6e-05,-0.0694463653661923,0.0,4.787784154460059,390.4301480916298,38.135991238438095,0.0164902531742332,3.800678783569625e-11,0.0002671752316078,0.0002162897659317,0.9989541196907168,-325.33371931652346,3.364531425003513,917959.1477863408,11.87222193849911,0.0584978201259814,0.1048690371423785,1.0,3.007139516631087,0.5127948696958784,-0.1735592448749914,0.0067746001482009,5.388217522175104,2291.146029127362,0.0041542801184295,1039.4485353393993,0.0254890172217877,0.7035809910001214,0.6938444004903759,-3.7584577690813736,6e-05,-0.0715402358241892,0.0,2.1450265319367467,269.7748047589145,35.92103567472777,0.0163328317597987,0.0002092903990295,0.0001007402459632,0.9981735188125332,4769.32302408935,3.349044109372004,635802.4701499807,6.730383996658752e-11,12.875227354969883,0.060689064304246,0.08171656063051,1.0,1.167513356370868,-1.7193925717867993,1.3959925837226803,0.0245947510004044,0,-0.1657790066125867,3
"MATLAB 4-07 PM Mon, Aug 26, 2024 Run6 .csv",2,"MATLAB 4-07 PM Mon, Aug 26, 2024 Run6 .csv","MATLAB 4-07 PM Mon, Aug 26, 2024 Run6 .csv",5.661844772615451,2245.780803041277,0.3366733948249664,1282.9843309385042,0.0352430632271244,-0.749574573176028,-0.7650153685323556,7.88767558920356,0.02081,1.9299561105544665,0.1854838709677419,0.5131729079829459,16.510539715513346,12.812094938275518,0.4376561647659078,5.551922426760498e-10,0.0004717314102526,0.0005523932397785,0.997838127853276,-1956.2565795684252,4.703192297327488,389638.3428662367,148.83147486226767,1.995651375538516,2.533708917376557,0.0796178343949044,-0.9950501876266188,0.0973465871263455,0.6479823940336962,0.0867233633995056,5.676880131851609,1952.5954360006056,0.0345298834534698,995.0102935786588,0.0362081082408701,-0.7760479186535004,-0.8011209316889196,7.736192476710663,0.0209,1.927720822682785,0.0737704918032786,0.666298537798547,15.483100765592482,13.213163699673478,0.4410333404829242,0.0001336155161741,0.0001260157996551,0.9996654044752492,7481.656570279504,4.514404150208305,220824.6343114336,4.700479445743315e-10,183.727069494013,0.6176620702927066,0.8829682934358539,0.0641821946169772,-0.8348966236000708,0.177300902261696,1.7164405086551326,0.0812426742911338,5,0.0490141958134278,1
"MATLAB 4-09 PM Mon, Aug 26, 2024 Run7 .csv",2,"MATLAB 4-09 PM Mon, Aug 26, 2024 Run7 .csv","MATLAB 4-09 PM Mon, Aug 26, 2024 Run7 .csv",5.808206252222579,2303.231895917116,0.3499939693617697,1301.105015164797,0.0279417668192632,-0.7571460206815056,-0.7736824203273043,8.67427286752168,0.02403,1.9281635383164428,0.0757575757575757,0.3588128838216967,13.133664683396924,14.770045179927408,0.3672785471457038,3.1172988623982403e-10,0.0004247140084406,0.0005372319677542,0.9978152979521396,-1743.8715704629367,4.782946616147309,366947.0774049765,164.84438549460688,2.1006717325305213,2.563452788924556,0.0430906389301634,-0.001619300399736,0.8118818086983731,5.842337050219772,0.0711133828759193,5.769217945168244,1985.6686170301832,0.0436338065100859,1027.7639585433317,0.0277082924007492,-0.7859287975388541,-0.8109169321976177,8.819809181181657,0.02115,1.925503998203708,0.0526315789473684,0.518933005237729,12.720446177383817,13.61863339292633,0.366515477361325,0.0001394760127324,0.000116839164186,0.9996629629271389,7167.275170424479,4.7051394317094255,231910.1577922569,3.666901411757001e-10,209.0201057499834,0.669700731245161,1.0080127758417003,0.0513100436681222,0.157873436487113,0.4850650602682166,5.307804297410128,0.0571788203716278,5,0.0779502361895017,1
"MATLAB 4-09 PM Thu, Oct 3, 2024 Run14 .csv",2,"MATLAB 4-09 PM Thu, Oct 3, 2024 Run14 .csv","MATLAB 4-09 PM Thu, Oct 3, 2024 Run14 .csv",5.928660944600166,2457.0349291533607,0.2405512421747947,1181.8159569560248,0.001304184035079,-0.4534167104921319,-0.4637714378698606,-1.9303033837446044,0.00026,-0.0724339857628983,0.0,-0.6315336399621011,136.20271588093647,22.479487440125705,0.0034244213865721,3.082439726224705e-11,0.0001355732619666,6.363068953596874e-05,0.9969725155483292,3253.2584608161096,4.140089076112798,396029.882766113,14.45684197709371,0.0775952347801508,0.1916570845811583,1.0,3.9961909953425594,0.0184179983308547,-1.2317644397279923,0.0239409685134887,5.785949142869651,3012.504466853812,-0.0663563961893189,1041.2000245411027,0.0023757306223967,-0.4818072983025155,-0.5016822659756137,-1.8857625948973729,0.00038,-0.0752349432893175,0.0,-0.1101358161723171,98.1236869715749,19.769285965043387,0.0062380021018861,0.0001022480121033,8.292860471069497e-06,0.9985472098723605,9765.93274852858,3.772704369233351,612889.0173263563,4.537605373453712e-11,10.690389369453923,0.0815834808438089,0.2604261097330466,1.0,4.155463456516174,-0.3342754702607866,-0.327226838325438,0.0128218472003936,2,0.6333643839383077,4
"MATLAB 4-09 PM Thu, Sep 5, 2024 Run4 .csv",2,"MATLAB 4-09 PM Thu, Sep 5, 2024 Run4 .csv","MATLAB 4-09 PM Thu, Sep 5, 2024 Run4 .csv",5.46021449116536,2416.6024105889,0.2219247666298871,1303.500811439866,0.1879264842402192,-0.2847305375894353,-0.2106104553646437,-2.684790375440658,0.003545,-0.0730315098422393,0.7837837837837838,2.733507372716398,196.33049260104627,32.60319346456879,0.3413276745349281,2.792486141580296e-11,0.0001619311582914,6.366566915577588e-05,0.9989042235614934,2060.9575299444805,4.239020993951497,500453.1104515946,15.808031983846837,0.1139731523678772,0.2180038411344933,1.0,2.994001291084853,-0.9521417787099936,-0.2324786323793986,0.105999505519867,5.809360466852501,2950.809907555587,-0.0520403372545014,1321.390758764437,0.1867910474714566,-0.2975454136803707,-0.2437975997143333,-2.691244361353296,0.00366,-0.0759738847823432,0.4166666666666667,0.280451700650229,143.94622069535868,25.520392345354065,0.3298813050213896,0.0001143846334572,2.240649876728294e-05,0.9990497644128572,8734.125679447789,3.718077330209532,798754.9782662165,3.4394303242656004e-11,15.797990482342962,0.1331582039326118,0.2944125610887944,1.0,4.153053476545235,-0.9803916662183276,0.1196431369366073,0.0591271564364433,0,0.5788916663672786,2
"MATLAB 4-12 PM Thu, Oct 3, 2024 Run15 .csv",2,"MATLAB 4-12 PM Thu, Oct 3, 2024 Run15 .csv","MATLAB 4-12 PM Thu, Oct 3, 2024 Run15 .csv",5.901425883842765,2422.304794223959,0.2421768792088207,1167.6909440910113,0.1749287461434397,0.0276402452590598,0.0878834753031105,-3.3526685892405723,0.00023,-0.0754216061596042,0.0833333333333333,0.3599605057877812,285.22575000421307,32.86920555921447,0.2017378760437717,1.1873122523395369e-11,0.000180104394803,6.276976047377359e-05,0.9981157927273948,1405.1621380115266,4.361613049206989,392968.6339594579,6.252215069500287,0.0320968385993696,0.0800520411572184,1.0,-0.0147575259459697,-0.6048750441882176,-0.5807010867973807,0.0274670568108559,5.811332703154451,3034.8465244234053,-0.0545233444032626,1044.0411969671827,0.1748305643398202,-0.0011824981702684,0.0439410660108268,-3.3131004239644763,0.0002,-0.0789296507544459,0.0833333333333333,0.2749695396160574,211.37787046593905,28.53362172123867,0.20162464714935,0.0002113277596393,9.017926838658216e-06,0.9983898819932376,4724.366944016186,3.772516991666453,588907.7572031579,1.652054846639578e-11,4.354396567055149,0.0345765498413511,0.1083806737227083,1.0,0.1434135566614804,-0.8259148978634333,0.2943661316461594,0.0161929231882094,1,0.5491336277485138,2
"MATLAB 4-12 PM Wed, Nov 6, 2024 Run10 .csv",2,"MATLAB 4-12 PM Wed, Nov 6, 2024 Run10 .csv","MATLAB 4-12 PM Wed, Nov 6, 2024 Run10 .csv",5.352532784861616,2167.140691822958,0.2068891752723167,1357.3507624179306,0.0012147110315421,-0.7603532202862316,-0.7722055412020813,7.942974181068655,0.00168,1.9239808697610543,0.0,0.2125778899795244,11.99539814062063,8.289304531508915,0.0151542515689632,4.1016891844573655e-11,0.0001484112249855,8.32955052732244e-05,0.9991715324049788,2588.498050815182,3.9098514136630698,445822.5340976298,72.49435048813474,0.185513426129736,0.4228764396798727,0.3351063829787234,-1.0169472302036755,0.412741865694507,-1.0079418165284422,0.0263459885120392,5.131193596292883,2167.9599017528594,-0.0539631237588155,1139.4805721372868,0.0032680328950137,-0.7892623948393503,-0.8108742667370741,7.9815478216305245,0.00362,1.9203314077525284,0.0,0.0676692435554326,7.269616683165445,6.6112085419090825,0.0407706782442003,0.0001878564436582,4.334203554363263e-05,0.998912595885614,5317.425244686329,3.56581743482044,533213.7600678353,5.994793570558152e-11,77.78223215026904,0.2161546934483358,0.3285158310968133,0.3333333333333333,-1.8589964233094585,-0.086733093000606,-0.5643805863725517,0.0195864880084991,0,-0.5236314509528438,0
"MATLAB 4-12 PM Wed, Nov 6, 2024 Run11 .csv",2,"MATLAB 4-12 PM Wed, Nov 6, 2024 Run11 .csv","MATLAB 4-12 PM Wed, Nov 6, 2024 Run11 .csv",5.373038288646844,2191.25075008597,0.20915273845958,1359.4735665483113,0.0012704985886689,-0.7595004988463938,-0.7715945584706233,8.439679069462713,0.0013,1.923383345681713,0.0,0.1966509476472671,12.046175311349478,7.677931745943467,0.0154844435075521,3.891511339051964e-11,0.0001306252170412,8.920110504292381e-05,0.9992372926074224,3498.4532170027114,3.9537381892389742,448617.7736699437,6.95550747491003,0.0198444957603757,0.041348673326304,0.2413793103448276,-2.019136934461381,-0.0704825149670537,-1.2235569962410522,0.019346821308136,5.2088462321021165,2202.1896340294084,-0.0459176391253931,1132.859946896718,0.0032125945699091,-0.7886377711898428,-0.8105896002433643,8.477258185310355,0.0027,1.9195924662595027,0.0,-0.0598160677604493,7.703092314738331,6.289883513317606,0.0392218281341608,0.0002044918670007,4.743215635029604e-05,0.9989511900617978,4885.041174074158,3.5826081487231365,573824.9158945018,5.5047212505177055e-11,7.134222674300782,0.0216869245695987,0.0320885477022449,0.2413793103448276,-1.861406403280397,0.1022356336970594,-0.6461517885020487,0.0113915574550627,0,-0.8138468783514342,0
"MATLAB 4-14 PM Thu, Oct 17, 2024 Run12 .csv",2,"MATLAB 4-14 PM Thu, Oct 17, 2024 Run12 .csv","MATLAB 4-14 PM Thu, Oct 17, 2024 Run12 .csv",5.36686783693772,2258.82260690519,0.2340034049102115,1265.3054844082296,0.0001376841169748,-0.7985416765141997,-0.811072592970933,17.431638685799854,0.0038,1.9221882975230309,0.0,0.2969905483418187,5.474496661391795,6.219351482716285,0.0030535077189077,4.158084513668858e-12,0.0001228251793528,0.0001608177165238,0.9994736871216728,3971.684384154919,5.16946700715004,42048.78713561083,3.569923525016377,0.0145622706453259,0.0250257548577035,0.081081081081081,-2.0235163429767926,-0.5507701246955082,-0.8665052985344399,0.0132862415909767,5.752880500111569,2336.74324269407,0.0258794936933038,1206.254933425397,0.0008892402925646,-0.8277149063434438,-0.8502202672196122,17.46722875221904,0.0032,1.9181145832734516,0.0,0.2070557282546148,6.676748756072694,6.225799594544351,0.0197233271656136,0.0001244457743746,0.0001207215529279,0.9982887392265296,8021.877353752938,5.5303606501970926,87251.61982783656,2.704003933133028e-12,3.657404083810842,0.0134671225073546,0.0197428168444082,0.081081081081081,-1.8662263632222744,-0.0562991656422184,-1.222212842137265,0.014139050245285,0,-0.8495139571596024,0
"MATLAB 4-18 PM Wed, Nov 6, 2024 Run12 .csv",2,"MATLAB 4-18 PM Wed, Nov 6, 2024 Run12 .csv","MATLAB 4-18 PM Wed, Nov 6, 2024 Run12 .csv",5.424522684322973,2187.153653651577,0.2182965252215583,1335.2019004517815,0.002124295546984,-0.7503179413724591,-0.764395713885807,5.398646794382488,0.0048,1.9180056289676424,0.0,0.1534796838922082,16.586870402374117,8.981163731820489,0.0211162579410168,4.7054556154895594e-11,7.792256554558243e-05,9.045554211148164e-05,0.999264734769954,8607.432245263608,3.1036091814805,412114.60931037215,10.562636405819418,0.0298947014824473,0.0637382071723544,0.25,-2.0388442727807323,-2.3497327788035376,7.413403959089241,0.0106005930900573,5.323403808539567,2285.326135952077,-0.0406419498022403,1111.645998769799,0.0023317512093398,-0.780228269268612,-0.8044276017999594,5.427275187802087,0.0022,1.9129419928222715,0.0,0.0972879245804887,10.977215139952968,7.301179249839522,0.0232100131059887,8.469421120993097e-05,4.103599309985563e-05,0.9991803018891854,11797.504075131226,2.8182713231505647,519422.4531858888,5.1216074468845616e-11,10.526277054893606,0.0403480218798751,0.0623678268008695,0.25,-1.8830962230188455,-0.1644373751426145,-1.372945873571232,0.0240360641479492,2,-0.276543042283509,0
"MATLAB 4-20 PM Thu, Oct 17, 2024 Run13 .csv",2,"MATLAB 4-20 PM Thu, Oct 17, 2024 Run13 .csv","MATLAB 4-20 PM Thu, Oct 17, 2024 Run13 .csv",5.397038111216834,2285.782990383851,0.2357586550928679,1291.8371409216672,0.0035746138724183,-0.739326591473095,-0.7543737484304807,4.189235620125721,0.0048833333333333,1.9168105808089604,0.0,0.4782107553010428,19.5266711560426,9.668987473431766,0.0314464627134575,4.4201220324174815e-12,0.0001262492151227,0.0001596559394414,0.9994820955376892,3685.868063815949,3.8399971001920696,328848.13759373984,45.10045763579168,0.1782462053243212,0.3210483792108056,0.0650246305418719,7.956776318703856,-0.7455725067309235,2.5786448425978143,0.0135100054740905,5.66681599862174,2244.879395942536,0.0139362090418082,1163.9872768109824,0.0034560885521685,-0.7692238059094302,-0.7944082688207064,4.182541519642426,0.0012966666666666,1.91146410983622,0.0,0.4229118624445003,19.463169482168265,10.270368026997163,0.0303906401525377,0.0001961548587429,0.0001065106787031,0.9980701838690484,5088.174671100187,3.767934585099772,472349.0492195272,2.8686633812905308e-12,48.74766883490355,0.1452356725783889,0.2351846311911118,0.0654437283093703,1.1120838170392768,-0.024980540733864,-1.1366113460386598,0.0178837621212005,2,0.0922177339317165,0
"MATLAB 4-20 PM Thu, Oct 17, 2024 Run14 .csv",2,"MATLAB 4-20 PM Thu, Oct 17, 2024 Run14 .csv","MATLAB 4-20 PM Thu, Oct 17, 2024 Run14 .csv",5.387957502792281,2269.6936418518585,0.2340705531702935,1296.135560712995,0.0006749149600267,-0.7286547079452457,-0.7438627657069354,3.3855361251471443,0.0009,1.9162130567296192,0.0,0.4637220880680046,21.51715521588038,10.09366825433684,0.0053827101793018,3.936514281339565e-12,0.0001494588282667,0.0001493897315955,0.9994984697157732,2449.336130484574,3.6206736309639385,325516.0316963029,1.400238462559501,0.0054181284427782,0.009606023336777,0.2857142857142857,-2.045413385553849,0.4913551013563141,-1.239519793153347,0.0141096541285514,5.641484042526012,2240.857214984683,0.0094280471479932,1167.2285459799643,0.0008778452275467,-0.7587446299647163,-0.7842736023348624,3.4111809444240624,0.0011,1.9107251683431947,0.0,0.6049558005224556,23.1650812361829,10.621036319040805,0.0070043503912819,0.0002515189235437,9.827709471936184e-05,0.9975828612478912,3966.233821267147,3.5100950729258527,453624.8259353317,2.8289583866666296e-12,1.5285335090266048,0.0046182112822358,0.0077277993363995,0.2857142857142857,-1.890326162931662,-0.7304305134678221,-0.8389679664951619,0.0159571117162704,0,-0.8867118547961831,0
"MATLAB 4-21 PM Wed, Nov 6, 2024 Run13 .csv",2,"MATLAB 4-21 PM Wed, Nov 6, 2024 Run13 .csv","MATLAB 4-21 PM Wed, Nov 6, 2024 Run13 .csv",5.39772535313287,2139.6750330059035,0.2203847916941757,1349.5053393083426,0.0012093984560504,-0.7002311670581128,-0.7157408002671435,1.3760955767209566,0.0006,-0.0849819914290632,0.0,0.308104567584304,28.33065147194788,11.692178010520504,0.0077579793727215,2.851820230315065e-11,9.890271371984646e-05,9.832731098061724e-05,0.9993241271644456,5851.512164670683,2.642171028567481,449341.8306314997,7.931018221418448,0.0215227904645381,0.0426132899517526,1.0,-2.0497927940692606,0.4780540133014718,-1.1048301901823794,0.019157111942768,5.392624888038484,2212.1881682128314,-0.0344679040878698,1173.8218443999028,0.0007816067360417,-0.7304277175589868,-0.7565042693708315,1.3997513465694205,0.0014,-0.0907527146428568,0.0,-0.0368529900351429,20.42918169645288,9.89088051403192,0.0050135133850819,9.759523196935948e-05,4.207017807717622e-05,0.999169726043686,10237.89488360846,2.402856477749684,566597.9027300633,3.3722856523955576e-11,8.340916249074022,0.0225617091836647,0.0404226945348898,1.0,-1.89514612287354,-0.5034316934713137,-0.9603847212768022,0.0335853043198585,0,-0.7692415693299622,4
"MATLAB 4-22 PM Thu, Oct 10, 2024 Run5 .csv",2,"MATLAB 4-22 PM Thu, Oct 10, 2024 Run5 .csv","MATLAB 4-22 PM Thu, Oct 10, 2024 Run5 .csv",5.63134238130942,2248.878021931885,0.2582135305637897,1247.1089309195067,0.0013631212298589,-0.5079021889798256,-0.5238298177040597,-1.7286456815625837,0.00049,-0.0855795155084044,0.0,-1.9286695277444057,99.4891295913524,20.89877622339072,0.0039028759185046,2.349730055971916e-11,0.0002750884734897,0.000178642111171,0.9981857122181016,-631.2443601345758,3.795056528752752,385339.1689414108,14.231235458360045,0.0983470721565174,0.1544983000009016,1.0,-0.0519824983269661,0.6226274547755222,-0.9895663513029818,0.0245963573455811,5.951427064139574,2650.3836589119105,0.0120879389540873,1098.0383372205022,0.0019357011053268,-0.5381692615135942,-0.5646696030449416,-1.7059844364283467,0.00051,-0.0914916561358825,0.0,0.5531996709455003,74.48694477774055,17.493608355776985,0.0055418845600331,0.0002134011779342,8.198469368090896e-06,0.9991272148168948,4681.919867963099,3.7779944154595,627945.8665070817,1.3784643398644215e-11,10.707149686159951,0.0472509338988272,0.1669299174572099,1.0,0.1024438971555217,-0.5899657822852108,-0.941952672415474,0.045721081495285,0,-0.9053823245900364,4
"MATLAB 4-23 PM Thu, Oct 17, 2024 Run15 .csv",2,"MATLAB 4-23 PM Thu, Oct 17, 2024 Run15 .csv","MATLAB 4-23 PM Thu, Oct 17, 2024 Run15 .csv",5.4282073937406725,2242.2080727416587,0.2330671283854068,1273.266471593002,0.001321211564021,-0.681765383951124,-0.6984968693529621,1.3585146584329078,0.0009,-0.0873720877464281,0.0,0.8389151913723817,33.81281511782238,11.877291599025288,0.0074009162289472,1.960374111764076e-12,0.0002184994166621,0.0001631570080068,0.9995418348983088,293.0020731834975,3.23760764011229,270359.5900265538,0.9011734562722044,0.0056876949408105,0.0075660371189006,1.0,-2.0585516111000834,-0.9449037741706476,-0.2728386410614405,0.0057571411132813,5.699792961324226,2277.397024311565,0.0083829020173161,1159.384489196938,0.0005999999994642,-0.7122367498563085,-0.739365603408744,1.3781923294244631,0.0007,-0.0937084806149595,0.0,0.3784849091601416,34.22422597375647,12.34826324349317,0.0033594624859788,0.0002937185497079,0.0001009810242237,0.9982233122931266,3398.5708879660447,2.7682967921759345,338865.6793968822,1.6460435836526678e-12,0.9618996190467444,0.0044213994278181,0.0063553157099571,1.0,-1.904786042757295,0.0350476109758634,-1.833964033326726,0.024525356888771,0,-0.7117726951379735,4
"MATLAB 4-23 PM Wed, Nov 6, 2024 Run14 .csv",2,"MATLAB 4-23 PM Wed, Nov 6, 2024 Run14 .csv","MATLAB 4-23 PM Wed, Nov 6, 2024 Run14 .csv",5.36863204888386,2146.427216277503,0.2171288294308924,1350.230885012557,0.0013543710659906,-0.671715099795358,-0.6883858866296069,0.3536943692180392,0.0005,-0.0879696118257691,0.0,0.2563299043724371,35.54198477407396,13.302821710062387,0.0071428887223652,2.2470951781868383e-11,0.0001511715414462,9.346435323895938e-05,0.9993373853527622,2321.80312359068,2.272867252386169,357297.90956561005,6.605639577926429,0.0176614049142837,0.0370514801489046,1.0,-2.060741315357789,1.3808634604576164,0.0861099239672,0.0084625476598739,5.433587788473837,2229.903271320544,-0.0276546164440509,1189.224383651545,0.0027316164411889,-0.7031417857124511,-0.7296809369230073,0.3723775154953683,0.0013,-0.0944474221079851,0.0,0.1449557210969493,26.06099455773773,11.043845016873396,0.0144666046795829,0.0001168883987453,3.954151065486954e-05,0.9991382647935412,8547.796663470654,2.070402968112085,436005.3542386553,2.403637879630348e-11,6.786198200232847,0.0278333136749922,0.0452255846979193,1.0,-1.9071960227282332,-1.3474206063497858,0.8350744293810521,0.0204396179318428,1,-0.8458420013232307,4
"MATLAB 4-24 PM Thu, Oct 10, 2024 Run6 .csv",2,"MATLAB 4-24 PM Thu, Oct 10, 2024 Run6 .csv","MATLAB 4-24 PM Thu, Oct 10, 2024 Run6 .csv",5.587696176142893,2205.2225780327663,0.2538122479962358,1232.8312845087485,0.0310025230488128,-0.5684518864289587,-0.5904749039827245,-1.2509918851867052,0.00061,-0.0885671359051103,0.1764705882352941,-1.545987721734858,84.98086018675252,18.58498788600395,0.1054812006677156,3.254456322301598e-11,0.000214302857867,0.0001843176198355,0.9980437380606356,361.1064581230567,4.075324111112548,370427.7997581346,18.253901114629127,0.1237738087665875,0.1920469034982488,1.0,-0.0629310196154948,0.3140624833776564,-1.1649214294209664,0.0287951830029487,5.943497462154832,2624.6816185069074,0.0106912818929835,1097.7502213888918,0.0306471152519061,-0.5992821751876176,-0.6325962705134327,-1.2333032636236023,0.00056,-0.0951863636010108,0.1764705882352941,0.2507517910589598,61.81598591009097,15.89854826638518,0.1043096222251108,0.0001789240818859,8.496949603972647e-06,0.9992263668673108,5584.63878274382,3.893084510743685,546705.3188817492,1.7931961910484926e-11,13.438104696253095,0.0569019901428989,0.2026892469591972,1.0,0.0903939973008278,-0.598012718106503,-0.9679605397367488,0.0404795771837234,0,-0.9351137028990724,4
"MATLAB 4-24 PM Thu, Oct 17, 2024 Run16 .csv",2,"MATLAB 4-24 PM Thu, Oct 17, 2024 Run16 .csv","MATLAB 4-24 PM Thu, Oct 17, 2024 Run16 .csv",5.446397568331509,2293.6022340582667,0.2536919822139689,1315.9818165274994,0.0008381527299756,-0.6304578648358878,-0.647613921200993,0.3450039250757877,0.0006,-0.0891646599844515,0.0,0.0564691132531157,35.509903314172625,12.086607036968894,0.0035979941219929,2.2849318531330208e-12,0.0001583772247744,0.0001337539185766,0.99923978012752,2005.937667252784,4.627621352027537,349477.0309935738,0.8127336350289169,0.003388400612235,0.0060086073978882,1.0,-2.0651207238732003,0.1586237739072096,-1.7263370054149658,0.0172643554210662,5.725707961998149,2293.1236558837923,0.0253310795335729,1157.7360122981197,0.0008845902998682,-0.6611685241124579,-0.6889116039704644,0.3616980219246626,0.0006,-0.0959253050940365,0.0,0.5606593899514076,37.7786996636165,13.230421174488246,0.0037957103653807,0.0001893373008345,8.044485472905806e-05,0.997234124789024,5266.971275040058,4.30842275132807,339555.3885246864,1.617322116334647e-12,0.8578038832389785,0.0030480135319635,0.0055149126197141,1.0,-1.9120159826701109,0.0230107444345088,-1.3746302466789155,0.0111596012115477,0,-0.7511310276334549,4
"MATLAB 4-26 PM Thu, Oct 10, 2024 Run7 .csv",2,"MATLAB 4-26 PM Thu, Oct 10, 2024 Run7 .csv","MATLAB 4-26 PM Thu, Oct 10, 2024 Run7 .csv",5.601611091488573,2204.5495513159767,0.2598436699043652,1231.7877843078395,0.0201341157879908,-0.6069469100546443,-0.6227419557595067,-0.7977570519714008,0.0008433333333333,-0.0903597081431339,0.0086206896551724,-1.4441267409895695,75.69868701968119,21.921682460237363,0.0778754260563136,3.5632239725129205e-11,0.0004227731067657,0.0001811397517762,0.9977145272694063,-1957.8584944692711,3.8933525801963818,569055.692131135,62.70101461315575,0.4268832863625784,0.8064553661967577,1.0,6.930499867611388,0.0588555289824998,-1.0601542296118116,0.0289270639419556,5.935514784011717,2628.1728768773723,0.0284184000725415,1102.7134757566123,0.0199918986061506,-0.6379304315787041,-0.6646422710045172,-0.7830520045509801,0.0007466666666666,-0.0974031880800878,0.0086206896551724,0.1803096745702234,52.94527293798132,17.80577289767241,0.0773253535453101,0.0006070057367581,1.2342509839087645e-05,0.998836500957933,1645.5141038575375,3.8558765387066978,681739.4773279962,2.014455182735324e-11,46.88964716582752,0.2205909607883121,1.1496890328543796,1.0,7.083164057388012,-0.1577768549768492,-0.6833841837439545,0.049204922914505,0,-0.7928943543406939,4
"MATLAB 4-26 PM Thu, Oct 17, 2024 Run17 .csv",2,"MATLAB 4-26 PM Thu, Oct 17, 2024 Run17 .csv","MATLAB 4-26 PM Thu, Oct 17, 2024 Run17 .csv",5.487279461787004,2310.937398932735,0.2620986361751001,1314.373755955734,0.0103829505961796,-0.520523202915113,-0.5406309730987221,-1.7688778489726662,0.00042,-0.0909572322224752,0.0,0.2656158888069684,64.7084962005259,17.206602491501968,0.0300079082750484,1.2363920692025174e-12,0.0001996943653419,0.0001376152406088,0.999283151720018,679.0322684304347,4.34965969684995,517882.75497086765,4.315980625963464,0.0176566765510377,0.0319310598576283,1.0,-0.0716898366463176,-0.8650798197157372,0.2484959745587218,0.0064465844631194,5.767153752346467,2342.961444500345,0.0378745530320978,1149.479597580025,0.0102173297076091,-0.551578869848689,-0.5817576045824551,-1.7551673262664726,0.00039,-0.0981421295731135,0.0,0.3000259236834354,60.11519003611843,16.96724884593781,0.0295280259342158,0.0003463416440437,8.128552066869889e-05,0.997232845328883,2879.332770051811,4.175346601269852,482876.4190091579,9.443254153633445e-13,4.501186537487242,0.0157902891655496,0.0277994708634549,1.0,0.0807540774170729,-0.3557709655941091,-0.8723273879704392,0.0179235994815827,1,-0.6549260720295887,4
"MATLAB 4-26 PM Thu, Sep 5, 2024 Run8 .csv",2,"MATLAB 4-26 PM Thu, Sep 5, 2024 Run8 .csv","MATLAB 4-26 PM Thu, Sep 5, 2024 Run8 .csv",5.597393311144483,2702.578650529824,0.1957918129950602,1264.8062119900808,0.0178060251507124,-0.6898748089324651,-0.7050199902199348,0.926678912863986,0.0006,-0.0915547563018164,0.0178571428571428,1.147547311557989,52.290333789749816,16.92206078232576,0.1002047807962498,8.121765742236136e-12,0.0001138107512004,3.210603934384087e-05,0.9997734036456823,4452.2515196653,4.550219473106718,450148.29366338026,6.546107227301208,0.0562798727846055,0.1122287048490557,1.0,-0.0738795409040231,-0.5903650105908281,-1.087992145257921,0.0533512210845947,5.827965648526955,3093.047222656573,-0.0776936338025025,1200.811525807616,0.0173587280866563,-0.7210311927041031,-0.747072937940884,0.9393949108559524,0.00092,-0.0988810710661391,0.0178571428571428,0.507346409045751,43.8395469918505,14.402840449227345,0.0976875820460979,0.0001170374659614,9.443558799432126e-06,0.9996458177419956,8541.246254178071,4.249287602743786,535607.2248739465,1.3087437182349828e-11,7.047041148424091,0.0776926028402573,0.1799844023949658,1.0,0.0783440974461342,-0.1750076488189296,-0.9569771744369042,0.0398000931739807,2,0.3741209866921828,4
"MATLAB 4-29 PM Thu, Oct 10, 2024 Run8 .csv",2,"MATLAB 4-29 PM Thu, Oct 10, 2024 Run8 .csv","MATLAB 4-29 PM Thu, Oct 10, 2024 Run8 .csv",5.500689322471651,2295.172441616259,0.2240717723333723,1267.863883285261,0.0481777322730518,-0.7686089488409946,-0.7947980246766856,5.217781435453589,0.00495,1.9072501955395011,0.1212121212121212,-0.5416046937099669,21.06809327543954,17.246928447309,0.4768001138056958,1.921064815893272e-11,0.0001666637247039,8.447400848752152e-05,0.9976304228712126,1639.1285073742692,5.1315074687722815,49836.97370476122,24.679748652628525,0.1150234631042553,0.219538013222486,0.0945945945945946,-0.0782589494194345,2.25737147262172,3.30300697227544,0.0066926765441894,5.903192551070072,2773.201870045943,-0.0184377186574816,1115.7329092312846,0.039553348017299,-0.8109402542196782,-0.8513536048606614,6.428520385199321,0.00493,1.8996410459478092,0.1081081081081081,0.116262258940253,15.023367462384185,15.278324667126768,0.4392775362714409,0.0002146326766897,4.159472126022855e-06,0.9992014072858112,4655.402069695202,5.616668011015372,58284.5578801352,1.00755366037415e-11,17.781145213777705,0.0870928139847562,0.2796723913584887,0.069047619047619,0.0735241375042567,2.583883435393384,5.141867161432312,0.0072571462392806,4,-0.0019859173049748,1
"MATLAB 4-29 PM Thu, Sep 5, 2024 Run9 .csv",2,"MATLAB 4-29 PM Thu, Sep 5, 2024 Run9 .csv","MATLAB 4-29 PM Thu, Sep 5, 2024 Run9 .csv",5.722564829331297,2850.227273219674,0.196680279901393,1244.4715371325549,0.0160971599690002,-0.7084461124080971,-0.7255870420047201,1.5132741909850689,0.00073,-0.0933473285398398,0.0,0.4369380464551796,17.453954064625346,13.785464766834869,0.0992135836738188,5.780615805010282e-12,8.520318020342334e-05,2.550722518936164e-05,0.9998139909281908,7380.465258733366,5.24801198828149,53144.61642017561,8.371905833558284,0.0790975265900696,0.1635749869740333,1.0,0.91955134632286,0.0850710876271759,-1.0564383395873505,0.0378952890634536,5.917614384050195,3238.808267326194,-0.0814809581301301,1140.5265023532831,0.016371000197572,-0.7398142485675387,-0.7679189384395317,1.5230066148343535,0.00228,-0.1010978955452162,0.0,0.211263014308129,13.557476843832545,10.57980120907454,0.1008718194884667,7.505535158490644e-05,7.946201467481795e-06,0.999679947298818,13319.236086289318,5.431679422279874,44247.41076839167,9.709256595206598e-12,8.869548940855552,0.1230305915308622,0.2724688988780016,1.0,2.071114157533318,-0.2607433415854396,-0.3424155275015907,0.0301482075452804,2,0.0136920396364367,4
"MATLAB 4-29 PM Wed, Nov 6, 2024 Run15 .csv",2,"MATLAB 4-29 PM Wed, Nov 6, 2024 Run15 .csv","MATLAB 4-29 PM Wed, Nov 6, 2024 Run15 .csv",5.441887477022276,2233.786822504061,0.2234968565719137,1357.3220543836974,0.0063357889919866,-0.2631678140661578,-0.2862760596623128,-2.691158049174,0.00015,-0.093944852619181,0.0,0.4339570525612014,93.12108147992392,20.61124621115302,0.010411002351318,9.903752735012254e-12,0.0002570032764982,8.259302616422279e-05,0.9990561614802173,-473.9172748582805,3.652500229651589,307665.4359731799,2.2790040033021564,0.0063835463693505,0.0154741606176044,1.0,-2.082638357934846,-0.7207699595704612,-0.8829815224499691,0.0129673820734024,5.591559237173345,2325.675472536183,0.0089984550938805,1201.6537877473872,0.0074944423786576,-0.2945365889997376,-0.3288342723349609,-2.682420150038942,0.00025,-0.1018368370382418,0.0,-0.5719750680998598,73.00462721105734,17.926739202384923,0.0123122102600593,0.0002767572993163,3.522626651516581e-05,0.9992694567960368,3610.634513577443,3.30625384941755,524181.842704644,5.877062988832969e-12,2.1738088556927857,0.0060537458842746,0.0140151616071239,1.0,-1.931295822437621,0.7192721473657201,-0.8822941957673454,0.0160504403710365,0,-0.9999635801869464,4
"MATLAB 4-34 PM Thu, Sep 5, 2024 Run10 .csv",2,"MATLAB 4-34 PM Thu, Sep 5, 2024 Run10 .csv","MATLAB 4-34 PM Thu, Sep 5, 2024 Run10 .csv",5.740758371233638,3038.720879867613,0.1822378286202229,1220.0037032717737,0.0196220740305062,-0.8015909803958456,-0.8269601627891419,8.382051512019435,0.00493,1.902470002904772,0.015267175572519,0.2826432378372866,9.738665572936709,20.97591133656661,0.2568722245832283,6.944319533672423e-13,0.0001384657609334,1.871848103410391e-05,0.9997625799824724,2815.5833072636237,5.2618032089337445,25067.08276078163,2.732997815075516,0.0303534777330707,0.0672158404161647,0.0950226244343891,-0.0957765834810797,6.485545428280218,43.006563750846695,0.0050731593370437,5.911209529953693,3324.823031977264,-0.0831335548001018,1093.0315301114497,0.0873795432244819,-0.8127854310799186,-0.8694762728900465,5.584794260110619,0.00488,1.893729514003604,0.6019417475728155,0.0635960699101768,6.605257060939776,18.065313365911344,0.898830506236073,0.0001830233787203,9.206995512864892e-06,0.9996049105240588,5461.624178905507,5.46641138406209,17252.61722678264,9.832361880126024e-13,3.147861276487234,0.0479175983276317,0.1219780480592684,0.2142857142857142,-1.9457557022632532,5.315405720051651,27.878837211329223,0.0070688825845718,1,-0.0232363899742579,1
"MATLAB 4-38 PM Tue, Oct 1, 2024 Run6 .csv",2,"MATLAB 4-38 PM Tue, Oct 1, 2024 Run6 .csv","MATLAB 4-38 PM Tue, Oct 1, 2024 Run6 .csv",5.844489923812066,2737.8347544902767,0.2094912975247204,1351.2288978568245,0.0164686714373308,-0.8269406387909387,-0.8578552490999899,13.059747312533084,0.0048,1.8994823825080656,0.0,-0.4143545695491881,4.254257873977807,5.94702746845522,0.2928131438460861,1.9234851604742372e-13,7.397313802821984e-05,4.008086319346442e-05,0.9966023264782544,9031.570277276198,5.5904405856199935,3907.616096976653,25.69109485399355,0.1220078580525384,0.2745387440241814,0.0529857022708158,-1.106725104769608,0.5564541842284094,-0.2348037755541687,0.0049775817990302,5.657288739526279,2851.168421900182,-0.0817214118437298,1139.614224799281,0.0148855943498381,-0.8584364272733697,-0.9032529403884249,12.757542439516088,0.00468,1.890034806538476,0.0,-0.0510560092004827,3.669405120311877,5.30125817195058,0.2602376636890632,9.697639369022632e-05,1.346475949773802e-06,0.999412401541806,10305.728677994044,5.444778391078581,2413.336805682997,3.5599600204937653e-13,27.077916489667377,0.1217397858360533,0.4007943581640943,0.0499603489294211,-0.9578056021179472,-0.8935203813408154,-0.1238193863695809,0.0118249493837356,0,0.064618822149734,1
"MATLAB 4-43 PM Tue, Oct 1, 2024 Run7 .csv",2,"MATLAB 4-43 PM Tue, Oct 1, 2024 Run7 .csv","MATLAB 4-43 PM Tue, Oct 1, 2024 Run7 .csv",6.0967867419496535,2901.195654764473,0.257573729359175,1166.542820274856,0.0170047459915859,-0.8279545954943068,-0.8598723009011374,12.396244338182097,0.004985,1.8976898102700424,0.0,-0.3142530830870643,5.402121661350387,6.721938359895868,0.2914193651239089,4.1826309899612873e-13,0.0006361287271845,4.432382783763489e-05,0.9938602963490024,-2900.291164911472,5.840358728124008,5149.11560699775,26.38404725913416,0.2205165131358254,0.5785714433100445,0.0256095421855814,-0.1132942175427254,0.1105356585238351,-0.767123925309996,0.0071093624830246,5.786835921203641,3141.703126991971,-0.0453311041202713,923.6463364552372,0.0185765191411288,-0.8603917308944639,-0.905948940903393,12.291058391226692,0.004985,1.8878179820593988,0.0,-0.051490981749969,3.5239243046141384,5.592758480368457,0.3168623144329214,0.0008626160030616,3.743583901436186e-06,0.9982107740406746,1157.1901871722655,5.5595963560301005,2199.254887923116,1.0753840014537317e-12,24.77179233193668,0.260475132670074,0.9029984787306876,0.0261426284901298,0.0349644579692367,-0.2728533276661692,-0.8127683108163306,0.0089383471012114,5,-0.0105821704720059,1
"MATLAB 4-47 PM Tue, Oct 1, 2024 Run8 .csv",2,"MATLAB 4-47 PM Tue, Oct 1, 2024 Run8 .csv","MATLAB 4-47 PM Tue, Oct 1, 2024 Run8 .csv",5.932498706596419,2458.261600400126,0.2779853157692814,1208.9390838683037,0.0465871603226547,-0.6135663290638321,-0.641611318362177,-1.1082934149646602,0.00062,-0.1029077138092988,0.1232876712328767,-1.5533168497414909,77.95056030819327,19.7355526235663,0.1701624144544575,2.1523912172719748e-11,0.0029446093468239,0.0001126233855383,0.9936516797092252,-4132.443696259617,3.789704621846577,711143.1154687485,34.314095128416064,0.2338380197925097,0.6077213792558505,1.0,3.884516078199569,0.6952834588994283,5.895309571392682,0.0094517350196837,5.875311375199765,2859.011379853789,0.0112619716475091,1053.7461306527184,0.0466023633732509,-0.6463968486318816,-0.6865142746044897,-1.1144733865430072,0.00061,-0.1129209594336269,0.2054794520547945,-0.5530838203557328,68.31050171489082,19.00934460592356,0.1702378076932432,0.0020987520985932,1.246076579422244e-05,0.9974861325592076,475.2758237753675,3.5404546964505355,841385.7995792982,4.5301126395685405e-11,31.682597691516435,0.1984768172870545,0.7996153529892369,1.0,4.032554477998298,-0.9530513274854738,0.077173805260982,0.0166770756244659,1,-0.3936065852855374,4
"MATLAB 4-52 PM Tue, Oct 1, 2024 Run9 .csv",2,"MATLAB 4-52 PM Tue, Oct 1, 2024 Run9 .csv","MATLAB 4-52 PM Tue, Oct 1, 2024 Run9 .csv",5.903564689465085,2472.7200310593075,0.2422956206903935,1194.136960286574,0.0893227379772262,-0.5511015047238133,-0.5384003357229312,-1.7627519061643395,0.00133,-0.10350523788864,0.0666666666666666,-1.587156765212336,100.62399311100624,19.57784636158421,0.2648277226577546,1.893244427870682e-11,0.0001394453196622,7.905095080687462e-05,0.9968655882634108,2671.6575709492663,4.368157456105338,368395.5046737696,14.189453632009256,0.0803108821696282,0.1768302180636834,1.0,-0.1176736260581368,-0.7014560394571854,3.233156341446935,0.0167721712589263,5.8615994149272375,2901.528893125032,-0.030181998054545,1038.0177964307916,0.0889060932803627,-0.5839761661436593,-0.5840796081997432,-1.769926402456914,0.00118,-0.1136599009266525,0.0666666666666666,-0.5642274316909849,88.50486940589425,21.37952615750565,0.2635843530110168,0.0001165201593145,5.968268461488817e-06,0.9994155786086102,8577.19028610681,3.862505292914338,611392.996352784,3.800783050550661e-11,12.65293599486274,0.0773841436383601,0.253876682755441,1.0,0.0301444980273588,-1.7296048826501909,3.891869224577305,0.0234524789452553,0,0.3269946979985731,4
"MATLAB 4-53 PM Thu, Oct 10, 2024 Run11.csv",2,"MATLAB 4-53 PM Thu, Oct 10, 2024 Run11.csv","MATLAB 4-53 PM Thu, Oct 10, 2024 Run11.csv",5.751175854504002,2356.1809874274777,0.2374446325151224,1233.1576722995246,0.0942842552323426,-0.6585610966112312,-0.6659893528758659,-0.3672081456084264,0.0013,0.8958972380320187,0.2727272727272727,-0.8271665300962892,27.93310292836627,14.68385379190264,0.4083913026280346,5.976588214934007e-11,0.0001010662107307,8.017789812339067e-05,0.9975196040765044,5385.5839627440655,5.199283645369388,74753.6948774986,47.12731535058596,0.2353116650765719,0.4955789534177728,0.7352941176470589,-1.1198633303158425,-0.0422643819769126,0.7835831346483615,0.0235066127777099,5.839119759553031,2814.528236368288,-0.0337253007776691,1038.8894552668423,0.0963725707012023,-0.7238399758143117,-0.7359449415706909,0.3246298340744014,0.00583,1.8856011575803215,0.4313725490196078,0.1560458545947155,19.729448464131583,11.923586052131943,0.4853574274098793,6.543496057550157e-05,3.62008566139255e-06,0.9993685127789148,15272.699853250497,5.411812872265732,97917.980873556,7.08623527260269e-11,35.431880572631904,0.198554704017261,0.7007741564806471,0.3333333333333333,-0.97226548194358,-1.072297124226707,0.3083891589898258,0.071464690566063,0,-0.3033760513342191,1
"MATLAB 4-56 PM Tue, Oct 1, 2024 Run10 .csv",2,"MATLAB 4-56 PM Tue, Oct 1, 2024 Run10 .csv","MATLAB 4-56 PM Tue, Oct 1, 2024 Run10 .csv",5.88746349735573,2440.935126353783,0.2472037698558307,1197.8131872588394,0.0083526605744814,-0.2077550801027614,-0.2307783705276239,-3.2717073892888,0.00017,-0.1047002860473225,0.0,-2.115347305717823,197.7874289286817,25.98666261508637,0.0122344892389858,1.3265452888533366e-11,0.0002009412158679,7.984146586997724e-05,0.9968085495733036,469.0767808110559,4.484205397465497,417288.8409294288,8.00543931274722,0.043218961287542,0.0975990469306597,1.0,4.877946965426452,-0.0396764300454886,-1.7927170702504174,0.0329307186603546,5.883711132301865,2906.541342067596,-0.021179398096757,1050.010622448099,0.1499044692988064,-0.2863539009384122,-0.278910275478488,-3.1808699349113088,0.00458,-0.1151377839127039,0.0625,-0.5928064668230933,180.80241755216903,29.0707865127065,0.2352648197740047,0.0001701728952167,6.629386755319419e-06,0.9992628880878336,5872.044938853606,3.7763073903585536,700103.2378702898,2.2716774854789697e-11,6.778078202191122,0.042434361129761,0.1377780273151965,1.0,5.025324538085481,-2.906802526680326,7.94950221059047,0.0286470779776573,0,-0.363611097553618,4
"MATLAB 4-57 PM Tue, Oct 1, 2024 Run11 .csv",2,"MATLAB 4-57 PM Tue, Oct 1, 2024 Run11 .csv","MATLAB 4-57 PM Tue, Oct 1, 2024 Run11 .csv",5.856574870101072,2443.41036288083,0.2351136551102264,1187.3476886028757,0.1782487545964672,-0.199610192770741,-0.1714673878493395,-3.2761776301121426,0.00076,-0.1052978101266637,0.0,-1.9537998662985392,195.93545788500765,26.422138573455666,0.2576221343463308,1.1619845952885637e-11,0.0001520306261584,7.126079132654409e-05,0.9967980256721438,2057.697106353685,4.4747441710039695,461804.7488102353,7.4015208854348895,0.0401200150115876,0.0914528187124588,1.0,-0.1242427388312537,-2.119392828203712,4.967349138974634,0.0212879288196563,5.891659370972069,2932.261392426491,-0.0241111468128275,1043.5941116700997,0.178258906366156,-0.2327830638180775,-0.2175756090415346,-3.286335700547397,0.00119,-0.1158767254057295,0.0666666666666666,-0.7594536616802374,188.68584903038968,30.93477188140393,0.2576474459886166,0.0001641935898791,6.913216007845766e-06,0.9992666446049804,6085.905334919357,3.806689397997857,691050.3298301238,1.839207416406188e-11,6.188589454191776,0.0400421898154588,0.1270471623603765,1.0,0.0229145581145426,-2.4014564956756472,5.639820089778123,0.031066073179245,0,0.7021362289748763,2
"MATLAB 4-58 PM Thu, Oct 10, 2024 Run12.csv",2,"MATLAB 4-58 PM Thu, Oct 10, 2024 Run12.csv","MATLAB 4-58 PM Thu, Oct 10, 2024 Run12.csv",5.814362401772581,2730.6574194178047,0.2031575264314322,1223.67879060891,0.0244988771056819,-0.8121152468173612,-0.836056404527752,7.619461139803011,0.00496,1.894104665793995,0.0,-0.2811748613834255,9.510915044741456,8.479109194398644,0.3045768867415396,2.0902473696271614e-12,6.90081631286141e-05,3.1666024153341665e-05,0.9969234075605148,9940.349605482092,5.343926955452631,96366.9629636723,11.082977152859826,0.067933953930454,0.1710006061784522,0.0938628158844765,-1.1264324430889596,-0.3230799133747196,0.2646984436152486,0.0052816629409789,5.776964024404813,3175.991516395365,-0.0812106351427513,986.5554112439644,0.0252508800415143,-0.8462977499168237,-0.8810409419589842,7.808310544850566,0.00459,1.8833843331012448,0.0,-0.0215367945559099,6.449878970828795,6.503814126785004,0.3176850694965682,8.153446013613397e-05,1.4930799336553463e-06,0.999044445165644,12253.033177598649,5.4367165534996245,109646.26099554713,3.689245338987572e-12,8.614238929512505,0.0888081560622955,0.2804053008573544,0.1444201312910284,-0.979495421856396,-0.595951957979302,-0.6630244935545457,0.0175371128320693,1,-0.0485521197134943,1
"MATLAB 5-01 PM Thu, Oct 10, 2024 Run13.csv",2,"MATLAB 5-01 PM Thu, Oct 10, 2024 Run13.csv","MATLAB 5-01 PM Thu, Oct 10, 2024 Run13.csv",5.74414535455977,2651.052542660503,0.2066899641024112,1222.7686855573306,0.0031902856029386,-0.8059074478482251,-0.8307344390677225,6.410508656974106,0.00269,1.8929096176353128,0.0,-0.5062009364585485,22.362014570642152,11.786877869421884,0.0359569175244593,2.241170787266024e-12,8.001554546948109e-05,3.395128557693682e-05,0.9962128755825148,7929.648934116079,4.450476265185203,389262.1495377675,6.967953545690905,0.0391571845463359,0.0991933009572477,0.180064308681672,-0.1308118516043706,-0.6541568888925783,-0.2474196611496322,0.0056946542859077,5.751993030252215,3114.2823291447576,-0.0673189946537665,992.9932375347356,0.0030902881215828,-0.8393308606581852,-0.8767716089744892,6.39736701239617,0.00204,1.8819064501151932,0.0,-0.0295440948067021,18.012660535749177,10.144719586525294,0.0348376529050828,0.0001200424309628,2.0913081204408794e-06,0.9988194513256352,8320.55335195886,4.504793332229922,672373.0601340669,3.601434204057635e-12,5.325192947781344,0.0480035739818662,0.1617360882073415,0.1573033707865168,2.0156846182017265,-0.3428459570854565,-1.209806607397927,0.0311926531791687,0,-0.4814422824669815,0
"MATLAB 5-05 PM Thu, Oct 10, 2024 Run14.csv",2,"MATLAB 5-05 PM Thu, Oct 10, 2024 Run14.csv","MATLAB 5-05 PM Thu, Oct 10, 2024 Run14.csv",5.748273773679714,2616.706178303425,0.218338902706914,1222.2566154729898,0.0344689390891829,-0.52881803091529,-0.5607124738426638,-1.998515832948117,0.00045,-0.1082854305233695,0.0,-1.1072837546420906,95.50288304017631,22.60366028274294,0.0936919981709527,5.605799343714169e-13,0.0001937218109466,3.6943278366199633e-05,0.9961844384937172,607.2664873531266,4.387680650430402,379346.6071951987,1.77812470540194,0.0096913650627748,0.0258009256900913,1.0,-2.135191260119782,-0.1018768583484173,-0.4661556724727038,0.0056578689813613,5.824591264772266,3075.6098065298734,-0.0428575715665821,998.7976838533864,0.0349697646868855,-0.562290782449415,-0.6029022762285197,-2.0136465269545063,0.00041,-0.1195714328708579,0.0,0.4568584428786369,82.03998442195521,19.90964259204997,0.0950265345593447,0.0003744389736745,5.779011838777216e-06,0.9984081931758388,2666.41098648961,3.8293256454116262,657471.5412278299,7.225453658466878e-13,1.3380680828590197,0.0113485650258864,0.0379528873501828,1.0,0.010864658259849,-0.4951740172371187,-1.0603740214423296,0.0220962417125701,0,-0.4054522216640435,4
