file_name,is_noise_x,a0_spectral_entropy_x,a0_spectral_centroid_x,a0_spectral_flatness_x,a0_spectral_bandwidth_x,a0_std_dev_time_diff_x,a0_mean_time_diff_x,a0_median_time_diff_x,a0_peaks_per_second_x,a0_percent_time_above_threshold_x,a0_num_boilings_x,a0_unused_peak_proportion_x,a0_skewness_x,a0_kurtosis_x,a0_crest_factor_x,a0_burstiness_x,a0_spectral_flux_x,a0_low_band_power_x,a0_mid_band_power_x,a0_high_band_power_x,a0_high_to_low_ratio_x,a0_mean_spectral_entropy_time_x,a0_var_spectral_centroid_time_x,a0_wavelet_energy_low_scale_x,a0_wavelet_energy_mid_scale_x,a0_wavelet_energy_high_scale_x,a0_regime_dominance_x,a0_rms_change_points_x,a0_skew_peak_magnitude_x,a0_kurtosis_peak_magnitude_x,a0_iqr_peak_magnitude_x,a0_mean_peak_magnitude_x,a0_max_peak_magnitude_x,a0_std_peak_magnitude_x,a0_max_to_mean_peak_ratio_x,a1_spectral_entropy_x,a1_spectral_centroid_x,a1_spectral_flatness_x,a1_spectral_bandwidth_x,a1_std_dev_time_diff_x,a1_mean_time_diff_x,a1_median_time_diff_x,a1_peaks_per_second_x,a1_percent_time_above_threshold_x,a1_num_boilings_x,a1_unused_peak_proportion_x,a1_skewness_x,a1_kurtosis_x,a1_crest_factor_x,a1_burstiness_x,a1_spectral_flux_x,a1_low_band_power_x,a1_mid_band_power_x,a1_high_band_power_x,a1_high_to_low_ratio_x,a1_mean_spectral_entropy_time_x,a1_var_spectral_centroid_time_x,a1_wavelet_energy_low_scale_x,a1_wavelet_energy_mid_scale_x,a1_wavelet_energy_high_scale_x,a1_regime_dominance_x,a1_rms_change_points_x,a1_skew_peak_magnitude_x,a1_kurtosis_peak_magnitude_x,a1_iqr_peak_magnitude_x,a1_mean_peak_magnitude_x,a1_max_peak_magnitude_x,a1_std_peak_magnitude_x,a1_max_to_mean_peak_ratio_x,num_peak_mag_high_diff_x,peak_mag_correlation_x,cluster,is_noise_y,a0_spectral_entropy_y,a0_spectral_centroid_y,a0_spectral_flatness_y,a0_spectral_bandwidth_y,a0_std_dev_time_diff_y,a0_mean_time_diff_y,a0_median_time_diff_y,a0_peaks_per_second_y,a0_percent_time_above_threshold_y,a0_num_boilings_y,a0_unused_peak_proportion_y,a0_skewness_y,a0_kurtosis_y,a0_crest_factor_y,a0_burstiness_y,a0_spectral_flux_y,a0_low_band_power_y,a0_mid_band_power_y,a0_high_band_power_y,a0_high_to_low_ratio_y,a0_mean_spectral_entropy_time_y,a0_var_spectral_centroid_time_y,a0_wavelet_energy_low_scale_y,a0_wavelet_energy_mid_scale_y,a0_wavelet_energy_high_scale_y,a0_regime_dominance_y,a0_rms_change_points_y,a0_skew_peak_magnitude_y,a0_kurtosis_peak_magnitude_y,a0_iqr_peak_magnitude_y,a0_mean_peak_magnitude_y,a0_max_peak_magnitude_y,a0_std_peak_magnitude_y,a0_max_to_mean_peak_ratio_y,a1_spectral_entropy_y,a1_spectral_centroid_y,a1_spectral_flatness_y,a1_spectral_bandwidth_y,a1_std_dev_time_diff_y,a1_mean_time_diff_y,a1_median_time_diff_y,a1_peaks_per_second_y,a1_percent_time_above_threshold_y,a1_num_boilings_y,a1_unused_peak_proportion_y,a1_skewness_y,a1_kurtosis_y,a1_crest_factor_y,a1_burstiness_y,a1_spectral_flux_y,a1_low_band_power_y,a1_mid_band_power_y,a1_high_band_power_y,a1_high_to_low_ratio_y,a1_mean_spectral_entropy_time_y,a1_var_spectral_centroid_time_y,a1_wavelet_energy_low_scale_y,a1_wavelet_energy_mid_scale_y,a1_wavelet_energy_high_scale_y,a1_regime_dominance_y,a1_rms_change_points_y,a1_skew_peak_magnitude_y,a1_kurtosis_peak_magnitude_y,a1_iqr_peak_magnitude_y,a1_mean_peak_magnitude_y,a1_max_peak_magnitude_y,a1_std_peak_magnitude_y,a1_max_to_mean_peak_ratio_y,num_peak_mag_high_diff_y,peak_mag_correlation_y
"MATLAB 1-00 PM Fri, Jun 28, 2024 Run8 .csv",0,5.439864168409741,1910.8551324977448,0.2831755060803294,1009.3886347724484,0.015709584008901,0.0146796822970439,0.0766026574951669,1.4994102343325817,0.00462,0.4981595784935967,0.0,-0.0875180732254218,33.72229074799877,12.370524718667596,0.051611092180599,2.0486961659128306e-12,0.0022832371976872,0.1546506349596721,0.8428797912125521,-937.6215984448704,4.180224957522514,349147.0799978815,6.513067391474481,15.56891581424103,0.4365614968249166,1.0,1.1336553493284025,-1.6918619311208725,3.0253604018525806,0.0119602036476134,0.0901452601328491,0.1052580165863037,0.0140274691613912,1.1676489305281552,4.9313795265334495,1623.1168089103896,0.049122128672631,815.8675751355788,0.0161541604113079,0.019323897261253,0.0814384657335348,1.4800303681472686,0.00381,0.4892203883196385,0.0,0.2087149042448044,40.429871898667045,11.74116783906958,0.0531161405593685,9.515793339179987e-11,0.0005941052617076,0.0820838077016965,0.9171855563238596,1543.809852293748,3.888325518398002,259564.5400842444,29.86937761771782,32.05001037372243,0.3062146328714271,1.0,1.2479183877468,-2.207885803305541,4.406211679123996,0.014798936843872,0.1837740203365683,0.2083166253566742,0.0216455144677177,1.133547739637833,0.0,0.7139976015080887,2,0,5.439864168409741,1910.8551324977448,0.2831755060803294,1009.3886347724484,0.015709584008901,0.0146796822970439,0.0766026574951669,1.4994102343325817,0.00462,0.4981595784935967,0.0,-0.0875180732254218,33.72229074799877,12.370524718667596,0.051611092180599,2.0486961659128306e-12,0.0022832371976872,0.1546506349596721,0.8428797912125521,-937.6215984448704,4.180224957522514,349147.0799978815,6.513067391474481,15.56891581424103,0.4365614968249166,1.0,1.1336553493284025,-1.6918619311208725,3.0253604018525806,0.0119602036476134,0.0901452601328491,0.1052580165863037,0.0140274691613912,1.1676489305281552,4.9313795265334495,1623.1168089103896,0.049122128672631,815.8675751355788,0.0161541604113079,0.019323897261253,0.0814384657335348,1.4800303681472686,0.00381,0.4892203883196385,0.0,0.2087149042448044,40.429871898667045,11.74116783906958,0.0531161405593685,9.515793339179987e-11,0.0005941052617076,0.0820838077016965,0.9171855563238596,1543.809852293748,3.888325518398002,259564.5400842444,29.86937761771782,32.05001037372243,0.3062146328714271,1.0,1.2479183877468,-2.207885803305541,4.406211679123996,0.014798936843872,0.1837740203365683,0.2083166253566742,0.0216455144677177,1.133547739637833,0.0,0.7139976015080887
"MATLAB 1-02 PM Thu, Nov 7, 2024 Run8 .csv",0,5.700523466214685,2294.871845438176,0.2601321043988069,1356.9178434613618,0.000944933859495,-0.0571319819934251,0.0044470701080645,2.477918466855139,0.0004,0.49388621613058,0.0,1.5285514573324797,58.05735517788983,17.777887562975184,0.0040071831573368,1.6762173189186158e-11,0.0001796046586576,0.0001720823514029,0.9991079887529378,4234.171213591692,2.5738513181212137,457622.5399895293,14.752301235465987,0.0563930759478273,0.106560644675062,1.0,0.1253482429173782,-0.4052563421635066,-1.058759462362168,0.0387733173370361,0.2533966680367787,0.2867351841926575,0.0226552287312349,1.131566513538528,5.308989046859168,2144.0924624139006,0.0966758082720342,1207.4333525905374,0.0012130436916114,-0.0523105272676316,0.0116481739823425,2.4587064132554763,0.00052,0.4849466201677734,0.0,0.5924224765027378,32.97700477799756,12.948236092615607,0.0051455754848899,2.363179516398276e-11,0.0001861116581055,9.598499436098652e-05,0.9990280117854176,5367.895928470295,2.4186048812789545,430587.02158378414,17.91751299450009,0.0466936713917039,0.0698648367790605,1.0,0.2399835926042276,-0.3270751493357315,-0.923031762092128,0.0180765235424042,0.1916803356011708,0.2103264844417572,0.0119315732230625,1.0972773173737729,0.0,-0.5879004306974205,2,0,5.700523466214685,2294.871845438176,0.2601321043988069,1356.9178434613618,0.000944933859495,-0.0571319819934251,0.0044470701080645,2.477918466855139,0.0004,0.49388621613058,0.0,1.5285514573324797,58.05735517788983,17.777887562975184,0.0040071831573368,1.6762173189186158e-11,0.0001796046586576,0.0001720823514029,0.9991079887529378,4234.171213591692,2.5738513181212137,457622.5399895293,14.752301235465987,0.0563930759478273,0.106560644675062,1.0,0.1253482429173782,-0.4052563421635066,-1.058759462362168,0.0387733173370361,0.2533966680367787,0.2867351841926575,0.0226552287312349,1.131566513538528,5.308989046859168,2144.0924624139006,0.0966758082720342,1207.4333525905374,0.0012130436916114,-0.0523105272676316,0.0116481739823425,2.4587064132554763,0.00052,0.4849466201677734,0.0,0.5924224765027378,32.97700477799756,12.948236092615607,0.0051455754848899,2.363179516398276e-11,0.0001861116581055,9.598499436098652e-05,0.9990280117854176,5367.895928470295,2.4186048812789545,430587.02158378414,17.91751299450009,0.0466936713917039,0.0698648367790605,1.0,0.2399835926042276,-0.3270751493357315,-0.923031762092128,0.0180765235424042,0.1916803356011708,0.2103264844417572,0.0119315732230625,1.0972773173737729,0.0,-0.5879004306974205
"MATLAB 1-12 PM Thu, Nov 7, 2024 Run9 .csv",0,5.632734954703723,2219.356500154379,0.2422642592202483,1361.1591295752792,0.001526229011616,-0.0859096265888054,-0.0265048880392215,2.706246910953029,0.0004,0.4796416749205244,0.0,0.7014451415491838,49.50016549623467,15.54669688072016,0.0070066751427447,1.956995707051097e-11,0.0001473785950866,0.0001603812121189,0.99910955564306,5377.674086716104,2.371240132687473,341763.19337257947,6.075090090592648,0.0197514367524483,0.0383251137897717,1.0,-0.9023421117860358,-0.2211635974477234,-1.8491075866065616,0.0486015796661376,0.2284967471493615,0.2530449855327606,0.0233725451448059,1.107433644853389,5.512061504986173,2229.4356448898766,0.1101301398578678,1230.437858798969,0.0010243900615248,-0.0811151683561053,-0.0190694653651012,2.687594232638867,0.00045,0.470700726328223,0.0,0.0683401489313396,31.576606288259683,12.40336216729875,0.0047038919179543,2.2644998975762363e-11,0.000147679333869,7.50542077684034e-05,0.9990274036146608,6764.842293375229,2.114355601251618,371843.63077761134,6.707033520078976,0.0164755968168894,0.0304530825889372,1.0,-0.7864657245376798,0.1499109454272645,-1.4177103729972167,0.0176768648624419,0.185586412747701,0.2027374672889709,0.0107188250722938,1.092415464512406,0.0,-0.9613666164854772,2,0,5.632734954703723,2219.356500154379,0.2422642592202483,1361.1591295752792,0.001526229011616,-0.0859096265888054,-0.0265048880392215,2.706246910953029,0.0004,0.4796416749205244,0.0,0.7014451415491838,49.50016549623467,15.54669688072016,0.0070066751427447,1.956995707051097e-11,0.0001473785950866,0.0001603812121189,0.99910955564306,5377.674086716104,2.371240132687473,341763.19337257947,6.075090090592648,0.0197514367524483,0.0383251137897717,1.0,-0.9023421117860358,-0.2211635974477234,-1.8491075866065616,0.0486015796661376,0.2284967471493615,0.2530449855327606,0.0233725451448059,1.107433644853389,5.512061504986173,2229.4356448898766,0.1101301398578678,1230.437858798969,0.0010243900615248,-0.0811151683561053,-0.0190694653651012,2.687594232638867,0.00045,0.470700726328223,0.0,0.0683401489313396,31.576606288259683,12.40336216729875,0.0047038919179543,2.2644998975762363e-11,0.000147679333869,7.50542077684034e-05,0.9990274036146608,6764.842293375229,2.114355601251618,371843.63077761134,6.707033520078976,0.0164755968168894,0.0304530825889372,1.0,-0.7864657245376798,0.1499109454272645,-1.4177103729972167,0.0176768648624419,0.185586412747701,0.2027374672889709,0.0107188250722938,1.092415464512406,0.0,-0.9613666164854772
"MATLAB 1-21 PM Thu, Nov 7, 2024 Run10 .csv",0,5.381934030771023,2139.310338336899,0.2233793238359952,1338.2130763177963,0.0010924602444239,-0.1826351070144442,-0.125242041943894,5.6274030987952,0.00075,2.4639726795894634,0.0,0.2316090313685962,21.39657282890687,9.652680265982069,0.0082157517380139,3.920944070024574e-11,0.0001241922648279,9.723163965974004e-05,0.9991456692917852,6563.450660691249,3.058056247299001,402870.9635030349,9.067314704504472,0.0261189305593967,0.0506102517527614,0.2051282051282051,-0.9328015019597912,0.5437164624947242,-1.1632514109633112,0.0166921752691268,0.1805152881145477,0.1972720384597778,0.0103545136311414,1.0928273196151506,5.382569160598576,2276.4005155998366,0.0700136989346676,1134.841833423479,0.0045681684763507,-0.1779511306383616,-0.1182838685887023,5.609365733295089,0.0014,2.455030243104717,0.0,0.0005629346585124,15.323513627592074,8.50431059393826,0.0343840638309553,4.7362127483072856e-11,0.0001425239612513,3.6540403638884936e-05,0.9991869723656636,7010.659566245002,2.780196284418904,553619.5318114264,8.907428834343937,0.0293758576009555,0.0500124757054565,0.6842105263157895,-0.815559973393778,-0.172598065938515,-1.5553837088804188,0.0289916390180587,0.1553196569283803,0.1792372798919678,0.0166121539059494,1.1539896716010396,0.0,-0.7434722301006569,2,0,5.381934030771023,2139.310338336899,0.2233793238359952,1338.2130763177963,0.0010924602444239,-0.1826351070144442,-0.125242041943894,5.6274030987952,0.00075,2.4639726795894634,0.0,0.2316090313685962,21.39657282890687,9.652680265982069,0.0082157517380139,3.920944070024574e-11,0.0001241922648279,9.723163965974004e-05,0.9991456692917852,6563.450660691249,3.058056247299001,402870.9635030349,9.067314704504472,0.0261189305593967,0.0506102517527614,0.2051282051282051,-0.9328015019597912,0.5437164624947242,-1.1632514109633112,0.0166921752691268,0.1805152881145477,0.1972720384597778,0.0103545136311414,1.0928273196151506,5.382569160598576,2276.4005155998366,0.0700136989346676,1134.841833423479,0.0045681684763507,-0.1779511306383616,-0.1182838685887023,5.609365733295089,0.0014,2.455030243104717,0.0,0.0005629346585124,15.323513627592074,8.50431059393826,0.0343840638309553,4.7362127483072856e-11,0.0001425239612513,3.6540403638884936e-05,0.9991869723656636,7010.659566245002,2.780196284418904,553619.5318114264,8.907428834343937,0.0293758576009555,0.0500124757054565,0.6842105263157895,-0.815559973393778,-0.172598065938515,-1.5553837088804188,0.0289916390180587,0.1553196569283803,0.1792372798919678,0.0166121539059494,1.1539896716010396,0.0,-0.7434722301006569
"MATLAB 1-33 PM Tue, Oct 29, 2024 Run8 .csv",0,5.694731198323868,2206.7600741458973,0.253546452477761,1297.0085103296335,0.0011499999989607,0.0777337617144594,0.1323152163833456,1.026790514020829,0.0002,0.4440303218953855,0.0,1.0229536857531747,74.48515286446592,14.939810675699851,0.0028155220956778,3.696486440253231e-11,0.0001424362518474,0.0001563693446196,0.9994465266712584,5433.060696815899,4.542748842048409,395843.38087940926,2.250052828767522,0.010814097430115,0.0185085828281337,1.0,-0.9715679985445708,-0.2307661695678921,-1.4999999999999996,0.01021025121212,0.2292822142442067,0.2388365411758423,0.0083880843979137,1.0416705977963876,5.9478254135153605,2548.6429928286207,0.1287991831658488,1130.68192376129,0.0030999999972331,0.0805232287161408,0.1371614360611913,1.009536273920419,0.0002,0.435085991729347,0.0,-0.5894659944299752,59.87983832424672,14.66175314979709,0.007626076260713,3.033548134003166e-11,0.000128193329571,3.814315101916572e-05,0.999737428124994,7798.6696458432,4.075771739766416,469408.5307202943,1.9959803901415167,0.0093540860846123,0.021408721474823,1.0,-0.8525890173924483,-0.1860581529926726,-1.5000000000000002,0.0264863830804824,0.2241823895772298,0.2493079841136932,0.0217114981069273,1.1120765756125897,0.0,0.9997566773873352,2,0,5.694731198323868,2206.7600741458973,0.253546452477761,1297.0085103296335,0.0011499999989607,0.0777337617144594,0.1323152163833456,1.026790514020829,0.0002,0.4440303218953855,0.0,1.0229536857531747,74.48515286446592,14.939810675699851,0.0028155220956778,3.696486440253231e-11,0.0001424362518474,0.0001563693446196,0.9994465266712584,5433.060696815899,4.542748842048409,395843.38087940926,2.250052828767522,0.010814097430115,0.0185085828281337,1.0,-0.9715679985445708,-0.2307661695678921,-1.4999999999999996,0.01021025121212,0.2292822142442067,0.2388365411758423,0.0083880843979137,1.0416705977963876,5.9478254135153605,2548.6429928286207,0.1287991831658488,1130.68192376129,0.0030999999972331,0.0805232287161408,0.1371614360611913,1.009536273920419,0.0002,0.435085991729347,0.0,-0.5894659944299752,59.87983832424672,14.66175314979709,0.007626076260713,3.033548134003166e-11,0.000128193329571,3.814315101916572e-05,0.999737428124994,7798.6696458432,4.075771739766416,469408.5307202943,1.9959803901415167,0.0093540860846123,0.021408721474823,1.0,-0.8525890173924483,-0.1860581529926726,-1.5000000000000002,0.0264863830804824,0.2241823895772298,0.2493079841136932,0.0217114981069273,1.1120765756125897,0.0,0.9997566773873352
"MATLAB 1-36 PM Tue, Oct 29, 2024 Run9 .csv",0,5.756141170144572,2226.4199560616003,0.2707995163805866,1305.1112644067607,0.0010374794623959,0.100545968308368,0.1544096289113408,0.4049947147213504,0.00032,0.4397569595323688,0.0,0.551432580400495,105.0152896676206,20.81411186202709,0.002387754806247,2.6338507723531373e-11,0.0001748757444678,0.0001503327844101,0.99935166591705,4109.035387220994,3.909396109074581,556196.1454039322,9.057437696073478,0.0406632392950506,0.0698851354921478,1.0,0.020124895044405,-0.0818811768601923,-1.21361462997972,0.0177656957507133,0.2308864176273345,0.2457984411716461,0.0104152842616628,1.064585971308111,5.957091289222628,2567.115448712631,0.1394980257743531,1142.191297529095,0.0027132670657816,0.1057728363599561,0.1611711442276616,0.3879082872065904,0.00036,0.4308122235774818,0.0,-0.4390134036991746,77.584754885142,18.14016858372383,0.0062373955590426,2.5259402067647508e-11,0.0001739388928459,3.3607821759248144e-05,0.999425303164928,5745.841466579112,3.398795611230695,533588.7179162635,8.106236764395621,0.0355836989244349,0.0838330751873333,1.0,0.1394761874649794,-0.1444448040108932,-1.4309779720269802,0.0580465680360794,0.2327495103081067,0.276718658208847,0.0333488471138591,1.1889118814580328,0.0,0.8610182120493796,2,0,5.756141170144572,2226.4199560616003,0.2707995163805866,1305.1112644067607,0.0010374794623959,0.100545968308368,0.1544096289113408,0.4049947147213504,0.00032,0.4397569595323688,0.0,0.551432580400495,105.0152896676206,20.81411186202709,0.002387754806247,2.6338507723531373e-11,0.0001748757444678,0.0001503327844101,0.99935166591705,4109.035387220994,3.909396109074581,556196.1454039322,9.057437696073478,0.0406632392950506,0.0698851354921478,1.0,0.020124895044405,-0.0818811768601923,-1.21361462997972,0.0177656957507133,0.2308864176273345,0.2457984411716461,0.0104152842616628,1.064585971308111,5.957091289222628,2567.115448712631,0.1394980257743531,1142.191297529095,0.0027132670657816,0.1057728363599561,0.1611711442276616,0.3879082872065904,0.00036,0.4308122235774818,0.0,-0.4390134036991746,77.584754885142,18.14016858372383,0.0062373955590426,2.5259402067647508e-11,0.0001739388928459,3.3607821759248144e-05,0.999425303164928,5745.841466579112,3.398795611230695,533588.7179162635,8.106236764395621,0.0355836989244349,0.0838330751873333,1.0,0.1394761874649794,-0.1444448040108932,-1.4309779720269802,0.0580465680360794,0.2327495103081067,0.276718658208847,0.0333488471138591,1.1889118814580328,0.0,0.8610182120493796
"MATLAB 1-38 PM Thu, Nov 7, 2024 Run15 .csv",0,5.457528128673019,2276.863175665613,0.2293719941063673,1374.3260153817116,0.0122567554960265,-0.1883877559509125,-0.1311811541054828,4.47654670735033,0.0013,0.4340591430483466,0.0,-0.2832071813123131,25.68581311791783,12.053395803285763,0.0817753063953291,1.9972506006000448e-11,0.0001256150077495,8.456500974963024e-05,0.999115656371422,6319.035642969409,3.2222459213380263,420422.8303939978,5.559470457367472,0.0178957833467455,0.0353117052311999,1.0,-0.9909512468369606,1.49302745106526,0.7019569066795475,0.0238452303409575,0.1406531653037437,0.2069942820072174,0.0280722424185687,1.471664584015642,5.8958496732031325,2587.604396536364,0.1311120055640979,1222.8926872729771,0.0069758462188715,-0.1823026864973333,-0.1238159112694468,4.459684029949772,0.00135,0.4251138660416617,0.0,0.087537674184411,25.04537955805253,13.063619742152168,0.0461187563774062,1.1775279392627598e-11,0.0002412340086341,2.513914813344025e-05,0.9988844468800664,4140.728135869455,3.058161188291464,724238.1146667135,4.716183416447734,0.0160575840942391,0.0429750619861874,1.0,-0.8711035393917834,-0.5789953079551114,1.726865836863423,0.0118471169471739,0.1749769559273352,0.2218992376327515,0.0228381154255407,1.26816263579818,0.0,0.3959958289675068,2,0,5.457528128673019,2276.863175665613,0.2293719941063673,1374.3260153817116,0.0122567554960265,-0.1883877559509125,-0.1311811541054828,4.47654670735033,0.0013,0.4340591430483466,0.0,-0.2832071813123131,25.68581311791783,12.053395803285763,0.0817753063953291,1.9972506006000448e-11,0.0001256150077495,8.456500974963024e-05,0.999115656371422,6319.035642969409,3.2222459213380263,420422.8303939978,5.559470457367472,0.0178957833467455,0.0353117052311999,1.0,-0.9909512468369606,1.49302745106526,0.7019569066795475,0.0238452303409575,0.1406531653037437,0.2069942820072174,0.0280722424185687,1.471664584015642,5.8958496732031325,2587.604396536364,0.1311120055640979,1222.8926872729771,0.0069758462188715,-0.1823026864973333,-0.1238159112694468,4.459684029949772,0.00135,0.4251138660416617,0.0,0.087537674184411,25.04537955805253,13.063619742152168,0.0461187563774062,1.1775279392627598e-11,0.0002412340086341,2.513914813344025e-05,0.9988844468800664,4140.728135869455,3.058161188291464,724238.1146667135,4.716183416447734,0.0160575840942391,0.0429750619861874,1.0,-0.8711035393917834,-0.5789953079551114,1.726865836863423,0.0118471169471739,0.1749769559273352,0.2218992376327515,0.0228381154255407,1.26816263579818,0.0,0.3959958289675068
"MATLAB 1-41 PM Thu, Nov 7, 2024 Run16 .csv",0,5.455778429296464,2306.531959134146,0.2190904190469686,1388.533771104347,0.0019354465516186,-0.1602481367516813,-0.1076015457605142,3.5619711793886344,0.00086,0.4312102348063354,0.0,-0.4194988133743718,34.236956481326395,13.707757353851036,0.0107416507924028,1.2979849392954874e-11,0.0001023273248236,6.434963576295526e-05,0.9990532389595724,8113.975368351173,3.719733089046087,447756.6710612326,9.388298519644572,0.0282799061703986,0.058838394828037,1.0,0.0035106822223566,0.5055506412792073,-1.328371185636916,0.0164536330103874,0.1283949634432792,0.1438591337203979,0.0094554157398478,1.1204421876248305,5.822461833580812,2626.4397596723543,0.109982589073049,1220.8670999329504,0.0008810456431479,-0.1556353554843104,-0.1009094391637883,3.545220377045175,0.00102,0.4222646872737516,0.0,-0.2388893157050638,33.172418243679175,13.306397912404384,0.0048921814675681,7.816572972578169e-12,0.0001229646882713,1.863400276700756e-05,0.99890616268345,8123.520473447247,3.2943076411256085,616439.2877423312,7.967217163588456,0.025493021589958,0.0737735023877247,1.0,0.123606597179835,-0.7626771490105619,-1.0904136005641858,0.0479698041081428,0.1546553108096122,0.1856825792789459,0.0310691304832212,1.2006220692125449,0.0,-0.9478396710046564,2,0,5.455778429296464,2306.531959134146,0.2190904190469686,1388.533771104347,0.0019354465516186,-0.1602481367516813,-0.1076015457605142,3.5619711793886344,0.00086,0.4312102348063354,0.0,-0.4194988133743718,34.236956481326395,13.707757353851036,0.0107416507924028,1.2979849392954874e-11,0.0001023273248236,6.434963576295526e-05,0.9990532389595724,8113.975368351173,3.719733089046087,447756.6710612326,9.388298519644572,0.0282799061703986,0.058838394828037,1.0,0.0035106822223566,0.5055506412792073,-1.328371185636916,0.0164536330103874,0.1283949634432792,0.1438591337203979,0.0094554157398478,1.1204421876248305,5.822461833580812,2626.4397596723543,0.109982589073049,1220.8670999329504,0.0008810456431479,-0.1556353554843104,-0.1009094391637883,3.545220377045175,0.00102,0.4222646872737516,0.0,-0.2388893157050638,33.172418243679175,13.306397912404384,0.0048921814675681,7.816572972578169e-12,0.0001229646882713,1.863400276700756e-05,0.99890616268345,8123.520473447247,3.2943076411256085,616439.2877423312,7.967217163588456,0.025493021589958,0.0737735023877247,1.0,0.123606597179835,-0.7626771490105619,-1.0904136005641858,0.0479698041081428,0.1546553108096122,0.1856825792789459,0.0310691304832212,1.2006220692125449,0.0,-0.9478396710046564
"MATLAB 1-44 PM Thu, Nov 7, 2024 Run17 .csv",0,5.444256113964105,2334.78451805194,0.2158926571255957,1415.603556245973,0.0016408583104951,-0.1510539405516472,-0.0992275248560796,3.1260568960034467,0.0007,0.4240879642013077,0.0,-0.2344881353269805,35.30729736433494,14.302075103595229,0.0084245082041954,1.1792082346281312e-11,0.0001324865656919,6.126842063742102e-05,0.999345646229455,5857.221311445522,3.841561624181784,553835.0515883862,8.444641614828054,0.0264677467280376,0.0554883999641288,1.0,-0.0103344951293502,-0.0617160526563997,-1.103793761360205,0.0122970542311668,0.1281632878688665,0.1399640679359436,0.0071776224366566,1.092076133995184,5.861032263244305,2621.399863188087,0.1198845925516107,1243.949931294659,0.0007177074606463,-0.1463092686420629,-0.0927932588579742,3.109585781302737,0.00084,0.4151417403539764,0.0,-0.4815718233497533,37.44805392085112,14.496469806085823,0.0036836491268638,6.135925767249444e-12,0.000179221033293,1.813488426903605e-05,0.9991449945274478,5574.931558920247,3.4331847830178424,665637.9662194757,7.059588938215602,0.0221786069057689,0.0662630175605402,1.0,0.1103819386088813,-0.3010651705910252,-1.3491058343054845,0.0553642928600311,0.1417876898325406,0.1769845414161682,0.0279775471566852,1.24823630052226,0.0,-0.9004791594517875,2,0,5.444256113964105,2334.78451805194,0.2158926571255957,1415.603556245973,0.0016408583104951,-0.1510539405516472,-0.0992275248560796,3.1260568960034467,0.0007,0.4240879642013077,0.0,-0.2344881353269805,35.30729736433494,14.302075103595229,0.0084245082041954,1.1792082346281312e-11,0.0001324865656919,6.126842063742102e-05,0.999345646229455,5857.221311445522,3.841561624181784,553835.0515883862,8.444641614828054,0.0264677467280376,0.0554883999641288,1.0,-0.0103344951293502,-0.0617160526563997,-1.103793761360205,0.0122970542311668,0.1281632878688665,0.1399640679359436,0.0071776224366566,1.092076133995184,5.861032263244305,2621.399863188087,0.1198845925516107,1243.949931294659,0.0007177074606463,-0.1463092686420629,-0.0927932588579742,3.109585781302737,0.00084,0.4151417403539764,0.0,-0.4815718233497533,37.44805392085112,14.496469806085823,0.0036836491268638,6.135925767249444e-12,0.000179221033293,1.813488426903605e-05,0.9991449945274478,5574.931558920247,3.4331847830178424,665637.9662194757,7.059588938215602,0.0221786069057689,0.0662630175605402,1.0,0.1103819386088813,-0.3010651705910252,-1.3491058343054845,0.0553642928600311,0.1417876898325406,0.1769845414161682,0.0279775471566852,1.24823630052226,0.0,-0.9004791594517875
"MATLAB 1-54 PM Tue, Oct 29, 2024 Run15 .csv",0,5.564215288361853,2029.1234445106045,0.2450618546190734,1287.1845622983524,0.0061999999944861,-0.0285185852810748,0.0211205168626129,0.8544403562394978,0.0007,0.4098434229912521,0.0,-0.6747575489175724,80.55782287643245,18.999428636101484,0.0188966778420586,3.9449329281748105e-11,0.0001934195940438,0.0001045089797661,0.999020701691706,3406.385857925912,3.536868935666733,411509.540196268,3.5341727718502787,0.0112803853715973,0.0196291450437981,1.0,-1.0380248498327644,0.6893558936981833,-1.5000000000000004,0.0365729457139968,0.2179936770598093,0.2647340381145477,0.0331432181331505,1.2144115447986803,5.772652970067892,2421.980568380241,0.1130150671698209,1227.8776634855135,0.0083499999925807,-0.0215299098665963,0.0299891016582696,0.8385286168242896,0.0004,0.400895846514426,0.0,-0.0149174468573924,52.60679785803528,13.17678703901888,0.0252685731577512,3.639018263815582e-11,0.0002140432712586,1.4795288448717468e-05,0.9992793161377248,4668.585516664171,3.2272378260710464,517796.89238954993,3.037057234970415,0.0084281428815129,0.0239356389315941,1.0,-0.916067378533026,-0.3959784942945287,-1.500000000000001,0.0266010761260986,0.2143851832548776,0.2379029333591461,0.0221530727610894,1.109698579664942,0.0,0.7979682832260699,2,0,5.564215288361853,2029.1234445106045,0.2450618546190734,1287.1845622983524,0.0061999999944861,-0.0285185852810748,0.0211205168626129,0.8544403562394978,0.0007,0.4098434229912521,0.0,-0.6747575489175724,80.55782287643245,18.999428636101484,0.0188966778420586,3.9449329281748105e-11,0.0001934195940438,0.0001045089797661,0.999020701691706,3406.385857925912,3.536868935666733,411509.540196268,3.5341727718502787,0.0112803853715973,0.0196291450437981,1.0,-1.0380248498327644,0.6893558936981833,-1.5000000000000004,0.0365729457139968,0.2179936770598093,0.2647340381145477,0.0331432181331505,1.2144115447986803,5.772652970067892,2421.980568380241,0.1130150671698209,1227.8776634855135,0.0083499999925807,-0.0215299098665963,0.0299891016582696,0.8385286168242896,0.0004,0.400895846514426,0.0,-0.0149174468573924,52.60679785803528,13.17678703901888,0.0252685731577512,3.639018263815582e-11,0.0002140432712586,1.4795288448717468e-05,0.9992793161377248,4668.585516664171,3.2272378260710464,517796.89238954993,3.037057234970415,0.0084281428815129,0.0239356389315941,1.0,-0.916067378533026,-0.3959784942945287,-1.500000000000001,0.0266010761260986,0.2143851832548776,0.2379029333591461,0.0221530727610894,1.109698579664942,0.0,0.7979682832260699
"MATLAB 12-04 PM Thu, Nov 7, 2024 Run0 .csv",0,5.633234971408024,2545.53999767628,0.289777408929829,1185.196240739115,0.0679438595277998,0.6740298493682291,0.7131073831689143,-1.3107550307421278,9.5e-05,0.3870521570551631,0.1052631578947368,2.334393341745036,251.69059878737968,34.645080672861134,0.0648370827083393,8.701201310366623e-12,0.0003667129449156,0.0040314521738401,0.9954611523522416,839.2800675726921,4.174799972082886,483667.3141270217,13.427097600002291,0.8966438937258422,0.2045226807274639,1.0,0.9176705826417731,-0.3531633661587127,-1.6186300689507465,0.0640170317888259,0.2675560315031755,0.3029065823554993,0.029883204276511,1.1321239168248922,5.834152494788426,2173.2808389957936,0.2457180015450464,1204.667893235441,0.0679766728188889,0.6786013303958607,0.7194408780477299,-1.3257717697005351,9.5e-05,0.3781024163711453,0.1052631578947368,1.316589818373717,185.6107540964575,33.884208480072594,0.0648683955905197,3.694071425113625e-12,0.0005457658179767,0.0102448870911128,0.9871552500828236,1808.7524311110385,3.463441115871929,398031.11975168926,17.65914871980288,1.503753946961785,0.0734982670347565,1.0,2.041613714039922,-0.486340602287847,-1.2995893993359693,0.0685758394002913,0.2096328138677697,0.2546050679683685,0.0393663334519079,1.214528695536024,0.0,-0.5572220717920899,2,0,5.633234971408024,2545.53999767628,0.289777408929829,1185.196240739115,0.0679438595277998,0.6740298493682291,0.7131073831689143,-1.3107550307421278,9.5e-05,0.3870521570551631,0.1052631578947368,2.334393341745036,251.69059878737968,34.645080672861134,0.0648370827083393,8.701201310366623e-12,0.0003667129449156,0.0040314521738401,0.9954611523522416,839.2800675726921,4.174799972082886,483667.3141270217,13.427097600002291,0.8966438937258422,0.2045226807274639,1.0,0.9176705826417731,-0.3531633661587127,-1.6186300689507465,0.0640170317888259,0.2675560315031755,0.3029065823554993,0.029883204276511,1.1321239168248922,5.834152494788426,2173.2808389957936,0.2457180015450464,1204.667893235441,0.0679766728188889,0.6786013303958607,0.7194408780477299,-1.3257717697005351,9.5e-05,0.3781024163711453,0.1052631578947368,1.316589818373717,185.6107540964575,33.884208480072594,0.0648683955905197,3.694071425113625e-12,0.0005457658179767,0.0102448870911128,0.9871552500828236,1808.7524311110385,3.463441115871929,398031.11975168926,17.65914871980288,1.503753946961785,0.0734982670347565,1.0,2.041613714039922,-0.486340602287847,-1.2995893993359693,0.0685758394002913,0.2096328138677697,0.2546050679683685,0.0393663334519079,1.214528695536024,0.0,-0.5572220717920899
"MATLAB 12-06 PM Thu, Nov 7, 2024 Run1 .csv",0,5.704583729082996,2535.654795270802,0.330258161207247,1194.463332082713,0.1372394527719493,0.4370755851164296,0.4489221875847869,-1.0179347870424966,0.000155,-0.6143722970658424,1.0,1.375959158863729,183.7406108701996,30.07895211007944,0.1690054322669689,1.1061082026303482e-11,0.0020917229304052,0.0036874578114457,0.993941249755788,-1407.381448312572,4.119441109114203,984933.2518379812,18.17575524643463,1.1104646899550363,0.3767061064202091,0.0,0.914901547171432,0.4996520119837327,-1.187231335261575,0.0468917858600616,0.2552633610725403,0.3059470725059509,0.0275104034131697,1.1985545877812342,5.931670903808861,2194.462273109721,0.3117171467826559,1211.9283382792182,0.1373008095763044,0.4416386998280904,0.4547941143440703,-1.0328955884723536,0.00013,-0.6233221730128097,1.0,1.3104384733484529,148.27315469184683,29.562550302036097,0.1690818585326409,4.92716995225142e-12,0.004744100798175,0.0090571926106497,0.9839573529170724,207.40650225972976,3.594201682008784,666528.9419144231,23.827395101594576,1.9463973971861048,0.4630639619525908,0.0,1.0389687823257314,-0.3947645888649379,-1.2537083171274046,0.0601698350906372,0.215115706205368,0.2571238172054291,0.0360470205399121,1.1952814684761162,0.0,-0.553465584825373,2,0,5.704583729082996,2535.654795270802,0.330258161207247,1194.463332082713,0.1372394527719493,0.4370755851164296,0.4489221875847869,-1.0179347870424966,0.000155,-0.6143722970658424,1.0,1.375959158863729,183.7406108701996,30.07895211007944,0.1690054322669689,1.1061082026303482e-11,0.0020917229304052,0.0036874578114457,0.993941249755788,-1407.381448312572,4.119441109114203,984933.2518379812,18.17575524643463,1.1104646899550363,0.3767061064202091,0.0,0.914901547171432,0.4996520119837327,-1.187231335261575,0.0468917858600616,0.2552633610725403,0.3059470725059509,0.0275104034131697,1.1985545877812342,5.931670903808861,2194.462273109721,0.3117171467826559,1211.9283382792182,0.1373008095763044,0.4416386998280904,0.4547941143440703,-1.0328955884723536,0.00013,-0.6233221730128097,1.0,1.3104384733484529,148.27315469184683,29.562550302036097,0.1690818585326409,4.92716995225142e-12,0.004744100798175,0.0090571926106497,0.9839573529170724,207.40650225972976,3.594201682008784,666528.9419144231,23.827395101594576,1.9463973971861048,0.4630639619525908,0.0,1.0389687823257314,-0.3947645888649379,-1.2537083171274046,0.0601698350906372,0.215115706205368,0.2571238172054291,0.0360470205399121,1.1952814684761162,0.0,-0.553465584825373
"MATLAB 12-14 PM Thu, Nov 7, 2024 Run2 .csv",0,5.614784529593889,2454.359436318998,0.3022765219074509,1202.416111942047,0.0058942960964242,0.1793854322588181,0.2250314045125783,-0.4966570628373199,0.000215,0.3799298864501353,0.0,1.4119998315005238,137.3181139610614,26.516953025981664,0.0105506133745539,1.973335531215693e-11,0.0006047235594236,0.0016303504464308,0.9975987578280582,-262.0356770381195,4.087427560077612,692154.9809441007,27.19899014426253,0.9730044159783748,0.428997849829168,1.0,5.903825405290066,-0.0320166141033955,-1.423800712601094,0.0684266099333762,0.2652129431565602,0.3179413306713105,0.0357741098684103,1.198815287395773,5.85364328116581,2182.041654331767,0.2460667650384538,1194.739861584424,0.0059943197551907,0.1839359150399093,0.2316070587964369,-0.5113941141529768,0.00038,0.3709794694513701,0.0,1.6459020863073373,103.62177816302894,24.2230069287148,0.0107296527262746,9.031220111130092e-12,0.0006764223233298,0.003323794217811,0.9938837985223508,1469.324361782934,3.648941893783101,461068.2145963924,34.19959372439026,1.462001470179458,0.1929146903020892,1.0,4.028389055468969,-0.2675212227701559,-1.4397220934581534,0.0665640527009964,0.2132241883542802,0.2580272257328033,0.0364506599391075,1.2101217395846342,0.0,-0.5577332987466158,2,0,5.614784529593889,2454.359436318998,0.3022765219074509,1202.416111942047,0.0058942960964242,0.1793854322588181,0.2250314045125783,-0.4966570628373199,0.000215,0.3799298864501353,0.0,1.4119998315005238,137.3181139610614,26.516953025981664,0.0105506133745539,1.973335531215693e-11,0.0006047235594236,0.0016303504464308,0.9975987578280582,-262.0356770381195,4.087427560077612,692154.9809441007,27.19899014426253,0.9730044159783748,0.428997849829168,1.0,5.903825405290066,-0.0320166141033955,-1.423800712601094,0.0684266099333762,0.2652129431565602,0.3179413306713105,0.0357741098684103,1.198815287395773,5.85364328116581,2182.041654331767,0.2460667650384538,1194.739861584424,0.0059943197551907,0.1839359150399093,0.2316070587964369,-0.5113941141529768,0.00038,0.3709794694513701,0.0,1.6459020863073373,103.62177816302894,24.2230069287148,0.0107296527262746,9.031220111130092e-12,0.0006764223233298,0.003323794217811,0.9938837985223508,1469.324361782934,3.648941893783101,461068.2145963924,34.19959372439026,1.462001470179458,0.1929146903020892,1.0,4.028389055468969,-0.2675212227701559,-1.4397220934581534,0.0665640527009964,0.2132241883542802,0.2580272257328033,0.0364506599391075,1.2101217395846342,0.0,-0.5577332987466158
"MATLAB 12-21 PM Thu, Nov 7, 2024 Run3 .csv",0,5.697376391439709,2472.265856794587,0.2983746322613317,1211.553789075104,0.0011118502313162,0.2089057595712284,0.2526850337695984,-0.6469178588251854,0.00021,0.3699587076030964,0.0,1.7421972748490453,160.5154346753563,28.63936086288706,0.0018663229489191,1.5388183725025128e-11,0.0003030994240202,0.0008673622764374,0.9986308301314424,1331.9988737364351,4.119732201521848,416407.54075180495,12.28881109868756,0.2135778187605737,0.1582111350485007,1.0,3.8844421569976766,-0.0372009323209565,-1.291221043998131,0.0833840930461883,0.2768173444972319,0.3288349211215973,0.0393940201150393,1.1879129962713937,5.793480354196829,2208.130025836805,0.1952902181276764,1159.9802434213834,0.0018227618965375,0.2135393448070632,0.2591297112090058,-0.6612633474409919,0.00025,0.3610073437636848,0.0,1.6628285408394772,111.45851549730916,23.273823844602312,0.0030590631518099,1.0429140608327598e-11,0.0002782340182057,0.0013414443741704,0.996565296238196,3581.7521619558165,3.596354375762868,323348.9431741909,15.596130073071238,0.263488797185407,0.0636346881983215,1.0,2.0098745334696333,-0.1678133113151226,-1.4517225466742183,0.0554587459564208,0.2160058028557721,0.2487065684795379,0.0257446237594659,1.151388366383843,0.0,-0.4343225616949029,2,0,5.697376391439709,2472.265856794587,0.2983746322613317,1211.553789075104,0.0011118502313162,0.2089057595712284,0.2526850337695984,-0.6469178588251854,0.00021,0.3699587076030964,0.0,1.7421972748490453,160.5154346753563,28.63936086288706,0.0018663229489191,1.5388183725025128e-11,0.0003030994240202,0.0008673622764374,0.9986308301314424,1331.9988737364351,4.119732201521848,416407.54075180495,12.28881109868756,0.2135778187605737,0.1582111350485007,1.0,3.8844421569976766,-0.0372009323209565,-1.291221043998131,0.0833840930461883,0.2768173444972319,0.3288349211215973,0.0393940201150393,1.1879129962713937,5.793480354196829,2208.130025836805,0.1952902181276764,1159.9802434213834,0.0018227618965375,0.2135393448070632,0.2591297112090058,-0.6612633474409919,0.00025,0.3610073437636848,0.0,1.6628285408394772,111.45851549730916,23.273823844602312,0.0030590631518099,1.0429140608327598e-11,0.0002782340182057,0.0013414443741704,0.996565296238196,3581.7521619558165,3.596354375762868,323348.9431741909,15.596130073071238,0.263488797185407,0.0636346881983215,1.0,2.0098745334696333,-0.1678133113151226,-1.4517225466742183,0.0554587459564208,0.2160058028557721,0.2487065684795379,0.0257446237594659,1.151388366383843,0.0,-0.4343225616949029
"MATLAB 12-26 PM Thu, Nov 7, 2024 Run4 .csv",0,5.735299003756472,2467.649790672325,0.2965126128013683,1220.258636267303,0.0015070718060654,0.1171060629153246,0.1599442505828301,-0.4756408849250375,0.00019,0.3642608911190743,0.0,2.696157161475253,157.56411204164976,28.08132995540988,0.0029651527029177,1.5313770389705788e-11,0.0002551939104191,0.0006316107236657,0.9988455809663138,1922.1804466181857,4.352566655261935,475465.7145901479,13.38886706048054,0.1659298494444424,0.1662579154091102,1.0,-0.1266339848836892,-0.5475390516717042,-1.2374558351798906,0.0741321873664855,0.2919100843605242,0.3357801151275635,0.0420032517435511,1.1502861090364305,5.758670529777054,2210.776427367787,0.1812345177531417,1143.5329375991214,0.0016816456503355,0.1216103495540266,0.1660426555393893,-0.4897626234266434,0.00023,0.3553089862278646,0.0,1.2466427372722473,99.1885919556186,20.9775354755052,0.0033086254585708,1.1430219956311654e-11,0.000258885324892,0.000843088801706,0.9977108079766676,3853.871625951725,3.844766206366169,429465.7922329437,16.889536623579822,0.1771117106737391,0.0696714602910619,1.0,-0.0007051933871298,0.5613363742903207,-1.2412674430040105,0.0311200463771819,0.2069333761616757,0.2391012668609619,0.0180797611779346,1.155450470561857,0.0,-0.4882260341856351,2,0,5.735299003756472,2467.649790672325,0.2965126128013683,1220.258636267303,0.0015070718060654,0.1171060629153246,0.1599442505828301,-0.4756408849250375,0.00019,0.3642608911190743,0.0,2.696157161475253,157.56411204164976,28.08132995540988,0.0029651527029177,1.5313770389705788e-11,0.0002551939104191,0.0006316107236657,0.9988455809663138,1922.1804466181857,4.352566655261935,475465.7145901479,13.38886706048054,0.1659298494444424,0.1662579154091102,1.0,-0.1266339848836892,-0.5475390516717042,-1.2374558351798906,0.0741321873664855,0.2919100843605242,0.3357801151275635,0.0420032517435511,1.1502861090364305,5.758670529777054,2210.776427367787,0.1812345177531417,1143.5329375991214,0.0016816456503355,0.1216103495540266,0.1660426555393893,-0.4897626234266434,0.00023,0.3553089862278646,0.0,1.2466427372722473,99.1885919556186,20.9775354755052,0.0033086254585708,1.1430219956311654e-11,0.000258885324892,0.000843088801706,0.9977108079766676,3853.871625951725,3.844766206366169,429465.7922329437,16.889536623579822,0.1771117106737391,0.0696714602910619,1.0,-0.0007051933871298,0.5613363742903207,-1.2412674430040105,0.0311200463771819,0.2069333761616757,0.2391012668609619,0.0180797611779346,1.155450470561857,0.0,-0.4882260341856351
"MATLAB 12-28 PM Thu, Nov 7, 2024 Run5 .csv",0,5.806787933916547,2468.5090856964634,0.3140875125090975,1230.3655050217958,0.0013556456518569,0.0795388657669655,0.1218386631598285,-0.2971931546025761,0.000265,0.3599875287560576,0.0,2.872215256125452,139.94854980029885,27.03756278431073,0.0028604240487195,1.4830490736530895e-11,0.0004441002232764,0.0006267492846357,0.998629800311596,234.90897628785024,3.9203621839458345,734128.267644492,29.410982530682634,0.329769393933124,0.4444217145163567,1.0,2.8650589087052865,-0.649401976816722,-0.7642730499540549,0.0537886288762092,0.298110295732816,0.3430832028388977,0.0375033760561722,1.1508599593835869,5.812782589692128,2231.881099660107,0.1987248463703384,1158.4523925500946,0.0018305523939126,0.084106163213774,0.1285523637615008,-0.3111470805185319,0.00031,0.3510352180759996,0.0,1.5515109906658475,94.7459914854283,20.424363199311944,0.0038618652700147,1.1879554846495856e-11,0.0004221731761442,0.0007806715859135,0.9969696443216144,2361.518212566128,3.539715411086882,535323.9080674739,37.08441740490044,0.3269339711598204,0.1847843354921435,1.0,1.991360011470298,-0.3504102946125796,-1.5516152986774348,0.0378919157385826,0.2206865235169728,0.243958854675293,0.0190261498364001,1.1054542469899855,0.0,-0.458008321392173,2,0,5.806787933916547,2468.5090856964634,0.3140875125090975,1230.3655050217958,0.0013556456518569,0.0795388657669655,0.1218386631598285,-0.2971931546025761,0.000265,0.3599875287560576,0.0,2.872215256125452,139.94854980029885,27.03756278431073,0.0028604240487195,1.4830490736530895e-11,0.0004441002232764,0.0006267492846357,0.998629800311596,234.90897628785024,3.9203621839458345,734128.267644492,29.410982530682634,0.329769393933124,0.4444217145163567,1.0,2.8650589087052865,-0.649401976816722,-0.7642730499540549,0.0537886288762092,0.298110295732816,0.3430832028388977,0.0375033760561722,1.1508599593835869,5.812782589692128,2231.881099660107,0.1987248463703384,1158.4523925500946,0.0018305523939126,0.084106163213774,0.1285523637615008,-0.3111470805185319,0.00031,0.3510352180759996,0.0,1.5515109906658475,94.7459914854283,20.424363199311944,0.0038618652700147,1.1879554846495856e-11,0.0004221731761442,0.0007806715859135,0.9969696443216144,2361.518212566128,3.539715411086882,535323.9080674739,37.08441740490044,0.3269339711598204,0.1847843354921435,1.0,1.991360011470298,-0.3504102946125796,-1.5516152986774348,0.0378919157385826,0.2206865235169728,0.243958854675293,0.0190261498364001,1.1054542469899855,0.0,-0.458008321392173
"MATLAB 12-47 PM Thu, Nov 7, 2024 Run6 .csv",0,5.899154286286931,2528.130251774044,0.2966746370067183,1277.947955629359,0.0008475163847737,-0.0392296354537903,-0.0008800572595776,0.166379471230222,0.0003,0.332922900456952,0.0,3.647505768483824,126.69976200533875,25.526468141877164,0.002256017571065,1.2926960779051628e-11,0.0002455309865187,0.0002815503524355,0.9990208180570956,1916.5897375581017,3.945590696491009,454381.7023419276,14.788310925636411,0.1064001441320268,0.1851065719300963,1.0,1.8124472347688,-0.3762773960542808,-1.2535520995266265,0.0588886141777038,0.2902083404417391,0.3348458647727966,0.0365450614620835,1.1538119967989642,5.621279368852726,2318.2223461105405,0.1421375748047781,1119.5393922866958,0.000997489451218,-0.0348831257151918,0.0051638490608401,0.1534883583567174,0.00028,0.3239680197808537,0.0,1.9429882609027207,63.16757391240516,17.392466646413105,0.0026556955215318,1.8131206009991125e-11,0.0003116201588372,0.0002263161396801,0.998446460621549,3204.0496492489947,3.154433697857512,477089.6884725351,17.52968741305133,0.0899712999993594,0.0957614974214731,1.0,3.941106308900674,0.0138890190652595,-0.8630069906319866,0.0149695307016372,0.212509876401336,0.2320744705200195,0.0104239094573623,1.0920643993116568,0.0,-0.7813808611647152,2,0,5.899154286286931,2528.130251774044,0.2966746370067183,1277.947955629359,0.0008475163847737,-0.0392296354537903,-0.0008800572595776,0.166379471230222,0.0003,0.332922900456952,0.0,3.647505768483824,126.69976200533875,25.526468141877164,0.002256017571065,1.2926960779051628e-11,0.0002455309865187,0.0002815503524355,0.9990208180570956,1916.5897375581017,3.945590696491009,454381.7023419276,14.788310925636411,0.1064001441320268,0.1851065719300963,1.0,1.8124472347688,-0.3762773960542808,-1.2535520995266265,0.0588886141777038,0.2902083404417391,0.3348458647727966,0.0365450614620835,1.1538119967989642,5.621279368852726,2318.2223461105405,0.1421375748047781,1119.5393922866958,0.000997489451218,-0.0348831257151918,0.0051638490608401,0.1534883583567174,0.00028,0.3239680197808537,0.0,1.9429882609027207,63.16757391240516,17.392466646413105,0.0026556955215318,1.8131206009991125e-11,0.0003116201588372,0.0002263161396801,0.998446460621549,3204.0496492489947,3.154433697857512,477089.6884725351,17.52968741305133,0.0899712999993594,0.0957614974214731,1.0,3.941106308900674,0.0138890190652595,-0.8630069906319866,0.0149695307016372,0.212509876401336,0.2320744705200195,0.0104239094573623,1.0920643993116568,0.0,-0.7813808611647152
"MATLAB 12-54 PM Fri, Jun 28, 2024 Run7 .csv",0,5.16088983664613,1767.1661101613672,0.177816929381863,819.2116984942593,0.0723922326564192,-0.168510795751744,-0.1450208404044533,1.4376674462140713,0.00211,0.3272250839729298,0.1,0.3429284310616122,28.399699664687983,11.225531058918298,0.2887544951264895,2.2185228827515347e-12,0.0021331902046413,0.1474241993865237,0.8503738466169692,-1782.741775792171,4.22078665319286,249313.7940927861,5.998589939992045,16.525461205536967,0.4400605329237172,1.0,-1.1986289071125655,-1.6022260876770191,2.205166088180845,0.0053401339054108,0.0839883519113063,0.0938169836997986,0.0075414437477047,1.1170237487082912,4.840243686611644,1581.265866527391,-0.0274259912815925,704.6307016519332,0.0665255648202927,-0.1575181966270719,-0.1386732065621916,1.324999083356249,0.00255,0.3182696622450336,0.0,0.429339928606724,40.55813645173165,11.481094755960523,0.2585498814020591,6.310180932521249e-11,0.0006617656677765,0.0889327078957559,0.910353855754172,1375.6438269348153,4.01409559598853,203313.156636515,25.839666312290905,34.40070893763747,0.3161808335226306,1.0,-1.069473417956089,-0.8300376533715942,0.095803415846043,0.019456695318222,0.1664434407613216,0.19297602891922,0.0155276158346014,1.1594090343034056,2.0,0.3715522386802022,2,0,5.16088983664613,1767.1661101613672,0.177816929381863,819.2116984942593,0.0723922326564192,-0.168510795751744,-0.1450208404044533,1.4376674462140713,0.00211,0.3272250839729298,0.1,0.3429284310616122,28.399699664687983,11.225531058918298,0.2887544951264895,2.2185228827515347e-12,0.0021331902046413,0.1474241993865237,0.8503738466169692,-1782.741775792171,4.22078665319286,249313.7940927861,5.998589939992045,16.525461205536967,0.4400605329237172,1.0,-1.1986289071125655,-1.6022260876770191,2.205166088180845,0.0053401339054108,0.0839883519113063,0.0938169836997986,0.0075414437477047,1.1170237487082912,4.840243686611644,1581.265866527391,-0.0274259912815925,704.6307016519332,0.0665255648202927,-0.1575181966270719,-0.1386732065621916,1.324999083356249,0.00255,0.3182696622450336,0.0,0.429339928606724,40.55813645173165,11.481094755960523,0.2585498814020591,6.310180932521249e-11,0.0006617656677765,0.0889327078957559,0.910353855754172,1375.6438269348153,4.01409559598853,203313.156636515,25.839666312290905,34.40070893763747,0.3161808335226306,1.0,-1.069473417956089,-0.8300376533715942,0.095803415846043,0.019456695318222,0.1664434407613216,0.19297602891922,0.0155276158346014,1.1594090343034056,2.0,0.3715522386802022
"MATLAB 12-54 PM Thu, Nov 7, 2024 Run7 .csv",0,5.869557991825364,2465.2865727818844,0.285761172957808,1319.3281242627668,0.0008652002238134,-0.0719951885043905,-0.0345560363179783,0.4305061895546949,0.0003,0.3258006298519242,0.0,2.6735787626682246,101.11670851898228,23.23803084324533,0.0024840661055965,1.3023044314531756e-11,0.0002131219653991,0.0002295692242619,0.9990446480169932,2498.996674811654,2.963604117978609,459600.7376529009,8.68097245770123,0.0503013765150701,0.0915564966082397,1.0,0.7986020574170931,0.0083401856498451,-1.0340562509973512,0.0454354733228684,0.261878641764323,0.3143231987953186,0.0284017399246232,1.200262826619488,5.529402304699866,2287.254751909458,0.1199145477310711,1163.7041014097051,0.0007337352015706,-0.0676900066826453,-0.0287199705970294,0.4178947643239405,0.00028,0.3168450728610785,0.0,1.577152018864144,59.27669176194254,16.256381865405437,0.002107136990991,1.899127995434728e-11,0.0002800095243098,0.0001586519286186,0.9984556925567872,3565.791895892779,2.53772499555264,409900.449399362,10.267595020956245,0.0415996531364907,0.0508058599961892,1.0,-0.0721183496702797,0.3694601954287114,-0.6509718091932597,0.0084407013654708,0.2095857237180073,0.2216505753993988,0.0056425210610576,1.0575652361590449,0.0,-0.5875198754205649,2,0,5.869557991825364,2465.2865727818844,0.285761172957808,1319.3281242627668,0.0008652002238134,-0.0719951885043905,-0.0345560363179783,0.4305061895546949,0.0003,0.3258006298519242,0.0,2.6735787626682246,101.11670851898228,23.23803084324533,0.0024840661055965,1.3023044314531756e-11,0.0002131219653991,0.0002295692242619,0.9990446480169932,2498.996674811654,2.963604117978609,459600.7376529009,8.68097245770123,0.0503013765150701,0.0915564966082397,1.0,0.7986020574170931,0.0083401856498451,-1.0340562509973512,0.0454354733228684,0.261878641764323,0.3143231987953186,0.0284017399246232,1.200262826619488,5.529402304699866,2287.254751909458,0.1199145477310711,1163.7041014097051,0.0007337352015706,-0.0676900066826453,-0.0287199705970294,0.4178947643239405,0.00028,0.3168450728610785,0.0,1.577152018864144,59.27669176194254,16.256381865405437,0.002107136990991,1.899127995434728e-11,0.0002800095243098,0.0001586519286186,0.9984556925567872,3565.791895892779,2.53772499555264,409900.449399362,10.267595020956245,0.0415996531364907,0.0508058599961892,1.0,-0.0721183496702797,0.3694601954287114,-0.6509718091932597,0.0084407013654708,0.2095857237180073,0.2216505753993988,0.0056425210610576,1.0575652361590449,0.0,-0.5875198754205649
"MATLAB 2-03 PM Thu, Oct 24, 2024 Run1 .csv",0,5.869338087854204,2823.269576607613,0.3528520555564776,1136.0180320343231,0.0033576185905083,-0.2967699257398,-0.2611987775619074,4.529944600232495,0.00155,0.3058582721578464,0.0,0.7524926695453762,37.48656572192233,13.44113515173637,0.0242191325445391,2.184835509879543e-12,0.0015218948771327,0.0076467984294093,0.990506813406998,-1639.8683570029796,4.620153497407537,723920.0890948593,13.321339186205051,1.5890375950139324,0.4666912580427277,1.0,3.7598355608323137,-0.0843338457322108,-1.602542066320037,0.0363446840643883,0.1158562893999947,0.1434183526039123,0.0178157101017064,1.2378987221725992,6.123406726467122,2644.544982082599,0.3000131587401715,1164.345873186067,0.0032011636563909,-0.2924378247227285,-0.2553246655206271,4.5181163004014415,0.001025,0.2969008214857079,0.0,0.1249392698934928,32.097299289938576,14.037070333852707,0.0230905937648971,1.3904425667956109e-12,0.0022364469734534,0.0147932959130897,0.9785314679247856,437.53841675655286,4.18176829860142,531045.7942295626,17.219893567006707,2.5715391401256382,0.2291901417492677,1.0,1.89085260633105,-0.6419302104765915,-0.6864368501900158,0.0281071853637695,0.1190230962882439,0.1459191107749939,0.0188974741207248,1.2259730701477858,1.0,-0.2238943422414745,2,0,5.869338087854204,2823.269576607613,0.3528520555564776,1136.0180320343231,0.0033576185905083,-0.2967699257398,-0.2611987775619074,4.529944600232495,0.00155,0.3058582721578464,0.0,0.7524926695453762,37.48656572192233,13.44113515173637,0.0242191325445391,2.184835509879543e-12,0.0015218948771327,0.0076467984294093,0.990506813406998,-1639.8683570029796,4.620153497407537,723920.0890948593,13.321339186205051,1.5890375950139324,0.4666912580427277,1.0,3.7598355608323137,-0.0843338457322108,-1.602542066320037,0.0363446840643883,0.1158562893999947,0.1434183526039123,0.0178157101017064,1.2378987221725992,6.123406726467122,2644.544982082599,0.3000131587401715,1164.345873186067,0.0032011636563909,-0.2924378247227285,-0.2553246655206271,4.5181163004014415,0.001025,0.2969008214857079,0.0,0.1249392698934928,32.097299289938576,14.037070333852707,0.0230905937648971,1.3904425667956109e-12,0.0022364469734534,0.0147932959130897,0.9785314679247856,437.53841675655286,4.18176829860142,531045.7942295626,17.219893567006707,2.5715391401256382,0.2291901417492677,1.0,1.89085260633105,-0.6419302104765915,-0.6864368501900158,0.0281071853637695,0.1190230962882439,0.1459191107749939,0.0188974741207248,1.2259730701477858,1.0,-0.2238943422414745
"MATLAB 2-08 PM Thu, Oct 24, 2024 Run2 .csv",0,5.8047247756514295,2568.8589467485763,0.3129041978196363,1235.3581247603129,0.1074009413449354,-0.1701849377119646,-0.2046655399698125,1.2656773280403733,0.0003,-0.7069618149312036,1.0,-0.0935981556722611,61.6556664007434,14.32266900897511,0.3906435794377825,2.7143146029875068e-12,0.0003238407088772,0.0025531277643488,0.9968667737886492,721.961497615544,4.403414586304091,509826.62656055,1.0448457333056749,0.048711915364678,0.0141526799241665,0.0,-1.265085758400759,0.1784894873329839,-0.9994214103794424,0.0048126101493835,0.1351447111368179,0.1440865921974182,0.0060811997351691,1.0661652312205374,5.914637890897433,2334.2950710853,0.2446498971384051,1291.16659764621,0.1086566149807511,-0.1660239668718809,-0.1994955410061831,1.2543524659662708,0.0004,-0.7159204829698874,1.0,0.0692530053856185,63.59352948266587,16.78506737436129,0.3954025293923673,2.6425031529356413e-12,0.0004098823904941,0.0041501937971593,0.9936147599962548,2424.146006366273,4.061476840056603,339801.8934566306,1.554271996538121,0.0765353483788735,0.0071114668543816,0.0,-1.1329517790966668,-0.0046632577036212,-1.992339442134845,0.0479134213924408,0.1406991314888,0.1655981242656708,0.0244569420260511,1.176966215167098,0.0,-0.6928713184499852,2,0,5.8047247756514295,2568.8589467485763,0.3129041978196363,1235.3581247603129,0.1074009413449354,-0.1701849377119646,-0.2046655399698125,1.2656773280403733,0.0003,-0.7069618149312036,1.0,-0.0935981556722611,61.6556664007434,14.32266900897511,0.3906435794377825,2.7143146029875068e-12,0.0003238407088772,0.0025531277643488,0.9968667737886492,721.961497615544,4.403414586304091,509826.62656055,1.0448457333056749,0.048711915364678,0.0141526799241665,0.0,-1.265085758400759,0.1784894873329839,-0.9994214103794424,0.0048126101493835,0.1351447111368179,0.1440865921974182,0.0060811997351691,1.0661652312205374,5.914637890897433,2334.2950710853,0.2446498971384051,1291.16659764621,0.1086566149807511,-0.1660239668718809,-0.1994955410061831,1.2543524659662708,0.0004,-0.7159204829698874,1.0,0.0692530053856185,63.59352948266587,16.78506737436129,0.3954025293923673,2.6425031529356413e-12,0.0004098823904941,0.0041501937971593,0.9936147599962548,2424.146006366273,4.061476840056603,339801.8934566306,1.554271996538121,0.0765353483788735,0.0071114668543816,0.0,-1.1329517790966668,-0.0046632577036212,-1.992339442134845,0.0479134213924408,0.1406991314888,0.1655981242656708,0.0244569420260511,1.176966215167098,0.0,-0.6928713184499852
"MATLAB 2-09 PM Tue, Oct 22, 2024 Run3 .csv",0,5.107882720283426,1931.3672158088689,0.2255164828588305,1365.8887808485915,0.0013331216130328,-0.3902902978734352,-0.3580359314691066,14.817640009373054,0.0028666666666666,2.2901892768267853,0.0,0.2492811716048383,7.636304770666625,8.199651610368965,0.0233936383133376,4.754791568571228e-12,0.0003395982082447,0.0010405367977001,0.9984662174004167,569.2619670180939,4.235907523169045,533476.7880330691,245.7518581111327,4.861989451472989,0.7288039096686642,0.0112002036400661,-0.2706238293414418,0.0199707635009673,-1.2314798251607575,0.0282266974449157,0.1168777604030702,0.1458118069171905,0.0158599194962393,1.247558187411676,4.170336376401265,1380.8259142255508,0.0437789809327566,1266.2534918777462,0.0045612773466277,-0.38567751057896,-0.3522890687453678,14.706426688932735,0.0049466666666666,2.2812303382622026,0.0,0.3361444347728642,2.666123886191535,6.84200293763552,0.0795848544751245,4.471662117156666e-12,0.000446403458294,0.0015392061795179,0.9962540781570376,2231.7346777830494,3.77449119013937,507752.3131672092,423.72911894318105,8.520669311636308,0.3342014016066163,0.0109037146553317,-0.1382416425250481,0.1497129277264285,-0.9822589135087356,0.0251836371421813,0.0918068707876532,0.1248759889602661,0.0151998910310441,1.360203085987984,3.0,-0.2094690831803169,2,0,5.107882720283426,1931.3672158088689,0.2255164828588305,1365.8887808485915,0.0013331216130328,-0.3902902978734352,-0.3580359314691066,14.817640009373054,0.0028666666666666,2.2901892768267853,0.0,0.2492811716048383,7.636304770666625,8.199651610368965,0.0233936383133376,4.754791568571228e-12,0.0003395982082447,0.0010405367977001,0.9984662174004167,569.2619670180939,4.235907523169045,533476.7880330691,245.7518581111327,4.861989451472989,0.7288039096686642,0.0112002036400661,-0.2706238293414418,0.0199707635009673,-1.2314798251607575,0.0282266974449157,0.1168777604030702,0.1458118069171905,0.0158599194962393,1.247558187411676,4.170336376401265,1380.8259142255508,0.0437789809327566,1266.2534918777462,0.0045612773466277,-0.38567751057896,-0.3522890687453678,14.706426688932735,0.0049466666666666,2.2812303382622026,0.0,0.3361444347728642,2.666123886191535,6.84200293763552,0.0795848544751245,4.471662117156666e-12,0.000446403458294,0.0015392061795179,0.9962540781570376,2231.7346777830494,3.77449119013937,507752.3131672092,423.72911894318105,8.520669311636308,0.3342014016066163,0.0109037146553317,-0.1382416425250481,0.1497129277264285,-0.9822589135087356,0.0251836371421813,0.0918068707876532,0.1248759889602661,0.0151998910310441,1.360203085987984,3.0,-0.2094690831803169
"MATLAB 2-10 PM Thu, Oct 24, 2024 Run3 .csv",0,5.720020408993147,2383.355952373687,0.3026893563098918,1294.8031516507792,0.0527472490781676,-0.2220322548615919,-0.2035211274232337,1.6438215204241895,0.00048,0.2887648227057797,0.0,0.6310865886369122,51.58628642142003,15.483298821634856,0.2330609812367713,4.774690000725492e-12,0.0003708140865381,0.0020421993571089,0.9974605547531104,311.7546909141179,4.5136492529938135,242386.0513583524,8.255772594672774,0.253370188812093,0.082134621656766,1.0,0.7266071351882166,-0.1095279676741693,-1.6815046985268258,0.0276341167092323,0.1538169842958449,0.1739260601997375,0.0146865552127089,1.1307337807716709,5.750844532432335,2191.375192587629,0.2290595443248986,1358.8166318752212,0.0524646720105679,-0.2177505496362179,-0.1977858328189881,1.6326644709357376,0.00046,0.2798057488782475,0.0,0.7821767765500816,50.45206261429264,17.25989258617965,0.2318124291359373,4.6506124355293495e-12,0.0004141649733465,0.0032258355358067,0.993636529266374,2399.1322135179007,3.8755620142427336,258395.92226470067,12.147483351037913,0.3833017144543478,0.0418939636540149,1.0,-1.140886574239239,-0.21528447916551,-1.5781543795360182,0.0496614462137222,0.1628190594911575,0.1939128494262695,0.0251940593795989,1.1909714380631258,1.0,0.1578214207815982,2,0,5.720020408993147,2383.355952373687,0.3026893563098918,1294.8031516507792,0.0527472490781676,-0.2220322548615919,-0.2035211274232337,1.6438215204241895,0.00048,0.2887648227057797,0.0,0.6310865886369122,51.58628642142003,15.483298821634856,0.2330609812367713,4.774690000725492e-12,0.0003708140865381,0.0020421993571089,0.9974605547531104,311.7546909141179,4.5136492529938135,242386.0513583524,8.255772594672774,0.253370188812093,0.082134621656766,1.0,0.7266071351882166,-0.1095279676741693,-1.6815046985268258,0.0276341167092323,0.1538169842958449,0.1739260601997375,0.0146865552127089,1.1307337807716709,5.750844532432335,2191.375192587629,0.2290595443248986,1358.8166318752212,0.0524646720105679,-0.2177505496362179,-0.1977858328189881,1.6326644709357376,0.00046,0.2798057488782475,0.0,0.7821767765500816,50.45206261429264,17.25989258617965,0.2318124291359373,4.6506124355293495e-12,0.0004141649733465,0.0032258355358067,0.993636529266374,2399.1322135179007,3.8755620142427336,258395.92226470067,12.147483351037913,0.3833017144543478,0.0418939636540149,1.0,-1.140886574239239,-0.21528447916551,-1.5781543795360182,0.0496614462137222,0.1628190594911575,0.1939128494262695,0.0251940593795989,1.1909714380631258,1.0,0.1578214207815982
"MATLAB 2-11 PM Tue, Oct 22, 2024 Run4 .csv",0,5.40709291028811,2149.9621699300264,0.2489825292911821,1336.2178230673962,0.0005040112739018,-0.389951178526735,-0.3581915189211234,13.829703022955098,0.0022,2.285915914463769,0.0,0.3847624547531564,10.111019823364735,8.269523113922272,0.0083220419025685,4.513248587207774e-12,0.0002320910398039,0.0009513288915109,0.9986431424317368,1910.064973462443,4.129557006177679,545668.1391749623,26.900366195279027,0.43054348556562,0.1212611235647896,0.1728395061728395,-1.278930935752466,-0.2778628266078627,-1.4712848838800674,0.0271594417095184,0.1194014794424355,0.1380621552467346,0.0141694568677676,1.156285130564865,4.812557105888871,1658.6305069852945,0.0982173776287008,1321.7146726106364,0.0002039321951195,-0.3856778725999768,-0.352679360557511,13.818657848523744,0.00254,2.2769565701103374,0.0,0.5402363879263868,3.962790067351104,7.622567244377842,0.0033672506170924,2.429605279534541e-12,0.0003292187343097,0.0015096255853923,0.995894230677998,3025.022961606622,3.6711826974215,423760.032276027,43.63723704050856,0.6975282386356582,0.0553634247940759,0.1728395061728395,-1.1461764376676205,-0.4295431085590254,-1.019015583293185,0.0259974116086959,0.0992294689402522,0.1234707581996917,0.0163618707013163,1.2442952634769775,1.0,-0.5901969546334134,2,0,5.40709291028811,2149.9621699300264,0.2489825292911821,1336.2178230673962,0.0005040112739018,-0.389951178526735,-0.3581915189211234,13.829703022955098,0.0022,2.285915914463769,0.0,0.3847624547531564,10.111019823364735,8.269523113922272,0.0083220419025685,4.513248587207774e-12,0.0002320910398039,0.0009513288915109,0.9986431424317368,1910.064973462443,4.129557006177679,545668.1391749623,26.900366195279027,0.43054348556562,0.1212611235647896,0.1728395061728395,-1.278930935752466,-0.2778628266078627,-1.4712848838800674,0.0271594417095184,0.1194014794424355,0.1380621552467346,0.0141694568677676,1.156285130564865,4.812557105888871,1658.6305069852945,0.0982173776287008,1321.7146726106364,0.0002039321951195,-0.3856778725999768,-0.352679360557511,13.818657848523744,0.00254,2.2769565701103374,0.0,0.5402363879263868,3.962790067351104,7.622567244377842,0.0033672506170924,2.429605279534541e-12,0.0003292187343097,0.0015096255853923,0.995894230677998,3025.022961606622,3.6711826974215,423760.032276027,43.63723704050856,0.6975282386356582,0.0553634247940759,0.1728395061728395,-1.1461764376676205,-0.4295431085590254,-1.019015583293185,0.0259974116086959,0.0992294689402522,0.1234707581996917,0.0163618707013163,1.2442952634769775,1.0,-0.5901969546334134
"MATLAB 2-14 PM Tue, Oct 22, 2024 Run5 .csv",0,5.642366668346494,2378.9338591328724,0.2736376748901828,1250.3943287904117,0.0006816512573715,-0.3975381943886986,-0.3672878896353472,14.180802390681896,0.0026,2.2759447356167297,0.0,0.5514179318402405,13.406740178865892,9.0382496020527,0.0112611462339784,4.871714522818848e-12,0.0001321210484759,0.0008653541442494,0.998750801881478,5115.600594923191,4.30626347531559,517946.4393501363,3.028505691595468,0.0487451242989726,0.025287710282162,0.125,-1.2983141840448558,-0.1341545235682092,-1.0678414340820803,0.0237694108486175,0.1213264952687655,0.1461247229576111,0.0166323205830768,1.2043925165225602,5.688138769757296,2123.032328522576,0.1857301888104846,1296.573368396591,0.0007791973026286,-0.3932942860070966,-0.3618567081112622,14.170148778950397,0.0026,2.2669844444226523,0.0,0.680689891107435,6.92473244549133,7.600445386895607,0.0128726451761535,2.252721322476783e-12,0.0002030220358437,0.0015305228106736,0.9953987544433788,4902.909924562953,3.9949528239886303,561021.9234408127,4.074470323277429,0.0696739820434779,0.0125429175966325,0.125,-1.1646909596669557,-0.5018877488372478,-1.1628670721462449,0.0198152315616607,0.0943479091279646,0.108619133234024,0.0123462847571025,1.1512616891880791,0.0,-0.7374951825299614,2,0,5.642366668346494,2378.9338591328724,0.2736376748901828,1250.3943287904117,0.0006816512573715,-0.3975381943886986,-0.3672878896353472,14.180802390681896,0.0026,2.2759447356167297,0.0,0.5514179318402405,13.406740178865892,9.0382496020527,0.0112611462339784,4.871714522818848e-12,0.0001321210484759,0.0008653541442494,0.998750801881478,5115.600594923191,4.30626347531559,517946.4393501363,3.028505691595468,0.0487451242989726,0.025287710282162,0.125,-1.2983141840448558,-0.1341545235682092,-1.0678414340820803,0.0237694108486175,0.1213264952687655,0.1461247229576111,0.0166323205830768,1.2043925165225602,5.688138769757296,2123.032328522576,0.1857301888104846,1296.573368396591,0.0007791973026286,-0.3932942860070966,-0.3618567081112622,14.170148778950397,0.0026,2.2669844444226523,0.0,0.680689891107435,6.92473244549133,7.600445386895607,0.0128726451761535,2.252721322476783e-12,0.0002030220358437,0.0015305228106736,0.9953987544433788,4902.909924562953,3.9949528239886303,561021.9234408127,4.074470323277429,0.0696739820434779,0.0125429175966325,0.125,-1.1646909596669557,-0.5018877488372478,-1.1628670721462449,0.0198152315616607,0.0943479091279646,0.108619133234024,0.0123462847571025,1.1512616891880791,0.0,-0.7374951825299614
"MATLAB 2-21 PM Mon, Oct 28, 2024 Run4 .csv",0,5.846054482182057,2381.392994755526,0.2771982624386728,1362.1491575553855,0.001621992278649,-0.3311093503866424,-0.3032102395011319,4.292999133803995,0.00091,0.258851286164663,0.0,-0.1103110686380986,36.01353335304902,13.214492193546867,0.011593006823844,7.702336394725696e-12,0.0001771535472747,0.0001395839711365,0.999046391837726,3108.2165560736107,3.427496283937635,469074.047734511,18.14099320210909,0.0900540371364672,0.1439544311444245,1.0,1.6684573903110471,0.2639304064627085,-1.3973927844424032,0.0171882146596908,0.1385895629889434,0.1523258578777313,0.008698284679168,1.0991149303925845,5.902855059165433,2600.819522812403,0.1128180071327258,1191.9308821977077,0.0009833830646622,-0.3269271054023611,-0.2977178754164131,4.283016772415094,0.00125,0.2498893718151915,0.0,-0.1952878945960664,26.82929766994211,11.941118178739815,0.0070291856006627,8.022167530199208e-12,0.0001605296755258,3.167722596228119e-05,0.9990959409186584,6223.7460933371885,3.2763991716988823,635802.1198062539,17.109623678777734,0.0578741036667958,0.1730308953109896,1.0,0.8035698597627556,0.0239925301826855,-1.448883872567869,0.054986480474472,0.1396262356970045,0.1775718212127685,0.02684630745294,1.2717654409742,0.0,-0.6428059809509541,2,0,5.846054482182057,2381.392994755526,0.2771982624386728,1362.1491575553855,0.001621992278649,-0.3311093503866424,-0.3032102395011319,4.292999133803995,0.00091,0.258851286164663,0.0,-0.1103110686380986,36.01353335304902,13.214492193546867,0.011593006823844,7.702336394725696e-12,0.0001771535472747,0.0001395839711365,0.999046391837726,3108.2165560736107,3.427496283937635,469074.047734511,18.14099320210909,0.0900540371364672,0.1439544311444245,1.0,1.6684573903110471,0.2639304064627085,-1.3973927844424032,0.0171882146596908,0.1385895629889434,0.1523258578777313,0.008698284679168,1.0991149303925845,5.902855059165433,2600.819522812403,0.1128180071327258,1191.9308821977077,0.0009833830646622,-0.3269271054023611,-0.2977178754164131,4.283016772415094,0.00125,0.2498893718151915,0.0,-0.1952878945960664,26.82929766994211,11.941118178739815,0.0070291856006627,8.022167530199208e-12,0.0001605296755258,3.167722596228119e-05,0.9990959409186584,6223.7460933371885,3.2763991716988823,635802.1198062539,17.109623678777734,0.0578741036667958,0.1730308953109896,1.0,0.8035698597627556,0.0239925301826855,-1.448883872567869,0.054986480474472,0.1396262356970045,0.1775718212127685,0.02684630745294,1.2717654409742,0.0,-0.6428059809509541
"MATLAB 2-21 PM Thu, Oct 24, 2024 Run5 .csv",0,5.7666341559552965,2298.288559377041,0.3050066377153184,1282.620053483727,0.0010347063747936,-0.2625776602929704,-0.2349954353796657,2.085995887067478,0.0005,0.2574268320436574,0.0,0.4980958670917417,48.07940418926346,15.657348830437437,0.0049384087508054,7.216835822748337e-12,0.0003276337967387,0.0009161823231886,0.998489386713049,509.0680315582781,3.1458277482083994,530214.8363854295,4.364861315347261,0.0519931049944687,0.0381574289677088,1.0,-1.334311645159294,1.445933197273679,0.1841403665692467,0.0025052559375762,0.1689674654006957,0.2037301886081695,0.0174801654982121,1.2057361937994164,5.729374423060495,2176.873992064192,0.1842191477127147,1257.398068934232,9.162456938076112e-05,-0.2583883473523732,-0.2297146394147029,2.076069463207128,0.00045,0.2484647824312366,0.0,0.3467579588571269,39.97020786981719,14.150120325363329,0.0004373023944198,8.12928981174629e-12,0.0002154137141918,0.0010110262932619,0.9968013813485777,4627.381246771165,2.9345833288063035,455460.3271366975,6.172022142709812,0.0629978649066075,0.0270451240128225,1.0,-1.1990750719514351,-0.1775345966642617,-1.0196075387896852,0.0306227219104767,0.1757927618026733,0.2088936245441437,0.0204279965713901,1.1882947989555224,0.0,0.0664238504344449,2,0,5.7666341559552965,2298.288559377041,0.3050066377153184,1282.620053483727,0.0010347063747936,-0.2625776602929704,-0.2349954353796657,2.085995887067478,0.0005,0.2574268320436574,0.0,0.4980958670917417,48.07940418926346,15.657348830437437,0.0049384087508054,7.216835822748337e-12,0.0003276337967387,0.0009161823231886,0.998489386713049,509.0680315582781,3.1458277482083994,530214.8363854295,4.364861315347261,0.0519931049944687,0.0381574289677088,1.0,-1.334311645159294,1.445933197273679,0.1841403665692467,0.0025052559375762,0.1689674654006957,0.2037301886081695,0.0174801654982121,1.2057361937994164,5.729374423060495,2176.873992064192,0.1842191477127147,1257.398068934232,9.162456938076112e-05,-0.2583883473523732,-0.2297146394147029,2.076069463207128,0.00045,0.2484647824312366,0.0,0.3467579588571269,39.97020786981719,14.150120325363329,0.0004373023944198,8.12928981174629e-12,0.0002154137141918,0.0010110262932619,0.9968013813485777,4627.381246771165,2.9345833288063035,455460.3271366975,6.172022142709812,0.0629978649066075,0.0270451240128225,1.0,-1.1990750719514351,-0.1775345966642617,-1.0196075387896852,0.0306227219104767,0.1757927618026733,0.2088936245441437,0.0204279965713901,1.1882947989555224,0.0,0.0664238504344449
"MATLAB 2-23 PM Mon, Oct 28, 2024 Run5 .csv",0,5.808875743186828,2388.917818728685,0.2676818207509205,1366.9033968913432,0.0022720842534458,-0.3339199498376584,-0.3069658269507943,4.071733380691443,0.0007,0.2545779238016463,0.0,-0.0577929801563956,34.75945538088026,13.275643211059451,0.0161900325153294,8.16729936457974e-12,0.0001368487343194,0.0001208024943843,0.999360949735549,4749.582432608766,3.3053937617640026,443609.2267696911,3.792441091305456,0.0184412911601397,0.0296392956679611,1.0,-1.3398497160999767,0.6717486841275998,-1.078777040929452,0.0111377549171447,0.1390176093578338,0.1513774716854095,0.0069859123065946,1.088908609381716,5.857957118301485,2604.848364277865,0.0982267130674049,1197.1072339026969,8.42650087705136e-05,-0.3299236515801293,-0.3017081672256967,4.0619188318881925,0.0011,0.2456156036633264,0.0,-0.2845407354736483,25.65042610623406,11.141680389137116,0.0006012322255693,8.275694024671004e-12,0.000105333240035,2.6183847474755093e-05,0.9993319299525196,9487.336852259274,3.192301434625692,610383.1301408163,3.5625214906253664,0.0120125938508863,0.0367500149398561,1.0,-1.2043649353798167,-0.0949360699270887,-1.5302457435195955,0.044686273932457,0.1399038988351821,0.1717298650741577,0.0229125724271731,1.2274844840204848,0.0,-0.2254227464561903,2,0,5.808875743186828,2388.917818728685,0.2676818207509205,1366.9033968913432,0.0022720842534458,-0.3339199498376584,-0.3069658269507943,4.071733380691443,0.0007,0.2545779238016463,0.0,-0.0577929801563956,34.75945538088026,13.275643211059451,0.0161900325153294,8.16729936457974e-12,0.0001368487343194,0.0001208024943843,0.999360949735549,4749.582432608766,3.3053937617640026,443609.2267696911,3.792441091305456,0.0184412911601397,0.0296392956679611,1.0,-1.3398497160999767,0.6717486841275998,-1.078777040929452,0.0111377549171447,0.1390176093578338,0.1513774716854095,0.0069859123065946,1.088908609381716,5.857957118301485,2604.848364277865,0.0982267130674049,1197.1072339026969,8.42650087705136e-05,-0.3299236515801293,-0.3017081672256967,4.0619188318881925,0.0011,0.2456156036633264,0.0,-0.2845407354736483,25.65042610623406,11.141680389137116,0.0006012322255693,8.275694024671004e-12,0.000105333240035,2.6183847474755093e-05,0.9993319299525196,9487.336852259274,3.192301434625692,610383.1301408163,3.5625214906253664,0.0120125938508863,0.0367500149398561,1.0,-1.2043649353798167,-0.0949360699270887,-1.5302457435195955,0.044686273932457,0.1399038988351821,0.1717298650741577,0.0229125724271731,1.2274844840204848,0.0,-0.2254227464561903
"MATLAB 2-23 PM Tue, Oct 22, 2024 Run6 .csv",0,5.4961429927712135,2220.2165813062074,0.2652423621825434,1297.878658259242,0.00068924559303,-0.4156157207157878,-0.388836218513497,13.507103108855874,0.002875,2.2517290155596354,0.0,0.7535795545256976,12.11452853862036,9.659277237077726,0.0113360488353986,5.846054119206108e-12,0.0004662918385371,0.0004740930545662,0.99883395146302,-425.5837979115249,4.297815297724537,503319.0788918342,85.78090548786108,0.5778667170468268,0.618342410521301,0.0897226753670473,-1.3453877870406596,-0.3816495374247706,-1.165007728312674,0.0316694164276123,0.1346613320898502,0.1656315362453461,0.0187826580022282,1.229985874005996,5.273927395088963,1898.783031387475,0.131654866988118,1291.4291836140387,0.0011795249035478,-0.411443206372423,-0.3836016950279959,13.497400435109723,0.003275,2.242766424895416,0.0,0.2912905210783287,4.663660595849386,6.902891707566548,0.0193996915532021,3.399740840117935e-12,0.0004603924532771,0.0006391598684376,0.9973733182887232,2166.354620257659,3.9964214909213904,495411.19678837486,121.88744542385264,0.6635489627277494,0.2778658073193362,0.0897226753670473,-1.2096547988081985,0.519690827873401,-0.2516796875925871,0.0119422125816345,0.0891821241886057,0.111283096075058,0.0084413795051145,1.2478184062953277,0.0,-0.5726712697886048,2,0,5.4961429927712135,2220.2165813062074,0.2652423621825434,1297.878658259242,0.00068924559303,-0.4156157207157878,-0.388836218513497,13.507103108855874,0.002875,2.2517290155596354,0.0,0.7535795545256976,12.11452853862036,9.659277237077726,0.0113360488353986,5.846054119206108e-12,0.0004662918385371,0.0004740930545662,0.99883395146302,-425.5837979115249,4.297815297724537,503319.0788918342,85.78090548786108,0.5778667170468268,0.618342410521301,0.0897226753670473,-1.3453877870406596,-0.3816495374247706,-1.165007728312674,0.0316694164276123,0.1346613320898502,0.1656315362453461,0.0187826580022282,1.229985874005996,5.273927395088963,1898.783031387475,0.131654866988118,1291.4291836140387,0.0011795249035478,-0.411443206372423,-0.3836016950279959,13.497400435109723,0.003275,2.242766424895416,0.0,0.2912905210783287,4.663660595849386,6.902891707566548,0.0193996915532021,3.399740840117935e-12,0.0004603924532771,0.0006391598684376,0.9973733182887232,2166.354620257659,3.9964214909213904,495411.19678837486,121.88744542385264,0.6635489627277494,0.2778658073193362,0.0897226753670473,-1.2096547988081985,0.519690827873401,-0.2516796875925871,0.0119422125816345,0.0891821241886057,0.111283096075058,0.0084413795051145,1.2478184062953277,0.0,-0.5726712697886048
"MATLAB 2-24 PM Tue, Jun 11, 2024 Run2 .csv",0,5.7197391102659445,2098.6105419847954,0.2483807821581178,939.658434345813,0.0415860306156991,-0.3558149753777312,-0.3306066101992224,5.242740338769623,0.00384,2.248880107317624,0.0,0.7263779286962858,23.254772805465365,15.274125784373268,0.3387574402483281,8.238559370045407e-13,0.0014066858823901,0.0725495426083287,0.925895850018198,-1924.0286442088068,5.341961415129508,55676.17344885626,6.795445959901008,4.818819373632649,0.3524684027290962,0.2857142857142857,0.6490741420186574,0.1420907566459468,-1.5235047710919298,0.0559020972251892,0.0829020484482369,0.1399685657024383,0.0303248455608196,1.688360762156957,4.796535254577773,1484.490362330347,0.0483445872447557,857.181683048855,0.0754431794932881,-0.2935895360297186,-0.2922952229830364,2.6331235375190967,0.00461,1.2399172461275063,0.0714285714285714,-0.2336143250648058,15.153663490064844,10.93941609231135,0.4172238744121508,1.2627237444181868e-11,0.0008919834033673,0.1262302803493759,0.8728683267564861,978.5701431902024,4.546753110391342,70467.67640785036,26.785492789301,17.084094048339566,0.205989990372532,0.8636363636363636,0.7850553377634204,-0.9957870536574832,-0.3812710621222095,0.0161177462339401,0.0968730553984641,0.1231925392150879,0.019224523102076,1.271690447961663,2.0,0.0940888681329156,2,0,5.7197391102659445,2098.6105419847954,0.2483807821581178,939.658434345813,0.0415860306156991,-0.3558149753777312,-0.3306066101992224,5.242740338769623,0.00384,2.248880107317624,0.0,0.7263779286962858,23.254772805465365,15.274125784373268,0.3387574402483281,8.238559370045407e-13,0.0014066858823901,0.0725495426083287,0.925895850018198,-1924.0286442088068,5.341961415129508,55676.17344885626,6.795445959901008,4.818819373632649,0.3524684027290962,0.2857142857142857,0.6490741420186574,0.1420907566459468,-1.5235047710919298,0.0559020972251892,0.0829020484482369,0.1399685657024383,0.0303248455608196,1.688360762156957,4.796535254577773,1484.490362330347,0.0483445872447557,857.181683048855,0.0754431794932881,-0.2935895360297186,-0.2922952229830364,2.6331235375190967,0.00461,1.2399172461275063,0.0714285714285714,-0.2336143250648058,15.153663490064844,10.93941609231135,0.4172238744121508,1.2627237444181868e-11,0.0008919834033673,0.1262302803493759,0.8728683267564861,978.5701431902024,4.546753110391342,70467.67640785036,26.785492789301,17.084094048339566,0.205989990372532,0.8636363636363636,0.7850553377634204,-0.9957870536574832,-0.3812710621222095,0.0161177462339401,0.0968730553984641,0.1231925392150879,0.019224523102076,1.271690447961663,2.0,0.0940888681329156
"MATLAB 2-30 PM Tue, Oct 22, 2024 Run7 .csv",0,5.5811826145953205,2324.691065609896,0.2653485384398056,1231.3083081900588,0.0003954761482168,-0.4358913485612399,-0.4121289599371419,14.958283447768103,0.0018,2.231786657865557,0.0,0.7811953999190995,11.475396646452811,8.511489008113164,0.007108368075326,6.318677053734177e-12,0.0001476430792517,0.0003718361923116,0.9992622077539852,4098.394369580882,4.50933352767976,362007.5201546119,2.988707231042985,0.0221092298162166,0.0273619450162577,0.1296296296296296,-1.3841542836254392,-0.4378282103112408,-1.1131643600786203,0.0254926979541779,0.1280448439386155,0.1469073343276977,0.0156755031989257,1.1473115965382,5.731115090609198,2210.6711160048767,0.1531969342637533,1192.2450420768778,0.0007339988585175,-0.4318776293080995,-0.4070563901309794,14.949363899421654,0.002,2.2228221735200457,0.0,0.5056376115607468,6.436326321769943,7.030398282641647,0.013216799709621,3.336987896970057e-12,0.0002033495844978,0.0004799243525102,0.998170497814498,4908.642917956264,4.288014332455588,465049.24113890337,3.398587039912436,0.0217009167418258,0.0138226291451816,0.1296296296296296,-1.2466838428068685,0.444377967096051,-0.8597998304647052,0.0132849565148353,0.0923397172821892,0.1101335954666137,0.0098436017249603,1.1927001588064925,0.0,-0.8189284708529782,2,0,5.5811826145953205,2324.691065609896,0.2653485384398056,1231.3083081900588,0.0003954761482168,-0.4358913485612399,-0.4121289599371419,14.958283447768103,0.0018,2.231786657865557,0.0,0.7811953999190995,11.475396646452811,8.511489008113164,0.007108368075326,6.318677053734177e-12,0.0001476430792517,0.0003718361923116,0.9992622077539852,4098.394369580882,4.50933352767976,362007.5201546119,2.988707231042985,0.0221092298162166,0.0273619450162577,0.1296296296296296,-1.3841542836254392,-0.4378282103112408,-1.1131643600786203,0.0254926979541779,0.1280448439386155,0.1469073343276977,0.0156755031989257,1.1473115965382,5.731115090609198,2210.6711160048767,0.1531969342637533,1192.2450420768778,0.0007339988585175,-0.4318776293080995,-0.4070563901309794,14.949363899421654,0.002,2.2228221735200457,0.0,0.5056376115607468,6.436326321769943,7.030398282641647,0.013216799709621,3.336987896970057e-12,0.0002033495844978,0.0004799243525102,0.998170497814498,4908.642917956264,4.288014332455588,465049.24113890337,3.398587039912436,0.0217009167418258,0.0138226291451816,0.1296296296296296,-1.2466838428068685,0.444377967096051,-0.8597998304647052,0.0132849565148353,0.0923397172821892,0.1101335954666137,0.0098436017249603,1.1927001588064925,0.0,-0.8189284708529782
"MATLAB 2-40 PM Tue, Oct 22, 2024 Run8 .csv",0,4.960327945761129,1856.319541080762,0.1960033617549344,1302.8046054932552,0.0005114117222451,-0.4679595509394927,-0.4481328762546377,18.815058359832022,0.0023,2.203297575445446,0.0,0.5903209133433308,5.922908570220663,7.173058327957833,0.0113263511671197,4.735517718153703e-12,0.0001881769106484,0.0001915117148462,0.9994481588182138,2495.7496475910007,4.4271433367441695,169602.53474894847,9.745380525139712,0.0219331750070509,0.0309004611190591,0.081081081081081,-1.4395349930322672,-0.1373937382035312,-1.6300568066151273,0.0297586688399314,0.1415785616636276,0.1600986409187317,0.0140301220422716,1.1308113250868124,4.448034338774072,1586.3207681822291,0.0147083318835078,1230.0281205750362,0.0007804876659196,-0.4639298246726023,-0.4432916688471094,18.80725756205658,0.0021,2.194330385840945,0.0,0.3868687793615256,2.1496208718799457,4.872443979636632,0.0172856369951855,4.861023683158563e-12,0.0001615352116079,0.0001768649533847,0.999280419332356,6186.146100191721,3.943098686516474,152596.6536490975,13.632286927047884,0.0211747900979981,0.0162068274542968,0.081081081081081,-1.2995824770906834,0.2997482956972873,-1.10635215248926,0.0095876318216324,0.0971096116304397,0.1078545129299164,0.0058351046261207,1.1106471452112014,0.0,0.7933574174996224,2,0,4.960327945761129,1856.319541080762,0.1960033617549344,1302.8046054932552,0.0005114117222451,-0.4679595509394927,-0.4481328762546377,18.815058359832022,0.0023,2.203297575445446,0.0,0.5903209133433308,5.922908570220663,7.173058327957833,0.0113263511671197,4.735517718153703e-12,0.0001881769106484,0.0001915117148462,0.9994481588182138,2495.7496475910007,4.4271433367441695,169602.53474894847,9.745380525139712,0.0219331750070509,0.0309004611190591,0.081081081081081,-1.4395349930322672,-0.1373937382035312,-1.6300568066151273,0.0297586688399314,0.1415785616636276,0.1600986409187317,0.0140301220422716,1.1308113250868124,4.448034338774072,1586.3207681822291,0.0147083318835078,1230.0281205750362,0.0007804876659196,-0.4639298246726023,-0.4432916688471094,18.80725756205658,0.0021,2.194330385840945,0.0,0.3868687793615256,2.1496208718799457,4.872443979636632,0.0172856369951855,4.861023683158563e-12,0.0001615352116079,0.0001768649533847,0.999280419332356,6186.146100191721,3.943098686516474,152596.6536490975,13.632286927047884,0.0211747900979981,0.0162068274542968,0.081081081081081,-1.2995824770906834,0.2997482956972873,-1.10635215248926,0.0095876318216324,0.0971096116304397,0.1078545129299164,0.0058351046261207,1.1106471452112014,0.0,0.7933574174996224
"MATLAB 2-43 PM Thu, Oct 31, 2024 Run16 .csv",0,5.84991107879762,2708.838767761806,0.2215740115201802,1290.0097418464095,0.0044324560496431,-0.2745704609873588,-0.2575032680584866,0.7988956507159344,0.0003,0.2004486672034351,0.0,-2.101203305067111,66.3099623964884,19.59403117838859,0.0184148568906122,4.239692277355095e-12,0.0001154195562738,3.389813572278191e-05,0.9951000273823728,5791.546742827071,4.459539894426492,311323.54694749066,0.576451571473032,0.0031988247774985,0.0076922178890302,1.0,-1.44507306397295,-0.7502624151340428,-0.9517752780755284,0.0029155164957046,0.1036343228816985,0.1066047763824463,0.002853750325339,1.0286628350352476,5.874138228979511,3203.962775007568,0.0508531295126869,969.5363216456336,0.003873270219825,-0.2698158006864012,-0.252085196891355,0.7912067279975865,0.0008,0.1914812070730349,0.0,0.4999250379957646,53.13329471927404,15.373967401102531,0.0160428146759221,4.145094201808244e-12,0.0001840992369297,3.521271383771882e-06,0.9972599898802386,5416.969708902011,3.954914685305268,633376.0778765202,0.3486121714030356,0.003604254976135,0.0121559588545554,1.0,-1.304872340519065,-0.0707982650155172,-1.1180884848925494,0.0273560583591461,0.1358389735221862,0.1708367371559143,0.0256086500696187,1.2576415495955726,0.0,0.3229826460263836,2,0,5.84991107879762,2708.838767761806,0.2215740115201802,1290.0097418464095,0.0044324560496431,-0.2745704609873588,-0.2575032680584866,0.7988956507159344,0.0003,0.2004486672034351,0.0,-2.101203305067111,66.3099623964884,19.59403117838859,0.0184148568906122,4.239692277355095e-12,0.0001154195562738,3.389813572278191e-05,0.9951000273823728,5791.546742827071,4.459539894426492,311323.54694749066,0.576451571473032,0.0031988247774985,0.0076922178890302,1.0,-1.44507306397295,-0.7502624151340428,-0.9517752780755284,0.0029155164957046,0.1036343228816985,0.1066047763824463,0.002853750325339,1.0286628350352476,5.874138228979511,3203.962775007568,0.0508531295126869,969.5363216456336,0.003873270219825,-0.2698158006864012,-0.252085196891355,0.7912067279975865,0.0008,0.1914812070730349,0.0,0.4999250379957646,53.13329471927404,15.373967401102531,0.0160428146759221,4.145094201808244e-12,0.0001840992369297,3.521271383771882e-06,0.9972599898802386,5416.969708902011,3.954914685305268,633376.0778765202,0.3486121714030356,0.003604254976135,0.0121559588545554,1.0,-1.304872340519065,-0.0707982650155172,-1.1180884848925494,0.0273560583591461,0.1358389735221862,0.1708367371559143,0.0256086500696187,1.2576415495955726,0.0,0.3229826460263836
"MATLAB 2-45 PM Thu, Oct 31, 2024 Run17 .csv",0,5.602172078062409,2595.479396121182,0.2014293761801719,1346.6466840064866,0.0007071067805408,-0.0340082545867235,-0.014758855725982,-1.2229481557826882,0.00015,0.1961753048404184,0.0,-1.3533904802983143,127.85627514520384,23.82639957651613,0.0014594567206756,1.633350279054733e-12,0.0002014850565543,3.3748220555872986e-05,0.998859229506319,2105.5777285129043,4.368763328153958,329888.69457510737,0.5016237113406757,0.0025659582007361,0.0059075395585178,1.0,-1.4533801703839742,-0.251536608708344,-1.1661895734564784,0.0023428544402122,0.1020274958014487,0.1046231889724731,0.0020292220216501,1.0254411141882351,5.8268041424539305,3135.116493194467,0.0565029142996008,1021.9972327598072,0.0021228911085208,-0.0299995265663735,-0.0118754889164327,-1.2304692659153855,0.0003,0.1872074389211697,0.0,0.4629651247790434,111.74598056396572,20.326746858624897,0.0043816121989718,1.1115359212500369e-12,0.000436649138259,5.702782442218116e-06,0.9985844107310192,2286.9263287968924,3.604809198662586,662694.4145732204,0.2948396050839073,0.0024596875958059,0.0084357589738156,1.0,-1.312807135661637,-0.4907020259596679,-1.3745467894385202,0.0243733966350555,0.1220154094696044,0.136929360628128,0.016224572602327,1.122230062771201,0.0,0.9532985733013768,2,0,5.602172078062409,2595.479396121182,0.2014293761801719,1346.6466840064866,0.0007071067805408,-0.0340082545867235,-0.014758855725982,-1.2229481557826882,0.00015,0.1961753048404184,0.0,-1.3533904802983143,127.85627514520384,23.82639957651613,0.0014594567206756,1.633350279054733e-12,0.0002014850565543,3.3748220555872986e-05,0.998859229506319,2105.5777285129043,4.368763328153958,329888.69457510737,0.5016237113406757,0.0025659582007361,0.0059075395585178,1.0,-1.4533801703839742,-0.251536608708344,-1.1661895734564784,0.0023428544402122,0.1020274958014487,0.1046231889724731,0.0020292220216501,1.0254411141882351,5.8268041424539305,3135.116493194467,0.0565029142996008,1021.9972327598072,0.0021228911085208,-0.0299995265663735,-0.0118754889164327,-1.2304692659153855,0.0003,0.1872074389211697,0.0,0.4629651247790434,111.74598056396572,20.326746858624897,0.0043816121989718,1.1115359212500369e-12,0.000436649138259,5.702782442218116e-06,0.9985844107310192,2286.9263287968924,3.604809198662586,662694.4145732204,0.2948396050839073,0.0024596875958059,0.0084357589738156,1.0,-1.312807135661637,-0.4907020259596679,-1.3745467894385202,0.0243733966350555,0.1220154094696044,0.136929360628128,0.016224572602327,1.122230062771201,0.0,0.9532985733013768
"MATLAB 2-47 PM Tue, Oct 22, 2024 Run9 .csv",0,5.470520487056213,2308.438525255283,0.242742236311092,1267.1212715391694,0.0008021597138156,-0.4678485468570944,-0.4503700302448031,14.735664493967215,0.0021,2.187628580114385,0.0,0.7780165473660685,10.048682747269734,8.352008769980502,0.0140396531936048,9.586322124691379e-12,0.0001193329295349,0.0001887369260111,0.9992653417709876,5478.122577006308,4.66920071493108,180809.95173339325,2.858961166466188,0.0139808688570979,0.0232357099106912,0.1296296296296296,-1.4699943832060227,-0.0978095417650142,-1.6562345619316974,0.0341939485073089,0.1242355212900373,0.1459981429576874,0.0170364974442488,1.1751722972759422,5.740796514225913,2343.7576381171607,0.1258854638753569,1176.5167160389094,0.00090679861908,-0.4639356049678244,-0.4456560721565288,14.72847900900582,0.0018,2.17865990261744,0.0,0.5623313505770954,8.311661942027229,6.627099839157715,0.0158907087290174,4.42208134206294e-12,0.0001565515922945,0.0001899740215095,0.9985752594293182,6378.5698043287175,5.059575164483004,224243.62477167777,2.713787404192133,0.0115861377485407,0.0130792534282587,0.1296296296296296,-1.3286767259467815,-1.5046293123697496,3.180142632769442,0.0041045331954956,0.0975342449214723,0.1030650341510772,0.0040751157372772,1.056706126489808,0.0,-0.7127013841917326,2,0,5.470520487056213,2308.438525255283,0.242742236311092,1267.1212715391694,0.0008021597138156,-0.4678485468570944,-0.4503700302448031,14.735664493967215,0.0021,2.187628580114385,0.0,0.7780165473660685,10.048682747269734,8.352008769980502,0.0140396531936048,9.586322124691379e-12,0.0001193329295349,0.0001887369260111,0.9992653417709876,5478.122577006308,4.66920071493108,180809.95173339325,2.858961166466188,0.0139808688570979,0.0232357099106912,0.1296296296296296,-1.4699943832060227,-0.0978095417650142,-1.6562345619316974,0.0341939485073089,0.1242355212900373,0.1459981429576874,0.0170364974442488,1.1751722972759422,5.740796514225913,2343.7576381171607,0.1258854638753569,1176.5167160389094,0.00090679861908,-0.4639356049678244,-0.4456560721565288,14.72847900900582,0.0018,2.17865990261744,0.0,0.5623313505770954,8.311661942027229,6.627099839157715,0.0158907087290174,4.42208134206294e-12,0.0001565515922945,0.0001899740215095,0.9985752594293182,6378.5698043287175,5.059575164483004,224243.62477167777,2.713787404192133,0.0115861377485407,0.0130792534282587,0.1296296296296296,-1.3286767259467815,-1.5046293123697496,3.180142632769442,0.0041045331954956,0.0975342449214723,0.1030650341510772,0.0040751157372772,1.056706126489808,0.0,-0.7127013841917326
"MATLAB 2-48 PM Tue, Jun 11, 2024 Run3 .csv",0,5.470563111852253,2152.307938372622,0.1610482677091287,782.8357871538104,0.0498705323203405,-0.4012203357185772,-0.3816256177581346,4.5123985359613314,0.00459,2.1833552177513686,0.0512820512820512,0.5571317547952582,21.924796627877857,13.849962523624637,0.3926773416843292,1.2501276570720914e-11,0.0005480769865963,0.0132202298864175,0.9861776817305276,-1118.1611378908997,5.008759166028911,42542.18608171168,21.34613526869776,3.024163709078842,0.6173471467404741,0.22,0.5216985103829532,0.1171857549079277,-1.2938561574674865,0.0841018080711365,0.1420286580843803,0.23085364818573,0.0459509479541262,1.6254018822636351,4.722460377041384,1605.391624533382,-0.016758886959056,750.9546631363486,0.077116959516201,-0.3623273699408755,-0.3571463640468804,2.805363861910773,0.00437,2.1743861344655744,0.0491803278688524,-0.1635030172241234,12.81090307084702,10.956792684468237,0.4762560033624596,1.11818813432242e-10,0.000249021319696,0.0234496707640567,0.976290913328024,3920.511362318707,4.324278872813291,53000.69620757014,73.90116957225574,9.243099455625016,0.2994141867872595,0.34375,0.6633884789106461,0.4892201780166215,1.1923348838434622,0.0384359848499297,0.1454717041429925,0.2502152478694916,0.0292026821017857,1.7200269244357005,3.0,0.1717989902759956,2,0,5.470563111852253,2152.307938372622,0.1610482677091287,782.8357871538104,0.0498705323203405,-0.4012203357185772,-0.3816256177581346,4.5123985359613314,0.00459,2.1833552177513686,0.0512820512820512,0.5571317547952582,21.924796627877857,13.849962523624637,0.3926773416843292,1.2501276570720914e-11,0.0005480769865963,0.0132202298864175,0.9861776817305276,-1118.1611378908997,5.008759166028911,42542.18608171168,21.34613526869776,3.024163709078842,0.6173471467404741,0.22,0.5216985103829532,0.1171857549079277,-1.2938561574674865,0.0841018080711365,0.1420286580843803,0.23085364818573,0.0459509479541262,1.6254018822636351,4.722460377041384,1605.391624533382,-0.016758886959056,750.9546631363486,0.077116959516201,-0.3623273699408755,-0.3571463640468804,2.805363861910773,0.00437,2.1743861344655744,0.0491803278688524,-0.1635030172241234,12.81090307084702,10.956792684468237,0.4762560033624596,1.11818813432242e-10,0.000249021319696,0.0234496707640567,0.976290913328024,3920.511362318707,4.324278872813291,53000.69620757014,73.90116957225574,9.243099455625016,0.2994141867872595,0.34375,0.6633884789106461,0.4892201780166215,1.1923348838434622,0.0384359848499297,0.1454717041429925,0.2502152478694916,0.0292026821017857,1.7200269244357005,3.0,0.1717989902759956
"MATLAB 2-50 PM Tue, Oct 22, 2024 Run10 .csv",0,5.482464984613987,2226.164464605561,0.2388061853615057,1302.7504607835467,0.0006457079639984,-0.46600367095865,-0.4501515967847478,11.677914408712166,0.0018,2.1762329471463406,0.0,0.9218473901524876,12.91942392758052,9.096014184028256,0.00954987481934,4.802664592366177e-12,0.0001222779396634,0.0001826006305636,0.999244662025556,5217.968496123179,4.401508573838336,323382.1058843227,3.0229195919439245,0.0113588908554286,0.0194439064155618,0.1333333333333333,-1.4921466669687538,-0.6752988919423362,-0.5860625006782736,0.017656946182251,0.1306838049093882,0.1468045282363891,0.0126185547031791,1.123356703136846,5.464840969932133,2125.91691086777,0.0956801791161935,1237.3448070112613,0.0008669969274088,-0.4621465951713878,-0.445530183655951,11.671176423979167,0.0015,2.1672631875457995,0.0,0.6434734715156,8.946801143656065,7.190951281860125,0.0128403226430535,3.679567933290597e-12,0.0001646620967264,0.0001593087748501,0.9988865234679384,6066.280846207932,4.129619418470954,372825.03693774814,3.456520711880901,0.0095424620677443,0.0110844952007735,0.1333333333333333,-1.3498361796603071,-0.4973438400833196,-1.0838534413654366,0.0087761062383651,0.1005642331441243,0.1087463557720184,0.0056451468533127,1.081362154039079,0.0,0.0420552079363794,2,0,5.482464984613987,2226.164464605561,0.2388061853615057,1302.7504607835467,0.0006457079639984,-0.46600367095865,-0.4501515967847478,11.677914408712166,0.0018,2.1762329471463406,0.0,0.9218473901524876,12.91942392758052,9.096014184028256,0.00954987481934,4.802664592366177e-12,0.0001222779396634,0.0001826006305636,0.999244662025556,5217.968496123179,4.401508573838336,323382.1058843227,3.0229195919439245,0.0113588908554286,0.0194439064155618,0.1333333333333333,-1.4921466669687538,-0.6752988919423362,-0.5860625006782736,0.017656946182251,0.1306838049093882,0.1468045282363891,0.0126185547031791,1.123356703136846,5.464840969932133,2125.91691086777,0.0956801791161935,1237.3448070112613,0.0008669969274088,-0.4621465951713878,-0.445530183655951,11.671176423979167,0.0015,2.1672631875457995,0.0,0.6434734715156,8.946801143656065,7.190951281860125,0.0128403226430535,3.679567933290597e-12,0.0001646620967264,0.0001593087748501,0.9988865234679384,6066.280846207932,4.129619418470954,372825.03693774814,3.456520711880901,0.0095424620677443,0.0110844952007735,0.1333333333333333,-1.3498361796603071,-0.4973438400833196,-1.0838534413654366,0.0087761062383651,0.1005642331441243,0.1087463557720184,0.0056451468533127,1.081362154039079,0.0,0.0420552079363794
"MATLAB 2-52 PM Tue, Oct 22, 2024 Run11 .csv",0,5.49012532734166,2335.275887778672,0.2381438322189424,1288.1890884863362,7.378202337253875e-05,-0.4680112694441087,-0.4535479675040363,10.62754560180552,0.0013,2.166261768299302,0.0,0.8572613259817371,13.330475007971444,9.15559979581927,0.0010084810269086,6.770699027612862e-12,0.0001361807170809,0.0001712336279456,0.99934372355027,4333.401747509138,4.343660792456624,377043.9949382372,2.2422647185067084,0.0111181231693847,0.020054519812505,0.2058823529411764,-1.5115299152611437,-0.3909856870746737,-1.0148822703825535,0.0169258984923362,0.1280140531063079,0.1417252647876739,0.0107766532304451,1.1071070819855973,5.710376304118723,2304.4292014245875,0.1255152612589,1184.4964476885264,0.0009144468362201,-0.4639907340593167,-0.4490075312147346,10.621199179772372,0.0018,2.157291061858114,0.0,0.5961973900651615,11.203170611916091,7.500627517753421,0.0124819496864702,2.664650305767964e-12,0.0002007091964705,0.00016224074835,0.9983100702397242,4973.912943676164,4.187063379053551,514478.61339982337,2.165518732882099,0.0084337274523454,0.011038984141751,0.2058823529411764,-1.3683507016596426,-0.650816999080759,-0.7699756013723666,0.011723589003086,0.0935970520973205,0.1028080189228057,0.0074362804688281,1.098410864648897,0.0,-0.633208119970608,2,0,5.49012532734166,2335.275887778672,0.2381438322189424,1288.1890884863362,7.378202337253875e-05,-0.4680112694441087,-0.4535479675040363,10.62754560180552,0.0013,2.166261768299302,0.0,0.8572613259817371,13.330475007971444,9.15559979581927,0.0010084810269086,6.770699027612862e-12,0.0001361807170809,0.0001712336279456,0.99934372355027,4333.401747509138,4.343660792456624,377043.9949382372,2.2422647185067084,0.0111181231693847,0.020054519812505,0.2058823529411764,-1.5115299152611437,-0.3909856870746737,-1.0148822703825535,0.0169258984923362,0.1280140531063079,0.1417252647876739,0.0107766532304451,1.1071070819855973,5.710376304118723,2304.4292014245875,0.1255152612589,1184.4964476885264,0.0009144468362201,-0.4639907340593167,-0.4490075312147346,10.621199179772372,0.0018,2.157291061858114,0.0,0.5961973900651615,11.203170611916091,7.500627517753421,0.0124819496864702,2.664650305767964e-12,0.0002007091964705,0.00016224074835,0.9983100702397242,4973.912943676164,4.187063379053551,514478.61339982337,2.165518732882099,0.0084337274523454,0.011038984141751,0.2058823529411764,-1.3683507016596426,-0.650816999080759,-0.7699756013723666,0.011723589003086,0.0935970520973205,0.1028080189228057,0.0074362804688281,1.098410864648897,0.0,-0.633208119970608
"MATLAB 2-54 PM Fri, Jun 14, 2024 Run18 .csv",0,5.802957388129248,2343.377929458577,0.2302564446196741,946.0488595879076,0.0416250143232149,-0.4337757698614176,-0.4252035549820285,5.6046916885302185,0.00409,0.161988405936285,0.0,0.9430220806326494,31.84111247617267,14.578293780299097,0.3762378792510195,1.999611258140105e-13,0.0008780902805186,0.0528170801595598,0.9461193123681264,-1949.353778462896,4.618658318789426,378135.28101732425,2.495384134688844,1.487709547775138,0.096570928730815,1.0,0.480162978327832,0.0142990462199629,-1.38752413459946,0.03213348954916,0.0620990128119786,0.0901949965953827,0.0174901598209955,1.452438493160466,4.821138981628408,1557.1534225053167,0.0510829559666671,964.4692355366666,0.0503391737552535,-0.4055958155915506,-0.3958978230740471,3.99849707750643,0.00485,2.153017293706249,0.0,0.1850099201662804,16.029247792652196,12.76574998068307,0.3731402375445374,1.6479318983724477e-12,0.0011158880760254,0.1318777513588564,0.8669886471411132,776.9494681125651,3.617313084824479,242120.7207224609,9.037865420388222,5.451818756641835,0.0525298315012604,0.4015151515151515,-1.376285496802215,-0.2221248687244611,-1.027555088791416,0.0248239764571189,0.0576426373462418,0.0852031183242797,0.0131176399153892,1.4781266480312194,1.0,0.049694891405617,2,0,5.802957388129248,2343.377929458577,0.2302564446196741,946.0488595879076,0.0416250143232149,-0.4337757698614176,-0.4252035549820285,5.6046916885302185,0.00409,0.161988405936285,0.0,0.9430220806326494,31.84111247617267,14.578293780299097,0.3762378792510195,1.999611258140105e-13,0.0008780902805186,0.0528170801595598,0.9461193123681264,-1949.353778462896,4.618658318789426,378135.28101732425,2.495384134688844,1.487709547775138,0.096570928730815,1.0,0.480162978327832,0.0142990462199629,-1.38752413459946,0.03213348954916,0.0620990128119786,0.0901949965953827,0.0174901598209955,1.452438493160466,4.821138981628408,1557.1534225053167,0.0510829559666671,964.4692355366666,0.0503391737552535,-0.4055958155915506,-0.3958978230740471,3.99849707750643,0.00485,2.153017293706249,0.0,0.1850099201662804,16.029247792652196,12.76574998068307,0.3731402375445374,1.6479318983724477e-12,0.0011158880760254,0.1318777513588564,0.8669886471411132,776.9494681125651,3.617313084824479,242120.7207224609,9.037865420388222,5.451818756641835,0.0525298315012604,0.4015151515151515,-1.376285496802215,-0.2221248687244611,-1.027555088791416,0.0248239764571189,0.0576426373462418,0.0852031183242797,0.0131176399153892,1.4781266480312194,1.0,0.049694891405617
"MATLAB 2-55 PM Tue, Oct 22, 2024 Run12 .csv",0,5.296173261637174,2136.0811377710124,0.2265344089843188,1324.9465571186447,0.0008825756774057,-0.4702354137390711,-0.4567739465888627,9.690304678473405,0.001925,2.159139497694274,0.0,0.6967389951743613,12.185781201004202,9.601638614131852,0.0115620687547331,7.228360417404511e-12,0.0004693177617612,0.0001422553914341,0.9990312258975564,-912.7159921042366,3.864237251746568,425697.5513625503,61.92627250422648,0.1926681591156303,0.4017186495235219,0.5390946502057613,-1.5253750926128506,-0.3501226697092389,-1.157652678683179,0.0258507522940635,0.1283198311583686,0.1519782447814941,0.0149638951308662,1.1843706729470906,5.246978828268208,2005.6299303231767,0.0951631750729897,1245.4299725074432,0.0010562249017832,-0.4663408574436384,-0.4522913508992415,9.684237944083009,0.002665,2.1501681149383387,0.0,0.3995526950529219,8.750313176229485,7.640420265709068,0.0138378409385787,3.982291369053521e-12,0.0009571811196094,0.0001216245145305,0.9980507511996796,1042.6979082150615,3.4815464012563795,498412.5317501448,70.06842214432459,0.1599126932841437,0.3210680930771301,0.5390946502057613,-1.3815753602305962,-0.617797026612371,-0.2758871208760576,0.010176196694374,0.0967183275714175,0.1111488056182861,0.0070221955182951,1.149201070874732,0.0,-0.1953845238087434,2,0,5.296173261637174,2136.0811377710124,0.2265344089843188,1324.9465571186447,0.0008825756774057,-0.4702354137390711,-0.4567739465888627,9.690304678473405,0.001925,2.159139497694274,0.0,0.6967389951743613,12.185781201004202,9.601638614131852,0.0115620687547331,7.228360417404511e-12,0.0004693177617612,0.0001422553914341,0.9990312258975564,-912.7159921042366,3.864237251746568,425697.5513625503,61.92627250422648,0.1926681591156303,0.4017186495235219,0.5390946502057613,-1.5253750926128506,-0.3501226697092389,-1.157652678683179,0.0258507522940635,0.1283198311583686,0.1519782447814941,0.0149638951308662,1.1843706729470906,5.246978828268208,2005.6299303231767,0.0951631750729897,1245.4299725074432,0.0010562249017832,-0.4663408574436384,-0.4522913508992415,9.684237944083009,0.002665,2.1501681149383387,0.0,0.3995526950529219,8.750313176229485,7.640420265709068,0.0138378409385787,3.982291369053521e-12,0.0009571811196094,0.0001216245145305,0.9980507511996796,1042.6979082150615,3.4815464012563795,498412.5317501448,70.06842214432459,0.1599126932841437,0.3210680930771301,0.5390946502057613,-1.3815753602305962,-0.617797026612371,-0.2758871208760576,0.010176196694374,0.0967183275714175,0.1111488056182861,0.0070221955182951,1.149201070874732,0.0,-0.1953845238087434
"MATLAB 2-58 PM Tue, Oct 22, 2024 Run13 .csv",0,5.199469125748067,2124.424932428295,0.1903942658554377,1324.1389873160997,0.0010544548345126,-0.4773489814422131,-0.4652703173032788,9.54127051202776,0.0017,2.1491683188472352,0.0,0.6215226457003975,11.58123539124068,9.158383959968791,0.0137343514874225,7.456248185793753e-12,0.000103772253056,0.0001014466985001,0.999614044820213,6540.345458936454,3.627349343633466,426741.5895628108,2.9785295890722145,0.0085194073406285,0.0154670124837891,0.21875,-1.5447583409052403,0.0104692305293808,-1.440438556596392,0.0293672025203705,0.1203696223405691,0.1426145374774933,0.0152676600313382,1.1848050588211143,5.239531326092216,2082.677947226964,0.0359787067715739,1236.5348982794292,0.0007729363198181,-0.4734455085157255,-0.4609186984531301,9.535595340337215,0.0016,2.140195989250653,0.0,0.5138983351675255,9.329762581504642,7.48954263187715,0.0100631830813009,3.4931695287368973e-12,9.583400542210786e-05,8.326997569511625e-05,0.999295581990568,10427.359031787286,3.2453231816520813,538785.0083896938,3.153692771209168,0.0068093230959681,0.0105727379145829,0.21875,-1.4000898822299317,-0.5350553963397505,-0.5396309110090876,0.0083099448680876,0.0988138539974505,0.1067744064331054,0.0057994143437686,1.0805610965832808,0.0,-0.8212971266079826,2,0,5.199469125748067,2124.424932428295,0.1903942658554377,1324.1389873160997,0.0010544548345126,-0.4773489814422131,-0.4652703173032788,9.54127051202776,0.0017,2.1491683188472352,0.0,0.6215226457003975,11.58123539124068,9.158383959968791,0.0137343514874225,7.456248185793753e-12,0.000103772253056,0.0001014466985001,0.999614044820213,6540.345458936454,3.627349343633466,426741.5895628108,2.9785295890722145,0.0085194073406285,0.0154670124837891,0.21875,-1.5447583409052403,0.0104692305293808,-1.440438556596392,0.0293672025203705,0.1203696223405691,0.1426145374774933,0.0152676600313382,1.1848050588211143,5.239531326092216,2082.677947226964,0.0359787067715739,1236.5348982794292,0.0007729363198181,-0.4734455085157255,-0.4609186984531301,9.535595340337215,0.0016,2.140195989250653,0.0,0.5138983351675255,9.329762581504642,7.48954263187715,0.0100631830813009,3.4931695287368973e-12,9.583400542210786e-05,8.326997569511625e-05,0.999295581990568,10427.359031787286,3.2453231816520813,538785.0083896938,3.153692771209168,0.0068093230959681,0.0105727379145829,0.21875,-1.4000898822299317,-0.5350553963397505,-0.5396309110090876,0.0083099448680876,0.0988138539974505,0.1067744064331054,0.0057994143437686,1.0805610965832808,0.0,-0.8212971266079826
"MATLAB 3-00 PM Mon, Oct 28, 2024 Run12 .csv",0,5.65340659462295,2140.71026336778,0.2411261528473518,1277.3538548674735,0.0035049568043503,-0.3977036371564623,-0.3855962964612081,3.5047641638341016,0.0041,0.1420460482422072,0.0,-0.9105010160062792,39.99656319923329,14.094189891077033,0.021660048248774,1.849592318424788e-11,0.0001215981507491,0.0001031731121428,0.9987296038448208,5084.497524380019,3.402656083983312,593910.1042526149,2.559397860598396,0.013459112990866,0.0216568256027182,1.0,-1.558603518256947,-1.3657581345637588,0.5188804060841101,0.0172743147611618,0.1400419986248016,0.1605702638626099,0.0230537260230463,1.146586491476798,5.824852050340082,2594.853807767698,0.0768262695003608,1219.6902635047377,0.0017439578215898,-0.3938544958098187,-0.3812525182107896,3.499368679786307,0.0018,0.1330730423308782,0.0,0.5088184210814759,25.118216743869404,10.238777787312491,0.0107773683580283,1.3439642080636598e-11,8.693469595142913e-05,8.187286192031704e-06,0.9993015401276268,11494.852879981794,3.4658396722505533,706517.673522275,2.0207249243513963,0.0079379343732674,0.0227126263512752,1.0,-1.4133145408008851,-0.920294527184055,-0.1846268491679215,0.0147234386205673,0.1477799010276794,0.1685191023349762,0.0173701443056907,1.1403384436115729,0.0,0.8945805370338248,2,0,5.65340659462295,2140.71026336778,0.2411261528473518,1277.3538548674735,0.0035049568043503,-0.3977036371564623,-0.3855962964612081,3.5047641638341016,0.0041,0.1420460482422072,0.0,-0.9105010160062792,39.99656319923329,14.094189891077033,0.021660048248774,1.849592318424788e-11,0.0001215981507491,0.0001031731121428,0.9987296038448208,5084.497524380019,3.402656083983312,593910.1042526149,2.559397860598396,0.013459112990866,0.0216568256027182,1.0,-1.558603518256947,-1.3657581345637588,0.5188804060841101,0.0172743147611618,0.1400419986248016,0.1605702638626099,0.0230537260230463,1.146586491476798,5.824852050340082,2594.853807767698,0.0768262695003608,1219.6902635047377,0.0017439578215898,-0.3938544958098187,-0.3812525182107896,3.499368679786307,0.0018,0.1330730423308782,0.0,0.5088184210814759,25.118216743869404,10.238777787312491,0.0107773683580283,1.3439642080636598e-11,8.693469595142913e-05,8.187286192031704e-06,0.9993015401276268,11494.852879981794,3.4658396722505533,706517.673522275,2.0207249243513963,0.0079379343732674,0.0227126263512752,1.0,-1.4133145408008851,-0.920294527184055,-0.1846268491679215,0.0147234386205673,0.1477799010276794,0.1685191023349762,0.0173701443056907,1.1403384436115729,0.0,0.8945805370338248
"MATLAB 3-00 PM Tue, Oct 15, 2024 Run5 .csv",0,4.667262011274822,1648.113434431652,0.1819436352082788,1296.878621132106,0.0137763779284933,-0.4231368746830313,-0.4112666880740347,3.689737581048505,0.002785,2.139197140000196,0.0,0.1607455705061218,11.625421316539091,9.328439863001298,0.0994383083322116,2.8440343747149232e-11,0.0001581079463676,0.0006056072666795,0.9990737540182364,3175.4935642153187,2.254444845712895,451824.08304928686,330.3160906115986,3.299018692719103,0.6333642248547026,0.1036269430051813,0.43585841080237,-1.239217840359802,6.605333492020344,0.0154885408282279,0.1876828092171086,0.2163759803771973,0.0134681397599211,1.1528811897039375,3.573015045160882,1120.9729978640046,-0.0346087946324596,1085.7037914689245,0.0137521487711148,-0.4192961326350038,-0.4069460460634684,3.68445397205781,0.00205,2.130223863562968,0.0,0.2761584668190418,3.067371474049409,8.570940394214677,0.0992634215488683,3.0851854236855827e-11,0.0001589182741845,0.0007075257696454,0.9981547097611214,6280.930968343117,1.962184943773161,300748.28169805155,569.1893245782194,5.461308446825185,0.3377920964327066,0.0828789531079607,1.5813955957707333,0.3184058854106624,-0.5566135862587172,0.0307754853367805,0.1572477485818995,0.2115723657608032,0.0206977719364684,1.3454715102048649,4.0,0.0874395337643346,2,0,4.667262011274822,1648.113434431652,0.1819436352082788,1296.878621132106,0.0137763779284933,-0.4231368746830313,-0.4112666880740347,3.689737581048505,0.002785,2.139197140000196,0.0,0.1607455705061218,11.625421316539091,9.328439863001298,0.0994383083322116,2.8440343747149232e-11,0.0001581079463676,0.0006056072666795,0.9990737540182364,3175.4935642153187,2.254444845712895,451824.08304928686,330.3160906115986,3.299018692719103,0.6333642248547026,0.1036269430051813,0.43585841080237,-1.239217840359802,6.605333492020344,0.0154885408282279,0.1876828092171086,0.2163759803771973,0.0134681397599211,1.1528811897039375,3.573015045160882,1120.9729978640046,-0.0346087946324596,1085.7037914689245,0.0137521487711148,-0.4192961326350038,-0.4069460460634684,3.68445397205781,0.00205,2.130223863562968,0.0,0.2761584668190418,3.067371474049409,8.570940394214677,0.0992634215488683,3.0851854236855827e-11,0.0001589182741845,0.0007075257696454,0.9981547097611214,6280.930968343117,1.962184943773161,300748.28169805155,569.1893245782194,5.461308446825185,0.3377920964327066,0.0828789531079607,1.5813955957707333,0.3184058854106624,-0.5566135862587172,0.0307754853367805,0.1572477485818995,0.2115723657608032,0.0206977719364684,1.3454715102048649,4.0,0.0874395337643346
"MATLAB 3-02 PM Tue, Oct 22, 2024 Run14 .csv",0,5.11355509275189,2035.8739442729925,0.191910034769565,1328.1745059545713,0.0010304731913641,-0.4623708905382547,-0.4525074713067478,5.461876646162951,0.001,2.133499323516174,0.0,0.5656937203211014,16.32805496823498,10.301847115110627,0.0099442527602141,6.1340570177385765e-12,0.0001089554178612,0.0001171601378633,0.9993973006071732,5999.939997074397,3.020109865921195,443259.6447507614,2.6448802435087604,0.0062271466044018,0.0125771871351149,0.3333333333333333,-1.575217731078996,-0.4131919782902145,-1.5520008754318753,0.025964320898056,0.1279005584451887,0.1426588726043701,0.0146043459450903,1.1153889735790792,5.033774429160083,1887.924546347605,0.0470427639492328,1249.4589745776295,0.000791754380405,-0.458496947087504,-0.4482331017759113,5.456816787286457,0.0011,2.124525506027148,0.0,0.1874302087900332,11.214749182674735,8.474925577287147,0.007636888170789,3.434807419725795e-12,0.0002136806603332,8.84900540913885e-05,0.9989286472967328,4674.866905310454,2.5467034263042945,487499.7927520264,2.967820214924134,0.0053789664522415,0.0083520908977798,0.3333333333333333,-1.4291841310860296,-0.0313445533708731,-1.018132939476391,0.0095828127861022,0.0953172387017143,0.1078821420669555,0.007576179802589,1.131821940463065,0.0,-0.3340416266506391,2,0,5.11355509275189,2035.8739442729925,0.191910034769565,1328.1745059545713,0.0010304731913641,-0.4623708905382547,-0.4525074713067478,5.461876646162951,0.001,2.133499323516174,0.0,0.5656937203211014,16.32805496823498,10.301847115110627,0.0099442527602141,6.1340570177385765e-12,0.0001089554178612,0.0001171601378633,0.9993973006071732,5999.939997074397,3.020109865921195,443259.6447507614,2.6448802435087604,0.0062271466044018,0.0125771871351149,0.3333333333333333,-1.575217731078996,-0.4131919782902145,-1.5520008754318753,0.025964320898056,0.1279005584451887,0.1426588726043701,0.0146043459450903,1.1153889735790792,5.033774429160083,1887.924546347605,0.0470427639492328,1249.4589745776295,0.000791754380405,-0.458496947087504,-0.4482331017759113,5.456816787286457,0.0011,2.124525506027148,0.0,0.1874302087900332,11.214749182674735,8.474925577287147,0.007636888170789,3.434807419725795e-12,0.0002136806603332,8.84900540913885e-05,0.9989286472967328,4674.866905310454,2.5467034263042945,487499.7927520264,2.967820214924134,0.0053789664522415,0.0083520908977798,0.3333333333333333,-1.4291841310860296,-0.0313445533708731,-1.018132939476391,0.0095828127861022,0.0953172387017143,0.1078821420669555,0.007576179802589,1.131821940463065,0.0,-0.3340416266506391
"MATLAB 3-04 PM Tue, Oct 15, 2024 Run6 .csv",0,4.900473262802404,1746.9748842885238,0.2125343993458656,1304.370792886,0.0014393738020652,-0.3439364333405705,-0.3351482546816166,0.8655996369826617,0.00056,0.1278015070321516,0.0,0.4267828727493422,25.423850983835944,12.143166645529275,0.0063583177008494,2.979390659726944e-11,0.0003776318679831,0.0006319986811231,0.9988100909608042,-556.8169418680313,1.807596213958526,359190.0582263093,355.24569647681955,2.505288664324928,0.9876877453129144,1.0,0.4137061270396387,0.1867186227566975,-0.8237789886214268,0.0162645661830901,0.2291030942766289,0.2528123867511749,0.0102799342669018,1.103487438916553,3.854725697268348,1223.1165832365532,-0.0054495970476605,1126.7385364819695,0.0015118090008345,-0.340135349093063,-0.3309201576290035,0.8607635282203674,0.0005433333333333,0.1188271484913278,0.0,0.4202860480317383,8.444198655810057,10.799003193908993,0.0066784731479811,3.293509502930376e-11,0.0003047734632982,0.0006985170467656,0.9979245062782937,3274.3156030673813,1.6354130033752303,250849.6520315964,596.7437188453621,3.6023199378479984,0.5472847877765723,1.0,-1.4397638579427925,0.2558201646340717,-1.1632023997067793,0.0366060364246369,0.1956551517938312,0.235957328081131,0.0204150434311983,1.2059857658630302,0.0,-0.578714900153545,2,0,4.900473262802404,1746.9748842885238,0.2125343993458656,1304.370792886,0.0014393738020652,-0.3439364333405705,-0.3351482546816166,0.8655996369826617,0.00056,0.1278015070321516,0.0,0.4267828727493422,25.423850983835944,12.143166645529275,0.0063583177008494,2.979390659726944e-11,0.0003776318679831,0.0006319986811231,0.9988100909608042,-556.8169418680313,1.807596213958526,359190.0582263093,355.24569647681955,2.505288664324928,0.9876877453129144,1.0,0.4137061270396387,0.1867186227566975,-0.8237789886214268,0.0162645661830901,0.2291030942766289,0.2528123867511749,0.0102799342669018,1.103487438916553,3.854725697268348,1223.1165832365532,-0.0054495970476605,1126.7385364819695,0.0015118090008345,-0.340135349093063,-0.3309201576290035,0.8607635282203674,0.0005433333333333,0.1188271484913278,0.0,0.4202860480317383,8.444198655810057,10.799003193908993,0.0066784731479811,3.293509502930376e-11,0.0003047734632982,0.0006985170467656,0.9979245062782937,3274.3156030673813,1.6354130033752303,250849.6520315964,596.7437188453621,3.6023199378479984,0.5472847877765723,1.0,-1.4397638579427925,0.2558201646340717,-1.1632023997067793,0.0366060364246369,0.1956551517938312,0.235957328081131,0.0204150434311983,1.2059857658630302,0.0,-0.578714900153545
"MATLAB 3-04 PM Tue, Oct 22, 2024 Run15 .csv",0,5.133086304465105,2066.155824477136,0.200039637623284,1333.333589426473,0.0035020110809152,-0.4376779271561952,-0.4277334504160448,4.425870352404749,0.0028,2.1263770529111463,0.0,0.6635842482051867,20.989207541067422,11.517887751395923,0.0261902538334683,2.5171955121353907e-12,0.0002007619405512,0.0001188499386683,0.9993028505156766,1768.5153685826326,2.803813332125444,453640.6176106978,1.9634436202441647,0.005194618687419,0.0100860184328608,0.2857142857142857,-1.5890629084307029,-1.5715447979914676,1.260023359718816,0.0185931241512298,0.1212150479853153,0.1424725365638733,0.0255153349310869,1.175370046309211,5.192798696392288,1989.162160633654,0.0569923442135026,1232.864955989751,0.0009267625841398,-0.4327226010005843,-0.423816921484588,3.420990170283914,0.0007,2.1174025591073726,0.0,0.0975136701540455,14.764277764104826,9.01718389255579,0.0068716948959042,1.860799912097175e-12,0.0004805340540027,8.904749642934525e-05,0.9985889582151624,2078.081563412712,2.430071977875744,468219.0812080218,2.095552986625916,0.007236758703874,0.0097428802877082,0.4,-1.4424087896569833,0.1176250717442063,-1.263197717258287,0.0064677882194519,0.0984650123119353,0.1048011720180511,0.0043388144943613,1.0643493516869007,0.0,-0.214358117561639,2,0,5.133086304465105,2066.155824477136,0.200039637623284,1333.333589426473,0.0035020110809152,-0.4376779271561952,-0.4277334504160448,4.425870352404749,0.0028,2.1263770529111463,0.0,0.6635842482051867,20.989207541067422,11.517887751395923,0.0261902538334683,2.5171955121353907e-12,0.0002007619405512,0.0001188499386683,0.9993028505156766,1768.5153685826326,2.803813332125444,453640.6176106978,1.9634436202441647,0.005194618687419,0.0100860184328608,0.2857142857142857,-1.5890629084307029,-1.5715447979914676,1.260023359718816,0.0185931241512298,0.1212150479853153,0.1424725365638733,0.0255153349310869,1.175370046309211,5.192798696392288,1989.162160633654,0.0569923442135026,1232.864955989751,0.0009267625841398,-0.4327226010005843,-0.423816921484588,3.420990170283914,0.0007,2.1174025591073726,0.0,0.0975136701540455,14.764277764104826,9.01718389255579,0.0068716948959042,1.860799912097175e-12,0.0004805340540027,8.904749642934525e-05,0.9985889582151624,2078.081563412712,2.430071977875744,468219.0812080218,2.095552986625916,0.007236758703874,0.0097428802877082,0.4,-1.4424087896569833,0.1176250717442063,-1.263197717258287,0.0064677882194519,0.0984650123119353,0.1048011720180511,0.0043388144943613,1.0643493516869007,0.0,-0.214358117561639
"MATLAB 3-05 PM Fri, Jun 14, 2024 Run20 .csv",0,5.601247384914483,2277.7686629255813,0.178872258366886,882.263424133605,0.0524562437649566,-0.4456407080946199,-0.4507686462133551,4.317968016516742,0.00485,1.1249525987901403,0.0,0.6570220300811441,28.27903925884269,13.46064248785269,0.4135924123896486,5.339963706039503e-13,0.0004938260481036,0.0441895872543486,0.9552128338484884,-1282.013878203288,3.6274866046726415,592320.89211523,4.384264241447972,1.3836689067387051,0.0929580691517406,0.8620689655172413,1.4081680560989558,-0.256466139396595,-1.5785971556789344,0.037720518708229,0.071429623440851,0.1012408685684204,0.0194512734159531,1.4173512849644965,4.628586326513409,1513.5517091086483,0.0072807876793669,932.2129200245622,0.0418138084359466,-0.3761139082992031,-0.3516136854850692,1.6132167801515536,0.00446,0.1159779697234177,0.0192307692307692,0.0498500561745916,13.457832885380714,10.159755751154144,0.217148234012606,2.3888973481910975e-12,0.000772260670313,0.1277913739027808,0.871423507832938,1128.4059143911998,2.823721591479685,273535.4719193996,14.621797295552378,5.083553362186263,0.0461773926316311,1.0,0.554946278628826,-0.9244621428228436,0.9622632712362872,0.0102232626080513,0.0642701670756706,0.0795346474647522,0.0088713870353563,1.2375049122108144,0.0,0.3135306623817538,2,0,5.601247384914483,2277.7686629255813,0.178872258366886,882.263424133605,0.0524562437649566,-0.4456407080946199,-0.4507686462133551,4.317968016516742,0.00485,1.1249525987901403,0.0,0.6570220300811441,28.27903925884269,13.46064248785269,0.4135924123896486,5.339963706039503e-13,0.0004938260481036,0.0441895872543486,0.9552128338484884,-1282.013878203288,3.6274866046726415,592320.89211523,4.384264241447972,1.3836689067387051,0.0929580691517406,0.8620689655172413,1.4081680560989558,-0.256466139396595,-1.5785971556789344,0.037720518708229,0.071429623440851,0.1012408685684204,0.0194512734159531,1.4173512849644965,4.628586326513409,1513.5517091086483,0.0072807876793669,932.2129200245622,0.0418138084359466,-0.3761139082992031,-0.3516136854850692,1.6132167801515536,0.00446,0.1159779697234177,0.0192307692307692,0.0498500561745916,13.457832885380714,10.159755751154144,0.217148234012606,2.3888973481910975e-12,0.000772260670313,0.1277913739027808,0.871423507832938,1128.4059143911998,2.823721591479685,273535.4719193996,14.621797295552378,5.083553362186263,0.0461773926316311,1.0,0.554946278628826,-0.9244621428228436,0.9622632712362872,0.0102232626080513,0.0642701670756706,0.0795346474647522,0.0088713870353563,1.2375049122108144,0.0,0.3135306623817538
"MATLAB 3-05 PM Mon, Oct 28, 2024 Run13 .csv",0,5.8933937819813735,2340.4203471768856,0.267305093546765,1348.0735036163348,0.0021076579927226,-0.318796673028686,-0.3119890379710095,0.4039265391337165,0.0003,0.1221036905481294,0.0,-1.921049093376148,78.5892195280613,17.614052130908625,0.0082384025847168,1.44165737968404e-11,0.000123032658403,0.0001249401305263,0.997189837748978,4874.181543064078,3.6392284850640526,722493.928265931,1.665518699674146,0.0076625912649103,0.0142010463515985,1.0,-1.597370014841727,-0.3417840262679372,-1.4793316801362844,0.0027219519019126,0.1599176058173179,0.1618707609176636,0.0018073257566976,1.0122135088901771,5.925213022618125,2696.7737545501686,0.0889172593598196,1196.7928381759598,0.0018190351516595,-0.3131063267740389,-0.3058072134014051,0.3993141804856233,0.0004,0.1131287909555076,0.0,0.529073827797981,45.48341985424642,13.51949626655635,0.0070578187529923,1.2201548012213815e-11,0.0001183052683145,8.593275455548039e-06,0.9985236840037196,8440.23007791032,3.463437530621637,626705.9172334163,1.3294863289653496,0.0057885572716085,0.0179495821615366,1.0,-1.4503435847995556,-0.8599140541062497,-0.944521610539701,0.0206090873479842,0.1767265623807906,0.1924542880058288,0.0181581876158392,1.0889946899501717,0.0,-0.4121173345277921,2,0,5.8933937819813735,2340.4203471768856,0.267305093546765,1348.0735036163348,0.0021076579927226,-0.318796673028686,-0.3119890379710095,0.4039265391337165,0.0003,0.1221036905481294,0.0,-1.921049093376148,78.5892195280613,17.614052130908625,0.0082384025847168,1.44165737968404e-11,0.000123032658403,0.0001249401305263,0.997189837748978,4874.181543064078,3.6392284850640526,722493.928265931,1.665518699674146,0.0076625912649103,0.0142010463515985,1.0,-1.597370014841727,-0.3417840262679372,-1.4793316801362844,0.0027219519019126,0.1599176058173179,0.1618707609176636,0.0018073257566976,1.0122135088901771,5.925213022618125,2696.7737545501686,0.0889172593598196,1196.7928381759598,0.0018190351516595,-0.3131063267740389,-0.3058072134014051,0.3993141804856233,0.0004,0.1131287909555076,0.0,0.529073827797981,45.48341985424642,13.51949626655635,0.0070578187529923,1.2201548012213815e-11,0.0001183052683145,8.593275455548039e-06,0.9985236840037196,8440.23007791032,3.463437530621637,626705.9172334163,1.3294863289653496,0.0057885572716085,0.0179495821615366,1.0,-1.4503435847995556,-0.8599140541062497,-0.944521610539701,0.0206090873479842,0.1767265623807906,0.1924542880058288,0.0181581876158392,1.0889946899501717,0.0,-0.4121173345277921
"MATLAB 3-05 PM Tue, Oct 15, 2024 Run7 .csv",0,4.892839786706957,1744.8946189567182,0.2152124854177246,1307.717001858426,0.0014162351523961,-0.3466119857707292,-0.3389446254005605,0.7153305075397887,0.00059,0.1178303281851127,0.0,0.4449053036505702,25.961355698330667,12.42675340301215,0.0061241061551847,3.00715377289018e-11,0.0003896488715877,0.0006362024366183,0.998766681215448,-689.5179021505228,1.8743809370196536,352332.6263750304,357.5320973781452,2.4007786334955177,1.1480362139341471,1.0,1.3943228787472488,0.239661394698617,-0.8742832195857919,0.0193836066126823,0.2326647850733537,0.2590160918235779,0.0119766089506827,1.113258681333818,3.841693451031497,1221.0075785694128,-0.0058809574730642,1122.3949933866618,0.0014451242529098,-0.342837339237514,-0.3347975051889778,0.7108859614773451,0.0004866666666666,0.1088550228036424,0.0,0.4198679346887636,8.802550510215703,10.960286667096774,0.0062491126453508,3.2289133980059645e-11,0.0003548083180683,0.0006752807129132,0.9980124808503916,2812.8215434288577,1.7122026019924117,236945.3027622153,600.9823828791334,3.307927174299832,0.5626441376320269,1.0,0.5417216200578723,0.2096621342497745,-1.209126315148882,0.0335613697767257,0.1993213098415961,0.2398780953884125,0.0196789269364045,1.203474408125491,0.0,-0.6302025724973888,2,0,4.892839786706957,1744.8946189567182,0.2152124854177246,1307.717001858426,0.0014162351523961,-0.3466119857707292,-0.3389446254005605,0.7153305075397887,0.00059,0.1178303281851127,0.0,0.4449053036505702,25.961355698330667,12.42675340301215,0.0061241061551847,3.00715377289018e-11,0.0003896488715877,0.0006362024366183,0.998766681215448,-689.5179021505228,1.8743809370196536,352332.6263750304,357.5320973781452,2.4007786334955177,1.1480362139341471,1.0,1.3943228787472488,0.239661394698617,-0.8742832195857919,0.0193836066126823,0.2326647850733537,0.2590160918235779,0.0119766089506827,1.113258681333818,3.841693451031497,1221.0075785694128,-0.0058809574730642,1122.3949933866618,0.0014451242529098,-0.342837339237514,-0.3347975051889778,0.7108859614773451,0.0004866666666666,0.1088550228036424,0.0,0.4198679346887636,8.802550510215703,10.960286667096774,0.0062491126453508,3.2289133980059645e-11,0.0003548083180683,0.0006752807129132,0.9980124808503916,2812.8215434288577,1.7122026019924117,236945.3027622153,600.9823828791334,3.307927174299832,0.5626441376320269,1.0,0.5417216200578723,0.2096621342497745,-1.209126315148882,0.0335613697767257,0.1993213098415961,0.2398780953884125,0.0196789269364045,1.203474408125491,0.0,-0.6302025724973888
"MATLAB 3-06 PM Tue, Oct 22, 2024 Run16 .csv",0,5.191398906420992,2030.775552886157,0.2113107426959825,1323.7534769610468,0.0004630334757022,-0.4184455930461523,-0.4115002127876506,2.361039021462568,0.0006,0.113556965822096,0.0,0.4726130527885976,27.7380497706243,12.970737805693387,0.0028466339365084,3.406601461809968e-12,0.0001415708065999,0.0001322983794476,0.9994297471173704,3784.9442723659695,2.6405833119369646,426483.8337438037,1.5210788691536756,0.0040552103755664,0.0068911290405013,1.0,-1.6139842276637753,-0.1532663695754617,-1.3585737733878622,0.019531069099903,0.123545185526212,0.1419925606250763,0.0130338036076845,1.1493168270401792,5.339150453448131,2127.71730049171,0.0616079662102227,1256.00001771698,0.0005932958784397,-0.4143404446859715,-0.4073877969358237,2.3567622879857746,0.0008,0.1045812546517773,0.0,0.3837311196900331,20.263259539987303,10.128143808650798,0.0036398520181924,2.02185183022684e-12,0.0002717640197153,8.41083997987353e-05,0.9987863863191416,3675.197280954769,2.376312750968223,535937.3798296497,1.5790314530708698,0.0032671249472425,0.0056405096996124,1.0,-1.4662131750846998,-0.2490573024316132,-0.5336008808045438,0.0044142365455627,0.0962960026661555,0.104511387348175,0.0052976506490408,1.0853138703015646,0.0,-0.6449600522387702,2,0,5.191398906420992,2030.775552886157,0.2113107426959825,1323.7534769610468,0.0004630334757022,-0.4184455930461523,-0.4115002127876506,2.361039021462568,0.0006,0.113556965822096,0.0,0.4726130527885976,27.7380497706243,12.970737805693387,0.0028466339365084,3.406601461809968e-12,0.0001415708065999,0.0001322983794476,0.9994297471173704,3784.9442723659695,2.6405833119369646,426483.8337438037,1.5210788691536756,0.0040552103755664,0.0068911290405013,1.0,-1.6139842276637753,-0.1532663695754617,-1.3585737733878622,0.019531069099903,0.123545185526212,0.1419925606250763,0.0130338036076845,1.1493168270401792,5.339150453448131,2127.71730049171,0.0616079662102227,1256.00001771698,0.0005932958784397,-0.4143404446859715,-0.4073877969358237,2.3567622879857746,0.0008,0.1045812546517773,0.0,0.3837311196900331,20.263259539987303,10.128143808650798,0.0036398520181924,2.02185183022684e-12,0.0002717640197153,8.41083997987353e-05,0.9987863863191416,3675.197280954769,2.376312750968223,535937.3798296497,1.5790314530708698,0.0032671249472425,0.0056405096996124,1.0,-1.4662131750846998,-0.2490573024316132,-0.5336008808045438,0.0044142365455627,0.0962960026661555,0.104511387348175,0.0052976506490408,1.0853138703015646,0.0,-0.6449600522387702
"MATLAB 3-08 PM Mon, Oct 28, 2024 Run14 .csv",0,5.773375678984408,2302.7029122635167,0.2500705031081796,1348.57140549139,0.0013499999987832,-0.2340519155198767,-0.2282761920373245,-0.6751672940698179,0.0002,0.1064346952170682,0.0,-1.9505838566600973,89.69257646696983,19.34612780078623,0.003830330543281,8.967745372352679e-12,0.0002312277463144,9.392711490931475e-05,0.998710539583982,1008.0913984161816,3.879909004903921,689836.366620632,1.2741606515577868,0.0054848262571846,0.0105175354743883,1.0,-1.6278294050154822,-0.7050703152743805,-1.5000000000000058,0.0050079417228698,0.1489887293179829,0.1524235236644745,0.0046550229718788,1.0230540549088163,5.850472374418734,2693.365526799706,0.0741814503037886,1197.908096328297,0.001499999998691,-0.2331577654034101,-0.2270716167826803,-0.6791643399038607,0.0002,0.0974583077320021,0.0,0.6133710624442662,56.87053009457066,14.33385472884552,0.0042906178490276,8.575120115714409e-12,0.0001913480979677,6.352726440968704e-06,0.9990404096589448,5221.062661555978,3.917988603436074,615568.6158843198,1.0343859111285991,0.0044628940243277,0.0140935972137141,1.0,-1.4794378336556535,0.688855067116221,-1.5000000000000062,0.0100065666437149,0.1677889649073282,0.1805699038505554,0.0090635828443285,1.0761727027178825,0.0,0.4099456780183558,2,0,5.773375678984408,2302.7029122635167,0.2500705031081796,1348.57140549139,0.0013499999987832,-0.2340519155198767,-0.2282761920373245,-0.6751672940698179,0.0002,0.1064346952170682,0.0,-1.9505838566600973,89.69257646696983,19.34612780078623,0.003830330543281,8.967745372352679e-12,0.0002312277463144,9.392711490931475e-05,0.998710539583982,1008.0913984161816,3.879909004903921,689836.366620632,1.2741606515577868,0.0054848262571846,0.0105175354743883,1.0,-1.6278294050154822,-0.7050703152743805,-1.5000000000000058,0.0050079417228698,0.1489887293179829,0.1524235236644745,0.0046550229718788,1.0230540549088163,5.850472374418734,2693.365526799706,0.0741814503037886,1197.908096328297,0.001499999998691,-0.2331577654034101,-0.2270716167826803,-0.6791643399038607,0.0002,0.0974583077320021,0.0,0.6133710624442662,56.87053009457066,14.33385472884552,0.0042906178490276,8.575120115714409e-12,0.0001913480979677,6.352726440968704e-06,0.9990404096589448,5221.062661555978,3.917988603436074,615568.6158843198,1.0343859111285991,0.0044628940243277,0.0140935972137141,1.0,-1.4794378336556535,0.688855067116221,-1.5000000000000062,0.0100065666437149,0.1677889649073282,0.1805699038505554,0.0090635828443285,1.0761727027178825,0.0,0.4099456780183558
"MATLAB 3-10 PM Mon, Oct 28, 2024 Run15 .csv",0,5.751322380529708,2284.978744270816,0.2391970609991971,1331.7387583291093,0.0008999999992228,-0.1678604445026671,-0.1624965837305481,-0.6895298072182623,0.0002,0.1035857869750571,0.0,-2.008798154473876,91.87270786719772,19.280746202572683,0.00213878327001,1.1635191961343788e-11,0.0001648224343974,9.093119438409058e-05,0.9981625128543848,2730.337771777416,3.9343400723421977,680348.9603119704,1.2544352697576189,0.0051663359303992,0.0099872154583726,1.0,-1.6333674759561652,0.7054691558826562,-1.5,0.0100232726335525,0.157233992020289,0.1704255127906799,0.009330215540785,1.083897385043106,5.870890498344526,2732.013237665985,0.0733531730325948,1187.0715535561772,0.0019499999982514,-0.1612746936898666,-0.155615144720819,-0.6934149779952046,0.0004,0.0946091289640921,0.0,0.7018079452566545,60.86851542153198,13.51466840813079,0.0046028561311913,1.022251198050564e-11,0.0001611085825393,5.863862824048516e-06,0.9986165025072054,6198.406607314354,3.8105575101615616,675366.0109858155,0.9877104907788784,0.0046495451423004,0.0144610539500876,1.0,-1.4847276970840353,-0.7035019736031582,-1.4999999999999991,0.0205621820688248,0.1612896923224131,0.1755208396911621,0.0190271618579368,1.0882334584673978,0.0,-0.9999396961067528,2,0,5.751322380529708,2284.978744270816,0.2391970609991971,1331.7387583291093,0.0008999999992228,-0.1678604445026671,-0.1624965837305481,-0.6895298072182623,0.0002,0.1035857869750571,0.0,-2.008798154473876,91.87270786719772,19.280746202572683,0.00213878327001,1.1635191961343788e-11,0.0001648224343974,9.093119438409058e-05,0.9981625128543848,2730.337771777416,3.9343400723421977,680348.9603119704,1.2544352697576189,0.0051663359303992,0.0099872154583726,1.0,-1.6333674759561652,0.7054691558826562,-1.5,0.0100232726335525,0.157233992020289,0.1704255127906799,0.009330215540785,1.083897385043106,5.870890498344526,2732.013237665985,0.0733531730325948,1187.0715535561772,0.0019499999982514,-0.1612746936898666,-0.155615144720819,-0.6934149779952046,0.0004,0.0946091289640921,0.0,0.7018079452566545,60.86851542153198,13.51466840813079,0.0046028561311913,1.022251198050564e-11,0.0001611085825393,5.863862824048516e-06,0.9986165025072054,6198.406607314354,3.8105575101615616,675366.0109858155,0.9877104907788784,0.0046495451423004,0.0144610539500876,1.0,-1.4847276970840353,-0.7035019736031582,-1.4999999999999991,0.0205621820688248,0.1612896923224131,0.1755208396911621,0.0190271618579368,1.0882334584673978,0.0,-0.9999396961067528
"MATLAB 3-10 PM Tue, Oct 22, 2024 Run17 .csv",0,5.272661759949579,2104.7220991744025,0.2222237662933924,1365.3560716314398,0.0001499999998874,-0.2666897088771677,-0.2615317794602652,-0.6967110637924843,0.0003,0.1021613328540516,0.0,0.2971465153325357,59.38173876940001,16.756172818851685,0.0004643244080494,1.5735854981067185e-12,0.0002515782846741,0.0001253088402511,0.9989222867904708,637.6845439181529,3.0153847582016,284558.56130436645,0.7047487653717385,0.0018072346964167,0.003616658517298,1.0,-1.6361365114265063,-0.4323534760763087,-1.500000000000001,0.014033031463623,0.1147279568513234,0.1269552421569824,0.0117390553174731,1.1065763362412562,5.376503964476223,2141.927741082396,0.0805670261875776,1256.9950099928997,0.0013999999987802,-0.2630081577111055,-0.2575619085678988,-0.700540297040877,0.0004,0.093184539580137,0.0,0.7171627680616237,45.00077438641326,13.34516968750263,0.0043343653251412,9.45179609980162e-13,0.0006907008505923,7.877085441864787e-05,0.9980277657178148,1444.9493798392068,2.579175031546165,301097.8397616504,0.7323426862638425,0.0018480781093694,0.0038692583967016,1.0,-1.487372628798226,-0.6951456453450596,-1.5000000000000002,0.0085997295379638,0.0978988138834635,0.1040249860286712,0.0078447777385937,1.0625765716886024,0.0,-0.6936232077978819,2,0,5.272661759949579,2104.7220991744025,0.2222237662933924,1365.3560716314398,0.0001499999998874,-0.2666897088771677,-0.2615317794602652,-0.6967110637924843,0.0003,0.1021613328540516,0.0,0.2971465153325357,59.38173876940001,16.756172818851685,0.0004643244080494,1.5735854981067185e-12,0.0002515782846741,0.0001253088402511,0.9989222867904708,637.6845439181529,3.0153847582016,284558.56130436645,0.7047487653717385,0.0018072346964167,0.003616658517298,1.0,-1.6361365114265063,-0.4323534760763087,-1.500000000000001,0.014033031463623,0.1147279568513234,0.1269552421569824,0.0117390553174731,1.1065763362412562,5.376503964476223,2141.927741082396,0.0805670261875776,1256.9950099928997,0.0013999999987802,-0.2630081577111055,-0.2575619085678988,-0.700540297040877,0.0004,0.093184539580137,0.0,0.7171627680616237,45.00077438641326,13.34516968750263,0.0043343653251412,9.45179609980162e-13,0.0006907008505923,7.877085441864787e-05,0.9980277657178148,1444.9493798392068,2.579175031546165,301097.8397616504,0.7323426862638425,0.0018480781093694,0.0038692583967016,1.0,-1.487372628798226,-0.6951456453450596,-1.5000000000000002,0.0085997295379638,0.0978988138834635,0.1040249860286712,0.0078447777385937,1.0625765716886024,0.0,-0.6936232077978819
"MATLAB 3-13 PM Tue, Oct 15, 2024 Run8 .csv",0,4.883466766001319,1723.773329300979,0.2018584554303937,1279.4550251830503,0.0009925487692857,-0.3610588457421305,-0.3573781500981674,0.5527631117629732,0.00057,0.0921901540070126,0.0,0.682167087831052,26.259495526802056,12.401717098554716,0.0042015186957034,3.317212257150227e-11,0.000257076027545,0.0004587122960567,0.9990999442853576,502.442889068484,2.036882623579061,326068.18916777085,117.1115924117741,0.4534574677070465,0.2807899507544797,1.0,0.3444802402811038,0.1538439261507813,-1.5480688773465965,0.0261111408472061,0.2411763062033542,0.2625931012630463,0.0136586734784272,1.0888014058961246,3.922581292055095,1260.7875419031177,-0.0118815350947227,1107.4537360514676,0.0009226827926745,-0.3573566921212693,-0.3533392560449377,0.5493254412144313,0.00042,0.0832124138924517,0.0,0.4085209075861733,9.449856063599183,10.21607682109876,0.0039057718105033,3.2934675604090486e-11,0.0002964913096015,0.0004394824811066,0.9983431353728796,3367.19189751183,1.9084712950512768,241746.10264524457,189.9989879054524,0.5195982988285254,0.1323291896577338,1.0,0.4941128492024389,0.3323182796058164,-1.180780834098294,0.0212949967384338,0.2019751033394835,0.2277540445327759,0.0124366044769817,1.127634251781828,0.0,-0.6615782162765605,2,0,4.883466766001319,1723.773329300979,0.2018584554303937,1279.4550251830503,0.0009925487692857,-0.3610588457421305,-0.3573781500981674,0.5527631117629732,0.00057,0.0921901540070126,0.0,0.682167087831052,26.259495526802056,12.401717098554716,0.0042015186957034,3.317212257150227e-11,0.000257076027545,0.0004587122960567,0.9990999442853576,502.442889068484,2.036882623579061,326068.18916777085,117.1115924117741,0.4534574677070465,0.2807899507544797,1.0,0.3444802402811038,0.1538439261507813,-1.5480688773465965,0.0261111408472061,0.2411763062033542,0.2625931012630463,0.0136586734784272,1.0888014058961246,3.922581292055095,1260.7875419031177,-0.0118815350947227,1107.4537360514676,0.0009226827926745,-0.3573566921212693,-0.3533392560449377,0.5493254412144313,0.00042,0.0832124138924517,0.0,0.4085209075861733,9.449856063599183,10.21607682109876,0.0039057718105033,3.2934675604090486e-11,0.0002964913096015,0.0004394824811066,0.9983431353728796,3367.19189751183,1.9084712950512768,241746.10264524457,189.9989879054524,0.5195982988285254,0.1323291896577338,1.0,0.4941128492024389,0.3323182796058164,-1.180780834098294,0.0212949967384338,0.2019751033394835,0.2277540445327759,0.0124366044769817,1.127634251781828,0.0,-0.6615782162765605
"MATLAB 3-15 PM Thu, Oct 24, 2024 Run15.csv",0,5.441444180242689,2122.6541160196566,0.2469859016327256,1418.0093399583925,0.0475866367375182,-0.4186701467494229,-0.4116893249543343,2.210232633403902,0.0005,1.0836434292809791,0.0,0.3705177938454321,35.981380831201555,13.987348136655156,0.257086098215454,9.906170413463952e-12,0.0001337388980498,0.0001534912217238,0.9989848897129848,4041.9801109407977,2.2932095969608075,435534.31629282166,3.2580720245244548,0.0104354908566698,0.0163383248723537,0.625,-1.6721339725409448,0.6085636914094493,-0.7998162231031016,0.0252061259746551,0.1787593386570612,0.2143179309368133,0.0197441006133598,1.198918795218688,5.284962535991098,2051.636182668961,0.0610624222072148,1250.3807986305048,0.0475912764694093,-0.4149131910244813,-0.4082198396207803,2.207130588026661,0.0008,1.0746648775887215,0.0,0.4740280003082838,25.69948963770535,12.373122278331058,0.2570000891650057,1.182726671902146e-11,9.216340044871604e-05,5.722308966317684e-05,0.999011918137814,10839.57311984935,2.109636896950542,467371.9933597213,3.87524388304858,0.0083911080864862,0.0158272819981973,0.625,-1.5217567410827055,0.1813787006031438,-1.1039437847439284,0.0258183041214942,0.1692538446187973,0.1983052396774292,0.0178335614381753,1.1716439300038533,0.0,-0.8700395139347079,2,0,5.441444180242689,2122.6541160196566,0.2469859016327256,1418.0093399583925,0.0475866367375182,-0.4186701467494229,-0.4116893249543343,2.210232633403902,0.0005,1.0836434292809791,0.0,0.3705177938454321,35.981380831201555,13.987348136655156,0.257086098215454,9.906170413463952e-12,0.0001337388980498,0.0001534912217238,0.9989848897129848,4041.9801109407977,2.2932095969608075,435534.31629282166,3.2580720245244548,0.0104354908566698,0.0163383248723537,0.625,-1.6721339725409448,0.6085636914094493,-0.7998162231031016,0.0252061259746551,0.1787593386570612,0.2143179309368133,0.0197441006133598,1.198918795218688,5.284962535991098,2051.636182668961,0.0610624222072148,1250.3807986305048,0.0475912764694093,-0.4149131910244813,-0.4082198396207803,2.207130588026661,0.0008,1.0746648775887215,0.0,0.4740280003082838,25.69948963770535,12.373122278331058,0.2570000891650057,1.182726671902146e-11,9.216340044871604e-05,5.722308966317684e-05,0.999011918137814,10839.57311984935,2.109636896950542,467371.9933597213,3.87524388304858,0.0083911080864862,0.0158272819981973,0.625,-1.5217567410827055,0.1813787006031438,-1.1039437847439284,0.0258183041214942,0.1692538446187973,0.1983052396774292,0.0178335614381753,1.1716439300038533,0.0,-0.8700395139347079
"MATLAB 3-18 PM Tue, Oct 15, 2024 Run9 .csv",0,4.637765299032795,1601.189700400014,0.1725743673828147,1244.149870530732,0.0009960413129774,-0.4003922225762378,-0.3998560873210949,0.8450482635437147,0.00066,0.0708233421919293,0.0,0.6569341743273399,19.488802135494108,11.563374881155944,0.0046742466423373,4.821898723607692e-11,0.0001060300518405,0.000340319908057,0.9993937240335214,5932.289664288206,1.652039656628234,307249.73627627274,150.63031950354213,0.4004178076989305,0.2996172771133216,1.0,-1.6970552917740174,0.0530080897753175,-1.4761031348624998,0.0288814437389373,0.2436343182655091,0.2702650058269501,0.0164909728400266,1.109305978529754,3.692929788136461,1180.908320579576,-0.0393811040293323,1053.404097842136,0.0008468109859155,-0.3967617593471639,-0.3960407150673324,0.8424496559234234,0.00054,0.0618435731331261,0.0,0.3397135077077655,6.711925275224406,9.378447311866047,0.0039740971440544,6.189724534083456e-11,7.026187085787904e-05,0.0002940988995199,0.999009576358806,14218.37426418,1.4863895475874245,223194.58983259904,241.00702709725124,0.4250337701158183,0.1551816126655082,1.0,-1.5455611265104223,0.3677797209578699,-0.2745636425055222,0.0160486733913421,0.2012278035853771,0.2339905190467834,0.0132305266157472,1.162814058880813,0.0,-0.397168686280261,2,0,4.637765299032795,1601.189700400014,0.1725743673828147,1244.149870530732,0.0009960413129774,-0.4003922225762378,-0.3998560873210949,0.8450482635437147,0.00066,0.0708233421919293,0.0,0.6569341743273399,19.488802135494108,11.563374881155944,0.0046742466423373,4.821898723607692e-11,0.0001060300518405,0.000340319908057,0.9993937240335214,5932.289664288206,1.652039656628234,307249.73627627274,150.63031950354213,0.4004178076989305,0.2996172771133216,1.0,-1.6970552917740174,0.0530080897753175,-1.4761031348624998,0.0288814437389373,0.2436343182655091,0.2702650058269501,0.0164909728400266,1.109305978529754,3.692929788136461,1180.908320579576,-0.0393811040293323,1053.404097842136,0.0008468109859155,-0.3967617593471639,-0.3960407150673324,0.8424496559234234,0.00054,0.0618435731331261,0.0,0.3397135077077655,6.711925275224406,9.378447311866047,0.0039740971440544,6.189724534083456e-11,7.026187085787904e-05,0.0002940988995199,0.999009576358806,14218.37426418,1.4863895475874245,223194.58983259904,241.00702709725124,0.4250337701158183,0.1551816126655082,1.0,-1.5455611265104223,0.3677797209578699,-0.2745636425055222,0.0160486733913421,0.2012278035853771,0.2339905190467834,0.0132305266157472,1.162814058880813,0.0,-0.397168686280261
"MATLAB 3-19 PM Thu, Oct 17, 2024 Run4 .csv",0,5.2640431861766,2030.782718983694,0.2450400922056336,1345.0175352145675,0.0008929416972295,-0.5501831935714288,-0.5500264788239183,11.39735631505809,0.0023366666666666,2.067974433949918,0.0,0.1179911373900006,6.916069415535622,7.235872346796951,0.0136412651972632,6.109050605189144e-12,0.0001879815298418,0.0024299331276671,0.9972231889881332,1797.0423947405295,3.911058988455384,568406.0183566915,224.9797640470273,11.686095928820595,0.7728599093837419,0.0793157076205287,-1.7025933627147003,0.4589078042376408,-0.5237846972109184,0.0134963515400886,0.105378101059443,0.1294495749473572,0.0080450334121241,1.2284295659715452,4.643737065321632,1555.7677512242713,0.0524180899590676,1335.479780182068,0.0007243900443838,-0.5465524339888048,-0.5461842428103557,11.3948695824949,0.0039766666666666,2.0589943943652163,0.0,0.343515217970388,4.1181108886695785,8.671877051243053,0.0110663403135451,5.273267074454108e-12,0.0001996178647925,0.0039319054434613,0.9938816530243634,4978.92137087726,3.4956356705377862,594479.0475596299,392.0279358141764,21.65925904295076,0.3923652531969501,0.0799373040752351,-1.5508509899388037,0.0313235760520835,-0.8153381164840843,0.0321572634577751,0.1073863902753096,0.1587595915794372,0.0201320633222327,1.478395829978273,5.0,-0.2136386567993812,2,0,5.2640431861766,2030.782718983694,0.2450400922056336,1345.0175352145675,0.0008929416972295,-0.5501831935714288,-0.5500264788239183,11.39735631505809,0.0023366666666666,2.067974433949918,0.0,0.1179911373900006,6.916069415535622,7.235872346796951,0.0136412651972632,6.109050605189144e-12,0.0001879815298418,0.0024299331276671,0.9972231889881332,1797.0423947405295,3.911058988455384,568406.0183566915,224.9797640470273,11.686095928820595,0.7728599093837419,0.0793157076205287,-1.7025933627147003,0.4589078042376408,-0.5237846972109184,0.0134963515400886,0.105378101059443,0.1294495749473572,0.0080450334121241,1.2284295659715452,4.643737065321632,1555.7677512242713,0.0524180899590676,1335.479780182068,0.0007243900443838,-0.5465524339888048,-0.5461842428103557,11.3948695824949,0.0039766666666666,2.0589943943652163,0.0,0.343515217970388,4.1181108886695785,8.671877051243053,0.0110663403135451,5.273267074454108e-12,0.0001996178647925,0.0039319054434613,0.9938816530243634,4978.92137087726,3.4956356705377862,594479.0475596299,392.0279358141764,21.65925904295076,0.3923652531969501,0.0799373040752351,-1.5508509899388037,0.0313235760520835,-0.8153381164840843,0.0321572634577751,0.1073863902753096,0.1587595915794372,0.0201320633222327,1.478395829978273,5.0,-0.2136386567993812
"MATLAB 3-21 PM Thu, Oct 17, 2024 Run5 .csv",0,5.433561378391483,2187.561442092588,0.2627743401650789,1306.202901460134,0.000626124044451,-0.5555250720270295,-0.5559820662707675,11.909252991608136,0.00167,2.0637010715869017,0.0,0.1357026311971872,7.803888577431062,6.535098100272376,0.0098828229529222,6.093978498295111e-12,0.0001789113540699,0.0017971864285967,0.9978450510727128,2047.592959474393,3.978270987629303,517468.6705258731,53.16546172096079,1.937128453296174,0.2756848207912073,0.1428571428571428,-1.7109004691257244,-0.4134265914110921,-0.5106979770063629,0.0044886103272438,0.1065607625246047,0.1133103036880493,0.0032244164477454,1.0633398354472745,5.148421201189818,1804.3223190031647,0.097950045821963,1360.1254377530242,7.380294104575682e-05,-0.5519011789082584,-0.5521745346169933,11.906934071630596,0.00164,2.054720626213351,0.0,0.4409640370618856,5.6375094775338095,8.954676638950751,0.0011648097786843,3.0317602723616244e-12,0.0001718891362781,0.0030685491579253,0.994517113482914,5785.805519865296,3.551401223225376,524025.86158399074,86.45347499260326,3.4125429041661866,0.1354590396102684,0.1428571428571428,-1.5587857850813758,-0.3251408315270536,-1.064296741695659,0.0341761180758476,0.116476568632488,0.1505820095539093,0.0208296974342041,1.2928094579179463,4.0,-0.0433864117625697,2,0,5.433561378391483,2187.561442092588,0.2627743401650789,1306.202901460134,0.000626124044451,-0.5555250720270295,-0.5559820662707675,11.909252991608136,0.00167,2.0637010715869017,0.0,0.1357026311971872,7.803888577431062,6.535098100272376,0.0098828229529222,6.093978498295111e-12,0.0001789113540699,0.0017971864285967,0.9978450510727128,2047.592959474393,3.978270987629303,517468.6705258731,53.16546172096079,1.937128453296174,0.2756848207912073,0.1428571428571428,-1.7109004691257244,-0.4134265914110921,-0.5106979770063629,0.0044886103272438,0.1065607625246047,0.1133103036880493,0.0032244164477454,1.0633398354472745,5.148421201189818,1804.3223190031647,0.097950045821963,1360.1254377530242,7.380294104575682e-05,-0.5519011789082584,-0.5521745346169933,11.906934071630596,0.00164,2.054720626213351,0.0,0.4409640370618856,5.6375094775338095,8.954676638950751,0.0011648097786843,3.0317602723616244e-12,0.0001718891362781,0.0030685491579253,0.994517113482914,5785.805519865296,3.551401223225376,524025.86158399074,86.45347499260326,3.4125429041661866,0.1354590396102684,0.1428571428571428,-1.5587857850813758,-0.3251408315270536,-1.064296741695659,0.0341761180758476,0.116476568632488,0.1505820095539093,0.0208296974342041,1.2928094579179463,4.0,-0.0433864117625697
"MATLAB 3-28 PM Thu, Oct 17, 2024 Run6 .csv",0,4.343545415076296,1498.4421830453534,0.1676855400311214,1292.032422363503,0.0003437948503861,-0.5715581819752582,-0.5730080453433075,15.073378711889614,0.00221,2.0565788009818737,0.0,-0.0823687732178441,1.9511503042485487,5.1774576126856005,0.0065213953431452,1.0720853206379816e-11,0.0003498228710482,0.0006967464337756,0.998841325811478,-710.8867325095785,3.678344469783963,279583.22646965395,234.979315393998,3.248792034468009,0.3478451662808535,0.1434977578475336,-1.7247456464774311,-0.3522150662283587,-1.1342682702012,0.0173618605732917,0.1139084998682925,0.130811755657196,0.0098655301730717,1.1483932788900564,3.362344014243872,1074.4418528744934,-0.0561095395794551,1104.8848816636294,0.0002023517285326,-0.567961019587099,-0.5693583542888138,15.071339479554824,0.00273,2.047597679293576,0.0,0.2033945153625991,0.3815087369354044,5.818042060891595,0.0038383809956665,1.3108872947377035e-11,0.000421889728294,0.0007869964047411,0.9979389892073316,2365.402431679723,3.018985287904936,147509.83296338317,420.4007871477423,5.779155090520294,0.214911399187779,0.1434977578475336,-1.5720104436523297,-0.3130753967591587,-1.0601922257106886,0.0355403870344162,0.1307765445709228,0.1681053078174591,0.0206788200770065,1.2854392840016668,1.0,0.7186144584158214,2,0,4.343545415076296,1498.4421830453534,0.1676855400311214,1292.032422363503,0.0003437948503861,-0.5715581819752582,-0.5730080453433075,15.073378711889614,0.00221,2.0565788009818737,0.0,-0.0823687732178441,1.9511503042485487,5.1774576126856005,0.0065213953431452,1.0720853206379816e-11,0.0003498228710482,0.0006967464337756,0.998841325811478,-710.8867325095785,3.678344469783963,279583.22646965395,234.979315393998,3.248792034468009,0.3478451662808535,0.1434977578475336,-1.7247456464774311,-0.3522150662283587,-1.1342682702012,0.0173618605732917,0.1139084998682925,0.130811755657196,0.0098655301730717,1.1483932788900564,3.362344014243872,1074.4418528744934,-0.0561095395794551,1104.8848816636294,0.0002023517285326,-0.567961019587099,-0.5693583542888138,15.071339479554824,0.00273,2.047597679293576,0.0,0.2033945153625991,0.3815087369354044,5.818042060891595,0.0038383809956665,1.3108872947377035e-11,0.000421889728294,0.0007869964047411,0.9979389892073316,2365.402431679723,3.018985287904936,147509.83296338317,420.4007871477423,5.779155090520294,0.214911399187779,0.1434977578475336,-1.5720104436523297,-0.3130753967591587,-1.0601922257106886,0.0355403870344162,0.1307765445709228,0.1681053078174591,0.0206788200770065,1.2854392840016668,1.0,0.7186144584158214
"MATLAB 3-28 PM Tue, Oct 15, 2024 Run10 .csv",0,4.908428214920219,1755.776539303831,0.1899594081302328,1221.5499689217477,0.0010986416186303,-0.4798774947599942,-0.4817932412409547,2.966076443394674,0.001,0.0551543468608681,0.0,0.8287134679041345,16.78286627337231,10.487674974263864,0.007551946437502,7.786794463952496e-11,0.000235012627872,0.0002699033310372,0.999333740506959,678.8030753222884,2.643930690274088,365225.5028077911,134.88056414959837,0.3379363838449848,0.3603655545648155,1.0,-0.7275146819477727,-0.0848382687472002,-1.4091629908266343,0.0341091334819794,0.2385801684856414,0.2686959278583526,0.0176456209292388,1.1262290975979572,4.360419327279152,1435.3821105354234,0.0042080132387495,1121.842030340414,0.0011117763761746,-0.4762830614329087,-0.4781551183064041,2.9640931485884336,0.00092,0.0461730899096206,0.0,0.5720426027938118,7.72167414170125,8.472652720488625,0.0076421561214236,4.5438351911730056e-11,0.0002879352043542,0.0002374374990848,0.99881127112711,3468.8751358737227,2.491081692075761,310182.9553102195,194.8497008424294,0.2862753826117642,0.1990767753531072,1.0,-1.5746553753665204,-0.4574808736916482,-0.3614448258280336,0.0174616146087646,0.1940060919436855,0.2164100348949432,0.0117008451843852,1.115480615720876,0.0,-0.42079094648899,2,0,4.908428214920219,1755.776539303831,0.1899594081302328,1221.5499689217477,0.0010986416186303,-0.4798774947599942,-0.4817932412409547,2.966076443394674,0.001,0.0551543468608681,0.0,0.8287134679041345,16.78286627337231,10.487674974263864,0.007551946437502,7.786794463952496e-11,0.000235012627872,0.0002699033310372,0.999333740506959,678.8030753222884,2.643930690274088,365225.5028077911,134.88056414959837,0.3379363838449848,0.3603655545648155,1.0,-0.7275146819477727,-0.0848382687472002,-1.4091629908266343,0.0341091334819794,0.2385801684856414,0.2686959278583526,0.0176456209292388,1.1262290975979572,4.360419327279152,1435.3821105354234,0.0042080132387495,1121.842030340414,0.0011117763761746,-0.4762830614329087,-0.4781551183064041,2.9640931485884336,0.00092,0.0461730899096206,0.0,0.5720426027938118,7.72167414170125,8.472652720488625,0.0076421561214236,4.5438351911730056e-11,0.0002879352043542,0.0002374374990848,0.99881127112711,3468.8751358737227,2.491081692075761,310182.9553102195,194.8497008424294,0.2862753826117642,0.1990767753531072,1.0,-1.5746553753665204,-0.4574808736916482,-0.3614448258280336,0.0174616146087646,0.1940060919436855,0.2164100348949432,0.0117008451843852,1.115480615720876,0.0,-0.42079094648899
"MATLAB 3-31 PM Thu, Oct 17, 2024 Run7 .csv",0,5.330553304025216,2331.153378047693,0.2413350085312496,1230.898839209747,0.0006324555314742,-0.579485091492018,-0.5823192202398618,16.034101971608127,0.0022,2.0480320762558404,0.0,0.0715194327188479,7.303780773240668,6.232114186274303,0.0123365838498292,8.548272790015226e-12,0.0001552337313774,0.000751524187446,0.9987409811185474,2823.89432293453,4.754804868299607,286786.1129900728,1.973616238601912,0.0351489445150289,0.0158578220749064,0.2857142857142857,-1.7413598592994797,0.147965358765892,-1.2382949052590373,0.011153657734394,0.108634361386299,0.1194780266284942,0.0066758170425733,1.099818005130398,5.613638501944161,2177.943524711264,0.1221315699121727,1273.472907950403,0.0008350352982846,-0.5761020158884286,-0.578738937904985,16.03239836444464,0.0024,2.0390501429898453,0.0,0.477549729481284,6.25511849247494,7.742934107526331,0.0163483090955408,4.111100923816685e-12,0.0002275708617843,0.001354539764191,0.9964068041777924,4378.446328167842,4.658217552020242,504071.8656601383,2.462465025978363,0.0489971535452146,0.0090240953831329,0.2352941176470588,-1.587880033937474,-0.0483816396605188,-1.215062035257488,0.0238137459754943,0.108365394949913,0.132089763879776,0.0172465806359812,1.2189293818458238,0.0,-0.9026462938559888,2,0,5.330553304025216,2331.153378047693,0.2413350085312496,1230.898839209747,0.0006324555314742,-0.579485091492018,-0.5823192202398618,16.034101971608127,0.0022,2.0480320762558404,0.0,0.0715194327188479,7.303780773240668,6.232114186274303,0.0123365838498292,8.548272790015226e-12,0.0001552337313774,0.000751524187446,0.9987409811185474,2823.89432293453,4.754804868299607,286786.1129900728,1.973616238601912,0.0351489445150289,0.0158578220749064,0.2857142857142857,-1.7413598592994797,0.147965358765892,-1.2382949052590373,0.011153657734394,0.108634361386299,0.1194780266284942,0.0066758170425733,1.099818005130398,5.613638501944161,2177.943524711264,0.1221315699121727,1273.472907950403,0.0008350352982846,-0.5761020158884286,-0.578738937904985,16.03239836444464,0.0024,2.0390501429898453,0.0,0.477549729481284,6.25511849247494,7.742934107526331,0.0163483090955408,4.111100923816685e-12,0.0002275708617843,0.001354539764191,0.9964068041777924,4378.446328167842,4.658217552020242,504071.8656601383,2.462465025978363,0.0489971535452146,0.0090240953831329,0.2352941176470588,-1.587880033937474,-0.0483816396605188,-1.215062035257488,0.0238137459754943,0.108365394949913,0.132089763879776,0.0172465806359812,1.2189293818458238,0.0,-0.9026462938559888
"MATLAB 3-36 PM Tue, Oct 15, 2024 Run12 .csv",0,5.385950259642039,2015.172105494638,0.2479310010834499,1250.2558664536746,0.0583644802142581,-0.4464262173540289,-0.4086155911160692,1.1798843628291973,0.00073,0.0380608974088014,0.173076923076923,1.207393952411458,39.36699149250413,16.352580865672486,0.3041711537581301,6.768837185959694e-11,0.0001491153912273,0.0003091365060324,0.9993466396858602,3040.9218759859514,2.358548779749114,351311.40047375514,70.36047858834888,0.2747210032857675,0.3187906956194312,1.0,-0.7607431075918694,1.2423636765761144,0.1651424369347096,0.0290719562768936,0.2648487435166652,0.3567833995819092,0.0417930711542427,1.347121360080982,5.201546789768978,1848.99538334862,0.0755293322901153,1192.7881117221254,0.0583385361473936,-0.4429071798186181,-0.4052162856206205,1.178572318365557,0.00108,0.0290780173021601,0.1923076923076923,1.3294594654799752,29.46667042554513,16.79292945153618,0.3040732312845996,6.129407477744893e-11,0.000132401260377,0.0002452068909065,0.9985522660700168,7541.863749832608,2.1894086294543653,349803.0876739123,91.7236306438552,0.2164566989269501,0.1983933539189896,1.0,-0.6063945559368094,1.59201939756464,0.8864156545852713,0.0159147042036056,0.2283868580368849,0.3605865824222565,0.0504133430018685,1.578841206195941,0.0,0.8808755517239861,2,0,5.385950259642039,2015.172105494638,0.2479310010834499,1250.2558664536746,0.0583644802142581,-0.4464262173540289,-0.4086155911160692,1.1798843628291973,0.00073,0.0380608974088014,0.173076923076923,1.207393952411458,39.36699149250413,16.352580865672486,0.3041711537581301,6.768837185959694e-11,0.0001491153912273,0.0003091365060324,0.9993466396858602,3040.9218759859514,2.358548779749114,351311.40047375514,70.36047858834888,0.2747210032857675,0.3187906956194312,1.0,-0.7607431075918694,1.2423636765761144,0.1651424369347096,0.0290719562768936,0.2648487435166652,0.3567833995819092,0.0417930711542427,1.347121360080982,5.201546789768978,1848.99538334862,0.0755293322901153,1192.7881117221254,0.0583385361473936,-0.4429071798186181,-0.4052162856206205,1.178572318365557,0.00108,0.0290780173021601,0.1923076923076923,1.3294594654799752,29.46667042554513,16.79292945153618,0.3040732312845996,6.129407477744893e-11,0.000132401260377,0.0002452068909065,0.9985522660700168,7541.863749832608,2.1894086294543653,349803.0876739123,91.7236306438552,0.2164566989269501,0.1983933539189896,1.0,-0.6063945559368094,1.59201939756464,0.8864156545852713,0.0159147042036056,0.2283868580368849,0.3605865824222565,0.0504133430018685,1.578841206195941,0.0,0.8808755517239861
"MATLAB 3-37 PM Tue, Oct 15, 2024 Run13 .csv",0,5.340933621453951,2084.7431808275187,0.2363146460268505,1224.397493603119,0.0049376242356669,-0.2642867107506289,-0.2673711786923196,-1.3416844093564275,0.00037,0.0337875350457848,0.0,1.3591515075549283,67.65417935002175,17.820677582767832,0.0130882002957549,3.160923634126305e-11,0.0001348312118556,0.000250665541566,0.999437778134036,3729.733143548694,2.9959164130268805,628235.5443006358,26.148084499854583,0.105746337563409,0.1394227149079191,1.0,4.230949785997106,-0.0353378418015515,-1.499589648231461,0.0393667012453079,0.2322499548064337,0.2593720579147339,0.0215565574128534,1.116779799293846,5.410219341922252,1975.0697930559247,0.0906166317287169,1179.823848860755,0.0047433494352636,-0.2607567427513984,-0.2641565775570039,-1.3428286412344166,0.00033,0.0248042491502951,0.0,1.877851958915234,57.260842822314096,16.60416319905249,0.012573234518949,1.8925106358780868e-11,0.0001622413219429,0.0002182894468674,0.9989959237109914,6157.4690821511085,2.681198744035582,416369.6670523386,30.78283927137344,0.0842065236277332,0.0868418626298882,1.0,1.3856706489206183,-0.0051788459586265,-1.205302238432497,0.0235817897319794,0.2072665515652409,0.2271031534671783,0.013154696792782,1.0957057554734944,0.0,-0.8414785398380848,2,0,5.340933621453951,2084.7431808275187,0.2363146460268505,1224.397493603119,0.0049376242356669,-0.2642867107506289,-0.2673711786923196,-1.3416844093564275,0.00037,0.0337875350457848,0.0,1.3591515075549283,67.65417935002175,17.820677582767832,0.0130882002957549,3.160923634126305e-11,0.0001348312118556,0.000250665541566,0.999437778134036,3729.733143548694,2.9959164130268805,628235.5443006358,26.148084499854583,0.105746337563409,0.1394227149079191,1.0,4.230949785997106,-0.0353378418015515,-1.499589648231461,0.0393667012453079,0.2322499548064337,0.2593720579147339,0.0215565574128534,1.116779799293846,5.410219341922252,1975.0697930559247,0.0906166317287169,1179.823848860755,0.0047433494352636,-0.2607567427513984,-0.2641565775570039,-1.3428286412344166,0.00033,0.0248042491502951,0.0,1.877851958915234,57.260842822314096,16.60416319905249,0.012573234518949,1.8925106358780868e-11,0.0001622413219429,0.0002182894468674,0.9989959237109914,6157.4690821511085,2.681198744035582,416369.6670523386,30.78283927137344,0.0842065236277332,0.0868418626298882,1.0,1.3856706489206183,-0.0051788459586265,-1.205302238432497,0.0235817897319794,0.2072665515652409,0.2271031534671783,0.013154696792782,1.0957057554734944,0.0,-0.8414785398380848
"MATLAB 3-38 PM Thu, Oct 17, 2024 Run8 .csv",0,5.583368082248123,2385.9560990525483,0.2732328807250582,1206.7184600699577,0.0007381734207019,-0.5954136672273422,-0.6003563742160503,17.955508231079918,0.0032,2.032363080924779,0.0,0.2102590502196863,6.585025503198036,6.074346670904352,0.0156359546993425,7.420604089628309e-12,0.0001142336837185,0.0006309686787296,0.9990435519079248,5055.546951343637,4.997038190235935,211474.0589050413,1.743043632384916,0.022488975678887,0.0166539172396351,0.2222222222222222,-1.7718192494732352,-0.08600745030318,-1.0777374701633904,0.0100958794355393,0.1066506302356719,0.1178716814517975,0.0072480047777712,1.105213173061704,5.838929461957862,2323.3420275937897,0.1638064685896818,1226.100251830745,0.0007912016170931,-0.5918978988774113,-0.5969033412004153,17.954419936730478,0.002,2.02337965976634,0.0,0.4600150445313848,6.7265381091930845,7.290482351491716,0.0167627461397054,3.5010192649155774e-12,0.0001950618412846,0.0009321061812098,0.9964888011674696,5108.578872243452,4.974082843807089,393874.6745810758,2.006404847850774,0.0264212308871368,0.0110889615234059,0.2222222222222222,-1.616974282793572,0.0095191300424336,-1.5004590634001818,0.0273586285114288,0.1040980601310729,0.1259483850002289,0.0155281581373674,1.2099013645561072,0.0,-0.6732604289574808,2,0,5.583368082248123,2385.9560990525483,0.2732328807250582,1206.7184600699577,0.0007381734207019,-0.5954136672273422,-0.6003563742160503,17.955508231079918,0.0032,2.032363080924779,0.0,0.2102590502196863,6.585025503198036,6.074346670904352,0.0156359546993425,7.420604089628309e-12,0.0001142336837185,0.0006309686787296,0.9990435519079248,5055.546951343637,4.997038190235935,211474.0589050413,1.743043632384916,0.022488975678887,0.0166539172396351,0.2222222222222222,-1.7718192494732352,-0.08600745030318,-1.0777374701633904,0.0100958794355393,0.1066506302356719,0.1178716814517975,0.0072480047777712,1.105213173061704,5.838929461957862,2323.3420275937897,0.1638064685896818,1226.100251830745,0.0007912016170931,-0.5918978988774113,-0.5969033412004153,17.954419936730478,0.002,2.02337965976634,0.0,0.4600150445313848,6.7265381091930845,7.290482351491716,0.0167627461397054,3.5010192649155774e-12,0.0001950618412846,0.0009321061812098,0.9964888011674696,5108.578872243452,4.974082843807089,393874.6745810758,2.006404847850774,0.0264212308871368,0.0110889615234059,0.2222222222222222,-1.616974282793572,0.0095191300424336,-1.5004590634001818,0.0273586285114288,0.1040980601310729,0.1259483850002289,0.0155281581373674,1.2099013645561072,0.0,-0.6732604289574808
"MATLAB 3-49 PM Thu, Oct 17, 2024 Run9 .csv",0,3.850019874098428,1316.3177291439192,0.1024508095562175,1174.765104784083,0.0155006322314301,-0.5744926341769266,-0.5900343114872117,7.845788973525423,0.0026,2.010996269109696,0.0,-0.0419944215882929,0.5779629746684236,4.084397065859084,0.1838310275754627,1.6249633634520073e-11,4.0081668428121824e-05,0.0001319637049532,0.9997558338415592,21143.57883667011,3.201641559530398,83875.44882026674,17.898553925466206,0.0445239488018868,0.0288482211505153,0.4,-1.813354781528356,-0.1771249771485492,-1.5458339333057447,0.0140445971488952,0.1179320800304412,0.1279967963695526,0.0083919138747039,1.0853433292833756,2.981359629313914,985.3658656571034,-0.1072946715952273,939.626748313072,0.019632361022477,-0.5632298605735351,-0.5865548002707462,7.845539742104234,0.0016,1.0020108190070145,0.0,0.0275470694905811,-0.4229289229155353,3.565657320471625,0.2131172496729284,2.5611169060805868e-11,4.063779649606083e-05,0.000100566992942,0.9995655302096677,24596.94216704292,2.4033363012189968,45527.20175167686,29.740865758805885,0.0616045124997736,0.0281994335972435,0.5714285714285714,-1.6566482585064333,-0.8642576783748519,-0.3022045823409178,0.0050889015197753,0.1262402043739954,0.1314234519004821,0.0048708367044391,1.0410586116537877,0.0,-0.4876765911619092,2,0,3.850019874098428,1316.3177291439192,0.1024508095562175,1174.765104784083,0.0155006322314301,-0.5744926341769266,-0.5900343114872117,7.845788973525423,0.0026,2.010996269109696,0.0,-0.0419944215882929,0.5779629746684236,4.084397065859084,0.1838310275754627,1.6249633634520073e-11,4.0081668428121824e-05,0.0001319637049532,0.9997558338415592,21143.57883667011,3.201641559530398,83875.44882026674,17.898553925466206,0.0445239488018868,0.0288482211505153,0.4,-1.813354781528356,-0.1771249771485492,-1.5458339333057447,0.0140445971488952,0.1179320800304412,0.1279967963695526,0.0083919138747039,1.0853433292833756,2.981359629313914,985.3658656571034,-0.1072946715952273,939.626748313072,0.019632361022477,-0.5632298605735351,-0.5865548002707462,7.845539742104234,0.0016,1.0020108190070145,0.0,0.0275470694905811,-0.4229289229155353,3.565657320471625,0.2131172496729284,2.5611169060805868e-11,4.063779649606083e-05,0.000100566992942,0.9995655302096677,24596.94216704292,2.4033363012189968,45527.20175167686,29.740865758805885,0.0616045124997736,0.0281994335972435,0.5714285714285714,-1.6566482585064333,-0.8642576783748519,-0.3022045823409178,0.0050889015197753,0.1262402043739954,0.1314234519004821,0.0048708367044391,1.0410586116537877,0.0,-0.4876765911619092
"MATLAB 3-52 PM Thu, Oct 17, 2024 Run10 .csv",0,4.251750825521032,3588.7283826009925,0.0649878212200964,4493.923649784986,2.500000000290117e-05,-0.6285532208763964,-0.6378104863246558,25.803301249500088,0.0002,-0.9975504556163376,1.0,0.7236883976715598,5.50670764036971,6.943950475422664,0.0006805498845242,8.07368263430171e-13,0.0078329972727161,0.0397650629346337,0.9523984064358604,-3721.5326742772218,2.955279093420577,1582480.7093263192,11.360250795996365,39.69768553190176,81.83654527367625,0.0,-1.8299689943504045,-0.2107782719013158,-1.5000000000000024,0.0038163548707962,0.1750965503851572,0.1786898374557495,0.0031319687344452,1.0205217467887755,4.572210864948379,3956.184533706429,-0.1132809608236535,4596.349721857841,3.000000000094941e-05,-0.6251206451619419,-0.6346053838276061,25.8033876432502,0.0004,-1.006536717296716,1.0,0.540057700553254,7.751728227926515,8.538144819878186,0.0008167710320464,6.549390885553004e-13,0.0145480085986852,0.0793379004024805,0.9061125391754868,62.28430049576501,3.278837819929731,2005177.229013996,9.570643391570982,60.189345956426536,28.983430270443005,0.0,-1.6725178487915775,-0.0093966814179124,-1.4999999999999991,0.0085419011116027,0.1946164286136627,0.2031364834308624,0.0069745014819286,1.043778702948624,0.0,-0.5810876154157862,2,0,4.251750825521032,3588.7283826009925,0.0649878212200964,4493.923649784986,2.500000000290117e-05,-0.6285532208763964,-0.6378104863246558,25.803301249500088,0.0002,-0.9975504556163376,1.0,0.7236883976715598,5.50670764036971,6.943950475422664,0.0006805498845242,8.07368263430171e-13,0.0078329972727161,0.0397650629346337,0.9523984064358604,-3721.5326742772218,2.955279093420577,1582480.7093263192,11.360250795996365,39.69768553190176,81.83654527367625,0.0,-1.8299689943504045,-0.2107782719013158,-1.5000000000000024,0.0038163548707962,0.1750965503851572,0.1786898374557495,0.0031319687344452,1.0205217467887755,4.572210864948379,3956.184533706429,-0.1132809608236535,4596.349721857841,3.000000000094941e-05,-0.6251206451619419,-0.6346053838276061,25.8033876432502,0.0004,-1.006536717296716,1.0,0.540057700553254,7.751728227926515,8.538144819878186,0.0008167710320464,6.549390885553004e-13,0.0145480085986852,0.0793379004024805,0.9061125391754868,62.28430049576501,3.278837819929731,2005177.229013996,9.570643391570982,60.189345956426536,28.983430270443005,0.0,-1.6725178487915775,-0.0093966814179124,-1.4999999999999991,0.0085419011116027,0.1946164286136627,0.2031364834308624,0.0069745014819286,1.043778702948624,0.0,-0.5810876154157862
"MATLAB 3-53 PM Mon, Aug 26, 2024 Run4 .csv",0,5.828619161801903,2410.6005857832406,0.3243591212248391,1319.4337206807918,0.0326925619819482,-0.5142432018888036,-0.5157510739099139,2.2788221800317148,0.0045,1.9981761820206456,0.0307692307692307,0.8057373544484521,40.55609423889815,14.44115405061007,0.211900220647615,1.1654887837925484e-11,0.0004075788882618,0.0004987522515375,0.9974483108272508,-1417.7335074421576,3.16584478674794,653967.8851934079,25.603115804047608,0.2817671085150738,0.3650303727446443,0.3146067415730337,-0.8382761007614286,-0.747495447427069,-0.4578371207474316,0.072295171022415,0.1794510177098787,0.2300620412826538,0.0418006288066771,1.2820325246335391,5.617368458980034,1925.2655956139208,0.109394749166165,1113.26230013005,0.0446649056777642,-0.5055895622170652,-0.5119256757743258,1.9790733860719223,0.00378,-0.010810485448581,0.0161290322580645,0.779358948401623,29.35611389535626,15.743444211777378,0.2800106111647361,1.3242806444469448e-11,0.0001812636783517,0.0001557452429964,0.9995349469351306,5514.259425959282,3.0769068202467182,360137.5250879354,36.22154830368782,0.1006076908687169,0.1308909219953042,1.0,0.3195473560658501,-1.6235699406135398,2.791535263712888,0.0220237955451011,0.1718812760614579,0.208964946269989,0.0218509157348506,1.2157516575294178,1.0,-0.2242904271396247,2,0,5.828619161801903,2410.6005857832406,0.3243591212248391,1319.4337206807918,0.0326925619819482,-0.5142432018888036,-0.5157510739099139,2.2788221800317148,0.0045,1.9981761820206456,0.0307692307692307,0.8057373544484521,40.55609423889815,14.44115405061007,0.211900220647615,1.1654887837925484e-11,0.0004075788882618,0.0004987522515375,0.9974483108272508,-1417.7335074421576,3.16584478674794,653967.8851934079,25.603115804047608,0.2817671085150738,0.3650303727446443,0.3146067415730337,-0.8382761007614286,-0.747495447427069,-0.4578371207474316,0.072295171022415,0.1794510177098787,0.2300620412826538,0.0418006288066771,1.2820325246335391,5.617368458980034,1925.2655956139208,0.109394749166165,1113.26230013005,0.0446649056777642,-0.5055895622170652,-0.5119256757743258,1.9790733860719223,0.00378,-0.010810485448581,0.0161290322580645,0.779358948401623,29.35611389535626,15.743444211777378,0.2800106111647361,1.3242806444469448e-11,0.0001812636783517,0.0001557452429964,0.9995349469351306,5514.259425959282,3.0769068202467182,360137.5250879354,36.22154830368782,0.1006076908687169,0.1308909219953042,1.0,0.3195473560658501,-1.6235699406135398,2.791535263712888,0.0220237955451011,0.1718812760614579,0.208964946269989,0.0218509157348506,1.2157516575294178,1.0,-0.2242904271396247
"MATLAB 3-56 PM Wed, Nov 6, 2024 Run6 .csv",0,5.731865709321296,2282.125229200874,0.2890768565425451,1305.2708043120383,0.0012210734644295,-0.2709615163680677,-0.2827530322914182,-1.6262998312327095,0.0002333333333333,-0.0160683591894097,0.0,2.4757708867428714,102.4125793102872,20.812685871008163,0.0029902096409236,3.915561737980112e-11,0.0002075916316687,0.0002429556715714,0.9993315126543476,876.0606938040796,2.9924617276309244,1084183.660500398,8.526717513937662,0.0481983651819363,0.0739835336132592,1.0,-1.8659664554648423,0.5974053722573914,-1.4379292060904916,0.0290464153885841,0.3190926785767078,0.3470386672019959,0.0171223358430093,1.0875795356695093,5.39991583531509,2281.664878639471,0.0701756539365096,1065.940846012291,0.0008124038397505,-0.2673356789519779,-0.2796933153534928,-1.6254862496114466,0.0002333333333333,-0.0250563792881313,0.0,0.8051421070069016,75.62509723538037,19.338805239564223,0.0019882619688456,8.846113149153499e-11,0.0001270899526434,0.0001404595205153,0.999095608808936,7861.326470170711,2.7494982208376206,397326.593158777,9.87486600504306,0.0488390710997205,0.0565099983696094,1.0,-1.7069019610760572,0.9937641961357768,0.3756666167971327,0.0264250206947326,0.2919076156616211,0.3606187093257904,0.0311369282477122,1.2353864372754806,0.0,-0.4166838902111847,2,0,5.731865709321296,2282.125229200874,0.2890768565425451,1305.2708043120383,0.0012210734644295,-0.2709615163680677,-0.2827530322914182,-1.6262998312327095,0.0002333333333333,-0.0160683591894097,0.0,2.4757708867428714,102.4125793102872,20.812685871008163,0.0029902096409236,3.915561737980112e-11,0.0002075916316687,0.0002429556715714,0.9993315126543476,876.0606938040796,2.9924617276309244,1084183.660500398,8.526717513937662,0.0481983651819363,0.0739835336132592,1.0,-1.8659664554648423,0.5974053722573914,-1.4379292060904916,0.0290464153885841,0.3190926785767078,0.3470386672019959,0.0171223358430093,1.0875795356695093,5.39991583531509,2281.664878639471,0.0701756539365096,1065.940846012291,0.0008124038397505,-0.2673356789519779,-0.2796933153534928,-1.6254862496114466,0.0002333333333333,-0.0250563792881313,0.0,0.8051421070069016,75.62509723538037,19.338805239564223,0.0019882619688456,8.846113149153499e-11,0.0001270899526434,0.0001404595205153,0.999095608808936,7861.326470170711,2.7494982208376206,397326.593158777,9.87486600504306,0.0488390710997205,0.0565099983696094,1.0,-1.7069019610760572,0.9937641961357768,0.3756666167971327,0.0264250206947326,0.2919076156616211,0.3606187093257904,0.0311369282477122,1.2353864372754806,0.0,-0.4166838902111847
"MATLAB 3-57 PM Thu, Aug 29, 2024 Run4 .csv",0,5.888417958702931,2511.515145995389,0.3330369378893358,1275.403199092477,0.0035322273308199,-0.5198307103518636,-0.5324382278876492,1.8998253574197168,0.00105,-0.0174928133104153,0.0,0.6131965056246209,36.340853042865234,12.22483702145408,0.0219984345834162,2.7205272557119387e-11,0.0003321434216275,0.0004008578771151,0.9964138145201724,-945.20682382239,2.505906780719439,598881.9511235841,34.38452520534259,0.3975610634198357,0.6282533485245609,1.0,1.131264509064816,-0.9647840006935672,0.7115644579325111,0.013533136844635,0.2066569391565937,0.2220116817951202,0.0097473472069088,1.074300639026166,5.645275740600788,2138.3107571874007,0.0806913376627653,1019.8037427137908,0.0035403399505847,-0.5164519297277239,-0.5294900790688571,1.9006948765695293,0.00062,-0.0264809686720863,0.0,0.1282597525648144,38.34998575682548,11.970327735986467,0.0220489593425785,6.226463272374391e-11,0.000112248029446,6.893598413480566e-05,0.9991673170149036,8901.424122506489,2.499835046406456,391631.4089353188,47.94878498136032,0.15518321436606,0.3803775466392281,1.0,1.290453107209752,-0.5811930177358633,-1.0226360253409967,0.0291188615560532,0.2533409364954118,0.2768709397315979,0.0175697108249163,1.0928788041983584,0.0,0.5753327068259535,2,0,5.888417958702931,2511.515145995389,0.3330369378893358,1275.403199092477,0.0035322273308199,-0.5198307103518636,-0.5324382278876492,1.8998253574197168,0.00105,-0.0174928133104153,0.0,0.6131965056246209,36.340853042865234,12.22483702145408,0.0219984345834162,2.7205272557119387e-11,0.0003321434216275,0.0004008578771151,0.9964138145201724,-945.20682382239,2.505906780719439,598881.9511235841,34.38452520534259,0.3975610634198357,0.6282533485245609,1.0,1.131264509064816,-0.9647840006935672,0.7115644579325111,0.013533136844635,0.2066569391565937,0.2220116817951202,0.0097473472069088,1.074300639026166,5.645275740600788,2138.3107571874007,0.0806913376627653,1019.8037427137908,0.0035403399505847,-0.5164519297277239,-0.5294900790688571,1.9006948765695293,0.00062,-0.0264809686720863,0.0,0.1282597525648144,38.34998575682548,11.970327735986467,0.0220489593425785,6.226463272374391e-11,0.000112248029446,6.893598413480566e-05,0.9991673170149036,8901.424122506489,2.499835046406456,391631.4089353188,47.94878498136032,0.15518321436606,0.3803775466392281,1.0,1.290453107209752,-0.5811930177358633,-1.0226360253409967,0.0291188615560532,0.2533409364954118,0.2768709397315979,0.0175697108249163,1.0928788041983584,0.0,0.5753327068259535
"MATLAB 4-00 PM Wed, Nov 6, 2024 Run7 .csv",0,5.70386565862132,2261.912987785688,0.287212270683318,1305.59587660886,0.0026348624233709,-0.0993527750734173,-0.1118845989822505,-2.550469442394627,0.00016,-0.0274639921574542,0.0,3.057240647564914,153.25072910179338,25.048064180108053,0.0044764906994627,6.960001871515171e-11,0.0002010771836299,0.0002319686723619,0.9992536009336912,973.3270590712882,3.1339558509369247,1162652.3001258017,12.823270563061737,0.0695872628682679,0.1123076497650638,1.0,-0.8881187392275738,0.7893693053788605,-0.7801453232639721,0.0163487386703491,0.371076801750395,0.4043003749847412,0.0190715479258829,1.0895328758834513,5.389940012594673,2297.3979324139364,0.069641748208592,1043.4754847556485,0.0028323742226897,-0.0963658919941145,-0.1094174270036636,-2.5492083605449625,0.00016,-0.0364530943597718,0.0,0.8809690070128746,107.10299675370914,21.54316214498132,0.0048150181265175,1.3859804454461083e-10,0.0001609696575804,0.0001247517996613,0.9988744690055326,6205.358724245674,2.997009725108934,597785.3131150897,14.11734756001421,0.0723440435186068,0.0869688511347004,1.0,-0.7280614147895834,0.1606408355830912,-1.6954503264969791,0.0837541949748992,0.3354552050431569,0.3878803145885467,0.0390297718436913,1.1562805070758857,0.0,0.4841982573078583,2,0,5.70386565862132,2261.912987785688,0.287212270683318,1305.59587660886,0.0026348624233709,-0.0993527750734173,-0.1118845989822505,-2.550469442394627,0.00016,-0.0274639921574542,0.0,3.057240647564914,153.25072910179338,25.048064180108053,0.0044764906994627,6.960001871515171e-11,0.0002010771836299,0.0002319686723619,0.9992536009336912,973.3270590712882,3.1339558509369247,1162652.3001258017,12.823270563061737,0.0695872628682679,0.1123076497650638,1.0,-0.8881187392275738,0.7893693053788605,-0.7801453232639721,0.0163487386703491,0.371076801750395,0.4043003749847412,0.0190715479258829,1.0895328758834513,5.389940012594673,2297.3979324139364,0.069641748208592,1043.4754847556485,0.0028323742226897,-0.0963658919941145,-0.1094174270036636,-2.5492083605449625,0.00016,-0.0364530943597718,0.0,0.8809690070128746,107.10299675370914,21.54316214498132,0.0048150181265175,1.3859804454461083e-10,0.0001609696575804,0.0001247517996613,0.9988744690055326,6205.358724245674,2.997009725108934,597785.3131150897,14.11734756001421,0.0723440435186068,0.0869688511347004,1.0,-0.7280614147895834,0.1606408355830912,-1.6954503264969791,0.0837541949748992,0.3354552050431569,0.3878803145885467,0.0390297718436913,1.1562805070758857,0.0,0.4841982573078583
"MATLAB 4-01 PM Thu, Oct 17, 2024 Run11 .csv",0,4.889458573882263,2102.007311070673,0.2056983355876835,1170.1628537283812,0.0101856241139947,-0.6269463247826977,-0.6448197943278149,11.645513953023668,0.0036,1.97111155372154,0.0,0.4415017408446878,2.644598722964288,4.918095441563636,0.1640574525106529,4.983234824376438e-12,7.283821909080042e-05,0.0002614993595546,0.9994667868341812,9718.271698058452,4.51811160003938,12117.74342086086,2.929009718256125,0.018115883265869,0.0226447063823371,0.25,-1.890887774697916,-1.9117301049316704,2.277471907494875,0.0039310479164123,0.1212049280107021,0.1265530133247375,0.0067438628915113,1.0441243223506818,5.770145014938655,2326.4527818870333,0.1174534075283706,1075.1466356507076,0.013187099435752,-0.619629712785112,-0.6419641904691866,11.646830972401885,0.0022,1.962122316256273,0.0,0.5643866192263788,3.2974429646435475,5.439971680843038,0.1996316957872929,2.0500953812121778e-12,0.0001756219267835,0.0003012787747281,0.9984718937650804,5685.348703614277,5.495900498582075,11495.93456638799,2.0761016423763747,0.0147201982898667,0.0170737791429713,0.2,-1.730706346503774,0.2102867458754672,-1.2843469258147595,0.0123421925306319,0.1048675943911075,0.1174559593200683,0.0086849842228247,1.120040561643972,0.0,-0.5386699810842746,2,0,4.889458573882263,2102.007311070673,0.2056983355876835,1170.1628537283812,0.0101856241139947,-0.6269463247826977,-0.6448197943278149,11.645513953023668,0.0036,1.97111155372154,0.0,0.4415017408446878,2.644598722964288,4.918095441563636,0.1640574525106529,4.983234824376438e-12,7.283821909080042e-05,0.0002614993595546,0.9994667868341812,9718.271698058452,4.51811160003938,12117.74342086086,2.929009718256125,0.018115883265869,0.0226447063823371,0.25,-1.890887774697916,-1.9117301049316704,2.277471907494875,0.0039310479164123,0.1212049280107021,0.1265530133247375,0.0067438628915113,1.0441243223506818,5.770145014938655,2326.4527818870333,0.1174534075283706,1075.1466356507076,0.013187099435752,-0.619629712785112,-0.6419641904691866,11.646830972401885,0.0022,1.962122316256273,0.0,0.5643866192263788,3.2974429646435475,5.439971680843038,0.1996316957872929,2.0500953812121778e-12,0.0001756219267835,0.0003012787747281,0.9984718937650804,5685.348703614277,5.495900498582075,11495.93456638799,2.0761016423763747,0.0147201982898667,0.0170737791429713,0.2,-1.730706346503774,0.2102867458754672,-1.2843469258147595,0.0123421925306319,0.1048675943911075,0.1174559593200683,0.0086849842228247,1.120040561643972,0.0,-0.5386699810842746
"MATLAB 4-02 PM Wed, Nov 6, 2024 Run8 .csv",0,5.748403284889405,2243.902646117,0.3417783029827319,1317.7252108358232,0.004282410506731,-0.1152817449175203,-0.1289401864224261,-2.6220404628331604,0.0002,-0.0317373545204708,0.0,3.0137892478090804,152.56627622827347,24.894152784825817,0.0074359175195277,6.158271271561805e-11,0.0046860996153815,0.0004586422418994,0.994428967627998,-3805.8323597633935,3.0890324309624884,1007795.310421966,52.20776488454334,1.3271743946358396,5.795230974115476,1.0,6.103574154361402,0.6154843247630475,0.1614303478123551,0.0115207076072692,0.3715675580501556,0.4021632933616638,0.0121803828074035,1.0823423214665535,5.390014247715946,2281.276716649064,0.1160690434642714,1046.4389304141705,0.0042162931569018,-0.1118949607865055,-0.1260077188016695,-2.6206115683978464,0.00018,-0.0407268625116368,0.0,0.9849879381159452,109.3159081901313,23.232684440657696,0.0073204767222909,1.2414531546991187e-10,0.0014414443891717,0.000210619212586,0.9973159143095044,691.88650065271,2.88776170381086,591462.264051802,57.95807906224311,0.7712351358554002,1.9172503147834887,1.0,5.264003790067845,-0.0141137697971103,-1.7034693663893907,0.0975456321239471,0.3518704433441162,0.4150648152828217,0.0479428156582485,1.1795955674427123,0.0,-0.1816327417036783,2,0,5.748403284889405,2243.902646117,0.3417783029827319,1317.7252108358232,0.004282410506731,-0.1152817449175203,-0.1289401864224261,-2.6220404628331604,0.0002,-0.0317373545204708,0.0,3.0137892478090804,152.56627622827347,24.894152784825817,0.0074359175195277,6.158271271561805e-11,0.0046860996153815,0.0004586422418994,0.994428967627998,-3805.8323597633935,3.0890324309624884,1007795.310421966,52.20776488454334,1.3271743946358396,5.795230974115476,1.0,6.103574154361402,0.6154843247630475,0.1614303478123551,0.0115207076072692,0.3715675580501556,0.4021632933616638,0.0121803828074035,1.0823423214665535,5.390014247715946,2281.276716649064,0.1160690434642714,1046.4389304141705,0.0042162931569018,-0.1118949607865055,-0.1260077188016695,-2.6206115683978464,0.00018,-0.0407268625116368,0.0,0.9849879381159452,109.3159081901313,23.232684440657696,0.0073204767222909,1.2414531546991187e-10,0.0014414443891717,0.000210619212586,0.9973159143095044,691.88650065271,2.88776170381086,591462.264051802,57.95807906224311,0.7712351358554002,1.9172503147834887,1.0,5.264003790067845,-0.0141137697971103,-1.7034693663893907,0.0975456321239471,0.3518704433441162,0.4150648152828217,0.0479428156582485,1.1795955674427123,0.0,-0.1816327417036783
"MATLAB 4-05 PM Wed, Nov 6, 2024 Run9 .csv",0,5.699452281466664,2243.060443073694,0.287264198255302,1314.339556613441,0.025739361319332,0.8664549706331899,0.8607542252493736,-3.693585983463678,6e-05,-0.0360107168834875,0.0,4.787784154460059,390.4301480916298,38.135991238438095,0.0164902531742332,3.800678783569625e-11,0.0002671752316078,0.0002162897659317,0.9989541196907168,-300.95826219036053,3.364531425003513,917959.1477863408,11.87222193849911,0.0584978201259814,0.1048690371423785,1.0,3.0952670479503777,0.5127948696958784,-0.1735592448749914,0.0067746001482009,0.3967467892169952,0.4162862801551819,0.0101787949987646,1.0492492730104988,5.388217522175104,2291.146029127362,0.0692979075236941,1039.4485353393993,0.0254890172217877,0.8694958224832448,0.8630019885088263,-3.6919892764427145,6e-05,-0.0450006306635017,0.0,2.1450265319367467,269.7748047589145,35.92103567472777,0.0163328317597987,6.730383996658752e-11,0.0002092903990295,0.0001007402459632,0.9981735188125332,4769.32302408935,3.349044109372004,635802.4701499807,12.875227354969883,0.060689064304246,0.08171656063051,1.0,1.2560689949252724,-1.7193925717867993,1.3959925837226803,0.0245947510004044,0.4087093794345856,0.4352218770980835,0.0400343076844927,1.0648688261086048,0.0,-0.1657790066125867,2,0,5.699452281466664,2243.060443073694,0.287264198255302,1314.339556613441,0.025739361319332,0.8664549706331899,0.8607542252493736,-3.693585983463678,6e-05,-0.0360107168834875,0.0,4.787784154460059,390.4301480916298,38.135991238438095,0.0164902531742332,3.800678783569625e-11,0.0002671752316078,0.0002162897659317,0.9989541196907168,-300.95826219036053,3.364531425003513,917959.1477863408,11.87222193849911,0.0584978201259814,0.1048690371423785,1.0,3.0952670479503777,0.5127948696958784,-0.1735592448749914,0.0067746001482009,0.3967467892169952,0.4162862801551819,0.0101787949987646,1.0492492730104988,5.388217522175104,2291.146029127362,0.0692979075236941,1039.4485353393993,0.0254890172217877,0.8694958224832448,0.8630019885088263,-3.6919892764427145,6e-05,-0.0450006306635017,0.0,2.1450265319367467,269.7748047589145,35.92103567472777,0.0163328317597987,6.730383996658752e-11,0.0002092903990295,0.0001007402459632,0.9981735188125332,4769.32302408935,3.349044109372004,635802.4701499807,12.875227354969883,0.060689064304246,0.08171656063051,1.0,1.2560689949252724,-1.7193925717867993,1.3959925837226803,0.0245947510004044,0.4087093794345856,0.4352218770980835,0.0400343076844927,1.0648688261086048,0.0,-0.1657790066125867
"MATLAB 4-12 PM Wed, Nov 6, 2024 Run10 .csv",0,5.352532784861616,2167.140691822958,0.2068891752723167,1357.3507624179306,0.0012147110315421,-0.6261438188492764,-0.6432829274083363,8.02753820584504,0.00168,1.9483202877854515,0.0,0.2125778899795244,11.99539814062063,8.289304531508915,0.0151542515689632,4.1016891844573655e-11,0.0001484112249855,8.32955052732244e-05,0.9991715324049788,2612.375332304144,3.9098514136630698,445822.5340976298,72.49435048813474,0.185513426129736,0.4228764396798727,0.3351063829787234,-0.9351923422233774,0.412741865694507,-1.0079418165284422,0.0263459885120392,0.178477486333847,0.2070411872863769,0.0147919063893883,1.1600409191056211,5.131193596292883,2167.9599017528594,0.0074550136193156,1139.4805721372868,0.0032680328950137,-0.6228658298085302,-0.6404124134688111,8.029750225680054,0.00362,1.9393288861129925,0.0,0.0676692435554326,7.269616683165445,6.6112085419090825,0.0407706782442003,5.994793570558152e-11,0.0001878564436582,4.334203554363263e-05,0.998912595885614,5317.425244686329,3.56581743482044,533213.7600678353,77.78223215026904,0.2161546934483358,0.3285158310968133,0.3333333333333333,-1.7730252539308258,-0.086733093000606,-0.5643805863725517,0.0195864880084991,0.144695394449234,0.1695837879180908,0.0126226324134577,1.1720054294996158,0.0,-0.5236314509528438,2,0,5.352532784861616,2167.140691822958,0.2068891752723167,1357.3507624179306,0.0012147110315421,-0.6261438188492764,-0.6432829274083363,8.02753820584504,0.00168,1.9483202877854515,0.0,0.2125778899795244,11.99539814062063,8.289304531508915,0.0151542515689632,4.1016891844573655e-11,0.0001484112249855,8.32955052732244e-05,0.9991715324049788,2612.375332304144,3.9098514136630698,445822.5340976298,72.49435048813474,0.185513426129736,0.4228764396798727,0.3351063829787234,-0.9351923422233774,0.412741865694507,-1.0079418165284422,0.0263459885120392,0.178477486333847,0.2070411872863769,0.0147919063893883,1.1600409191056211,5.131193596292883,2167.9599017528594,0.0074550136193156,1139.4805721372868,0.0032680328950137,-0.6228658298085302,-0.6404124134688111,8.029750225680054,0.00362,1.9393288861129925,0.0,0.0676692435554326,7.269616683165445,6.6112085419090825,0.0407706782442003,5.994793570558152e-11,0.0001878564436582,4.334203554363263e-05,0.998912595885614,5317.425244686329,3.56581743482044,533213.7600678353,77.78223215026904,0.2161546934483358,0.3285158310968133,0.3333333333333333,-1.7730252539308258,-0.086733093000606,-0.5643805863725517,0.0195864880084991,0.144695394449234,0.1695837879180908,0.0126226324134577,1.1720054294996158,0.0,-0.5236314509528438
"MATLAB 4-12 PM Wed, Nov 6, 2024 Run11 .csv",0,5.373038288646844,2191.25075008597,0.20915273845958,1359.4735665483113,0.0012704985886689,-0.6253295349250381,-0.6426681232267057,8.521532078488217,0.0013,1.946895833664446,0.0,0.1966509476472671,12.046175311349478,7.677931745943467,0.0154844435075521,3.891511339051964e-11,0.0001306252170412,8.920110504292381e-05,0.9992372926074224,3522.285209797383,3.9537381892389742,448617.7736699437,6.95550747491003,0.0198444957603757,0.041348673326304,0.2413793103448276,-1.937961377693719,-0.0704825149670537,-1.2235569962410522,0.019346821308136,0.1775760224232307,0.1940542078018188,0.0116306964183604,1.0927951034927137,5.2088462321021165,2202.1896340294084,0.0151618173411804,1132.859946896718,0.0032125945699091,-0.6221974122001411,-0.6400091774069364,8.523800035851782,0.0027,1.9379042967290367,0.0,-0.0598160677604493,7.703092314738331,6.289883513317606,0.0392218281341608,5.5047212505177055e-11,0.0002044918670007,4.743215635029604e-05,0.9989511900617978,4885.041174074158,3.5826081487231365,573824.9158945018,7.134222674300782,0.0216869245695987,0.0320885477022449,0.2413793103448276,-1.7756701856450166,0.1022356336970594,-0.6461517885020487,0.0113915574550627,0.1380085774568411,0.1553213703632354,0.009643342436097,1.1254472238278703,0.0,-0.8138468783514342,2,0,5.373038288646844,2191.25075008597,0.20915273845958,1359.4735665483113,0.0012704985886689,-0.6253295349250381,-0.6426681232267057,8.521532078488217,0.0013,1.946895833664446,0.0,0.1966509476472671,12.046175311349478,7.677931745943467,0.0154844435075521,3.891511339051964e-11,0.0001306252170412,8.920110504292381e-05,0.9992372926074224,3522.285209797383,3.9537381892389742,448617.7736699437,6.95550747491003,0.0198444957603757,0.041348673326304,0.2413793103448276,-1.937961377693719,-0.0704825149670537,-1.2235569962410522,0.019346821308136,0.1775760224232307,0.1940542078018188,0.0116306964183604,1.0927951034927137,5.2088462321021165,2202.1896340294084,0.0151618173411804,1132.859946896718,0.0032125945699091,-0.6221974122001411,-0.6400091774069364,8.523800035851782,0.0027,1.9379042967290367,0.0,-0.0598160677604493,7.703092314738331,6.289883513317606,0.0392218281341608,5.5047212505177055e-11,0.0002044918670007,4.743215635029604e-05,0.9989511900617978,4885.041174074158,3.5826081487231365,573824.9158945018,7.134222674300782,0.0216869245695987,0.0320885477022449,0.2413793103448276,-1.7756701856450166,0.1022356336970594,-0.6461517885020487,0.0113915574550627,0.1380085774568411,0.1553213703632354,0.009643342436097,1.1254472238278703,0.0,-0.8138468783514342
"MATLAB 4-14 PM Thu, Oct 17, 2024 Run12 .csv",0,5.36686783693772,2258.82260690519,0.2340034049102115,1265.3054844082296,0.0001376841169748,-0.6644475876240433,-0.6821385148266705,17.508069663323596,0.0038,1.9440469254224348,0.0,0.2969905483418187,5.474496661391795,6.219351482716285,0.0030535077189077,4.158084513668858e-12,0.0001228251793528,0.0001608177165238,0.9994736871216728,3995.425799561008,5.16946700715004,42048.78713561083,3.569923525016377,0.0145622706453259,0.0250257548577035,0.081081081081081,-1.9434994486344013,-0.5507701246955082,-0.8665052985344399,0.0132862415909767,0.0993723094463348,0.1095373201370239,0.0082692395038898,1.102292185291101,5.752880500111569,2336.74324269407,0.0862815883367623,1206.254933425397,0.0008892402925646,-0.661186959435979,-0.6794027052468548,17.51044949574426,0.0032,1.9350551179611275,0.0,0.2070557282546148,6.676748756072694,6.225799594544351,0.0197233271656136,2.704003933133028e-12,0.0001244457743746,0.0001207215529279,0.9982887392265296,8021.877353752938,5.5303606501970926,87251.61982783656,3.657404083810842,0.0134671225073546,0.0197428168444082,0.081081081081081,-1.780960049073398,-0.0562991656422184,-1.222212842137265,0.014139050245285,0.0963870483636855,0.1100153684616088,0.0089747631582548,1.1413916115213028,0.0,-0.8495139571596024,2,0,5.36686783693772,2258.82260690519,0.2340034049102115,1265.3054844082296,0.0001376841169748,-0.6644475876240433,-0.6821385148266705,17.508069663323596,0.0038,1.9440469254224348,0.0,0.2969905483418187,5.474496661391795,6.219351482716285,0.0030535077189077,4.158084513668858e-12,0.0001228251793528,0.0001608177165238,0.9994736871216728,3995.425799561008,5.16946700715004,42048.78713561083,3.569923525016377,0.0145622706453259,0.0250257548577035,0.081081081081081,-1.9434994486344013,-0.5507701246955082,-0.8665052985344399,0.0132862415909767,0.0993723094463348,0.1095373201370239,0.0082692395038898,1.102292185291101,5.752880500111569,2336.74324269407,0.0862815883367623,1206.254933425397,0.0008892402925646,-0.661186959435979,-0.6794027052468548,17.51044949574426,0.0032,1.9350551179611275,0.0,0.2070557282546148,6.676748756072694,6.225799594544351,0.0197233271656136,2.704003933133028e-12,0.0001244457743746,0.0001207215529279,0.9982887392265296,8021.877353752938,5.5303606501970926,87251.61982783656,3.657404083810842,0.0134671225073546,0.0197428168444082,0.081081081081081,-1.780960049073398,-0.0562991656422184,-1.222212842137265,0.014139050245285,0.0963870483636855,0.1100153684616088,0.0089747631582548,1.1413916115213028,0.0,-0.8495139571596024
"MATLAB 4-18 PM Wed, Nov 6, 2024 Run12 .csv",0,5.424522684322973,2187.153653651577,0.2182965252215583,1335.2019004517815,0.002124295546984,-0.6164929150915001,-0.6354348855903369,5.456100661650076,0.0048,1.934075746575396,0.0,0.1534796838922082,16.586870402374117,8.981163731820489,0.0211162579410168,4.70545561548956e-11,7.792256554558243e-05,9.045554211148164e-05,0.999264734769954,8630.85663980966,3.1036091814805,412114.60931037215,10.562636405819418,0.0298947014824473,0.0637382071723544,0.25,-1.962882696926792,-2.3497327788035376,7.413403959089241,0.0106005930900573,0.1736862328648566,0.2004005563259125,0.0190174435999877,1.1538079502354222,5.323403808539567,2285.326135952077,0.017389378460315,1111.645998769799,0.0023317512093398,-0.6133937646489767,-0.6327800528500485,5.458872056770593,0.0022,1.9250829922734425,0.0,0.0972879245804887,10.977215139952968,7.301179249839522,0.0232100131059887,5.1216074468845616e-11,8.469421120993097e-05,4.103599309985563e-05,0.9991803018891854,11797.504075131226,2.8182713231505647,519422.4531858888,10.526277054893606,0.0403480218798751,0.0623678268008695,0.25,-1.7994745710727331,-0.1644373751426145,-1.372945873571232,0.0240360641479492,0.15073801779747,0.170713369846344,0.0143535562969092,1.13251701422605,2.0,-0.276543042283509,2,0,5.424522684322973,2187.153653651577,0.2182965252215583,1335.2019004517815,0.002124295546984,-0.6164929150915001,-0.6354348855903369,5.456100661650076,0.0048,1.934075746575396,0.0,0.1534796838922082,16.586870402374117,8.981163731820489,0.0211162579410168,4.70545561548956e-11,7.792256554558243e-05,9.045554211148164e-05,0.999264734769954,8630.85663980966,3.1036091814805,412114.60931037215,10.562636405819418,0.0298947014824473,0.0637382071723544,0.25,-1.962882696926792,-2.3497327788035376,7.413403959089241,0.0106005930900573,0.1736862328648566,0.2004005563259125,0.0190174435999877,1.1538079502354222,5.323403808539567,2285.326135952077,0.017389378460315,1111.645998769799,0.0023317512093398,-0.6133937646489767,-0.6327800528500485,5.458872056770593,0.0022,1.9250829922734425,0.0,0.0972879245804887,10.977215139952968,7.301179249839522,0.0232100131059887,5.1216074468845616e-11,8.469421120993097e-05,4.103599309985563e-05,0.9991803018891854,11797.504075131226,2.8182713231505647,519422.4531858888,10.526277054893606,0.0403480218798751,0.0623678268008695,0.25,-1.7994745710727331,-0.1644373751426145,-1.372945873571232,0.0240360641479492,0.15073801779747,0.170713369846344,0.0143535562969092,1.13251701422605,2.0,-0.276543042283509
"MATLAB 4-20 PM Thu, Oct 17, 2024 Run13 .csv",0,5.397038111216834,2285.782990383851,0.2357586550928679,1291.8371409216672,0.0035746138724183,-0.6055784402233351,-0.6254052772346657,4.24126745589155,0.0048833333333333,1.9312268383333848,0.0,0.4782107553010428,19.5266711560426,9.668987473431766,0.0314464627134575,4.4201220324174815e-12,0.0001262492151227,0.0001596559394414,0.9994820955376892,3709.20188097342,3.8399971001920696,328848.13759373984,45.10045763579168,0.1782462053243212,0.3210483792108056,0.0650246305418719,8.031579232132525,-0.7455725067309235,2.5786448425978143,0.0135100054740905,0.1061558491488297,0.118538635969162,0.0083657734831507,1.1166472400684364,5.66681599862174,2244.879395942536,0.0712901754812484,1163.9872768109824,0.0034560885521685,-0.602301713372032,-0.6225235807344657,4.210817281594726,0.0012966666666666,1.922233813505532,0.0,0.4229118624445003,19.463169482168265,10.270368026997163,0.0303906401525377,2.8686633812905308e-12,0.0001961548587429,0.0001065106787031,0.9980701838690484,5088.174671100187,3.767934585099772,472349.0492195272,48.74766883490355,0.1452356725783889,0.2351846311911118,0.0654437283093703,1.195235565498885,-0.024980540733864,-1.1366113460386598,0.0178837621212005,0.103458401821412,0.1229368090629577,0.0109072698992806,1.188272841051314,2.0,0.0922177339317165,2,0,5.397038111216834,2285.782990383851,0.2357586550928679,1291.8371409216672,0.0035746138724183,-0.6055784402233351,-0.6254052772346657,4.24126745589155,0.0048833333333333,1.9312268383333848,0.0,0.4782107553010428,19.5266711560426,9.668987473431766,0.0314464627134575,4.4201220324174815e-12,0.0001262492151227,0.0001596559394414,0.9994820955376892,3709.20188097342,3.8399971001920696,328848.13759373984,45.10045763579168,0.1782462053243212,0.3210483792108056,0.0650246305418719,8.031579232132525,-0.7455725067309235,2.5786448425978143,0.0135100054740905,0.1061558491488297,0.118538635969162,0.0083657734831507,1.1166472400684364,5.66681599862174,2244.879395942536,0.0712901754812484,1163.9872768109824,0.0034560885521685,-0.602301713372032,-0.6225235807344657,4.210817281594726,0.0012966666666666,1.922233813505532,0.0,0.4229118624445003,19.463169482168265,10.270368026997163,0.0303906401525377,2.8686633812905308e-12,0.0001961548587429,0.0001065106787031,0.9980701838690484,5088.174671100187,3.767934585099772,472349.0492195272,48.74766883490355,0.1452356725783889,0.2351846311911118,0.0654437283093703,1.195235565498885,-0.024980540733864,-1.1366113460386598,0.0178837621212005,0.103458401821412,0.1229368090629577,0.0109072698992806,1.188272841051314,2.0,0.0922177339317165
"MATLAB 4-20 PM Thu, Oct 17, 2024 Run14 .csv",0,5.387957502792281,2269.6936418518585,0.2340705531702935,1296.135560712995,0.0006749149600267,-0.5949449942110854,-0.6148904730609479,3.4348569451620934,0.0009,1.92980238421238,0.0,0.4637220880680046,21.51715521588038,10.09366825433684,0.0053827101793018,3.936514281339565e-12,0.0001494588282667,0.0001493897315955,0.9994984697157732,2472.624658947754,3.6206736309639385,325516.0316963029,1.400238462559501,0.0054181284427782,0.009606023336777,0.2857142857142857,-1.971189803337816,0.4913551013563141,-1.239519793153347,0.0141096541285514,0.1026934061944484,0.1173782122135162,0.0096359673694423,1.1429965814091538,5.641484042526012,2240.857214984683,0.0664433326758758,1167.2285459799643,0.0008778452275467,-0.5917787434684365,-0.612270344680457,3.43779615286826,0.0011,1.920809224121577,0.0,0.6049558005224556,23.1650812361829,10.621036319040805,0.0070043503912819,2.8289583866666296e-12,0.0002515189235437,9.827709471936184e-05,0.9975828612478912,3966.233821267147,3.5100950729258527,453624.8259353317,1.5285335090266048,0.0046182112822358,0.0077277993363995,0.2857142857142857,-1.8074093662153048,-0.7304305134678221,-0.8389679664951619,0.0159571117162704,0.109116618335247,0.1223386061191559,0.0114650655006055,1.1211729980788627,0.0,-0.8867118547961831,2,0,5.387957502792281,2269.6936418518585,0.2340705531702935,1296.135560712995,0.0006749149600267,-0.5949449942110854,-0.6148904730609479,3.4348569451620934,0.0009,1.92980238421238,0.0,0.4637220880680046,21.51715521588038,10.09366825433684,0.0053827101793018,3.936514281339565e-12,0.0001494588282667,0.0001493897315955,0.9994984697157732,2472.624658947754,3.6206736309639385,325516.0316963029,1.400238462559501,0.0054181284427782,0.009606023336777,0.2857142857142857,-1.971189803337816,0.4913551013563141,-1.239519793153347,0.0141096541285514,0.1026934061944484,0.1173782122135162,0.0096359673694423,1.1429965814091538,5.641484042526012,2240.857214984683,0.0664433326758758,1167.2285459799643,0.0008778452275467,-0.5917787434684365,-0.612270344680457,3.43779615286826,0.0011,1.920809224121577,0.0,0.6049558005224556,23.1650812361829,10.621036319040805,0.0070043503912819,2.8289583866666296e-12,0.0002515189235437,9.827709471936184e-05,0.9975828612478912,3966.233821267147,3.5100950729258527,453624.8259353317,1.5285335090266048,0.0046182112822358,0.0077277993363995,0.2857142857142857,-1.8074093662153048,-0.7304305134678221,-0.8389679664951619,0.0159571117162704,0.109116618335247,0.1223386061191559,0.0114650655006055,1.1211729980788627,0.0,-0.8867118547961831
"MATLAB 4-21 PM Wed, Nov 6, 2024 Run13 .csv",0,5.39772535313287,2139.6750330059035,0.2203847916941757,1349.5053393083426,0.0012093984560504,-0.5665983283551519,-0.5867608647208109,1.419994365234147,0.0006,-0.0730465240296318,0.0,0.308104567584304,28.33065147194788,11.692178010520504,0.0077579793727215,2.851820230315065e-11,9.890271371984646e-05,9.832731098061724e-05,0.9993241271644456,5874.71011574528,2.642171028567481,449341.8306314997,7.931018221418448,0.0215227904645381,0.0426132899517526,1.0,-1.9767278742784988,0.4780540133014718,-1.1048301901823794,0.019157111942768,0.1890974549452463,0.2144297325611114,0.0133858466323653,1.1339641383497208,5.392624888038484,2212.1881682128314,0.0218700196168976,1173.8218443999028,0.0007816067360417,-0.563374243144944,-0.5842638725800964,1.4230454479974135,0.0014,-0.082039954646333,0.0,-0.0368529900351429,20.42918169645288,9.89088051403192,0.0050135133850819,3.3722856523955576e-11,9.759523196935948e-05,4.207017807717622e-05,0.999169726043686,10237.89488360846,2.402856477749684,566597.9027300633,8.340916249074022,0.0225617091836647,0.0404226945348898,1.0,-1.812699229643687,-0.5034316934713137,-0.9603847212768022,0.0335853043198585,0.1651261800527572,0.1877888190746307,0.0184285688550169,1.137244372846467,0.0,-0.7692415693299622,2,0,5.39772535313287,2139.6750330059035,0.2203847916941757,1349.5053393083426,0.0012093984560504,-0.5665983283551519,-0.5867608647208109,1.419994365234147,0.0006,-0.0730465240296318,0.0,0.308104567584304,28.33065147194788,11.692178010520504,0.0077579793727215,2.851820230315065e-11,9.890271371984646e-05,9.832731098061724e-05,0.9993241271644456,5874.71011574528,2.642171028567481,449341.8306314997,7.931018221418448,0.0215227904645381,0.0426132899517526,1.0,-1.9767278742784988,0.4780540133014718,-1.1048301901823794,0.019157111942768,0.1890974549452463,0.2144297325611114,0.0133858466323653,1.1339641383497208,5.392624888038484,2212.1881682128314,0.0218700196168976,1173.8218443999028,0.0007816067360417,-0.563374243144944,-0.5842638725800964,1.4230454479974135,0.0014,-0.082039954646333,0.0,-0.0368529900351429,20.42918169645288,9.89088051403192,0.0050135133850819,3.3722856523955576e-11,9.759523196935948e-05,4.207017807717622e-05,0.999169726043686,10237.89488360846,2.402856477749684,566597.9027300633,8.340916249074022,0.0225617091836647,0.0404226945348898,1.0,-1.812699229643687,-0.5034316934713137,-0.9603847212768022,0.0335853043198585,0.1651261800527572,0.1877888190746307,0.0184285688550169,1.137244372846467,0.0,-0.7692415693299622
"MATLAB 4-22 PM Thu, Oct 10, 2024 Run5 .csv",0,5.63134238130942,2248.878021931885,0.2582135305637897,1247.1089309195067,0.0013631212298589,-0.3743077877924644,-0.3948460607075548,-1.6874579088002737,0.00049,-0.0744709781506376,0.0,-1.9286695277444057,99.4891295913524,20.89877622339072,0.0039028759185046,2.349730055971916e-11,0.0002750884734897,0.000178642111171,0.9981857122181016,-608.0916977542693,3.795056528752752,385339.1689414108,14.231235458360045,0.0983470721565174,0.1544983000009016,1.0,0.02050309025116,0.6226274547755222,-0.9895663513029818,0.0245963573455811,0.1761764057751359,0.2058537769317627,0.0158168197066536,1.1684525860659554,5.951427064139574,2650.3836589119105,0.0680871817472972,1098.0383372205022,0.0019357011053268,-0.3710719931406698,-0.3923106366860417,-1.6843508885084573,0.00051,-0.0834645440302881,0.0,0.5531996709455003,74.48694477774055,17.493608355776985,0.0055418845600331,1.3784643398644215e-11,0.0002134011779342,8.198469368090896e-06,0.9991272148168948,4681.919867963099,3.7779944154595,627945.8665070817,10.707149686159951,0.0472509338988272,0.1669299174572099,1.0,0.1846558386421224,-0.5899657822852108,-0.941952672415474,0.045721081495285,0.2103639732147085,0.2399725484848022,0.0270849150072087,1.1407492681262188,0.0,-0.9053823245900364,2,0,5.63134238130942,2248.878021931885,0.2582135305637897,1247.1089309195067,0.0013631212298589,-0.3743077877924644,-0.3948460607075548,-1.6874579088002737,0.00049,-0.0744709781506376,0.0,-1.9286695277444057,99.4891295913524,20.89877622339072,0.0039028759185046,2.349730055971916e-11,0.0002750884734897,0.000178642111171,0.9981857122181016,-608.0916977542693,3.795056528752752,385339.1689414108,14.231235458360045,0.0983470721565174,0.1544983000009016,1.0,0.02050309025116,0.6226274547755222,-0.9895663513029818,0.0245963573455811,0.1761764057751359,0.2058537769317627,0.0158168197066536,1.1684525860659554,5.951427064139574,2650.3836589119105,0.0680871817472972,1098.0383372205022,0.0019357011053268,-0.3710719931406698,-0.3923106366860417,-1.6843508885084573,0.00051,-0.0834645440302881,0.0,0.5531996709455003,74.48694477774055,17.493608355776985,0.0055418845600331,1.3784643398644215e-11,0.0002134011779342,8.198469368090896e-06,0.9991272148168948,4681.919867963099,3.7779944154595,627945.8665070817,10.707149686159951,0.0472509338988272,0.1669299174572099,1.0,0.1846558386421224,-0.5899657822852108,-0.941952672415474,0.045721081495285,0.2103639732147085,0.2399725484848022,0.0270849150072087,1.1407492681262188,0.0,-0.9053823245900364
"MATLAB 4-23 PM Thu, Oct 17, 2024 Run15 .csv",0,5.4282073937406725,2242.2080727416587,0.2330671283854068,1273.266471593002,0.001321211564021,-0.5482862953105616,-0.5695016480059396,1.391569383942579,0.0009,-0.078744340513654,0.0,0.8389151913723817,33.81281511782238,11.877291599025288,0.0074009162289472,1.960374111764076e-12,0.0002184994166621,0.0001631570080068,0.9995418348983088,316.01886948093124,3.23760764011229,270359.5900265538,0.9011734562722044,0.0056876949408105,0.0075660371189006,1.0,-1.987804016159864,-0.9449037741706476,-0.2728386410614405,0.0057571411132813,0.1012146315972009,0.1068136012554168,0.0054601440362918,1.055317789235234,5.699792961324226,2277.397024311565,0.0633661020758532,1159.384489196938,0.0005999999994642,-0.5450080996067396,-0.5666509283453499,1.3948442168200454,0.0007,-0.0877383121821533,0.0,0.3784849091601416,34.22422597375647,12.34826324349317,0.0033594624859788,1.6460435836526678e-12,0.0002937185497079,0.0001009810242237,0.9982233122931266,3398.5708879660447,2.7682967921759345,338865.6793968822,0.9618996190467444,0.0044213994278181,0.0063553157099571,1.0,-1.82327895650045,0.0350476109758634,-1.833964033326726,0.024525356888771,0.0997787731885909,0.1170890700817108,0.0133785863543245,1.173486768176652,0.0,-0.7117726951379735,2,0,5.4282073937406725,2242.2080727416587,0.2330671283854068,1273.266471593002,0.001321211564021,-0.5482862953105616,-0.5695016480059396,1.391569383942579,0.0009,-0.078744340513654,0.0,0.8389151913723817,33.81281511782238,11.877291599025288,0.0074009162289472,1.960374111764076e-12,0.0002184994166621,0.0001631570080068,0.9995418348983088,316.01886948093124,3.23760764011229,270359.5900265538,0.9011734562722044,0.0056876949408105,0.0075660371189006,1.0,-1.987804016159864,-0.9449037741706476,-0.2728386410614405,0.0057571411132813,0.1012146315972009,0.1068136012554168,0.0054601440362918,1.055317789235234,5.699792961324226,2277.397024311565,0.0633661020758532,1159.384489196938,0.0005999999994642,-0.5450080996067396,-0.5666509283453499,1.3948442168200454,0.0007,-0.0877383121821533,0.0,0.3784849091601416,34.22422597375647,12.34826324349317,0.0033594624859788,1.6460435836526678e-12,0.0002937185497079,0.0001009810242237,0.9982233122931266,3398.5708879660447,2.7682967921759345,338865.6793968822,0.9618996190467444,0.0044213994278181,0.0063553157099571,1.0,-1.82327895650045,0.0350476109758634,-1.833964033326726,0.024525356888771,0.0997787731885909,0.1170890700817108,0.0133785863543245,1.173486768176652,0.0,-0.7117726951379735
"MATLAB 4-23 PM Wed, Nov 6, 2024 Run14 .csv",0,5.36863204888386,2146.427216277503,0.2171288294308924,1350.230885012557,0.0013543710659906,-0.5382744486703952,-0.5593868438324117,0.3840380789768316,0.0005,-0.0801687946346598,0.0,0.2563299043724371,35.54198477407396,13.302821710062387,0.0071428887223652,2.2470951781868383e-11,0.0001511715414462,9.346435323895938e-05,0.9993373853527622,2344.774631193822,2.272867252386169,357297.90956561005,6.605639577926429,0.0176614049142837,0.0370514801489046,1.0,-1.9905730516302056,1.3808634604576164,0.0861099239672,0.0084625476598739,0.1893197302818298,0.2247765231132507,0.0176954442454345,1.1872852490262813,5.433587788473837,2229.903271320544,0.0269899027029286,1189.224383651545,0.0027316164411889,-0.5358693415040006,-0.556847692291448,0.387368849382848,0.0013,-0.0891629015661081,0.0,0.1449557210969493,26.06099455773773,11.043845016873396,0.0144666046795829,2.403637879630348e-11,0.0001168883987453,3.954151065486954e-05,0.9991382647935412,8547.796663470654,2.070402968112085,436005.3542386553,6.786198200232847,0.0278333136749922,0.0452255846979193,1.0,-1.8259238882146407,-1.3474206063497858,0.8350744293810521,0.0204396179318428,0.17265698325634,0.1899689507484436,0.0188446404635756,1.1002679831744826,1.0,-0.8458420013232307,2,0,5.36863204888386,2146.427216277503,0.2171288294308924,1350.230885012557,0.0013543710659906,-0.5382744486703952,-0.5593868438324117,0.3840380789768316,0.0005,-0.0801687946346598,0.0,0.2563299043724371,35.54198477407396,13.302821710062387,0.0071428887223652,2.2470951781868383e-11,0.0001511715414462,9.346435323895938e-05,0.9993373853527622,2344.774631193822,2.272867252386169,357297.90956561005,6.605639577926429,0.0176614049142837,0.0370514801489046,1.0,-1.9905730516302056,1.3808634604576164,0.0861099239672,0.0084625476598739,0.1893197302818298,0.2247765231132507,0.0176954442454345,1.1872852490262813,5.433587788473837,2229.903271320544,0.0269899027029286,1189.224383651545,0.0027316164411889,-0.5358693415040006,-0.556847692291448,0.387368849382848,0.0013,-0.0891629015661081,0.0,0.1449557210969493,26.06099455773773,11.043845016873396,0.0144666046795829,2.403637879630348e-11,0.0001168883987453,3.954151065486954e-05,0.9991382647935412,8547.796663470654,2.070402968112085,436005.3542386553,6.786198200232847,0.0278333136749922,0.0452255846979193,1.0,-1.8259238882146407,-1.3474206063497858,0.8350744293810521,0.0204396179318428,0.17265698325634,0.1899689507484436,0.0188446404635756,1.1002679831744826,1.0,-0.8458420013232307
"MATLAB 4-24 PM Thu, Oct 10, 2024 Run6 .csv",0,5.587696176142893,2205.2225780327663,0.2538122479962358,1232.8312845087485,0.0310025230488128,-0.4350496728195956,-0.4614720397353571,-1.2233591911787922,0.00061,-0.0815932487556652,0.1764705882352941,-1.545987721734858,84.98086018675252,18.58498788600395,0.1054812006677156,3.254456322301598e-11,0.000214302857867,0.0001843176198355,0.9980437380606356,384.032677031908,4.075324111112548,370427.7997581346,18.253901114629127,0.1237738087665875,0.1920469034982488,1.0,0.006657912899453,0.3140624833776564,-1.1649214294209664,0.0287951830029487,0.1845694954605663,0.2128882837295532,0.0167050827104206,1.1534315743688923,5.943497462154832,2624.6816185069074,0.0649971201284055,1097.7502213888918,0.0306471152519061,-0.4319659370202856,-0.4596444563137088,-1.2199724832442254,0.00056,-0.0905874909500632,0.1764705882352941,0.2507517910589598,61.81598591009097,15.89854826638518,0.1043096222251108,1.7931961910484926e-11,0.0001789240818859,8.496949603972647e-06,0.9992263668673108,5584.63878274382,3.893084510743685,546705.3188817492,13.438104696253095,0.0569019901428989,0.2026892469591972,1.0,0.1714311800711685,-0.598012718106503,-0.9679605397367488,0.0404795771837234,0.2027637924516902,0.240688978433609,0.0291270947183244,1.187041214426657,0.0,-0.9351137028990724,2,0,5.587696176142893,2205.2225780327663,0.2538122479962358,1232.8312845087485,0.0310025230488128,-0.4350496728195956,-0.4614720397353571,-1.2233591911787922,0.00061,-0.0815932487556652,0.1764705882352941,-1.545987721734858,84.98086018675252,18.58498788600395,0.1054812006677156,3.254456322301598e-11,0.000214302857867,0.0001843176198355,0.9980437380606356,384.032677031908,4.075324111112548,370427.7997581346,18.253901114629127,0.1237738087665875,0.1920469034982488,1.0,0.006657912899453,0.3140624833776564,-1.1649214294209664,0.0287951830029487,0.1845694954605663,0.2128882837295532,0.0167050827104206,1.1534315743688923,5.943497462154832,2624.6816185069074,0.0649971201284055,1097.7502213888918,0.0306471152519061,-0.4319659370202856,-0.4596444563137088,-1.2199724832442254,0.00056,-0.0905874909500632,0.1764705882352941,0.2507517910589598,61.81598591009097,15.89854826638518,0.1043096222251108,1.7931961910484926e-11,0.0001789240818859,8.496949603972647e-06,0.9992263668673108,5584.63878274382,3.893084510743685,546705.3188817492,13.438104696253095,0.0569019901428989,0.2026892469591972,1.0,0.1714311800711685,-0.598012718106503,-0.9679605397367488,0.0404795771837234,0.2027637924516902,0.240688978433609,0.0291270947183244,1.187041214426657,0.0,-0.9351137028990724
"MATLAB 4-24 PM Thu, Oct 17, 2024 Run16 .csv",0,5.446397568331509,2293.6022340582667,0.2536919822139689,1315.9818165274994,0.0008381527299756,-0.4970940887421243,-0.518607235503453,0.3699256033328204,0.0006,-0.0830177028766709,0.0,0.0564691132531157,35.509903314172625,12.086607036968894,0.0035979941219929,2.2849318531330208e-12,0.0001583772247744,0.0001337539185766,0.99923978012752,2028.8185974673447,4.627621352027537,349477.0309935738,0.8127336350289169,0.003388400612235,0.0060086073978882,1.0,-1.9961111225708883,0.1586237739072096,-1.7263370054149658,0.0172643554210662,0.0995651292800903,0.1102415418624878,0.0085427810447394,1.1072304396086634,5.725707961998149,2293.1236558837923,0.0792982368574373,1157.7360122981197,0.0008845902998682,-0.4938084919862443,-0.5158412202025757,0.3733682487959378,0.0006,-0.0920120803340183,0.0,0.5606593899514076,37.7786996636165,13.230421174488246,0.0037957103653807,1.617322116334647e-12,0.0001893373008345,8.044485472905806e-05,0.997234124789024,5266.971275040058,4.30842275132807,339555.3885246864,0.8578038832389785,0.0030480135319635,0.0055149126197141,1.0,-1.831213751643022,0.0230107444345088,-1.3746302466789155,0.0111596012115477,0.1119338586330413,0.1224844622611999,0.007438347156754,1.0942574816682336,0.0,-0.7511310276334549,2,0,5.446397568331509,2293.6022340582667,0.2536919822139689,1315.9818165274994,0.0008381527299756,-0.4970940887421243,-0.518607235503453,0.3699256033328204,0.0006,-0.0830177028766709,0.0,0.0564691132531157,35.509903314172625,12.086607036968894,0.0035979941219929,2.2849318531330208e-12,0.0001583772247744,0.0001337539185766,0.99923978012752,2028.8185974673447,4.627621352027537,349477.0309935738,0.8127336350289169,0.003388400612235,0.0060086073978882,1.0,-1.9961111225708883,0.1586237739072096,-1.7263370054149658,0.0172643554210662,0.0995651292800903,0.1102415418624878,0.0085427810447394,1.1072304396086634,5.725707961998149,2293.1236558837923,0.0792982368574373,1157.7360122981197,0.0008845902998682,-0.4938084919862443,-0.5158412202025757,0.3733682487959378,0.0006,-0.0920120803340183,0.0,0.5606593899514076,37.7786996636165,13.230421174488246,0.0037957103653807,1.617322116334647e-12,0.0001893373008345,8.044485472905806e-05,0.997234124789024,5266.971275040058,4.30842275132807,339555.3885246864,0.8578038832389785,0.0030480135319635,0.0055149126197141,1.0,-1.831213751643022,0.0230107444345088,-1.3746302466789155,0.0111596012115477,0.1119338586330413,0.1224844622611999,0.007438347156754,1.0942574816682336,0.0,-0.7511310276334549
"MATLAB 4-26 PM Thu, Oct 17, 2024 Run17 .csv",0,5.487279461787004,2310.937398932735,0.2620986361751001,1314.373755955734,0.0103829505961796,-0.3872747393681484,-0.4116128230506645,-1.7520892179682723,0.00042,-0.0872910652396874,0.0,0.2656158888069684,64.7084962005259,17.206602491501968,0.0300079082750484,1.2363920692025174e-12,0.0001996943653419,0.0001376152406088,0.999283151720018,701.7773325621229,4.34965969684995,517882.75497086765,4.315980625963464,0.0176566765510377,0.0319310598576283,1.0,-0.0044182289819127,-0.8650798197157372,0.2484959745587218,0.0064465844631194,0.0983354665082076,0.1063805305957794,0.0056403389837338,1.0818124362780166,5.767153752346467,2342.961444500345,0.0908256676212895,1149.479597580025,0.0102173297076091,-0.3840874558458308,-0.408331512110072,-1.7484787599195055,0.00039,-0.0962858484858832,0.0,0.3000259236834354,60.11519003611843,16.96724884593781,0.0295280259342158,9.443254153633445e-13,0.0003463416440437,8.128552066869889e-05,0.997232845328883,2879.332770051811,4.175346601269852,482876.4190091579,4.501186537487242,0.0157902891655496,0.0277994708634549,1.0,0.1608514532144056,-0.3557709655941091,-0.8723273879704392,0.0179235994815827,0.1034360001827108,0.1182424259185791,0.0101953111897785,1.1431457684917632,1.0,-0.6549260720295887,2,0,5.487279461787004,2310.937398932735,0.2620986361751001,1314.373755955734,0.0103829505961796,-0.3872747393681484,-0.4116128230506645,-1.7520892179682723,0.00042,-0.0872910652396874,0.0,0.2656158888069684,64.7084962005259,17.206602491501968,0.0300079082750484,1.2363920692025174e-12,0.0001996943653419,0.0001376152406088,0.999283151720018,701.7773325621229,4.34965969684995,517882.75497086765,4.315980625963464,0.0176566765510377,0.0319310598576283,1.0,-0.0044182289819127,-0.8650798197157372,0.2484959745587218,0.0064465844631194,0.0983354665082076,0.1063805305957794,0.0056403389837338,1.0818124362780166,5.767153752346467,2342.961444500345,0.0908256676212895,1149.479597580025,0.0102173297076091,-0.3840874558458308,-0.408331512110072,-1.7484787599195055,0.00039,-0.0962858484858832,0.0,0.3000259236834354,60.11519003611843,16.96724884593781,0.0295280259342158,9.443254153633445e-13,0.0003463416440437,8.128552066869889e-05,0.997232845328883,2879.332770051811,4.175346601269852,482876.4190091579,4.501186537487242,0.0157902891655496,0.0277994708634549,1.0,0.1608514532144056,-0.3557709655941091,-0.8723273879704392,0.0179235994815827,0.1034360001827108,0.1182424259185791,0.0101953111897785,1.1431457684917632,1.0,-0.6549260720295887
"MATLAB 4-28 PM Thu, Oct 17, 2024 Run18 .csv",0,5.5174506263226055,2367.110229551225,0.2678241503703863,1321.1992859286802,0.0583575414752821,-0.0433261257395723,-0.0564332149974662,-3.166465732495973,0.00018,-1.0901399734816986,1.0,-0.6478034107058905,133.20744555697777,24.347278569845063,0.0843177820938991,4.133488521538947e-13,0.0002779262651783,0.000127252054639,0.9992092428863488,-721.6307359008256,4.687355339612925,309832.87921930506,2.0477057000159657,0.0089197336976465,0.0176711348254653,0.0,-0.0099562999225955,-0.3248951170049239,-1.2906948597836394,0.0101733052730559,0.0963188984394073,0.1033252620697021,0.0055155408763342,1.072741318098674,5.800015302741333,2386.833598681,0.0989147342522012,1165.8261257781696,0.058347783775653,-0.0401329558015977,-0.054775040295327,-3.1627433993901057,0.0002,-1.0991350272537934,1.0,0.4622579719907895,102.95302320026786,21.80193558558696,0.084300203672045,3.5522218956372483e-13,0.0005777313235859,7.5919283137799e-05,0.9963871959678188,1724.654965535454,4.522566901674341,296600.5540263826,2.138670747513368,0.0082338205094002,0.0161031077173148,0.0,1.155561589786024,-0.0857615512295889,-0.7271476442316707,0.0072455805540084,0.10170632314682,0.1139695477485656,0.0070294990631236,1.1205748494520125,1.0,-0.8489976309303886,2,0,5.5174506263226055,2367.110229551225,0.2678241503703863,1321.1992859286802,0.0583575414752821,-0.0433261257395723,-0.0564332149974662,-3.166465732495973,0.00018,-1.0901399734816986,1.0,-0.6478034107058905,133.20744555697777,24.347278569845063,0.0843177820938991,4.133488521538947e-13,0.0002779262651783,0.000127252054639,0.9992092428863488,-721.6307359008256,4.687355339612925,309832.87921930506,2.0477057000159657,0.0089197336976465,0.0176711348254653,0.0,-0.0099562999225955,-0.3248951170049239,-1.2906948597836394,0.0101733052730559,0.0963188984394073,0.1033252620697021,0.0055155408763342,1.072741318098674,5.800015302741333,2386.833598681,0.0989147342522012,1165.8261257781696,0.058347783775653,-0.0401329558015977,-0.054775040295327,-3.1627433993901057,0.0002,-1.0991350272537934,1.0,0.4622579719907895,102.95302320026786,21.80193558558696,0.084300203672045,3.5522218956372483e-13,0.0005777313235859,7.5919283137799e-05,0.9963871959678188,1724.654965535454,4.522566901674341,296600.5540263826,2.138670747513368,0.0082338205094002,0.0161031077173148,0.0,1.155561589786024,-0.0857615512295889,-0.7271476442316707,0.0072455805540084,0.10170632314682,0.1139695477485656,0.0070294990631236,1.1205748494520125,1.0,-0.8489976309303886
"MATLAB 4-29 PM Wed, Nov 6, 2024 Run15 .csv",0,5.441887477022276,2233.786822504061,0.2234968565719137,1357.3220543836974,0.0063357889919866,-0.1301115380971912,-0.1572388023633929,-2.6879244969240053,0.00015,-0.0944133358447154,0.0,0.4339570525612014,93.12108147992392,20.61124621115302,0.010411002351318,9.903752735012254e-12,0.0002570032764982,8.259302616422279e-05,0.9990561614802173,-451.3986541980476,3.652500229651589,307665.4359731799,2.2790040033021564,0.0063835463693505,0.0154741606176044,1.0,-2.01826340633362,-0.7207699595704612,-0.8829815224499691,0.0129673820734024,0.1967660397291183,0.2162127757072449,0.0175482319710509,1.0988317699786927,5.591559237173345,2325.675472536183,0.0602561651252843,1201.6537877473872,0.0074944423786576,-0.1268262052024719,-0.1548153320217538,-2.684034351232488,0.00025,-0.1034087954056586,0.0,-0.5719750680998598,73.00462721105734,17.926739202384923,0.0123122102600593,5.877062988832969e-12,0.0002767572993163,3.522626651516581e-05,0.9992694567960368,3610.634513577443,3.30625384941755,524181.842704644,2.1738088556927857,0.0060537458842746,0.0140151616071239,1.0,-1.852373205356548,0.7192721473657201,-0.8822941957673454,0.0160504403710365,0.1533813872933387,0.1895069658756256,0.0222530770560397,1.2355277861269922,0.0,-0.9999635801869464,2,0,5.441887477022276,2233.786822504061,0.2234968565719137,1357.3220543836974,0.0063357889919866,-0.1301115380971912,-0.1572388023633929,-2.6879244969240053,0.00015,-0.0944133358447154,0.0,0.4339570525612014,93.12108147992392,20.61124621115302,0.010411002351318,9.903752735012254e-12,0.0002570032764982,8.259302616422279e-05,0.9990561614802173,-451.3986541980476,3.652500229651589,307665.4359731799,2.2790040033021564,0.0063835463693505,0.0154741606176044,1.0,-2.01826340633362,-0.7207699595704612,-0.8829815224499691,0.0129673820734024,0.1967660397291183,0.2162127757072449,0.0175482319710509,1.0988317699786927,5.591559237173345,2325.675472536183,0.0602561651252843,1201.6537877473872,0.0074944423786576,-0.1268262052024719,-0.1548153320217538,-2.684034351232488,0.00025,-0.1034087954056586,0.0,-0.5719750680998598,73.00462721105734,17.926739202384923,0.0123122102600593,5.877062988832969e-12,0.0002767572993163,3.522626651516581e-05,0.9992694567960368,3610.634513577443,3.30625384941755,524181.842704644,2.1738088556927857,0.0060537458842746,0.0140151616071239,1.0,-1.852373205356548,0.7192721473657201,-0.8822941957673454,0.0160504403710365,0.1533813872933387,0.1895069658756256,0.0222530770560397,1.2355277861269922,0.0,-0.9999635801869464
"MATLAB 4-59 PM Tue, Oct 1, 2024 Run12 .csv",0,5.896155905072323,2437.7282990222466,0.2496531700376654,1188.7445465009732,0.0070671034048691,0.3019350189287665,0.2750720850859975,-3.838820890769896,0.0001,-0.1243268723858319,0.0,-2.539633370137707,293.56817959722906,31.62495637776057,0.0066465260149549,6.101240174636069e-12,0.0002149602375207,7.93294581021244e-05,0.9974006244366408,148.14868886553904,4.215731044194919,300859.7103989854,5.110989429022216,0.0275514797136344,0.0634762620517043,1.0,-1.0764131512107888,-0.1535617874700555,-1.5715449434305948,0.0280463048815727,0.2188147978782653,0.2372276258468628,0.0154840439946476,1.084148001630315,5.905047574497082,2927.660448476445,0.0301712783970853,1053.0791699033798,0.0066691291694646,0.3047432702994717,0.2772526249049898,-3.833756056978827,9e-05,-0.1333251724687145,0.0,0.092959138672264,273.06942799849975,34.10187464907649,0.0062737438935425,1.0524878065764768e-11,0.0002404110935834,7.429066809533237e-06,0.9992142117973788,4156.273310452193,3.5677937579289574,559461.9749079174,4.285512961987113,0.0281730518954364,0.0893806886043737,1.0,0.0920832286454464,0.2919750340399481,-1.5065145710460843,0.0274011966586113,0.2635299860239029,0.285146187543869,0.014298403222317,1.0820255859536436,0.0,-0.8327307067551191,2,0,5.896155905072323,2437.7282990222466,0.2496531700376654,1188.7445465009732,0.0070671034048691,0.3019350189287665,0.2750720850859975,-3.838820890769896,0.0001,-0.1243268723858319,0.0,-2.539633370137707,293.56817959722906,31.62495637776057,0.0066465260149549,6.101240174636069e-12,0.0002149602375207,7.93294581021244e-05,0.9974006244366408,148.14868886553904,4.215731044194919,300859.7103989854,5.110989429022216,0.0275514797136344,0.0634762620517043,1.0,-1.0764131512107888,-0.1535617874700555,-1.5715449434305948,0.0280463048815727,0.2188147978782653,0.2372276258468628,0.0154840439946476,1.084148001630315,5.905047574497082,2927.660448476445,0.0301712783970853,1053.0791699033798,0.0066691291694646,0.3047432702994717,0.2772526249049898,-3.833756056978827,9e-05,-0.1333251724687145,0.0,0.092959138672264,273.06942799849975,34.10187464907649,0.0062737438935425,1.0524878065764768e-11,0.0002404110935834,7.429066809533237e-06,0.9992142117973788,4156.273310452193,3.5677937579289574,559461.9749079174,4.285512961987113,0.0281730518954364,0.0893806886043737,1.0,0.0920832286454464,0.2919750340399481,-1.5065145710460843,0.0274011966586113,0.2635299860239029,0.285146187543869,0.014298403222317,1.0820255859536436,0.0,-0.8327307067551191
"MATLAB 5-05 PM Thu, Oct 10, 2024 Run14.csv",0,5.748273773679714,2616.706178303425,0.218338902706914,1222.2566154729898,0.0344689390891829,-0.3966842553207145,-0.4315835017396039,-2.060346658719233,0.00045,-0.1286002347488488,0.0,-1.1072837546420906,95.50288304017631,22.60366028274294,0.0936919981709527,5.605799343714169e-13,0.0001937218109466,3.6943278366199633e-05,0.9961844384937172,628.6981793503764,4.387680650430402,379346.6071951987,1.77812470540194,0.0096913650627748,0.0258009256900913,1.0,-2.084720257621813,-0.1018768583484173,-0.4661556724727038,0.0056578689813613,0.0804433569312095,0.0884235191345215,0.0040560979229579,1.099202252463633,5.824591264772266,3075.6098065298734,0.0002717965874397,998.7976838533864,0.0349697646868855,-0.3935293436389928,-0.4260376662793574,-2.0551140123425133,0.00041,-0.1375989406205797,0.0,0.4568584428786369,82.03998442195521,19.90964259204997,0.0950265345593447,7.225453658466879e-13,0.0003744389736745,5.779011838777216e-06,0.9984081931758388,2666.41098648961,3.829325645411626,657471.5412278299,1.3380680828590197,0.0113485650258864,0.0379528873501828,1.0,0.0841484335028741,-0.4951740172371187,-1.0603740214423296,0.0220962417125701,0.1132151851058006,0.1299732434749603,0.0128643566652982,1.14801952894834,0.0,-0.4054522216640435,2,0,5.748273773679714,2616.706178303425,0.218338902706914,1222.2566154729898,0.0344689390891829,-0.3966842553207145,-0.4315835017396039,-2.060346658719233,0.00045,-0.1286002347488488,0.0,-1.1072837546420906,95.50288304017631,22.60366028274294,0.0936919981709527,5.605799343714169e-13,0.0001937218109466,3.6943278366199633e-05,0.9961844384937172,628.6981793503764,4.387680650430402,379346.6071951987,1.77812470540194,0.0096913650627748,0.0258009256900913,1.0,-2.084720257621813,-0.1018768583484173,-0.4661556724727038,0.0056578689813613,0.0804433569312095,0.0884235191345215,0.0040560979229579,1.099202252463633,5.824591264772266,3075.6098065298734,0.0002717965874397,998.7976838533864,0.0349697646868855,-0.3935293436389928,-0.4260376662793574,-2.0551140123425133,0.00041,-0.1375989406205797,0.0,0.4568584428786369,82.03998442195521,19.90964259204997,0.0950265345593447,7.225453658466879e-13,0.0003744389736745,5.779011838777216e-06,0.9984081931758388,2666.41098648961,3.829325645411626,657471.5412278299,1.3380680828590197,0.0113485650258864,0.0379528873501828,1.0,0.0841484335028741,-0.4951740172371187,-1.0603740214423296,0.0220962417125701,0.1132151851058006,0.1299732434749603,0.0128643566652982,1.14801952894834,0.0,-0.4054522216640435
