file_name,is_noise_x,a0_spectral_entropy_x,a0_spectral_centroid_x,a0_spectral_flatness_x,a0_spectral_bandwidth_x,a0_std_dev_time_diff_x,a0_mean_time_diff_x,a0_median_time_diff_x,a0_peaks_per_second_x,a0_percent_time_above_threshold_x,a0_num_boilings_x,a0_unused_peak_proportion_x,a0_skewness_x,a0_kurtosis_x,a0_crest_factor_x,a0_burstiness_x,a0_spectral_flux_x,a0_low_band_power_x,a0_mid_band_power_x,a0_high_band_power_x,a0_high_to_low_ratio_x,a0_mean_spectral_entropy_time_x,a0_var_spectral_centroid_time_x,a0_wavelet_energy_low_scale_x,a0_wavelet_energy_mid_scale_x,a0_wavelet_energy_high_scale_x,a0_regime_dominance_x,a0_rms_change_points_x,a0_skew_peak_magnitude_x,a0_kurtosis_peak_magnitude_x,a0_iqr_peak_magnitude_x,a0_mean_peak_magnitude_x,a0_max_peak_magnitude_x,a0_std_peak_magnitude_x,a0_max_to_mean_peak_ratio_x,a1_spectral_entropy_x,a1_spectral_centroid_x,a1_spectral_flatness_x,a1_spectral_bandwidth_x,a1_std_dev_time_diff_x,a1_mean_time_diff_x,a1_median_time_diff_x,a1_peaks_per_second_x,a1_percent_time_above_threshold_x,a1_num_boilings_x,a1_unused_peak_proportion_x,a1_skewness_x,a1_kurtosis_x,a1_crest_factor_x,a1_burstiness_x,a1_spectral_flux_x,a1_low_band_power_x,a1_mid_band_power_x,a1_high_band_power_x,a1_high_to_low_ratio_x,a1_mean_spectral_entropy_time_x,a1_var_spectral_centroid_time_x,a1_wavelet_energy_low_scale_x,a1_wavelet_energy_mid_scale_x,a1_wavelet_energy_high_scale_x,a1_regime_dominance_x,a1_rms_change_points_x,a1_skew_peak_magnitude_x,a1_kurtosis_peak_magnitude_x,a1_iqr_peak_magnitude_x,a1_mean_peak_magnitude_x,a1_max_peak_magnitude_x,a1_std_peak_magnitude_x,a1_max_to_mean_peak_ratio_x,num_peak_mag_high_diff_x,peak_mag_correlation_x,cluster,is_noise_y,a0_spectral_entropy_y,a0_spectral_centroid_y,a0_spectral_flatness_y,a0_spectral_bandwidth_y,a0_std_dev_time_diff_y,a0_mean_time_diff_y,a0_median_time_diff_y,a0_peaks_per_second_y,a0_percent_time_above_threshold_y,a0_num_boilings_y,a0_unused_peak_proportion_y,a0_skewness_y,a0_kurtosis_y,a0_crest_factor_y,a0_burstiness_y,a0_spectral_flux_y,a0_low_band_power_y,a0_mid_band_power_y,a0_high_band_power_y,a0_high_to_low_ratio_y,a0_mean_spectral_entropy_time_y,a0_var_spectral_centroid_time_y,a0_wavelet_energy_low_scale_y,a0_wavelet_energy_mid_scale_y,a0_wavelet_energy_high_scale_y,a0_regime_dominance_y,a0_rms_change_points_y,a0_skew_peak_magnitude_y,a0_kurtosis_peak_magnitude_y,a0_iqr_peak_magnitude_y,a0_mean_peak_magnitude_y,a0_max_peak_magnitude_y,a0_std_peak_magnitude_y,a0_max_to_mean_peak_ratio_y,a1_spectral_entropy_y,a1_spectral_centroid_y,a1_spectral_flatness_y,a1_spectral_bandwidth_y,a1_std_dev_time_diff_y,a1_mean_time_diff_y,a1_median_time_diff_y,a1_peaks_per_second_y,a1_percent_time_above_threshold_y,a1_num_boilings_y,a1_unused_peak_proportion_y,a1_skewness_y,a1_kurtosis_y,a1_crest_factor_y,a1_burstiness_y,a1_spectral_flux_y,a1_low_band_power_y,a1_mid_band_power_y,a1_high_band_power_y,a1_high_to_low_ratio_y,a1_mean_spectral_entropy_time_y,a1_var_spectral_centroid_time_y,a1_wavelet_energy_low_scale_y,a1_wavelet_energy_mid_scale_y,a1_wavelet_energy_high_scale_y,a1_regime_dominance_y,a1_rms_change_points_y,a1_skew_peak_magnitude_y,a1_kurtosis_peak_magnitude_y,a1_iqr_peak_magnitude_y,a1_mean_peak_magnitude_y,a1_max_peak_magnitude_y,a1_std_peak_magnitude_y,a1_max_to_mean_peak_ratio_y,num_peak_mag_high_diff_y,peak_mag_correlation_y,match_name,Label,subcluster
"MATLAB 1-31 PM Tue, Oct 29, 2024 Run7 .csv",0,5.7024668299712165,2228.0870504441787,0.2685828859481679,1288.6824700317752,0.0150805366717456,0.0308516756231641,0.0917208038700855,0.8480435869351188,0.0003866666666666,0.4483036842584021,0.0,0.6108894868643309,93.14314502131334,19.15870305860564,0.0420855959997613,3.137912549009662e-11,0.0001793725342033,0.0001549141183453,0.9993542230529476,4009.516178865276,4.339070827553885,527620.2615312,60.0129268082407,0.288227428450593,0.4859367221649878,1.0,10.036739107866453,-0.5869362930339933,0.059309444512372,0.011862216591835,0.2371625153223673,0.2516834473609924,0.0086095185659399,1.061227770412568,5.8723817031464005,2535.182632841466,0.1343429073794516,1115.7030388091737,0.0153968923279958,0.0355567536192767,0.0984517279060903,0.8306215342490586,0.0005533333333333,0.4393597598812121,0.0,-0.4160986713497284,65.88189100303155,17.02883079739847,0.0429740921180127,2.9756719110698494e-11,0.0001655077502725,3.991447266395643e-05,0.9994296029382086,6038.5667818703205,3.871744156388832,657073.0789447617,53.79359099908057,0.2480793553845338,0.5481666556533531,1.0,7.155345777750124,-0.3310628856529078,-1.3037201374802043,0.0636366492509842,0.2286219528317451,0.273906911611557,0.0323287989716384,1.198077910799491,6.0,0.553570067064734,1,0,5.7024668299712165,2228.0870504441787,0.2685828859481679,1288.6824700317752,0.0150805366717456,0.0308516756231641,0.0917208038700855,0.8480435869351188,0.0003866666666666,0.4483036842584021,0.0,0.6108894868643309,93.14314502131334,19.15870305860564,0.0420855959997613,3.137912549009662e-11,0.0001793725342033,0.0001549141183453,0.9993542230529476,4009.516178865276,4.339070827553885,527620.2615312,60.0129268082407,0.288227428450593,0.4859367221649878,1.0,10.036739107866453,-0.5869362930339933,0.059309444512372,0.011862216591835,0.2371625153223673,0.2516834473609924,0.0086095185659399,1.061227770412568,5.8723817031464005,2535.182632841466,0.1343429073794516,1115.7030388091737,0.0153968923279958,0.0355567536192767,0.0984517279060903,0.8306215342490586,0.0005533333333333,0.4393597598812121,0.0,-0.4160986713497284,65.88189100303155,17.02883079739847,0.0429740921180127,2.9756719110698494e-11,0.0001655077502725,3.991447266395643e-05,0.9994296029382086,6038.5667818703205,3.871744156388832,657073.0789447617,53.79359099908057,0.2480793553845338,0.5481666556533531,1.0,7.155345777750124,-0.3310628856529078,-1.3037201374802043,0.0636366492509842,0.2286219528317451,0.273906911611557,0.0323287989716384,1.198077910799491,6.0,0.553570067064734,"MATLAB 1-31 PM Tue, Oct 29, 2024 Run7 .csv",1.0,3
"MATLAB 1-53 PM Tue, Oct 29, 2024 Run14 .csv",0,4.902515817291889,1812.088977896544,0.1870691423001112,1072.146497731243,0.0211024285203776,-0.0512861957985503,-0.0019442872988308,1.1613545834035492,0.00254,1.4112678771122575,0.0,-0.529292005325064,81.07647588308909,19.054045431621827,0.0693581324400693,9.093422247834987e-10,0.0001823980936169,0.0001327445015054,0.9993753037298938,3727.718786749393,3.831495872073908,483569.8402090831,54.09164964266667,0.2160616483000624,0.3340856588800566,0.53125,-0.0352558143624228,0.4868429956058405,-1.382703355474848,0.1279865157604217,0.2779395000139872,0.4239793884754181,0.0790670076724783,1.5254376886123833,6.0693677246822775,2528.494699525648,0.1665886530151913,1124.161301699733,0.0218548225948027,-0.0465683207327481,0.0029358656209735,1.145386906459791,0.00143,0.402320435898381,0.0,0.1238885807030149,51.79631603572137,17.355179642384826,0.0718133515071797,5.851926317864137e-11,0.0001621038941073,3.706875965746994e-05,0.9993656712722724,6164.970167902051,3.47397505517909,645850.5760597594,24.63425392429237,0.1138333259258109,0.2891690747576655,1.0,1.0865775531811646,0.0757693224621993,0.2119415766265673,0.0502843868732452,0.2330484608809153,0.3326740860939026,0.0388145990156792,1.4274888786495552,1.0,0.3102124386945363,1,0,4.902515817291889,1812.088977896544,0.1870691423001112,1072.146497731243,0.0211024285203776,-0.0512861957985503,-0.0019442872988308,1.1613545834035492,0.00254,1.4112678771122575,0.0,-0.529292005325064,81.07647588308909,19.054045431621827,0.0693581324400693,9.093422247834987e-10,0.0001823980936169,0.0001327445015054,0.9993753037298938,3727.718786749393,3.831495872073908,483569.8402090831,54.09164964266667,0.2160616483000624,0.3340856588800566,0.53125,-0.0352558143624228,0.4868429956058405,-1.382703355474848,0.1279865157604217,0.2779395000139872,0.4239793884754181,0.0790670076724783,1.5254376886123833,6.0693677246822775,2528.494699525648,0.1665886530151913,1124.161301699733,0.0218548225948027,-0.0465683207327481,0.0029358656209735,1.145386906459791,0.00143,0.402320435898381,0.0,0.1238885807030149,51.79631603572137,17.355179642384826,0.0718133515071797,5.851926317864137e-11,0.0001621038941073,3.706875965746994e-05,0.9993656712722724,6164.970167902051,3.47397505517909,645850.5760597594,24.63425392429237,0.1138333259258109,0.2891690747576655,1.0,1.0865775531811646,0.0757693224621993,0.2119415766265673,0.0502843868732452,0.2330484608809153,0.3326740860939026,0.0388145990156792,1.4274888786495552,1.0,0.3102124386945363,"MATLAB 1-53 PM Tue, Oct 29, 2024 Run14 .csv",2.0,3
"MATLAB 1-59 PM Tue, Oct 29, 2024 Run16 .csv",0,5.547537368796647,2114.786941742135,0.2348560011703558,1262.5422760303393,0.0073650639215752,0.0399850923482737,0.0862445377184275,0.31825904317007,0.00064,0.4027211523862243,0.0,-0.8819611479429887,104.59271722386308,20.39145819443228,0.0183210545474963,6.005459029408855e-11,0.0001585159762382,9.465836089962376e-05,0.999189702219448,4508.300882112279,4.139603209225781,539939.0743502462,23.081501502591447,0.0892164235280588,0.1579542908505541,1.0,3.948129972815528,0.3398188995627642,-0.5592194313786099,0.0301729452610015,0.2245182228088379,0.2800772047042847,0.0253000264261344,1.2474586748477496,5.936943642373537,2626.722129836289,0.1256453492232204,1172.775495274946,0.0079495708669205,0.0449652695179715,0.0938552819146001,0.302626991397612,0.00061,0.3937728995946508,0.0,0.5145706023458682,64.97303231258255,17.150680162446378,0.0197572360097081,2.5477999510248856e-11,0.0001784370601253,1.3651070560528185e-05,0.9992737088310836,5600.146674291622,3.415362432516726,661601.8562047665,16.716144068541865,0.0697195836593739,0.1961094655646262,1.0,3.0707079628960203,-0.8116260488475697,-0.4919339038258496,0.0456908822059632,0.2334059379100799,0.2670118355751038,0.0322914914484871,1.143980474386948,0.0,0.5501264755074604,1,0,5.547537368796647,2114.786941742135,0.2348560011703558,1262.5422760303393,0.0073650639215752,0.0399850923482737,0.0862445377184275,0.31825904317007,0.00064,0.4027211523862243,0.0,-0.8819611479429887,104.59271722386308,20.39145819443228,0.0183210545474963,6.005459029408855e-11,0.0001585159762382,9.465836089962376e-05,0.999189702219448,4508.300882112279,4.139603209225781,539939.0743502462,23.081501502591447,0.0892164235280588,0.1579542908505541,1.0,3.948129972815528,0.3398188995627642,-0.5592194313786099,0.0301729452610015,0.2245182228088379,0.2800772047042847,0.0253000264261344,1.2474586748477496,5.936943642373537,2626.722129836289,0.1256453492232204,1172.775495274946,0.0079495708669205,0.0449652695179715,0.0938552819146001,0.302626991397612,0.00061,0.3937728995946508,0.0,0.5145706023458682,64.97303231258255,17.150680162446378,0.0197572360097081,2.5477999510248856e-11,0.0001784370601253,1.3651070560528185e-05,0.9992737088310836,5600.146674291622,3.415362432516726,661601.8562047665,16.716144068541865,0.0697195836593739,0.1961094655646262,1.0,3.0707079628960203,-0.8116260488475697,-0.4919339038258496,0.0456908822059632,0.2334059379100799,0.2670118355751038,0.0322914914484871,1.143980474386948,0.0,0.5501264755074604,"MATLAB 1-59 PM Tue, Oct 29, 2024 Run16 .csv",1.0,3
"MATLAB 12-25 PM Fri, Sep 6, 2024 Run0 .csv",0,5.785486945087604,2732.2210378594027,0.2205207179520062,1002.0438479612534,0.0483084374065205,-0.1957032344373439,-0.1343205533421619,2.8315733749002887,0.0044,0.3656853452400799,0.0192307692307692,-0.8323272617453195,51.9082699922381,16.84846772020625,0.2485352879969062,2.298990153126463e-11,0.0001185112246433,4.4495918512113536e-05,0.9984877224119204,6440.662333413111,3.0327716674678924,591086.6522900857,14.457604260104818,0.1030643557124238,0.2606022753424782,1.0,-0.1238649494133476,-2.44342012204029,5.711909899180322,0.0158261945843697,0.1914764809837708,0.2368382477760315,0.027886658310092,1.2369051622382046,6.138582997222975,2936.6285088635327,0.0724666986232232,1103.8372158846362,0.048387738815409,-0.1911751403062136,-0.1281605802623303,2.8173956988701327,0.00286,2.35673357561182,0.5576923076923077,0.5060044261947395,58.64528041463712,19.03065561439087,0.2489181643907828,4.1163577354017586e-11,8.287990366583977e-05,3.81301716168922e-06,0.9992602131467626,12056.72507988958,3.1145739858322714,786884.8085221677,19.96672087444367,0.1374867750264582,0.3938568973909102,0.4,0.0019397383270609,-0.4975981891343415,-0.8728106573071202,0.1183060371875763,0.2924810067506936,0.4212229001522065,0.069962500836383,1.4401718075021892,0.0,0.6749739711353322,1,0,5.785486945087604,2732.2210378594027,0.2205207179520062,1002.0438479612534,0.0483084374065205,-0.1957032344373439,-0.1343205533421619,2.8315733749002887,0.0044,0.3656853452400799,0.0192307692307692,-0.8323272617453195,51.9082699922381,16.84846772020625,0.2485352879969062,2.298990153126463e-11,0.0001185112246433,4.4495918512113536e-05,0.9984877224119204,6440.662333413111,3.0327716674678924,591086.6522900857,14.457604260104818,0.1030643557124238,0.2606022753424782,1.0,-0.1238649494133476,-2.44342012204029,5.711909899180322,0.0158261945843697,0.1914764809837708,0.2368382477760315,0.027886658310092,1.2369051622382046,6.138582997222975,2936.6285088635327,0.0724666986232232,1103.8372158846362,0.048387738815409,-0.1911751403062136,-0.1281605802623303,2.8173956988701327,0.00286,2.35673357561182,0.5576923076923077,0.5060044261947395,58.64528041463712,19.03065561439087,0.2489181643907828,4.1163577354017586e-11,8.287990366583977e-05,3.81301716168922e-06,0.9992602131467626,12056.72507988958,3.1145739858322714,786884.8085221677,19.96672087444367,0.1374867750264582,0.3938568973909102,0.4,0.0019397383270609,-0.4975981891343415,-0.8728106573071202,0.1183060371875763,0.2924810067506936,0.4212229001522065,0.069962500836383,1.4401718075021892,0.0,0.6749739711353322,"MATLAB 12-25 PM Fri, Sep 6, 2024 Run0 .csv",1.0,3
"MATLAB 12-29 PM Fri, Sep 6, 2024 Run2 .csv",0,5.795777136564452,2716.9772531935914,0.2169141055262674,1012.299874035424,0.0247264688722671,-0.0614686576102183,-0.0202465325296193,0.5956450898617751,0.00029,0.3585630746350521,0.0333333333333333,-0.8508425559042403,86.24652508530247,18.72413384494597,0.074030579689492,1.2590734196367019e-11,7.865778051441165e-05,3.965703790311978e-05,0.9984419526496436,10672.454585581643,3.541757306307382,433970.79710630106,9.218417597526503,0.0618446395605732,0.1587472651827304,1.0,0.8622898732349453,0.0196063579424584,-0.9866147622538524,0.012839195728302,0.1987523176670073,0.2128696501255035,0.008071543558846,1.0710297752710916,6.091700865714515,2950.8145080972604,0.0586908426507605,1115.1262046871627,0.024749050573085,-0.056981169568748,-0.0141444000494618,0.5817471014743694,0.00063,1.3496106286920444,0.1666666666666666,0.2908710260867096,99.74667998402823,20.97430731006526,0.0740981888742308,2.5107635167560903e-11,6.747508909923586e-05,4.271489248222088e-06,0.999418260590564,14811.662702967553,3.21650045804849,607180.3981208093,12.790199562475255,0.0886183580672765,0.2686805648787193,0.7407407407407407,0.9887150797561072,-0.7014563048969435,-0.9123910614051014,0.0858205974102019,0.3071041550636292,0.3737316262722016,0.0594739941763522,1.2169539881177047,0.0,0.3835690675520283,1,0,5.795777136564452,2716.9772531935914,0.2169141055262674,1012.299874035424,0.0247264688722671,-0.0614686576102183,-0.0202465325296193,0.5956450898617751,0.00029,0.3585630746350521,0.0333333333333333,-0.8508425559042403,86.24652508530247,18.72413384494597,0.074030579689492,1.2590734196367019e-11,7.865778051441165e-05,3.965703790311978e-05,0.9984419526496436,10672.454585581643,3.541757306307382,433970.79710630106,9.218417597526503,0.0618446395605732,0.1587472651827304,1.0,0.8622898732349453,0.0196063579424584,-0.9866147622538524,0.012839195728302,0.1987523176670073,0.2128696501255035,0.008071543558846,1.0710297752710916,6.091700865714515,2950.8145080972604,0.0586908426507605,1115.1262046871627,0.024749050573085,-0.056981169568748,-0.0141444000494618,0.5817471014743694,0.00063,1.3496106286920444,0.1666666666666666,0.2908710260867096,99.74667998402823,20.97430731006526,0.0740981888742308,2.5107635167560903e-11,6.747508909923586e-05,4.271489248222088e-06,0.999418260590564,14811.662702967553,3.21650045804849,607180.3981208093,12.790199562475255,0.0886183580672765,0.2686805648787193,0.7407407407407407,0.9887150797561072,-0.7014563048969435,-0.9123910614051014,0.0858205974102019,0.3071041550636292,0.3737316262722016,0.0594739941763522,1.2169539881177047,0.0,0.3835690675520283,"MATLAB 12-29 PM Fri, Sep 6, 2024 Run2 .csv",1.0,3
"MATLAB 12-29 PM Fri, Sep 6, 2024 Run3 .csv",0,5.827929995443653,2703.90370478398,0.2221897183090064,1026.2420980446077,0.0079542317456102,-0.1336297486626678,-0.0929317282815445,1.3884718340756996,0.00037,0.3571386205140465,0.0,-0.82259450797807,69.02146259160165,16.7470776820432,0.0302532431665032,1.8191676776401183e-11,7.279933883676815e-05,4.3282194174809386e-05,0.998823990406639,11691.908047672265,3.2725136404424884,455750.8217320698,12.121474198682758,0.0800647385232084,0.2029434807282398,1.0,1.859520837764604,-0.5850595885076192,0.7546600628621425,0.0092446771264076,0.206158356886161,0.22271204829216,0.0071252444040679,1.080295999910107,6.091336450186704,2952.534234053535,0.0570875725058893,1118.003065292533,0.0079190821792387,-0.1291734872975087,-0.0865411639238984,1.374629783216844,0.00096,1.3481860393080891,0.0789473684210526,-0.1974712341191155,71.47749631731104,18.98523163712317,0.030122651241497,4.2125993089227366e-11,6.10197663258788e-05,4.151135931899622e-06,0.9995431340507338,16380.645063644277,3.151055802330679,669997.0912398531,16.98046042656373,0.1174010505930182,0.3555138473179917,0.8157894736842105,1.9860701480419165,-0.1674324620590211,-1.1938513863505742,0.095639382302761,0.28639651590272,0.391021683216095,0.0615891189861342,1.365315782503838,0.0,0.3741911799517657,1,0,5.827929995443653,2703.90370478398,0.2221897183090064,1026.2420980446077,0.0079542317456102,-0.1336297486626678,-0.0929317282815445,1.3884718340756996,0.00037,0.3571386205140465,0.0,-0.82259450797807,69.02146259160165,16.7470776820432,0.0302532431665032,1.8191676776401183e-11,7.279933883676815e-05,4.3282194174809386e-05,0.998823990406639,11691.908047672265,3.2725136404424884,455750.8217320698,12.121474198682758,0.0800647385232084,0.2029434807282398,1.0,1.859520837764604,-0.5850595885076192,0.7546600628621425,0.0092446771264076,0.206158356886161,0.22271204829216,0.0071252444040679,1.080295999910107,6.091336450186704,2952.534234053535,0.0570875725058893,1118.003065292533,0.0079190821792387,-0.1291734872975087,-0.0865411639238984,1.374629783216844,0.00096,1.3481860393080891,0.0789473684210526,-0.1974712341191155,71.47749631731104,18.98523163712317,0.030122651241497,4.2125993089227366e-11,6.10197663258788e-05,4.151135931899622e-06,0.9995431340507338,16380.645063644277,3.151055802330679,669997.0912398531,16.98046042656373,0.1174010505930182,0.3555138473179917,0.8157894736842105,1.9860701480419165,-0.1674324620590211,-1.1938513863505742,0.095639382302761,0.28639651590272,0.391021683216095,0.0615891189861342,1.365315782503838,0.0,0.3741911799517657,"MATLAB 12-29 PM Fri, Sep 6, 2024 Run3 .csv",1.0,3
"MATLAB 2-02 PM Tue, Oct 29, 2024 Run17 .csv",0,5.655419155609541,2145.87485406047,0.2699041108497911,1283.1040402640926,0.009571127928334,0.0204790245684503,0.0515864179758187,-0.4628991477575104,0.00043,0.307282726278852,0.0,-1.1126268497516336,110.68075482529468,22.47989703026896,0.0210444812126721,3.168328311837472e-11,0.0014907767205381,0.0001176259775226,0.9979674213245202,-1613.990064316884,3.478990428651341,815564.5217380417,39.30080651133743,0.1969910304262077,0.8950737163226411,1.0,2.762604596302655,0.0640964692812865,-0.7279663995806911,0.0263890385627746,0.2110280629992485,0.2449155938625336,0.0164679585005216,1.1605830541287097,5.86420994873774,2560.6807413668307,0.1344280310460157,1191.0847597941645,0.0105262955808338,0.0246688136070526,0.0579720981402481,-0.4747833851171132,0.00034,0.298325410869663,0.0,0.043928001718322,72.16546000736304,18.05202267495656,0.023152110728618,2.255973642291843e-11,0.0015390855956001,2.245873071540685e-05,0.9980686013412357,648.481542673431,3.0970822735740766,967643.146004664,32.11005198346928,0.1401977423049506,0.584564680056725,1.0,3.893497538045241,0.1247920750195806,-1.4786539669388088,0.0629023888707161,0.2179973521828651,0.2656072473526001,0.031784640940677,1.2183966671751036,1.0,0.2808754363702641,1,0,5.655419155609541,2145.87485406047,0.2699041108497911,1283.1040402640926,0.009571127928334,0.0204790245684503,0.0515864179758187,-0.4628991477575104,0.00043,0.307282726278852,0.0,-1.1126268497516336,110.68075482529468,22.47989703026896,0.0210444812126721,3.168328311837472e-11,0.0014907767205381,0.0001176259775226,0.9979674213245202,-1613.990064316884,3.478990428651341,815564.5217380417,39.30080651133743,0.1969910304262077,0.8950737163226411,1.0,2.762604596302655,0.0640964692812865,-0.7279663995806911,0.0263890385627746,0.2110280629992485,0.2449155938625336,0.0164679585005216,1.1605830541287097,5.86420994873774,2560.6807413668307,0.1344280310460157,1191.0847597941645,0.0105262955808338,0.0246688136070526,0.0579720981402481,-0.4747833851171132,0.00034,0.298325410869663,0.0,0.043928001718322,72.16546000736304,18.05202267495656,0.023152110728618,2.255973642291843e-11,0.0015390855956001,2.245873071540685e-05,0.9980686013412357,648.481542673431,3.0970822735740766,967643.146004664,32.11005198346928,0.1401977423049506,0.584564680056725,1.0,3.893497538045241,0.1247920750195806,-1.4786539669388088,0.0629023888707161,0.2179973521828651,0.2656072473526001,0.031784640940677,1.2183966671751036,1.0,0.2808754363702641,"MATLAB 2-02 PM Tue, Oct 29, 2024 Run17 .csv",,3
"MATLAB 2-25 PM Mon, Oct 28, 2024 Run6 .csv",0,5.4344201565190815,2174.2251617774828,0.255647480045959,1268.1242680341184,0.0739032280111851,-0.0086928292123154,0.0404081936562174,-0.7645009237156981,0.00273,0.2474556531966185,0.0454545454545454,0.1637628043540122,114.73381192581962,22.18083657058465,0.156919757902634,5.3973340262141496e-11,0.0002688945905462,0.0001842710534062,0.9991555233310092,1126.2610752131554,3.9646952853519055,574801.1810926388,17.98222743164619,0.1161336701024912,0.1676642116330956,1.0,0.6463051065483163,-3.381746863251154,11.983080603865336,0.0219601842761039,0.2482732349634171,0.2772654581069946,0.0335204524645068,1.1167754677537007,6.084395186673635,2690.896370366936,0.1512714931681758,1115.8774293436738,0.0738942809167143,-0.0044948185788133,0.0461080127790163,-0.7740357848761983,0.00345,0.2384926567435512,0.0454545454545454,-0.156384135011235,96.44231231706708,22.096946325917525,0.1568880700257384,1.54398057969673e-11,0.0002079690663824,4.4348206394647415e-05,0.9992351813632148,4804.729851148117,3.811597894624381,778232.1830626648,11.136766788945168,0.0579021389868735,0.1674937680538128,1.0,0.7824104060492296,-0.55690531103525,0.5536142839410818,0.0832045036554336,0.2314833062887191,0.3060556614398956,0.0528879512472208,1.322150034690474,0.0,0.710893323072592,1,0,5.4344201565190815,2174.2251617774828,0.255647480045959,1268.1242680341184,0.0739032280111851,-0.0086928292123154,0.0404081936562174,-0.7645009237156981,0.00273,0.2474556531966185,0.0454545454545454,0.1637628043540122,114.73381192581962,22.18083657058465,0.156919757902634,5.3973340262141496e-11,0.0002688945905462,0.0001842710534062,0.9991555233310092,1126.2610752131554,3.9646952853519055,574801.1810926388,17.98222743164619,0.1161336701024912,0.1676642116330956,1.0,0.6463051065483163,-3.381746863251154,11.983080603865336,0.0219601842761039,0.2482732349634171,0.2772654581069946,0.0335204524645068,1.1167754677537007,6.084395186673635,2690.896370366936,0.1512714931681758,1115.8774293436738,0.0738942809167143,-0.0044948185788133,0.0461080127790163,-0.7740357848761983,0.00345,0.2384926567435512,0.0454545454545454,-0.156384135011235,96.44231231706708,22.096946325917525,0.1568880700257384,1.54398057969673e-11,0.0002079690663824,4.4348206394647415e-05,0.9992351813632148,4804.729851148117,3.811597894624381,778232.1830626648,11.136766788945168,0.0579021389868735,0.1674937680538128,1.0,0.7824104060492296,-0.55690531103525,0.5536142839410818,0.0832045036554336,0.2314833062887191,0.3060556614398956,0.0528879512472208,1.322150034690474,0.0,0.710893323072592,"MATLAB 2-25 PM Mon, Oct 28, 2024 Run6 .csv",1.0,3
"MATLAB 2-27 PM Mon, Oct 28, 2024 Run7 .csv",0,5.407322288707055,2158.9916962412744,0.2439366256566588,1257.3545861126586,0.002908654917244,0.1312509291294967,0.1569470186473203,-1.3075934636536224,0.00023,0.2389089284705852,0.0,-0.2532775428509172,140.55346273023838,24.61847825383992,0.0047112783548555,5.970346991027994e-11,0.0001891155081821,0.0001629250768118,0.9993452094135328,2651.053494084153,4.3247517348224696,364753.1642190059,15.93573295577526,0.0933329352661857,0.1409643596200518,1.0,3.629690893726268,0.4271087622536824,-0.8993288992990114,0.0109918987751007,0.2651844950984506,0.2831042015552521,0.0099196641884393,1.0675744879056703,6.0627643037454,2693.326310827324,0.139233160596814,1113.3891466414716,0.0028913056615182,0.1352356466292225,0.1619274290532937,-1.3167926996428223,0.00032,0.229945120439821,0.0,-0.0587359911104854,119.8105697779126,24.85289126037506,0.0046843150992071,1.531559954430772e-11,0.0001945680896306,3.541162569257466e-05,0.9992527053183335,5135.748144597697,3.904666106402418,669505.4524114648,9.7225209139991,0.0471607918160789,0.1505065415476017,1.0,3.766540815764085,-0.156854957635776,-0.5384853763955433,0.0627772545814515,0.2616888990121729,0.3273551559448242,0.0399018087848487,1.2509325278241807,0.0,0.2724216846246839,1,0,5.407322288707055,2158.9916962412744,0.2439366256566588,1257.3545861126586,0.002908654917244,0.1312509291294967,0.1569470186473203,-1.3075934636536224,0.00023,0.2389089284705852,0.0,-0.2532775428509172,140.55346273023838,24.61847825383992,0.0047112783548555,5.970346991027994e-11,0.0001891155081821,0.0001629250768118,0.9993452094135328,2651.053494084153,4.3247517348224696,364753.1642190059,15.93573295577526,0.0933329352661857,0.1409643596200518,1.0,3.629690893726268,0.4271087622536824,-0.8993288992990114,0.0109918987751007,0.2651844950984506,0.2831042015552521,0.0099196641884393,1.0675744879056703,6.0627643037454,2693.326310827324,0.139233160596814,1113.3891466414716,0.0028913056615182,0.1352356466292225,0.1619274290532937,-1.3167926996428223,0.00032,0.229945120439821,0.0,-0.0587359911104854,119.8105697779126,24.85289126037506,0.0046843150992071,1.531559954430772e-11,0.0001945680896306,3.541162569257466e-05,0.9992527053183335,5135.748144597697,3.904666106402418,669505.4524114648,9.7225209139991,0.0471607918160789,0.1505065415476017,1.0,3.766540815764085,-0.156854957635776,-0.5384853763955433,0.0627772545814515,0.2616888990121729,0.3273551559448242,0.0399018087848487,1.2509325278241807,0.0,0.2724216846246839,"MATLAB 2-27 PM Mon, Oct 28, 2024 Run7 .csv",1.0,3
"MATLAB 2-33 PM Mon, Oct 28, 2024 Run8 .csv",0,5.328934121658989,2077.6849985463155,0.2476591811825654,1200.0691088191145,0.0615229116182029,0.0276020345986879,0.055845060558487,-1.1794166960276171,0.001,0.2246643872605296,0.0,-0.7876226698078753,133.1793447081189,23.51138918567859,0.1172926203191057,9.761136584045119e-11,0.0004334202120162,0.0001575702229872,0.998973147622536,-401.2805250145848,4.165886915033923,588310.1990085621,60.62246811056749,0.3424750398001173,0.6653586744621163,1.0,4.602000539022853,-3.328345813350569,15.06697134119976,0.012294965982437,0.2594756643604814,0.2745751512050629,0.016388699100413,1.0581923043989367,6.030095695103972,2661.948151537413,0.1383441329104457,1070.264452047445,0.0616959428830542,0.0316947556051993,0.0610097897648689,-1.188056556731316,0.0007833333333333,0.2156992266002706,0.0,0.3891771998367572,104.1941773029732,22.46845180701638,0.1176225021455296,2.6466895295407278e-11,0.0003844562860652,3.1428992247949466e-05,0.9990196630304512,2598.5260203572007,3.903595959470387,661747.5292749676,36.25825115411833,0.2056956534951017,0.6539595161504582,1.0,4.740091498622178,-0.7821560690560763,-0.1821758351897808,0.0717708599567413,0.2841444368738877,0.3375001895427704,0.0435649550588736,1.1877768688906751,0.0,0.69382479227744,1,0,5.328934121658989,2077.6849985463155,0.2476591811825654,1200.0691088191145,0.0615229116182029,0.0276020345986879,0.055845060558487,-1.1794166960276171,0.001,0.2246643872605296,0.0,-0.7876226698078753,133.1793447081189,23.51138918567859,0.1172926203191057,9.761136584045119e-11,0.0004334202120162,0.0001575702229872,0.998973147622536,-401.2805250145848,4.165886915033923,588310.1990085621,60.62246811056749,0.3424750398001173,0.6653586744621163,1.0,4.602000539022853,-3.328345813350569,15.06697134119976,0.012294965982437,0.2594756643604814,0.2745751512050629,0.016388699100413,1.0581923043989367,6.030095695103972,2661.948151537413,0.1383441329104457,1070.264452047445,0.0616959428830542,0.0316947556051993,0.0610097897648689,-1.188056556731316,0.0007833333333333,0.2156992266002706,0.0,0.3891771998367572,104.1941773029732,22.46845180701638,0.1176225021455296,2.6466895295407278e-11,0.0003844562860652,3.1428992247949466e-05,0.9990196630304512,2598.5260203572007,3.903595959470387,661747.5292749676,36.25825115411833,0.2056956534951017,0.6539595161504582,1.0,4.740091498622178,-0.7821560690560763,-0.1821758351897808,0.0717708599567413,0.2841444368738877,0.3375001895427704,0.0435649550588736,1.1877768688906751,0.0,0.69382479227744,"MATLAB 2-33 PM Mon, Oct 28, 2024 Run8 .csv",1.0,3
"MATLAB 2-39 PM Mon, Oct 28, 2024 Run9 .csv",0,5.350319820064023,2046.1022439090104,0.2473185350522684,1195.1855243865216,0.0764297581021437,-0.0770610644730009,-0.02640689754097,-0.7511875937284138,0.00136,0.210419846050474,0.1666666666666666,-0.870351158240868,111.1761492241091,21.4094659596163,0.1774734737540856,1.533562529504027e-10,0.0001675910213899,0.0001799289191159,0.9989428595868038,3181.574530212075,4.518111054986549,449947.82185951184,13.398665943330393,0.0696510489054457,0.108916979835107,1.0,-1.4256898156805602,-2.3378867491764,4.560437592042592,0.0152744150161743,0.2598142847418785,0.2844766628742218,0.0301191928704631,1.0949231030805135,6.112301331602245,2688.425967171997,0.1432176555525291,1084.7265452531783,0.0770010399592241,-0.0729376126869074,-0.0214078495318216,-0.7592680791466124,0.00054,0.2014533327607202,0.3333333333333333,1.1026724984726473,91.65946058620976,20.903507949371413,0.1787698269947873,3.086417827730137e-11,0.0001575366731414,2.6339837615256465e-05,0.9990051016917648,6341.412966075313,3.8417806240180665,668899.2627634346,7.420096149696344,0.0385046274966264,0.1197933914638518,1.0,-1.2863578185197295,-0.9017566078537318,-0.546588029110803,0.0674636059999465,0.290471275349458,0.3414003956317902,0.0509783929443206,1.1753327251414472,0.0,0.5192310178011622,1,0,5.350319820064023,2046.1022439090104,0.2473185350522684,1195.1855243865216,0.0764297581021437,-0.0770610644730009,-0.02640689754097,-0.7511875937284138,0.00136,0.210419846050474,0.1666666666666666,-0.870351158240868,111.1761492241091,21.4094659596163,0.1774734737540856,1.533562529504027e-10,0.0001675910213899,0.0001799289191159,0.9989428595868038,3181.574530212075,4.518111054986549,449947.82185951184,13.398665943330393,0.0696510489054457,0.108916979835107,1.0,-1.4256898156805602,-2.3378867491764,4.560437592042592,0.0152744150161743,0.2598142847418785,0.2844766628742218,0.0301191928704631,1.0949231030805135,6.112301331602245,2688.425967171997,0.1432176555525291,1084.7265452531783,0.0770010399592241,-0.0729376126869074,-0.0214078495318216,-0.7592680791466124,0.00054,0.2014533327607202,0.3333333333333333,1.1026724984726473,91.65946058620976,20.903507949371413,0.1787698269947873,3.086417827730137e-11,0.0001575366731414,2.6339837615256465e-05,0.9990051016917648,6341.412966075313,3.8417806240180665,668899.2627634346,7.420096149696344,0.0385046274966264,0.1197933914638518,1.0,-1.2863578185197295,-0.9017566078537318,-0.546588029110803,0.0674636059999465,0.290471275349458,0.3414003956317902,0.0509783929443206,1.1753327251414472,0.0,0.5192310178011622,"MATLAB 2-39 PM Mon, Oct 28, 2024 Run9 .csv",1.0,3
"MATLAB 2-52 PM Thu, Oct 3, 2024 Run2 .csv",0,5.870362345789214,2396.0285998164977,0.2838399274765948,1262.1029629625496,0.0044870163730763,-0.134635112609831,-0.1202775761635016,-0.8594670350023605,0.00043,0.1691106765413128,0.0,-2.158259108119738,135.219779346467,23.45097699965375,0.0110960621785599,6.86337543487149e-12,0.0003299373325425,0.0001687891476858,0.997447731116658,32.75700957357958,3.815390835791178,752528.7875272701,7.237842333970411,0.0559703269718404,0.0893974546465836,1.0,5.49400815567954,-0.1361776478059746,-1.4621873001442125,0.0382669973373413,0.1565948808193206,0.1799614202976227,0.018518760749112,1.149216496452795,5.9409617666748815,2717.4439959254787,0.0950716375712636,1056.0154616334892,0.0046078058724883,-0.1305603445931307,-0.1157140036342714,-0.8659253320926066,0.00033,0.1601402406260239,0.0,0.0738174098730097,86.94897648502416,18.67703681274413,0.0113906578742143,6.446080801025207e-12,0.0004781630485363,9.16670144605495e-06,0.9989317855882902,2089.102846081501,3.367673401351667,849648.1907342259,5.815980141225608,0.0294771681169826,0.1034656149700685,1.0,2.6369391617687388,0.0017349784430517,-1.4130006185121733,0.0471063935756682,0.1677562297344207,0.2012236475944519,0.0234598472899069,1.199500298218518,0.0,-0.966381767147484,1,0,5.870362345789214,2396.0285998164977,0.2838399274765948,1262.1029629625496,0.0044870163730763,-0.134635112609831,-0.1202775761635016,-0.8594670350023605,0.00043,0.1691106765413128,0.0,-2.158259108119738,135.219779346467,23.45097699965375,0.0110960621785599,6.86337543487149e-12,0.0003299373325425,0.0001687891476858,0.997447731116658,32.75700957357958,3.815390835791178,752528.7875272701,7.237842333970411,0.0559703269718404,0.0893974546465836,1.0,5.49400815567954,-0.1361776478059746,-1.4621873001442125,0.0382669973373413,0.1565948808193206,0.1799614202976227,0.018518760749112,1.149216496452795,5.9409617666748815,2717.4439959254787,0.0950716375712636,1056.0154616334892,0.0046078058724883,-0.1305603445931307,-0.1157140036342714,-0.8659253320926066,0.00033,0.1601402406260239,0.0,0.0738174098730097,86.94897648502416,18.67703681274413,0.0113906578742143,6.446080801025207e-12,0.0004781630485363,9.16670144605495e-06,0.9989317855882902,2089.102846081501,3.367673401351667,849648.1907342259,5.815980141225608,0.0294771681169826,0.1034656149700685,1.0,2.6369391617687388,0.0017349784430517,-1.4130006185121733,0.0471063935756682,0.1677562297344207,0.2012236475944519,0.0234598472899069,1.199500298218518,0.0,-0.966381767147484,"MATLAB 2-52 PM Thu, Oct 3, 2024 Run2 .csv",,3
"MATLAB 2-58 PM Wed, Sep 18, 2024 Run5 .csv",0,5.925452298497291,3099.202442961826,0.2678807900934674,1101.1238117701955,0.0545803160567221,-0.2815596533966932,-0.2535407091245307,0.1256438608937866,0.00222,0.1463194106052239,0.0555555555555555,-1.2623213875522088,69.22015124338357,18.834974037070253,0.1986740989543665,4.233834313243773e-11,0.0002250403136357,0.0001913385917637,0.9993554574457068,1333.7848848032545,4.857070085138964,741629.5542967187,15.31482834125031,0.3084430753581093,0.5387618577591196,1.0,0.4497035881540769,-2.026766376022316,5.135509704041759,0.0272555011510848,0.253703390724129,0.285358225107193,0.0298276324034909,1.1247710339728358,5.575815657333291,2662.8955589225648,0.0201605478375197,963.07894926368,0.0543598027777556,-0.2777636273877811,-0.2494622265140373,0.1200805642603413,0.00208,0.1373468104827433,0.0555555555555555,0.6426462915930183,65.90947336578634,16.65630616830296,0.1979187661401496,1.9368176676075247e-10,4.545972562843441e-05,9.74762186151449e-06,0.9998406798673556,21993.98843802017,4.125020318609567,699689.077185113,24.249898893846087,0.2104041746451486,0.3978477162261419,1.0,0.5946202543416872,-1.0946207965779158,1.155139343611138,0.0922789081931114,0.3641390861736403,0.4268945837020874,0.0551930595997818,1.1723393612805466,0.0,0.4041447650623249,1,0,5.925452298497291,3099.202442961826,0.2678807900934674,1101.1238117701955,0.0545803160567221,-0.2815596533966932,-0.2535407091245307,0.1256438608937866,0.00222,0.1463194106052239,0.0555555555555555,-1.2623213875522088,69.22015124338357,18.834974037070253,0.1986740989543665,4.233834313243773e-11,0.0002250403136357,0.0001913385917637,0.9993554574457068,1333.7848848032545,4.857070085138964,741629.5542967187,15.31482834125031,0.3084430753581093,0.5387618577591196,1.0,0.4497035881540769,-2.026766376022316,5.135509704041759,0.0272555011510848,0.253703390724129,0.285358225107193,0.0298276324034909,1.1247710339728358,5.575815657333291,2662.8955589225648,0.0201605478375197,963.07894926368,0.0543598027777556,-0.2777636273877811,-0.2494622265140373,0.1200805642603413,0.00208,0.1373468104827433,0.0555555555555555,0.6426462915930183,65.90947336578634,16.65630616830296,0.1979187661401496,1.9368176676075247e-10,4.545972562843441e-05,9.74762186151449e-06,0.9998406798673556,21993.98843802017,4.125020318609567,699689.077185113,24.249898893846087,0.2104041746451486,0.3978477162261419,1.0,0.5946202543416872,-1.0946207965779158,1.155139343611138,0.0922789081931114,0.3641390861736403,0.4268945837020874,0.0551930595997818,1.1723393612805466,0.0,0.4041447650623249,"MATLAB 2-58 PM Wed, Sep 18, 2024 Run5 .csv",1.0,3
"MATLAB 3-03 PM Wed, Sep 18, 2024 Run6 .csv",0,5.937311278730117,3058.885944233494,0.2746197067132709,1119.4613385440323,0.0310414630063169,-0.2916168616466025,-0.2784630589146213,0.0394447816959018,0.0007266666666666,0.1292259611531572,0.0092592592592592,-1.2062741960534882,72.14909933425263,19.04296700445005,0.1118140563752826,7.627012027637468e-11,0.0002545781228352,0.0002113784608744,0.9993113293316906,730.9029250246008,4.70521555910208,885068.3766894263,57.02393446927338,1.135552232481685,1.957973928995258,1.0,16.41647516250998,-0.8634012930608909,1.1517307793793714,0.0204354414343834,0.2840337518630204,0.3063454461097717,0.0147387158180613,1.0785529680906072,5.607984690381412,2662.9727684784,0.0280066964869102,971.1743954782854,0.0313253904858752,-0.2878055171437315,-0.2737233937427743,0.0345527354050578,0.0004766666666666,0.1202517378752828,0.1018518518518518,0.4791667403275677,68.93018679357544,17.074871313672535,0.1128367879133985,2.7993422576888303e-10,7.503011029344699e-05,9.656669998058568e-06,0.9998152498337736,13325.520193472194,4.023875152179484,851230.6525757763,87.09064543933607,0.7179471893831874,1.4319826145900585,1.0,15.5628810737714,-0.3197889428107395,-1.3583386491927292,0.1009305226802825,0.397773104398339,0.4720476615428925,0.0544135730090068,1.1867259408021045,0.0,-0.0571284096969381,1,0,5.937311278730117,3058.885944233494,0.2746197067132709,1119.4613385440323,0.0310414630063169,-0.2916168616466025,-0.2784630589146213,0.0394447816959018,0.0007266666666666,0.1292259611531572,0.0092592592592592,-1.2062741960534882,72.14909933425263,19.04296700445005,0.1118140563752826,7.627012027637468e-11,0.0002545781228352,0.0002113784608744,0.9993113293316906,730.9029250246008,4.70521555910208,885068.3766894263,57.02393446927338,1.135552232481685,1.957973928995258,1.0,16.41647516250998,-0.8634012930608909,1.1517307793793714,0.0204354414343834,0.2840337518630204,0.3063454461097717,0.0147387158180613,1.0785529680906072,5.607984690381412,2662.9727684784,0.0280066964869102,971.1743954782854,0.0313253904858752,-0.2878055171437315,-0.2737233937427743,0.0345527354050578,0.0004766666666666,0.1202517378752828,0.1018518518518518,0.4791667403275677,68.93018679357544,17.074871313672535,0.1128367879133985,2.7993422576888303e-10,7.503011029344699e-05,9.656669998058568e-06,0.9998152498337736,13325.520193472194,4.023875152179484,851230.6525757763,87.09064543933607,0.7179471893831874,1.4319826145900585,1.0,15.5628810737714,-0.3197889428107395,-1.3583386491927292,0.1009305226802825,0.397773104398339,0.4720476615428925,0.0544135730090068,1.1867259408021045,0.0,-0.0571284096969381,"MATLAB 3-03 PM Wed, Sep 18, 2024 Run6 .csv",,3
"MATLAB 3-06 PM Wed, Sep 18, 2024 Run7 .csv",0,5.942523423764164,3053.1372289074952,0.275158010874899,1116.7760301778956,0.0566294091841283,-0.281117247091674,-0.2564206045600014,-0.353890553757322,0.00492,0.1107080575800849,0.0606060606060606,-1.2142688670165682,83.16971326183567,20.587687648179408,0.1874234483949164,8.028889698398182e-11,0.0002369925445878,0.0002062868120878,0.9993164260461131,927.450118496351,4.426632044522406,879082.3143384826,18.22958752482292,0.3561793512444715,0.6159694946483919,1.0,0.3804777013955418,-3.109462424334839,9.960415712537769,0.0330226016044616,0.2909402843316396,0.3185009813308716,0.0403907115748679,1.0947297383122645,5.640817784482127,2677.156321812998,0.026975327146766,970.881956555435,0.056792288364829,-0.2772886230298715,-0.2523813249480389,-0.358055412177015,0.00469,1.1017320758838671,0.1515151515151515,0.5817306925116658,79.71980914418305,18.47144105083165,0.1879178191792948,2.7970239100615326e-10,7.081486102673753e-05,8.450714341643892e-06,0.9997994337005676,14118.497434077768,3.4092880046791527,953497.6435226918,27.35667633997478,0.2274254953744134,0.4629855790097074,0.8333333333333334,0.5284969614869186,-1.2581030440895205,1.454901104237016,0.1034531271457672,0.4152743216355641,0.5018485772609711,0.082694773783056,1.2084748589424767,0.0,0.520642311299726,1,0,5.942523423764164,3053.1372289074952,0.275158010874899,1116.7760301778956,0.0566294091841283,-0.281117247091674,-0.2564206045600014,-0.353890553757322,0.00492,0.1107080575800849,0.0606060606060606,-1.2142688670165682,83.16971326183567,20.587687648179408,0.1874234483949164,8.028889698398182e-11,0.0002369925445878,0.0002062868120878,0.9993164260461131,927.450118496351,4.426632044522406,879082.3143384826,18.22958752482292,0.3561793512444715,0.6159694946483919,1.0,0.3804777013955418,-3.109462424334839,9.960415712537769,0.0330226016044616,0.2909402843316396,0.3185009813308716,0.0403907115748679,1.0947297383122645,5.640817784482127,2677.156321812998,0.026975327146766,970.881956555435,0.056792288364829,-0.2772886230298715,-0.2523813249480389,-0.358055412177015,0.00469,1.1017320758838671,0.1515151515151515,0.5817306925116658,79.71980914418305,18.47144105083165,0.1879178191792948,2.7970239100615326e-10,7.081486102673753e-05,8.450714341643892e-06,0.9997994337005676,14118.497434077768,3.4092880046791527,953497.6435226918,27.35667633997478,0.2274254953744134,0.4629855790097074,0.8333333333333334,0.5284969614869186,-1.2581030440895205,1.454901104237016,0.1034531271457672,0.4152743216355641,0.5018485772609711,0.082694773783056,1.2084748589424767,0.0,0.520642311299726,"MATLAB 3-06 PM Wed, Sep 18, 2024 Run7 .csv",1.0,3
"MATLAB 3-13 PM Wed, Sep 18, 2024 Run8 .csv",0,5.94506179176719,3024.842804727726,0.2767977548739426,1111.6939650187558,0.1084740248924169,-0.3264114223159785,-0.2925985417903858,-0.061605401976581,0.00644,0.0893412457650015,0.081081081081081,-0.6378092333328046,69.86650956652119,18.77408318263869,0.3972801159350431,1.510669712940754e-10,0.0002151089055712,0.000205569710703,0.9993774574394132,1247.3814221472985,4.743820405526416,727654.4053806951,26.409297192343576,0.526316310251279,0.8796692857129645,1.0,-0.6610578306595791,-2.1723776920162945,9.390102414723977,0.0462813746929168,0.3377086670978649,0.4490525090694428,0.0472043292387384,1.3297038329765796,5.66778275794075,2703.2796862641885,0.0244231893416229,969.3142751789028,0.1082202301432637,-0.3227898902158916,-0.2881327839775383,-0.0649311974680229,0.00694,0.0803632351245416,0.7297297297297297,0.1140373929538332,71.33002972885136,19.30329239367348,0.3964554730999499,4.75320958262693e-10,5.477701972868286e-05,7.052606604357714e-06,0.9998288776787804,18252.70674876166,3.714046415099777,850153.3150933882,38.444705314969504,0.317468338843131,0.6812115105315351,1.0,-1.5111770142259426,-1.146559495414754,1.5663775125574846,0.1333645594120026,0.4615170530048577,0.5685331058502198,0.0921927751776482,1.2318788702358865,0.0,0.5105738509958319,1,0,5.94506179176719,3024.842804727726,0.2767977548739426,1111.6939650187558,0.1084740248924169,-0.3264114223159785,-0.2925985417903858,-0.061605401976581,0.00644,0.0893412457650015,0.081081081081081,-0.6378092333328046,69.86650956652119,18.77408318263869,0.3972801159350431,1.510669712940754e-10,0.0002151089055712,0.000205569710703,0.9993774574394132,1247.3814221472985,4.743820405526416,727654.4053806951,26.409297192343576,0.526316310251279,0.8796692857129645,1.0,-0.6610578306595791,-2.1723776920162945,9.390102414723977,0.0462813746929168,0.3377086670978649,0.4490525090694428,0.0472043292387384,1.3297038329765796,5.66778275794075,2703.2796862641885,0.0244231893416229,969.3142751789028,0.1082202301432637,-0.3227898902158916,-0.2881327839775383,-0.0649311974680229,0.00694,0.0803632351245416,0.7297297297297297,0.1140373929538332,71.33002972885136,19.30329239367348,0.3964554730999499,4.75320958262693e-10,5.477701972868286e-05,7.052606604357714e-06,0.9998288776787804,18252.70674876166,3.714046415099777,850153.3150933882,38.444705314969504,0.317468338843131,0.6812115105315351,1.0,-1.5111770142259426,-1.146559495414754,1.5663775125574846,0.1333645594120026,0.4615170530048577,0.5685331058502198,0.0921927751776482,1.2318788702358865,0.0,0.5105738509958319,"MATLAB 3-13 PM Wed, Sep 18, 2024 Run8 .csv",,3
"MATLAB 3-16 PM Fri, Sep 13, 2024 Run10 .csv",0,5.741783692126081,2941.505845703025,0.1854497243856389,926.8730945682764,0.0455651195347336,-0.4214481766416267,-0.4283745207577936,1.6358027608407308,0.0048566666666666,-0.9177810248400262,1.0,-0.0195185622542718,33.01814669012179,17.283950825984984,0.2484449991985112,7.443532216711657e-11,4.75893121978269e-05,3.705930776133378e-05,0.998926582446742,17555.5915153766,4.645721208550112,463739.50934328313,45.42915368437371,0.5220500284776206,1.6183919433525775,0.0,0.3250969919887139,-0.671175019131664,-0.5440702159259296,0.0654039502143859,0.241403807950166,0.3240268087387085,0.0398193074553262,1.34226055293046,5.685257116292132,3185.3817899007136,-0.032878675397386,917.5263520833392,0.045540359853351,-0.4177748032819722,-0.4242166035447929,1.6327566529920392,0.0020133333333333,-0.9267597117952336,1.0,0.1668880609275178,46.12976329639537,23.542355972229903,0.2483091606436456,1.4290484490458592e-10,3.138390520772777e-05,1.536486881698452e-06,0.9993380107719646,31842.37283911672,4.134197344428164,753935.2636589467,47.72118538017307,0.6447658526133244,1.7949150324323082,0.0,0.4755983272031037,0.4991107045827859,1.158589371178974,0.1027007150650025,0.2936482512950897,0.5478652262687683,0.059817054323743,1.8657193559045364,3.0,-0.2877309624568845,1,0,5.741783692126081,2941.505845703025,0.1854497243856389,926.8730945682764,0.0455651195347336,-0.4214481766416267,-0.4283745207577936,1.6358027608407308,0.0048566666666666,-0.9177810248400262,1.0,-0.0195185622542718,33.01814669012179,17.283950825984984,0.2484449991985112,7.443532216711657e-11,4.75893121978269e-05,3.705930776133378e-05,0.998926582446742,17555.5915153766,4.645721208550112,463739.50934328313,45.42915368437371,0.5220500284776206,1.6183919433525775,0.0,0.3250969919887139,-0.671175019131664,-0.5440702159259296,0.0654039502143859,0.241403807950166,0.3240268087387085,0.0398193074553262,1.34226055293046,5.685257116292132,3185.3817899007136,-0.032878675397386,917.5263520833392,0.045540359853351,-0.4177748032819722,-0.4242166035447929,1.6327566529920392,0.0020133333333333,-0.9267597117952336,1.0,0.1668880609275178,46.12976329639537,23.542355972229903,0.2483091606436456,1.4290484490458592e-10,3.138390520772777e-05,1.536486881698452e-06,0.9993380107719646,31842.37283911672,4.134197344428164,753935.2636589467,47.72118538017307,0.6447658526133244,1.7949150324323082,0.0,0.4755983272031037,0.4991107045827859,1.158589371178974,0.1027007150650025,0.2936482512950897,0.5478652262687683,0.059817054323743,1.8657193559045364,3.0,-0.2877309624568845,"MATLAB 3-16 PM Fri, Sep 13, 2024 Run10 .csv",8.0,3
"MATLAB 3-17 PM Wed, Sep 18, 2024 Run9 .csv",0,5.93001779302419,3033.8419627127,0.2713593583313886,1105.858031262709,0.0456231561736108,-0.2949167013731384,-0.283700499973367,-0.6334229682113937,0.00111,0.0750967045549459,0.03125,-0.7155709588077785,82.22074513245846,20.29502072811225,0.144684287035943,1.5299428742700922e-10,0.0002149982050405,0.0001957446833843,0.9994183660073492,1177.080525828886,4.798887970811633,764969.7089533092,24.5257563888704,0.5012952669101672,0.8599994372301558,1.0,0.3112518146370069,-0.7709324096404715,1.2302471058646205,0.0503587606549263,0.360948371514678,0.4069032967090607,0.0323395112853016,1.1273171700471682,5.688661950693293,2737.3462904667854,0.0218448831353411,970.8367210124104,0.0457134143353426,-0.2912649435439736,-0.2797004233576821,-0.6361893884173351,0.00049,-0.9338826587150088,1.0,0.1969065594096977,82.51625944352422,18.95232824996668,0.144970521897241,4.688950246744883e-10,6.376690659890464e-05,5.861161266823416e-06,0.9998068324011044,15679.086311806108,3.949057680402517,819168.2481465923,35.04875742327093,0.2993358605535504,0.6649768634747076,0.0,0.46237366863215,-0.1498457579598381,-1.4392870495113228,0.1602242571115494,0.4901225988194346,0.6014156341552735,0.0844191589007707,1.2270718297909788,0.0,0.082191944061635,1,0,5.93001779302419,3033.8419627127,0.2713593583313886,1105.858031262709,0.0456231561736108,-0.2949167013731384,-0.283700499973367,-0.6334229682113937,0.00111,0.0750967045549459,0.03125,-0.7155709588077785,82.22074513245846,20.29502072811225,0.144684287035943,1.5299428742700922e-10,0.0002149982050405,0.0001957446833843,0.9994183660073492,1177.080525828886,4.798887970811633,764969.7089533092,24.5257563888704,0.5012952669101672,0.8599994372301558,1.0,0.3112518146370069,-0.7709324096404715,1.2302471058646205,0.0503587606549263,0.360948371514678,0.4069032967090607,0.0323395112853016,1.1273171700471682,5.688661950693293,2737.3462904667854,0.0218448831353411,970.8367210124104,0.0457134143353426,-0.2912649435439736,-0.2797004233576821,-0.6361893884173351,0.00049,-0.9338826587150088,1.0,0.1969065594096977,82.51625944352422,18.95232824996668,0.144970521897241,4.688950246744883e-10,6.376690659890464e-05,5.861161266823416e-06,0.9998068324011044,15679.086311806108,3.949057680402517,819168.2481465923,35.04875742327093,0.2993358605535504,0.6649768634747076,0.0,0.46237366863215,-0.1498457579598381,-1.4392870495113228,0.1602242571115494,0.4901225988194346,0.6014156341552735,0.0844191589007707,1.2270718297909788,0.0,0.082191944061635,"MATLAB 3-17 PM Wed, Sep 18, 2024 Run9 .csv",1.0,3
"MATLAB 3-24 PM Tue, Oct 8, 2024 Run7 .csv",0,5.854004630971229,2375.1049058940152,0.2529525716235256,1253.1893448677622,0.0266666304547665,-0.3522618016255371,-0.3501524580895724,-0.171921755969004,0.0019,0.0608521633448904,0.0089285714285714,-1.8149442865352687,97.835578750097,22.01668387982449,0.0992148602312023,7.808123687803024e-11,0.0001371129467141,9.56730582429991e-05,0.9972727959691592,3729.067996241908,3.913414229431977,414819.557078039,91.3416013339686,0.4832812887494611,0.9475072605468504,1.0,6.283561459933592,0.0656952881381342,-1.2514797977218692,0.0810430055856704,0.2570926311612129,0.3354427826404572,0.0439522490010259,1.3047545591849885,5.918503086650572,2751.54627357198,0.0473916170419126,1088.892609710369,0.0269140489766146,-0.3486151033525497,-0.3487680626732445,-0.1741288008894446,0.00172,0.0518714474454409,0.0089285714285714,0.3507090972180808,69.04398191910893,17.35567213414958,0.1001216369250021,6.854620118472831e-11,8.755268617462988e-05,5.3984380982985696e-06,0.999277134156598,11413.437757506044,3.6543107817996887,607923.2712783488,71.94131692635857,0.3491702893547697,1.1890431587550576,1.0,6.435924351490243,-0.072020341386569,-0.8077560284420042,0.0803691437840461,0.2844083702564239,0.375476759672165,0.0546109965298863,1.3202029157356845,0.0,0.2333707463339372,1,0,5.854004630971229,2375.1049058940152,0.2529525716235256,1253.1893448677622,0.0266666304547665,-0.3522618016255371,-0.3501524580895724,-0.171921755969004,0.0019,0.0608521633448904,0.0089285714285714,-1.8149442865352687,97.835578750097,22.01668387982449,0.0992148602312023,7.808123687803024e-11,0.0001371129467141,9.56730582429991e-05,0.9972727959691592,3729.067996241908,3.913414229431977,414819.557078039,91.3416013339686,0.4832812887494611,0.9475072605468504,1.0,6.283561459933592,0.0656952881381342,-1.2514797977218692,0.0810430055856704,0.2570926311612129,0.3354427826404572,0.0439522490010259,1.3047545591849885,5.918503086650572,2751.54627357198,0.0473916170419126,1088.892609710369,0.0269140489766146,-0.3486151033525497,-0.3487680626732445,-0.1741288008894446,0.00172,0.0518714474454409,0.0089285714285714,0.3507090972180808,69.04398191910893,17.35567213414958,0.1001216369250021,6.854620118472831e-11,8.755268617462988e-05,5.3984380982985696e-06,0.999277134156598,11413.437757506044,3.6543107817996887,607923.2712783488,71.94131692635857,0.3491702893547697,1.1890431587550576,1.0,6.435924351490243,-0.072020341386569,-0.8077560284420042,0.0803691437840461,0.2844083702564239,0.375476759672165,0.0546109965298863,1.3202029157356845,0.0,0.2333707463339372,"MATLAB 3-24 PM Tue, Oct 8, 2024 Run7 .csv",7.0,3
"MATLAB 3-25 PM Wed, Sep 18, 2024 Run11 .csv",0,5.889762422457309,3085.8711983663734,0.2443455386990087,1083.3748891300231,0.0040369098310738,-0.4131495575029328,-0.4149376538484308,0.8875992110484558,0.00111,0.0594277092238848,0.0,-0.1168292176600219,50.53201453557329,15.730072375195968,0.0193183080210157,4.852635327457328e-11,0.0001286424504245,0.0001245835034648,0.9995886598648578,4218.69878311816,4.6943055097402295,603804.4972276795,15.607082680608812,0.2672018384362509,0.5060264294490597,1.0,0.2807924244632516,-0.2859550326781643,-1.5590416197479202,0.0544171917438507,0.2456502826015154,0.2767597806453705,0.025950997535012,1.1266414095452912,5.695116731160277,2804.110576267327,0.0051577697231419,986.6405714471756,0.0038817433149158,-0.4095929319863264,-0.4110648265533363,0.8854481036565653,0.00048,2.050446858061486,0.0833333333333333,-0.3233696922139968,53.56208899990232,14.861432975989326,0.018580122205732,1.2532562724578786e-10,5.812522271559968e-05,3.824727220428359e-06,0.999769112864838,17200.262917814496,4.220002131008423,610511.4360959312,22.74952064257701,0.1932623656369165,0.4527811139123963,0.1739130434782608,1.433279419776052,-0.5337229959022026,-0.9821086240304742,0.0745124092698097,0.3192222972462574,0.3804589998722076,0.0481629353853739,1.191830906406611,0.0,-0.0499858797630951,1,0,5.889762422457309,3085.8711983663734,0.2443455386990087,1083.3748891300231,0.0040369098310738,-0.4131495575029328,-0.4149376538484308,0.8875992110484558,0.00111,0.0594277092238848,0.0,-0.1168292176600219,50.53201453557329,15.730072375195968,0.0193183080210157,4.852635327457328e-11,0.0001286424504245,0.0001245835034648,0.9995886598648578,4218.69878311816,4.6943055097402295,603804.4972276795,15.607082680608812,0.2672018384362509,0.5060264294490597,1.0,0.2807924244632516,-0.2859550326781643,-1.5590416197479202,0.0544171917438507,0.2456502826015154,0.2767597806453705,0.025950997535012,1.1266414095452912,5.695116731160277,2804.110576267327,0.0051577697231419,986.6405714471756,0.0038817433149158,-0.4095929319863264,-0.4110648265533363,0.8854481036565653,0.00048,2.050446858061486,0.0833333333333333,-0.3233696922139968,53.56208899990232,14.861432975989326,0.018580122205732,1.2532562724578786e-10,5.812522271559968e-05,3.824727220428359e-06,0.999769112864838,17200.262917814496,4.220002131008423,610511.4360959312,22.74952064257701,0.1932623656369165,0.4527811139123963,0.1739130434782608,1.433279419776052,-0.5337229959022026,-0.9821086240304742,0.0745124092698097,0.3192222972462574,0.3804589998722076,0.0481629353853739,1.191830906406611,0.0,-0.0499858797630951,"MATLAB 3-25 PM Wed, Sep 18, 2024 Run11 .csv",,3
"MATLAB 3-26 PM Wed, Sep 18, 2024 Run12 .csv",0,5.87765095243028,3127.831119192695,0.2397152068517484,1070.0414905196617,0.0111669626924166,-0.2284089072349163,-0.2311228498273233,-1.3196040476931694,0.00048,0.0580032551028792,0.0,-0.3505607083944846,91.1698543207056,20.830723624275755,0.0282859729837307,2.753052021869913e-11,0.000142372599549,0.000109926259684,0.9996246880546404,3462.311533850976,4.428461418293708,606458.7990136478,7.698274110743179,0.1303680191019883,0.253833539346091,1.0,3.27802338899291,0.1473347760288422,-1.344859897073035,0.0412117493152618,0.2296492105722427,0.2680257606506347,0.0234044422853244,1.1671094360950112,5.722304153412973,2841.493551575646,0.0087657090072562,991.6596604583126,0.0114094346820325,-0.2248155451974415,-0.2261615906537573,-1.3216992175565094,0.00032,0.0490222686775307,0.5,-0.2781764406835794,96.7228139423598,20.346533296705218,0.028900741405673,6.40935618518326e-11,7.360192970519937e-05,3.6369261740318537e-06,0.999722246330978,13582.826569020728,3.543827122079647,703168.521168251,11.07496369961976,0.0980856625103151,0.2350654151678791,1.0,3.430634488061861,-0.4371872471734263,-1.5217417095590264,0.1096063929796219,0.3071336426184727,0.3667498075962067,0.0548966742524833,1.1941049650877558,0.0,-0.0897867662845896,1,0,5.87765095243028,3127.831119192695,0.2397152068517484,1070.0414905196617,0.0111669626924166,-0.2284089072349163,-0.2311228498273233,-1.3196040476931694,0.00048,0.0580032551028792,0.0,-0.3505607083944846,91.1698543207056,20.830723624275755,0.0282859729837307,2.753052021869913e-11,0.000142372599549,0.000109926259684,0.9996246880546404,3462.311533850976,4.428461418293708,606458.7990136478,7.698274110743179,0.1303680191019883,0.253833539346091,1.0,3.27802338899291,0.1473347760288422,-1.344859897073035,0.0412117493152618,0.2296492105722427,0.2680257606506347,0.0234044422853244,1.1671094360950112,5.722304153412973,2841.493551575646,0.0087657090072562,991.6596604583126,0.0114094346820325,-0.2248155451974415,-0.2261615906537573,-1.3216992175565094,0.00032,0.0490222686775307,0.5,-0.2781764406835794,96.7228139423598,20.346533296705218,0.028900741405673,6.40935618518326e-11,7.360192970519937e-05,3.6369261740318537e-06,0.999722246330978,13582.826569020728,3.543827122079647,703168.521168251,11.07496369961976,0.0980856625103151,0.2350654151678791,1.0,3.430634488061861,-0.4371872471734263,-1.5217417095590264,0.1096063929796219,0.3071336426184727,0.3667498075962067,0.0548966742524833,1.1941049650877558,0.0,-0.0897867662845896,"MATLAB 3-26 PM Wed, Sep 18, 2024 Run12 .csv",1.0,3
"MATLAB 3-29 PM Tue, Oct 8, 2024 Run8 .csv",0,5.608323075399701,2141.836540783283,0.2490580110234999,1174.4021950788288,0.0724139328341893,-0.2419531807585077,-0.2216636331070303,-1.3483420741781351,0.001095,0.052305438618857,0.0576923076923076,-1.269900373598488,95.03367811944626,20.12947043632366,0.1878145699578141,2.3223666376996438e-10,0.0001982502900754,0.0001980797467429,0.9986395446114704,1449.2374083231985,3.925060810256889,364388.49153974885,95.58020165152764,0.5840143741123711,0.9093127356359456,1.0,4.266947247111545,-1.0434421565798009,1.225434271467825,0.0461069256067276,0.3373893022995729,0.3804737782478333,0.0326590205825039,1.1276995911091603,5.668262222341447,2524.5192818964456,0.0170678131203043,1101.713363640342,0.0721488978340143,-0.2383039114359771,-0.2177486464125698,-1.3502134939272756,0.002795,1.0433239111417103,0.2692307692307692,0.4101226656194027,69.46120835899548,17.816583145913327,0.1870957696841672,2.5107121319506376e-10,0.0001054252671914,7.716773309808707e-06,0.9996627249829656,9482.19294685608,3.685340227097793,512862.5770887194,84.6915476324123,0.3142504582552945,1.0262293658121686,0.8157894736842105,3.4200547612050984,-0.384868923295983,-0.9290057598425552,0.1257336166501044,0.3715153147624089,0.4697685790061951,0.0716247657070674,1.264466255735974,0.0,0.1931773242287062,1,0,5.608323075399701,2141.836540783283,0.2490580110234999,1174.4021950788288,0.0724139328341893,-0.2419531807585077,-0.2216636331070303,-1.3483420741781351,0.001095,0.052305438618857,0.0576923076923076,-1.269900373598488,95.03367811944626,20.12947043632366,0.1878145699578141,2.3223666376996438e-10,0.0001982502900754,0.0001980797467429,0.9986395446114704,1449.2374083231985,3.925060810256889,364388.49153974885,95.58020165152764,0.5840143741123711,0.9093127356359456,1.0,4.266947247111545,-1.0434421565798009,1.225434271467825,0.0461069256067276,0.3373893022995729,0.3804737782478333,0.0326590205825039,1.1276995911091603,5.668262222341447,2524.5192818964456,0.0170678131203043,1101.713363640342,0.0721488978340143,-0.2383039114359771,-0.2177486464125698,-1.3502134939272756,0.002795,1.0433239111417103,0.2692307692307692,0.4101226656194027,69.46120835899548,17.816583145913327,0.1870957696841672,2.5107121319506376e-10,0.0001054252671914,7.716773309808707e-06,0.9996627249829656,9482.19294685608,3.685340227097793,512862.5770887194,84.6915476324123,0.3142504582552945,1.0262293658121686,0.8157894736842105,3.4200547612050984,-0.384868923295983,-0.9290057598425552,0.1257336166501044,0.3715153147624089,0.4697685790061951,0.0716247657070674,1.264466255735974,0.0,0.1931773242287062,"MATLAB 3-29 PM Tue, Oct 8, 2024 Run8 .csv",,3
"MATLAB 3-29 PM Tue, Oct 8, 2024 Run9 .csv",0,5.842674908161628,2363.5281225353,0.2486045744819787,1240.9768577934958,0.0248228051213338,-0.379028672450581,-0.3801488287851842,0.0444836705256261,0.002305,0.0508809844978515,0.0,-1.6158999719565703,89.28230428314441,21.04355332100328,0.0994644650087438,8.675175154164414e-11,0.0001415412796119,9.224741057161764e-05,0.9975561142670982,3452.4930619052066,3.8076281298307504,400530.1432859352,69.05350404910716,0.3587375156574167,0.7193090374634765,1.0,3.264178211641203,0.0084295802320432,-1.261484341969742,0.0850183886289596,0.2642915542721749,0.335365035533905,0.0454587441223868,1.2689207434473546,5.8961078892220105,2774.661474886764,0.0432143093896197,1085.9691202253057,0.0248187713988023,-0.3754280554951151,-0.3782454102078122,0.0426681883050363,0.001375,0.0418993217577555,0.0125,0.2853505211781761,64.72222057242057,16.868900071447293,0.0994402319926823,8.641789765952759e-11,8.29097980293821e-05,5.721424067371172e-06,0.9992274134244896,12051.982240631887,3.6320196184770297,593275.2010666182,54.47615706391662,0.2685259883582561,0.938838583327275,1.0,2.417409829490907,-0.0793797933600257,-0.4550687729710998,0.0643723553419114,0.300224234893918,0.392159618139267,0.0491098215772565,1.306222391666128,0.0,0.2154732647431355,1,0,5.842674908161628,2363.5281225353,0.2486045744819787,1240.9768577934958,0.0248228051213338,-0.379028672450581,-0.3801488287851842,0.0444836705256261,0.002305,0.0508809844978515,0.0,-1.6158999719565703,89.28230428314441,21.04355332100328,0.0994644650087438,8.675175154164414e-11,0.0001415412796119,9.224741057161764e-05,0.9975561142670982,3452.4930619052066,3.8076281298307504,400530.1432859352,69.05350404910716,0.3587375156574167,0.7193090374634765,1.0,3.264178211641203,0.0084295802320432,-1.261484341969742,0.0850183886289596,0.2642915542721749,0.335365035533905,0.0454587441223868,1.2689207434473546,5.8961078892220105,2774.661474886764,0.0432143093896197,1085.9691202253057,0.0248187713988023,-0.3754280554951151,-0.3782454102078122,0.0426681883050363,0.001375,0.0418993217577555,0.0125,0.2853505211781761,64.72222057242057,16.868900071447293,0.0994402319926823,8.641789765952759e-11,8.29097980293821e-05,5.721424067371172e-06,0.9992274134244896,12051.982240631887,3.6320196184770297,593275.2010666182,54.47615706391662,0.2685259883582561,0.938838583327275,1.0,2.417409829490907,-0.0793797933600257,-0.4550687729710998,0.0643723553419114,0.300224234893918,0.392159618139267,0.0491098215772565,1.306222391666128,0.0,0.2154732647431355,"MATLAB 3-29 PM Tue, Oct 8, 2024 Run9 .csv",2.0,3
"MATLAB 3-33 PM Tue, Oct 8, 2024 Run10 .csv",0,5.500953614157821,2153.1795595649623,0.2114078820776374,1151.4272535107757,0.0561731471296796,-0.2504335518360522,-0.2398748079939439,-1.391416613435391,0.00326,0.0437587138928237,0.0384615384615384,-0.4888580200219384,90.04422921965674,18.96650041859565,0.1464535743917254,3.163163713646721e-10,0.0002004740688615,0.0001576996789646,0.9986474484220542,1349.6704639746963,3.832347413869757,376463.22212830745,50.422672220351984,0.2701633219887737,0.4896156412690507,1.0,2.250333034289496,-2.009669558110632,5.837843076113709,0.0656171122193337,0.357471038882549,0.4173432552814484,0.0501840267593255,1.1674882994327578,5.563621277715191,2645.7660702748567,-0.0003238084257551,1096.0250141381753,0.056705530685691,-0.2469021862916409,-0.2368292300184131,-1.39295240801323,0.00464,0.0347763748379803,0.0384615384615384,0.4351212584834663,70.57518228201265,16.95597721973166,0.1478523881851523,3.1774291234027166e-10,0.0001059181502263,7.173135256765014e-06,0.9996498724261772,9437.946851316816,3.620848456241353,553397.0981369728,40.14306904518495,0.1550490323200207,0.5989592055380203,1.0,3.4041851709199538,-1.5211815022536732,2.916813129258085,0.091493726670742,0.3865300455460181,0.4583962976932526,0.0684846417945253,1.185926690500127,0.0,0.2889333195871536,1,0,5.500953614157821,2153.1795595649623,0.2114078820776374,1151.4272535107757,0.0561731471296796,-0.2504335518360522,-0.2398748079939439,-1.391416613435391,0.00326,0.0437587138928237,0.0384615384615384,-0.4888580200219384,90.04422921965674,18.96650041859565,0.1464535743917254,3.163163713646721e-10,0.0002004740688615,0.0001576996789646,0.9986474484220542,1349.6704639746963,3.832347413869757,376463.22212830745,50.422672220351984,0.2701633219887737,0.4896156412690507,1.0,2.250333034289496,-2.009669558110632,5.837843076113709,0.0656171122193337,0.357471038882549,0.4173432552814484,0.0501840267593255,1.1674882994327578,5.563621277715191,2645.7660702748567,-0.0003238084257551,1096.0250141381753,0.056705530685691,-0.2469021862916409,-0.2368292300184131,-1.39295240801323,0.00464,0.0347763748379803,0.0384615384615384,0.4351212584834663,70.57518228201265,16.95597721973166,0.1478523881851523,3.1774291234027166e-10,0.0001059181502263,7.173135256765014e-06,0.9996498724261772,9437.946851316816,3.620848456241353,553397.0981369728,40.14306904518495,0.1550490323200207,0.5989592055380203,1.0,3.4041851709199538,-1.5211815022536732,2.916813129258085,0.091493726670742,0.3865300455460181,0.4583962976932526,0.0684846417945253,1.185926690500127,0.0,0.2889333195871536,"MATLAB 3-33 PM Tue, Oct 8, 2024 Run10 .csv",1.0,3
"MATLAB 3-41 PM Thu, Oct 3, 2024 Run6 .csv",0,5.956833719299807,2451.307360225858,0.2545158261982904,1180.3708062703934,0.0046100802813651,-0.2738353744376451,-0.2806323535850351,-1.3847719488017605,0.00047,0.0252408103197514,0.0,-1.761434273151068,130.5743792375046,21.845978398017355,0.0123203362615717,2.6534931289684968e-11,0.000164921624429,8.894322902587576e-05,0.9973140456950232,2320.6926162468826,4.140726632078342,469495.8654841357,16.658682010861302,0.1023954848188991,0.2230821761709694,1.0,2.214335573175058,-0.9804021587786276,0.4069123291851326,0.0087558662891388,0.2472348469275015,0.2609687650203705,0.0096132441306737,1.055550090383886,5.815446038993013,2909.0507013782485,0.0226972762999362,1028.2515698430177,0.0046334645834812,-0.2703306043342637,-0.2770871611691998,-1.3855805555084482,0.00042,0.0162567128465648,0.0,-0.1947608644871743,88.08597216679223,19.657789584788578,0.0123828302850438,5.532800952789545e-11,0.0001173086874014,6.437076433560267e-06,0.9992902458996908,8518.467540944539,3.888725029081936,642186.3014483687,13.713753563569082,0.0910422431938107,0.3087125434676439,1.0,3.369801058635474,0.0955072336640412,-1.5961300524323423,0.0501372456550597,0.2792168938230585,0.3156834518909455,0.0256849556504949,1.1306029788118623,0.0,-0.167750835685023,1,0,5.956833719299807,2451.307360225858,0.2545158261982904,1180.3708062703934,0.0046100802813651,-0.2738353744376451,-0.2806323535850351,-1.3847719488017605,0.00047,0.0252408103197514,0.0,-1.761434273151068,130.5743792375046,21.845978398017355,0.0123203362615717,2.6534931289684968e-11,0.000164921624429,8.894322902587576e-05,0.9973140456950232,2320.6926162468826,4.140726632078342,469495.8654841357,16.658682010861302,0.1023954848188991,0.2230821761709694,1.0,2.214335573175058,-0.9804021587786276,0.4069123291851326,0.0087558662891388,0.2472348469275015,0.2609687650203705,0.0096132441306737,1.055550090383886,5.815446038993013,2909.0507013782485,0.0226972762999362,1028.2515698430177,0.0046334645834812,-0.2703306043342637,-0.2770871611691998,-1.3855805555084482,0.00042,0.0162567128465648,0.0,-0.1947608644871743,88.08597216679223,19.657789584788578,0.0123828302850438,5.532800952789545e-11,0.0001173086874014,6.437076433560267e-06,0.9992902458996908,8518.467540944539,3.888725029081936,642186.3014483687,13.713753563569082,0.0910422431938107,0.3087125434676439,1.0,3.369801058635474,0.0955072336640412,-1.5961300524323423,0.0501372456550597,0.2792168938230585,0.3156834518909455,0.0256849556504949,1.1306029788118623,0.0,-0.167750835685023,"MATLAB 3-41 PM Thu, Oct 3, 2024 Run6 .csv",1.0,3
"MATLAB 3-47 PM Thu, Oct 3, 2024 Run7 .csv",0,5.947528957061193,2438.1748128168465,0.2579966356303418,1187.1855551732042,0.0016230582786602,-0.2177248411064412,-0.2254787243588186,-1.8350447452153889,0.00025,0.0152696314727125,0.0,-2.145645462931669,157.11475978941553,23.15529814365619,0.0037068819917709,7.142613699176929e-11,0.0001749467892736,9.509889261990296e-05,0.9964791101901678,1918.372556754893,4.444546582432423,447177.28556757566,22.469147725002863,0.1437133345245607,0.30577415581541,1.0,2.194952324882668,-0.5118189014527432,-1.0965623080218967,0.0081277853250503,0.3190406295009281,0.3256472897529602,0.0052628688536284,1.0207078962399454,5.847019486927866,2914.7439460755672,0.0272387868404244,1036.0170882442574,0.0014295364197648,-0.2143221958208789,-0.2222645087803473,-1.8354617892222267,0.00033,0.0062845871588794,0.0,-0.3017743545125341,110.68214532216972,21.448204732160903,0.0032654422924342,1.1861897544063103e-10,8.952382886169612e-05,8.811716878577907e-06,0.999028017111806,11159.353099778473,4.128786717746123,679580.5632942623,17.811892495109984,0.123689585857365,0.4057661933528719,1.0,2.351286536636139,-0.2092444705592377,-1.405910070263449,0.0460433143377304,0.3538085600604182,0.3910685884952545,0.0263684662453975,1.1053112689768545,0.0,-0.0616140751925634,1,0,5.947528957061193,2438.1748128168465,0.2579966356303418,1187.1855551732042,0.0016230582786602,-0.2177248411064412,-0.2254787243588186,-1.8350447452153889,0.00025,0.0152696314727125,0.0,-2.145645462931669,157.11475978941553,23.15529814365619,0.0037068819917709,7.142613699176929e-11,0.0001749467892736,9.509889261990296e-05,0.9964791101901678,1918.372556754893,4.444546582432423,447177.28556757566,22.469147725002863,0.1437133345245607,0.30577415581541,1.0,2.194952324882668,-0.5118189014527432,-1.0965623080218967,0.0081277853250503,0.3190406295009281,0.3256472897529602,0.0052628688536284,1.0207078962399454,5.847019486927866,2914.7439460755672,0.0272387868404244,1036.0170882442574,0.0014295364197648,-0.2143221958208789,-0.2222645087803473,-1.8354617892222267,0.00033,0.0062845871588794,0.0,-0.3017743545125341,110.68214532216972,21.448204732160903,0.0032654422924342,1.1861897544063103e-10,8.952382886169612e-05,8.811716878577907e-06,0.999028017111806,11159.353099778473,4.128786717746123,679580.5632942623,17.811892495109984,0.123689585857365,0.4057661933528719,1.0,2.351286536636139,-0.2092444705592377,-1.405910070263449,0.0460433143377304,0.3538085600604182,0.3910685884952545,0.0263684662453975,1.1053112689768545,0.0,-0.0616140751925634,"MATLAB 3-47 PM Thu, Oct 3, 2024 Run7 .csv",1.0,3
"MATLAB 3-52 PM Thu, Oct 3, 2024 Run8 .csv",0,5.93305149407483,2423.629630816112,0.2531110937210181,1181.5752079398048,0.0035339480617321,-0.1214616034592697,-0.1323306826126598,-2.406862311450201,0.00028,0.0010250902626569,0.0,-1.991226567892568,198.2483647857092,25.842401378156385,0.0064854283635176,6.701912428794916e-11,0.0001803487485412,8.829172930711794e-05,0.9968792016420576,1677.0992878180891,4.087905558303287,363798.96358392463,18.806955230241595,0.1145173312616326,0.2528225613424643,1.0,1.167261970179254,-0.0365896319043739,-0.6639075840753157,0.0169257378578186,0.3265863234466977,0.3523929369449616,0.0147674969770739,1.0790192719214582,5.850892527113137,2939.1274267659173,0.0238885451480282,1033.2439294397825,0.0037316193095716,-0.1179164626883425,-0.1273321482371314,-2.40671998017154,0.0003,-0.0079613066806709,0.0,-0.0312110645604724,137.89407441659873,24.493247423878582,0.0068467862151096,1.0470075222481224e-10,0.0001074111824887,9.68077406165959e-06,0.9989279672196584,9300.0369614597,3.8664305899871647,639595.3383197547,14.44079869453834,0.1034329230156875,0.3362790017841702,1.0,1.3248372194942315,-0.4126102699233913,0.4847974782485909,0.0225982245802879,0.3664249332083596,0.3959017598628998,0.018512026182983,1.080444380234843,0.0,0.4441304300636942,1,0,5.93305149407483,2423.629630816112,0.2531110937210181,1181.5752079398048,0.0035339480617321,-0.1214616034592697,-0.1323306826126598,-2.406862311450201,0.00028,0.0010250902626569,0.0,-1.991226567892568,198.2483647857092,25.842401378156385,0.0064854283635176,6.701912428794916e-11,0.0001803487485412,8.829172930711794e-05,0.9968792016420576,1677.0992878180891,4.087905558303287,363798.96358392463,18.806955230241595,0.1145173312616326,0.2528225613424643,1.0,1.167261970179254,-0.0365896319043739,-0.6639075840753157,0.0169257378578186,0.3265863234466977,0.3523929369449616,0.0147674969770739,1.0790192719214582,5.850892527113137,2939.1274267659173,0.0238885451480282,1033.2439294397825,0.0037316193095716,-0.1179164626883425,-0.1273321482371314,-2.40671998017154,0.0003,-0.0079613066806709,0.0,-0.0312110645604724,137.89407441659873,24.493247423878582,0.0068467862151096,1.0470075222481224e-10,0.0001074111824887,9.68077406165959e-06,0.9989279672196584,9300.0369614597,3.8664305899871647,639595.3383197547,14.44079869453834,0.1034329230156875,0.3362790017841702,1.0,1.3248372194942315,-0.4126102699233913,0.4847974782485909,0.0225982245802879,0.3664249332083596,0.3959017598628998,0.018512026182983,1.080444380234843,0.0,0.4441304300636942,"MATLAB 3-52 PM Thu, Oct 3, 2024 Run8 .csv",1.0,3
"MATLAB 3-57 PM Thu, Oct 3, 2024 Run12 .csv",0,5.977844615663342,2465.646241209989,0.2569986121099263,1191.8290269524382,0.0021870005532135,-0.401617188033319,-0.4142234238098581,-0.7073819017159817,0.00041,-0.0189172674314208,0.0,-0.8472150339023221,96.8999082236104,19.24500932839241,0.0078146235801802,3.300177585449264e-11,0.0001389284241414,7.905825791492844e-05,0.9971597553068572,3225.0615067455783,4.426732078535167,439850.0273954223,20.539170731464697,0.1161267783378484,0.2733310157275299,1.0,3.1284954735944743,-0.1499368229724508,-1.1995518379624217,0.0174699676036835,0.2520341660579046,0.2713296914100647,0.0115299777954948,1.0765591651876556,5.845224125503066,2954.486454215559,0.0120578765017936,1064.2404370144218,0.0024890847406613,-0.3982426070584871,-0.4110868431106507,-0.7064564450376185,0.00057,-0.0279055580560414,0.0,-0.0208869248404824,70.03846795001579,16.825699214784578,0.0088940353850654,5.2248030016638765e-11,0.0001033091466763,8.091823049923621e-06,0.9987021542951098,9667.122287085707,4.216332504091568,585492.1591937782,15.935777986671784,0.1108725824131109,0.36250038803593,1.0,3.2878081754955613,-0.779203535654891,-0.5739640696470678,0.0226125210523605,0.2714958410461744,0.2922166764736176,0.0161873822343617,1.0763210049465144,1.0,0.1626958242745382,1,0,5.977844615663342,2465.646241209989,0.2569986121099263,1191.8290269524382,0.0021870005532135,-0.401617188033319,-0.4142234238098581,-0.7073819017159817,0.00041,-0.0189172674314208,0.0,-0.8472150339023221,96.8999082236104,19.24500932839241,0.0078146235801802,3.300177585449264e-11,0.0001389284241414,7.905825791492844e-05,0.9971597553068572,3225.0615067455783,4.426732078535167,439850.0273954223,20.539170731464697,0.1161267783378484,0.2733310157275299,1.0,3.1284954735944743,-0.1499368229724508,-1.1995518379624217,0.0174699676036835,0.2520341660579046,0.2713296914100647,0.0115299777954948,1.0765591651876556,5.845224125503066,2954.486454215559,0.0120578765017936,1064.2404370144218,0.0024890847406613,-0.3982426070584871,-0.4110868431106507,-0.7064564450376185,0.00057,-0.0279055580560414,0.0,-0.0208869248404824,70.03846795001579,16.825699214784578,0.0088940353850654,5.2248030016638765e-11,0.0001033091466763,8.091823049923621e-06,0.9987021542951098,9667.122287085707,4.216332504091568,585492.1591937782,15.935777986671784,0.1108725824131109,0.36250038803593,1.0,3.2878081754955613,-0.779203535654891,-0.5739640696470678,0.0226125210523605,0.2714958410461744,0.2922166764736176,0.0161873822343617,1.0763210049465144,1.0,0.1626958242745382,"MATLAB 3-57 PM Thu, Oct 3, 2024 Run12 .csv",1.0,3
"MATLAB 3-59 PM Tue, Sep 17, 2024 Run8 .csv",0,5.734099268056526,3036.6876208490858,0.2197766766773342,945.8492760635625,0.0407420915134241,-0.493898167368538,-0.5135642069908951,0.8639090735634225,0.00268,-0.024615083915443,0.8653846153846154,-0.5479446485829624,37.90170299707249,14.340994474280054,0.2123133098004125,1.8869319217295387e-11,8.8175620118563e-05,6.311606845130972e-05,0.9976717929302384,7333.000160615431,4.466400692122456,547752.1762244378,6.731345495862187,0.0924150113070229,0.2752567773846624,1.0,-1.882580668286891,-0.4598834340687233,-0.9788708266897066,0.034731752872467,0.148586867061945,0.1775904548168182,0.0223695759125021,1.1951961726387412,5.696916110693743,3219.6116456197924,-0.0456934695282449,934.6576792574864,0.0394766272270585,-0.4867064634257044,-0.5073238987754298,0.7650572802574684,0.00117,-0.0336039155918617,0.8627450980392157,0.284634189530589,46.26431848468748,14.946119281679623,0.2016892007459186,4.7294083381551886e-11,5.362986413470074e-05,1.0456096006864163e-06,0.9995716434559436,18638.340029080544,4.079924987204173,888135.0689054359,8.760927947830554,0.1111825618768486,0.3391790602137865,1.0,-1.722771551361202,-0.1312334079369611,-1.6028151597131337,0.0892485380172729,0.230171990885454,0.2844830882549286,0.0428258519239004,1.2359587591893515,0.0,0.2936671861169429,1,0,5.734099268056526,3036.6876208490858,0.2197766766773342,945.8492760635625,0.0407420915134241,-0.493898167368538,-0.5135642069908951,0.8639090735634225,0.00268,-0.024615083915443,0.8653846153846154,-0.5479446485829624,37.90170299707249,14.340994474280054,0.2123133098004125,1.8869319217295387e-11,8.8175620118563e-05,6.311606845130972e-05,0.9976717929302384,7333.000160615431,4.466400692122456,547752.1762244378,6.731345495862187,0.0924150113070229,0.2752567773846624,1.0,-1.882580668286891,-0.4598834340687233,-0.9788708266897066,0.034731752872467,0.148586867061945,0.1775904548168182,0.0223695759125021,1.1951961726387412,5.696916110693743,3219.6116456197924,-0.0456934695282449,934.6576792574864,0.0394766272270585,-0.4867064634257044,-0.5073238987754298,0.7650572802574684,0.00117,-0.0336039155918617,0.8627450980392157,0.284634189530589,46.26431848468748,14.946119281679623,0.2016892007459186,4.7294083381551886e-11,5.362986413470074e-05,1.0456096006864163e-06,0.9995716434559436,18638.340029080544,4.079924987204173,888135.0689054359,8.760927947830554,0.1111825618768486,0.3391790602137865,1.0,-1.722771551361202,-0.1312334079369611,-1.6028151597131337,0.0892485380172729,0.230171990885454,0.2844830882549286,0.0428258519239004,1.2359587591893515,0.0,0.2936671861169429,"MATLAB 3-59 PM Tue, Sep 17, 2024 Run8 .csv",2.0,3
"MATLAB 4-05 PM Thu, Oct 3, 2024 Run13 .csv",0,5.936164186863349,2449.517339975665,0.2428179293183001,1178.8700317452583,0.0019047838523214,-0.3418455257404174,-0.3567105778522055,-1.486382724722053,0.00032,-0.034586262762482,0.0,-0.633798963818113,117.4504915954631,21.36591670560352,0.0054189601723419,2.958282411614737e-11,0.0001344653474887,6.605485650090354e-05,0.9973809698602067,3384.765641042476,4.279616196635246,452851.631648428,16.611477327243733,0.0901340946293508,0.2207904154558827,1.0,0.0980360834207192,-0.0015299805465212,-1.0428069913876945,0.0195974111557006,0.2607769563280303,0.2776201391220093,0.0111488691122681,1.06458846299591,5.812494773885701,2993.55125230204,0.0028999099409537,1048.7663063192122,0.0023595523379088,-0.3387171409077968,-0.3540012464739827,-1.4848419552296388,0.00045,-0.0435760412795469,0.0,-0.1025782770700294,88.94681203295207,18.84361205343118,0.0067165623463555,4.409123645584574e-11,0.000106417442369,8.253981768173415e-06,0.998704120461272,9384.778455749229,3.993804837887328,645183.5262491938,12.3847122589852,0.0916439910844199,0.2960499355899448,1.0,0.2587139266394631,-0.0754073661233079,-0.9375819708083464,0.0202097499370574,0.2681360334774543,0.2903584563732148,0.013658812728023,1.0828774208656629,1.0,0.6389488688039773,1,0,5.936164186863349,2449.517339975665,0.2428179293183001,1178.8700317452583,0.0019047838523214,-0.3418455257404174,-0.3567105778522055,-1.486382724722053,0.00032,-0.034586262762482,0.0,-0.633798963818113,117.4504915954631,21.36591670560352,0.0054189601723419,2.958282411614737e-11,0.0001344653474887,6.605485650090354e-05,0.9973809698602067,3384.765641042476,4.279616196635246,452851.631648428,16.611477327243733,0.0901340946293508,0.2207904154558827,1.0,0.0980360834207192,-0.0015299805465212,-1.0428069913876945,0.0195974111557006,0.2607769563280303,0.2776201391220093,0.0111488691122681,1.06458846299591,5.812494773885701,2993.55125230204,0.0028999099409537,1048.7663063192122,0.0023595523379088,-0.3387171409077968,-0.3540012464739827,-1.4848419552296388,0.00045,-0.0435760412795469,0.0,-0.1025782770700294,88.94681203295207,18.84361205343118,0.0067165623463555,4.409123645584574e-11,0.000106417442369,8.253981768173415e-06,0.998704120461272,9384.778455749229,3.993804837887328,645183.5262491938,12.3847122589852,0.0916439910844199,0.2960499355899448,1.0,0.2587139266394631,-0.0754073661233079,-0.9375819708083464,0.0202097499370574,0.2681360334774543,0.2903584563732148,0.013658812728023,1.0828774208656629,1.0,0.6389488688039773,"MATLAB 4-05 PM Thu, Oct 3, 2024 Run13 .csv",1.0,3
"MATLAB 4-09 PM Thu, Oct 3, 2024 Run14 .csv",0,5.928660944600166,2457.0349291533607,0.2405512421747947,1181.8159569560248,0.001304184035079,-0.3189766839615787,-0.3348717527771505,-1.8294732644629408,0.00026,-0.0431329874885153,0.0,-0.6315336399621011,136.20271588093647,22.479487440125705,0.0034244213865721,3.082439726224705e-11,0.0001355732619666,6.363068953596874e-05,0.9969725155483292,3277.407474470817,4.140089076112798,396029.882766113,14.45684197709371,0.0775952347801508,0.1916570845811583,1.0,4.081421870598671,0.0184179983308547,-1.2317644397279923,0.0239409685134887,0.2613766531302378,0.2829551327228546,0.0146615325257014,1.08255702770004,5.785949142869651,3012.504466853812,-0.0029061733418422,1041.2000245411027,0.0023757306223967,-0.3156734970249846,-0.3319318301163394,-1.8275968697992264,0.00038,-0.0521235775832771,0.0,-0.1101358161723171,98.1236869715749,19.769285965043387,0.0062380021018861,4.537605373453712e-11,0.0001022480121033,8.292860471069497e-06,0.9985472098723605,9765.93274852858,3.772704369233351,612889.0173263563,10.690389369453923,0.0815834808438089,0.2604261097330466,1.0,4.242844336354319,-0.3342754702607866,-0.327226838325438,0.0128218472003936,0.2666193189529272,0.2867351841926575,0.0114358256149311,1.0754478907182332,2.0,0.6333643839383077,1,0,5.928660944600166,2457.0349291533607,0.2405512421747947,1181.8159569560248,0.001304184035079,-0.3189766839615787,-0.3348717527771505,-1.8294732644629408,0.00026,-0.0431329874885153,0.0,-0.6315336399621011,136.20271588093647,22.479487440125705,0.0034244213865721,3.082439726224705e-11,0.0001355732619666,6.363068953596874e-05,0.9969725155483292,3277.407474470817,4.140089076112798,396029.882766113,14.45684197709371,0.0775952347801508,0.1916570845811583,1.0,4.081421870598671,0.0184179983308547,-1.2317644397279923,0.0239409685134887,0.2613766531302378,0.2829551327228546,0.0146615325257014,1.08255702770004,5.785949142869651,3012.504466853812,-0.0029061733418422,1041.2000245411027,0.0023757306223967,-0.3156734970249846,-0.3319318301163394,-1.8275968697992264,0.00038,-0.0521235775832771,0.0,-0.1101358161723171,98.1236869715749,19.769285965043387,0.0062380021018861,4.537605373453712e-11,0.0001022480121033,8.292860471069497e-06,0.9985472098723605,9765.93274852858,3.772704369233351,612889.0173263563,10.690389369453923,0.0815834808438089,0.2604261097330466,1.0,4.242844336354319,-0.3342754702607866,-0.327226838325438,0.0128218472003936,0.2666193189529272,0.2867351841926575,0.0114358256149311,1.0754478907182332,2.0,0.6333643839383077,"MATLAB 4-09 PM Thu, Oct 3, 2024 Run14 .csv",1.0,3
"MATLAB 4-26 PM Thu, Oct 10, 2024 Run7 .csv",0,5.601611091488573,2204.5495513159767,0.2598436699043652,1231.7877843078395,0.0201341157879908,-0.4736600089920799,-0.4937276271616218,-0.7782574052161277,0.0008433333333333,-0.0858666111186821,0.0086206896551724,-1.4441267409895695,75.69868701968119,21.921682460237363,0.0778754260563136,3.5632239725129205e-11,0.0004227731067657,0.0001811397517762,0.9977145272694063,-1935.0681416432928,3.8933525801963818,569055.692131135,62.70101461315575,0.4268832863625784,0.8064553661967577,1.0,6.998350806488428,0.0588555289824998,-1.0601542296118116,0.0289270639419556,0.1896367253311749,0.2256555151939392,0.0160247874059323,1.1899357300114857,5.935514784011717,2628.1728768773723,0.0817081955732908,1102.7134757566123,0.0199918986061506,-0.4704828115347275,-0.4913347481002991,-0.7747028846959094,0.0007466666666666,-0.0948612591019284,0.0086206896551724,0.1803096745702234,52.94527293798132,17.80577289767241,0.0773253535453101,2.014455182735324e-11,0.0006070057367581,1.2342509839087645e-05,0.998836500957933,1645.5141038575375,3.8558765387066978,681739.4773279962,46.88964716582752,0.2205909607883121,1.1496890328543796,1.0,7.163496384928596,-0.1577768549768492,-0.6833841837439545,0.049204922914505,0.2026507745015209,0.291491893529892,0.0298217523010952,1.4383951615625543,0.0,-0.7928943543406939,1,0,5.601611091488573,2204.5495513159767,0.2598436699043652,1231.7877843078395,0.0201341157879908,-0.4736600089920799,-0.4937276271616218,-0.7782574052161277,0.0008433333333333,-0.0858666111186821,0.0086206896551724,-1.4441267409895695,75.69868701968119,21.921682460237363,0.0778754260563136,3.5632239725129205e-11,0.0004227731067657,0.0001811397517762,0.9977145272694063,-1935.0681416432928,3.8933525801963818,569055.692131135,62.70101461315575,0.4268832863625784,0.8064553661967577,1.0,6.998350806488428,0.0588555289824998,-1.0601542296118116,0.0289270639419556,0.1896367253311749,0.2256555151939392,0.0160247874059323,1.1899357300114857,5.935514784011717,2628.1728768773723,0.0817081955732908,1102.7134757566123,0.0199918986061506,-0.4704828115347275,-0.4913347481002991,-0.7747028846959094,0.0007466666666666,-0.0948612591019284,0.0086206896551724,0.1803096745702234,52.94527293798132,17.80577289767241,0.0773253535453101,2.014455182735324e-11,0.0006070057367581,1.2342509839087645e-05,0.998836500957933,1645.5141038575375,3.8558765387066978,681739.4773279962,46.88964716582752,0.2205909607883121,1.1496890328543796,1.0,7.163496384928596,-0.1577768549768492,-0.6833841837439545,0.049204922914505,0.2026507745015209,0.291491893529892,0.0298217523010952,1.4383951615625543,0.0,-0.7928943543406939,"MATLAB 4-26 PM Thu, Oct 10, 2024 Run7 .csv",,3
"MATLAB 4-26 PM Thu, Sep 5, 2024 Run8 .csv",0,5.597393311144483,2702.578650529824,0.1957918129950602,1264.8062119900808,0.0178060251507124,-0.5566647829011,-0.5759980187217049,0.9407565281175004,0.0006,-0.0887155193606932,0.0178571428571428,1.147547311557989,52.290333789749816,16.92206078232576,0.1002047807962498,8.121765742236136e-12,0.0001138107512004,3.210603934384087e-05,0.9997734036456823,4474.951295102697,4.550219473106718,450148.29366338026,6.546107227301208,0.0562798727846055,0.1122287048490557,1.0,-0.0071872644522539,-0.5903650105908281,-1.087992145257921,0.0533512210845947,0.178298038393259,0.2084560561180115,0.0274810666248177,1.169143855964557,5.827965648526955,3093.047222656573,-0.0250812001248684,1200.811525807616,0.0173587280866563,-0.5534959847423635,-0.5735282759003362,0.944422923694817,0.00092,-0.0977104378698383,0.0178571428571428,0.507346409045751,43.8395469918505,14.402840449227345,0.0976875820460979,1.3087437182349828e-11,0.0001170374659614,9.443558799432126e-06,0.9996458177419956,8541.246254178071,4.249287602743786,535607.2248739465,7.047041148424091,0.0776926028402573,0.1799844023949658,1.0,0.1582065215002148,-0.1750076488189296,-0.9569771744369042,0.0398000931739807,0.1706851440668106,0.2163393557071686,0.0207541438480707,1.267476187748875,2.0,0.3741209866921828,1,0,5.597393311144483,2702.578650529824,0.1957918129950602,1264.8062119900808,0.0178060251507124,-0.5566647829011,-0.5759980187217049,0.9407565281175004,0.0006,-0.0887155193606932,0.0178571428571428,1.147547311557989,52.290333789749816,16.92206078232576,0.1002047807962498,8.121765742236136e-12,0.0001138107512004,3.210603934384087e-05,0.9997734036456823,4474.951295102697,4.550219473106718,450148.29366338026,6.546107227301208,0.0562798727846055,0.1122287048490557,1.0,-0.0071872644522539,-0.5903650105908281,-1.087992145257921,0.0533512210845947,0.178298038393259,0.2084560561180115,0.0274810666248177,1.169143855964557,5.827965648526955,3093.047222656573,-0.0250812001248684,1200.811525807616,0.0173587280866563,-0.5534959847423635,-0.5735282759003362,0.944422923694817,0.00092,-0.0977104378698383,0.0178571428571428,0.507346409045751,43.8395469918505,14.402840449227345,0.0976875820460979,1.3087437182349828e-11,0.0001170374659614,9.443558799432126e-06,0.9996458177419956,8541.246254178071,4.249287602743786,535607.2248739465,7.047041148424091,0.0776926028402573,0.1799844023949658,1.0,0.1582065215002148,-0.1750076488189296,-0.9569771744369042,0.0398000931739807,0.1706851440668106,0.2163393557071686,0.0207541438480707,1.267476187748875,2.0,0.3741209866921828,"MATLAB 4-26 PM Thu, Sep 5, 2024 Run8 .csv",2.0,3
"MATLAB 4-47 PM Tue, Oct 1, 2024 Run8 .csv",0,5.932498706596419,2458.261600400126,0.2779853157692814,1208.9390838683037,0.0465871603226547,-0.4810866158288599,-0.5125167393106695,-1.1457250989778598,0.00062,-0.1157801476597986,0.1232876712328767,-1.5533168497414909,77.95056030819327,19.7355526235663,0.1701624144544575,2.1523912172719748e-11,0.0029446093468239,0.0001126233855383,0.9936516797092252,-4110.604406013749,3.789704621846577,711143.1154687485,34.314095128416064,0.2338380197925097,0.6077213792558505,1.0,3.9402010616112593,0.6952834588994283,5.895309571392682,0.0094517350196837,0.1938453653250655,0.2398761677742004,0.0096477019071056,1.237461454762895,5.875311375199765,2859.011379853789,0.0574394680055492,1053.7461306527184,0.0466023633732509,-0.4780295554513932,-0.5107167907688107,-1.140995890358091,0.00061,-0.1247776361649841,0.2054794520547945,-0.5530838203557328,68.31050171489082,19.00934460592356,0.1702378076932432,4.5301126395685405e-11,0.0020987520985932,1.246076579422244e-05,0.9974861325592076,475.2758237753675,3.5404546964505355,841385.7995792982,31.682597691516435,0.1984768172870545,0.7996153529892369,1.0,4.107952818930591,-0.9530513274854738,0.077173805260982,0.0166770756244659,0.2395253507895012,0.256852023601532,0.0128559118633154,1.0723375323527142,1.0,-0.3936065852855374,1,0,5.932498706596419,2458.261600400126,0.2779853157692814,1208.9390838683037,0.0465871603226547,-0.4810866158288599,-0.5125167393106695,-1.1457250989778598,0.00062,-0.1157801476597986,0.1232876712328767,-1.5533168497414909,77.95056030819327,19.7355526235663,0.1701624144544575,2.1523912172719748e-11,0.0029446093468239,0.0001126233855383,0.9936516797092252,-4110.604406013749,3.789704621846577,711143.1154687485,34.314095128416064,0.2338380197925097,0.6077213792558505,1.0,3.9402010616112593,0.6952834588994283,5.895309571392682,0.0094517350196837,0.1938453653250655,0.2398761677742004,0.0096477019071056,1.237461454762895,5.875311375199765,2859.011379853789,0.0574394680055492,1053.7461306527184,0.0466023633732509,-0.4780295554513932,-0.5107167907688107,-1.140995890358091,0.00061,-0.1247776361649841,0.2054794520547945,-0.5530838203557328,68.31050171489082,19.00934460592356,0.1702378076932432,4.5301126395685405e-11,0.0020987520985932,1.246076579422244e-05,0.9974861325592076,475.2758237753675,3.5404546964505355,841385.7995792982,31.682597691516435,0.1984768172870545,0.7996153529892369,1.0,4.107952818930591,-0.9530513274854738,0.077173805260982,0.0166770756244659,0.2395253507895012,0.256852023601532,0.0128559118633154,1.0723375323527142,1.0,-0.3936065852855374,"MATLAB 4-47 PM Tue, Oct 1, 2024 Run8 .csv",4.0,3
"MATLAB 4-52 PM Tue, Oct 1, 2024 Run9 .csv",0,5.903564689465085,2472.7200310593075,0.2422956206903935,1194.136960286574,0.0893227379772262,-0.4186602290044407,-0.4093019352212512,-1.8028946059284188,0.00133,-0.1172046017808043,0.0666666666666666,-1.587156765212336,100.62399311100624,19.57784636158421,0.2648277226577546,1.893244427870682e-11,0.0001394453196622,7.905095080687462e-05,0.9968655882634108,2693.451572500844,4.368157456105338,368395.5046737696,14.189453632009256,0.0803108821696282,0.1768302180636834,1.0,-0.0625679738590818,-0.7014560394571854,3.233156341446935,0.0167721712589263,0.1992349922657013,0.2517136466503143,0.0195782022153134,1.2634007901314197,5.8615994149272375,2901.528893125032,0.0156568173919374,1038.0177964307916,0.0889060932803627,-0.4155650790042893,-0.4081635547958995,-1.7981094597801004,0.00118,-0.1262022255489392,0.0666666666666666,-0.5642274316909849,88.50486940589425,21.37952615750565,0.2635843530110168,3.800783050550661e-11,0.0001165201593145,5.968268461488817e-06,0.9994155786086102,8577.19028610681,3.862505292914338,611392.996352784,12.65293599486274,0.0773841436383601,0.253876682755441,1.0,0.1053078872164001,-1.7296048826501909,3.891869224577305,0.0234524789452553,0.2437570334672928,0.2718585002422333,0.024566879169218,1.1152847422501602,0.0,0.3269946979985731,1,0,5.903564689465085,2472.7200310593075,0.2422956206903935,1194.136960286574,0.0893227379772262,-0.4186602290044407,-0.4093019352212512,-1.8028946059284188,0.00133,-0.1172046017808043,0.0666666666666666,-1.587156765212336,100.62399311100624,19.57784636158421,0.2648277226577546,1.893244427870682e-11,0.0001394453196622,7.905095080687462e-05,0.9968655882634108,2693.451572500844,4.368157456105338,368395.5046737696,14.189453632009256,0.0803108821696282,0.1768302180636834,1.0,-0.0625679738590818,-0.7014560394571854,3.233156341446935,0.0167721712589263,0.1992349922657013,0.2517136466503143,0.0195782022153134,1.2634007901314197,5.8615994149272375,2901.528893125032,0.0156568173919374,1038.0177964307916,0.0889060932803627,-0.4155650790042893,-0.4081635547958995,-1.7981094597801004,0.00118,-0.1262022255489392,0.0666666666666666,-0.5642274316909849,88.50486940589425,21.37952615750565,0.2635843530110168,3.800783050550661e-11,0.0001165201593145,5.968268461488817e-06,0.9994155786086102,8577.19028610681,3.862505292914338,611392.996352784,12.65293599486274,0.0773841436383601,0.253876682755441,1.0,0.1053078872164001,-1.7296048826501909,3.891869224577305,0.0234524789452553,0.2437570334672928,0.2718585002422333,0.024566879169218,1.1152847422501602,0.0,0.3269946979985731,"MATLAB 4-52 PM Tue, Oct 1, 2024 Run9 .csv",6.0,3
"MATLAB 4-56 PM Tue, Oct 1, 2024 Run10 .csv",0,5.88746349735573,2440.935126353783,0.2472037698558307,1197.8131872588394,0.0083526605744814,-0.0753906794145881,-0.101672327125599,-3.3172721205546383,0.00017,-0.1200535100228155,0.0,-2.115347305717823,197.7874289286817,25.98666261508637,0.0122344892389858,1.3265452888533366e-11,0.0002009412158679,7.984146586997724e-05,0.9968085495733036,490.7802049740512,4.484205397465497,417288.8409294288,8.00543931274722,0.043218961287542,0.0975990469306597,1.0,4.931893955200235,-0.0396764300454886,-1.7927170702504174,0.0329307186603546,0.2159456083774566,0.2336024260520935,0.0161187399083067,1.081765115796076,5.883711132301865,2906.541342067596,0.0239820555266102,1050.010622448099,0.1499044692988064,-0.1178552258812791,-0.1027570829383147,-3.2123740992507006,0.00458,-0.1290514043168493,0.0625,-0.5928064668230933,180.80241755216903,29.0707865127065,0.2352648197740047,2.2716774854789697e-11,0.0001701728952167,6.629386755319419e-06,0.9992628880878336,5872.044938853606,3.7763073903585536,700103.2378702898,6.778078202191122,0.042434361129761,0.1377780273151965,1.0,5.100018023788019,-2.906802526680326,7.94950221059047,0.0286470779776573,0.2467067490518093,0.2824372470378876,0.050666594583806,1.1448298359222218,0.0,-0.363611097553618,1,0,5.88746349735573,2440.935126353783,0.2472037698558307,1197.8131872588394,0.0083526605744814,-0.0753906794145881,-0.101672327125599,-3.3172721205546383,0.00017,-0.1200535100228155,0.0,-2.115347305717823,197.7874289286817,25.98666261508637,0.0122344892389858,1.3265452888533366e-11,0.0002009412158679,7.984146586997724e-05,0.9968085495733036,490.7802049740512,4.484205397465497,417288.8409294288,8.00543931274722,0.043218961287542,0.0975990469306597,1.0,4.931893955200235,-0.0396764300454886,-1.7927170702504174,0.0329307186603546,0.2159456083774566,0.2336024260520935,0.0161187399083067,1.081765115796076,5.883711132301865,2906.541342067596,0.0239820555266102,1050.010622448099,0.1499044692988064,-0.1178552258812791,-0.1027570829383147,-3.2123740992507006,0.00458,-0.1290514043168493,0.0625,-0.5928064668230933,180.80241755216903,29.0707865127065,0.2352648197740047,2.2716774854789697e-11,0.0001701728952167,6.629386755319419e-06,0.9992628880878336,5872.044938853606,3.7763073903585536,700103.2378702898,6.778078202191122,0.042434361129761,0.1377780273151965,1.0,5.100018023788019,-2.906802526680326,7.94950221059047,0.0286470779776573,0.2467067490518093,0.2824372470378876,0.050666594583806,1.1448298359222218,0.0,-0.363611097553618,"MATLAB 4-56 PM Tue, Oct 1, 2024 Run10 .csv",1.0,3
"MATLAB 4-57 PM Tue, Oct 1, 2024 Run11 .csv",0,5.856574870101072,2443.41036288083,0.2351136551102264,1187.3476886028757,0.1782487545964672,-0.0672842295981673,-0.0423575229971422,-3.3244533771288607,0.00076,-0.1214779641438208,0.0,-1.9537998662985392,195.93545788500765,26.422138573455666,0.2576221343463308,1.1619845952885637e-11,0.0001520306261584,7.126079132654409e-05,0.9967980256721438,2079.35524182239,4.4747441710039695,461804.7488102353,7.4015208854348895,0.0401200150115876,0.0914528187124588,1.0,-0.0708750802701061,-2.119392828203712,4.967349138974634,0.0212879288196563,0.2102426546414692,0.2355416059494018,0.0245033068856948,1.1203321531069672,5.891659370972069,2932.261392426491,0.0207116258989821,1043.5941116700997,0.178258906366156,-0.064240594802063,-0.0413038469331966,-3.319500418394891,0.00119,-0.1304759937008044,0.0666666666666666,-0.7594536616802374,188.68584903038968,30.93477188140393,0.2576474459886166,1.839207416406188e-11,0.0001641935898791,6.913216007845766e-06,0.9992666446049804,6085.905334919357,3.806689397997857,691050.3298301238,6.188589454191776,0.0400421898154588,0.1270471623603765,1.0,0.0973730920738278,-2.4014564956756472,5.639820089778123,0.031066073179245,0.2498660498460134,0.2822290647029877,0.0387679835683262,1.129521457104392,0.0,0.7021362289748763,1,0,5.856574870101072,2443.41036288083,0.2351136551102264,1187.3476886028757,0.1782487545964672,-0.0672842295981673,-0.0423575229971422,-3.3244533771288607,0.00076,-0.1214779641438208,0.0,-1.9537998662985392,195.93545788500765,26.422138573455666,0.2576221343463308,1.1619845952885637e-11,0.0001520306261584,7.126079132654409e-05,0.9967980256721438,2079.35524182239,4.4747441710039695,461804.7488102353,7.4015208854348895,0.0401200150115876,0.0914528187124588,1.0,-0.0708750802701061,-2.119392828203712,4.967349138974634,0.0212879288196563,0.2102426546414692,0.2355416059494018,0.0245033068856948,1.1203321531069672,5.891659370972069,2932.261392426491,0.0207116258989821,1043.5941116700997,0.178258906366156,-0.064240594802063,-0.0413038469331966,-3.319500418394891,0.00119,-0.1304759937008044,0.0666666666666666,-0.7594536616802374,188.68584903038968,30.93477188140393,0.2576474459886166,1.839207416406188e-11,0.0001641935898791,6.913216007845766e-06,0.9992666446049804,6085.905334919357,3.806689397997857,691050.3298301238,6.188589454191776,0.0400421898154588,0.1270471623603765,1.0,0.0973730920738278,-2.4014564956756472,5.639820089778123,0.031066073179245,0.2498660498460134,0.2822290647029877,0.0387679835683262,1.129521457104392,0.0,0.7021362289748763,"MATLAB 4-57 PM Tue, Oct 1, 2024 Run11 .csv",1.0,3
"MATLAB 1-33 PM Tue, Oct 29, 2024 Run8 .csv",0,5.694731198323868,2206.7600741458973,0.253546452477761,1297.0085103296335,0.0011499999989607,0.0777337617144594,0.1323152163833456,1.026790514020829,0.0002,0.4440303218953855,0.0,1.0229536857531747,74.48515286446592,14.939810675699851,0.0028155220956778,3.696486440253231e-11,0.0001424362518474,0.0001563693446196,0.9994465266712584,5433.060696815899,4.542748842048409,395843.38087940926,2.250052828767522,0.010814097430115,0.0185085828281337,1.0,-0.9715679985445708,-0.2307661695678921,-1.4999999999999996,0.01021025121212,0.2292822142442067,0.2388365411758423,0.0083880843979137,1.0416705977963876,5.9478254135153605,2548.6429928286207,0.1287991831658488,1130.68192376129,0.0030999999972331,0.0805232287161408,0.1371614360611913,1.009536273920419,0.0002,0.435085991729347,0.0,-0.5894659944299752,59.87983832424672,14.66175314979709,0.007626076260713,3.033548134003166e-11,0.000128193329571,3.814315101916572e-05,0.999737428124994,7798.6696458432,4.075771739766416,469408.5307202943,1.9959803901415167,0.0093540860846123,0.021408721474823,1.0,-0.8525890173924483,-0.1860581529926726,-1.5000000000000002,0.0264863830804824,0.2241823895772298,0.2493079841136932,0.0217114981069273,1.1120765756125897,0.0,0.9997566773873352,2,0,5.694731198323868,2206.7600741458973,0.253546452477761,1297.0085103296335,0.0011499999989607,0.0777337617144594,0.1323152163833456,1.026790514020829,0.0002,0.4440303218953855,0.0,1.0229536857531747,74.48515286446592,14.939810675699851,0.0028155220956778,3.696486440253231e-11,0.0001424362518474,0.0001563693446196,0.9994465266712584,5433.060696815899,4.542748842048409,395843.38087940926,2.250052828767522,0.010814097430115,0.0185085828281337,1.0,-0.9715679985445708,-0.2307661695678921,-1.4999999999999996,0.01021025121212,0.2292822142442067,0.2388365411758423,0.0083880843979137,1.0416705977963876,5.9478254135153605,2548.6429928286207,0.1287991831658488,1130.68192376129,0.0030999999972331,0.0805232287161408,0.1371614360611913,1.009536273920419,0.0002,0.435085991729347,0.0,-0.5894659944299752,59.87983832424672,14.66175314979709,0.007626076260713,3.033548134003166e-11,0.000128193329571,3.814315101916572e-05,0.999737428124994,7798.6696458432,4.075771739766416,469408.5307202943,1.9959803901415167,0.0093540860846123,0.021408721474823,1.0,-0.8525890173924483,-0.1860581529926726,-1.5000000000000002,0.0264863830804824,0.2241823895772298,0.2493079841136932,0.0217114981069273,1.1120765756125897,0.0,0.9997566773873352,"MATLAB 1-33 PM Tue, Oct 29, 2024 Run8 .csv",,3
"MATLAB 1-36 PM Tue, Oct 29, 2024 Run9 .csv",0,5.756141170144572,2226.4199560616003,0.2707995163805866,1305.1112644067607,0.0010374794623959,0.100545968308368,0.1544096289113408,0.4049947147213504,0.00032,0.4397569595323688,0.0,0.551432580400495,105.0152896676206,20.81411186202709,0.002387754806247,2.6338507723531373e-11,0.0001748757444678,0.0001503327844101,0.99935166591705,4109.035387220994,3.909396109074581,556196.1454039322,9.057437696073478,0.0406632392950506,0.0698851354921478,1.0,0.020124895044405,-0.0818811768601923,-1.21361462997972,0.0177656957507133,0.2308864176273345,0.2457984411716461,0.0104152842616628,1.064585971308111,5.957091289222628,2567.115448712631,0.1394980257743531,1142.191297529095,0.0027132670657816,0.1057728363599561,0.1611711442276616,0.3879082872065904,0.00036,0.4308122235774818,0.0,-0.4390134036991746,77.584754885142,18.14016858372383,0.0062373955590426,2.5259402067647508e-11,0.0001739388928459,3.3607821759248144e-05,0.999425303164928,5745.841466579112,3.398795611230695,533588.7179162635,8.106236764395621,0.0355836989244349,0.0838330751873333,1.0,0.1394761874649794,-0.1444448040108932,-1.4309779720269802,0.0580465680360794,0.2327495103081067,0.276718658208847,0.0333488471138591,1.1889118814580328,0.0,0.8610182120493796,2,0,5.756141170144572,2226.4199560616003,0.2707995163805866,1305.1112644067607,0.0010374794623959,0.100545968308368,0.1544096289113408,0.4049947147213504,0.00032,0.4397569595323688,0.0,0.551432580400495,105.0152896676206,20.81411186202709,0.002387754806247,2.6338507723531373e-11,0.0001748757444678,0.0001503327844101,0.99935166591705,4109.035387220994,3.909396109074581,556196.1454039322,9.057437696073478,0.0406632392950506,0.0698851354921478,1.0,0.020124895044405,-0.0818811768601923,-1.21361462997972,0.0177656957507133,0.2308864176273345,0.2457984411716461,0.0104152842616628,1.064585971308111,5.957091289222628,2567.115448712631,0.1394980257743531,1142.191297529095,0.0027132670657816,0.1057728363599561,0.1611711442276616,0.3879082872065904,0.00036,0.4308122235774818,0.0,-0.4390134036991746,77.584754885142,18.14016858372383,0.0062373955590426,2.5259402067647508e-11,0.0001739388928459,3.3607821759248144e-05,0.999425303164928,5745.841466579112,3.398795611230695,533588.7179162635,8.106236764395621,0.0355836989244349,0.0838330751873333,1.0,0.1394761874649794,-0.1444448040108932,-1.4309779720269802,0.0580465680360794,0.2327495103081067,0.276718658208847,0.0333488471138591,1.1889118814580328,0.0,0.8610182120493796,"MATLAB 1-36 PM Tue, Oct 29, 2024 Run9 .csv",1.0,3
"MATLAB 4-59 PM Tue, Oct 1, 2024 Run12 .csv",0,5.896155905072323,2437.7282990222466,0.2496531700376654,1188.7445465009732,0.0070671034048691,0.3019350189287665,0.2750720850859975,-3.838820890769896,0.0001,-0.1243268723858319,0.0,-2.539633370137707,293.56817959722906,31.62495637776057,0.0066465260149549,6.101240174636069e-12,0.0002149602375207,7.93294581021244e-05,0.9974006244366408,148.14868886553904,4.215731044194919,300859.7103989854,5.110989429022216,0.0275514797136344,0.0634762620517043,1.0,-1.0764131512107888,-0.1535617874700555,-1.5715449434305948,0.0280463048815727,0.2188147978782653,0.2372276258468628,0.0154840439946476,1.084148001630315,5.905047574497082,2927.660448476445,0.0301712783970853,1053.0791699033798,0.0066691291694646,0.3047432702994717,0.2772526249049898,-3.833756056978827,9e-05,-0.1333251724687145,0.0,0.092959138672264,273.06942799849975,34.10187464907649,0.0062737438935425,1.0524878065764768e-11,0.0002404110935834,7.429066809533237e-06,0.9992142117973788,4156.273310452193,3.5677937579289574,559461.9749079174,4.285512961987113,0.0281730518954364,0.0893806886043737,1.0,0.0920832286454464,0.2919750340399481,-1.5065145710460843,0.0274011966586113,0.2635299860239029,0.285146187543869,0.014298403222317,1.0820255859536436,0.0,-0.8327307067551191,2,0,5.896155905072323,2437.7282990222466,0.2496531700376654,1188.7445465009732,0.0070671034048691,0.3019350189287665,0.2750720850859975,-3.838820890769896,0.0001,-0.1243268723858319,0.0,-2.539633370137707,293.56817959722906,31.62495637776057,0.0066465260149549,6.101240174636069e-12,0.0002149602375207,7.93294581021244e-05,0.9974006244366408,148.14868886553904,4.215731044194919,300859.7103989854,5.110989429022216,0.0275514797136344,0.0634762620517043,1.0,-1.0764131512107888,-0.1535617874700555,-1.5715449434305948,0.0280463048815727,0.2188147978782653,0.2372276258468628,0.0154840439946476,1.084148001630315,5.905047574497082,2927.660448476445,0.0301712783970853,1053.0791699033798,0.0066691291694646,0.3047432702994717,0.2772526249049898,-3.833756056978827,9e-05,-0.1333251724687145,0.0,0.092959138672264,273.06942799849975,34.10187464907649,0.0062737438935425,1.0524878065764768e-11,0.0002404110935834,7.429066809533237e-06,0.9992142117973788,4156.273310452193,3.5677937579289574,559461.9749079174,4.285512961987113,0.0281730518954364,0.0893806886043737,1.0,0.0920832286454464,0.2919750340399481,-1.5065145710460843,0.0274011966586113,0.2635299860239029,0.285146187543869,0.014298403222317,1.0820255859536436,0.0,-0.8327307067551191,"MATLAB 4-59 PM Tue, Oct 1, 2024 Run12 .csv",1.0,3
