file_name,a0_spectral_entropy_x,a0_spectral_centroid_x,a0_spectral_flatness_x,a0_spectral_bandwidth_x,a0_std_dev_time_diff_x,a0_mean_time_diff_x,a0_median_time_diff_x,a0_peaks_per_second_x,a0_percent_time_above_threshold_x,a0_num_boilings_x,a0_unused_peak_proportion_x,a0_skewness_x,a0_kurtosis_x,a0_crest_factor_x,a0_burstiness_x,a0_spectral_flux_x,a0_low_band_power_x,a0_mid_band_power_x,a0_high_band_power_x,a0_high_to_low_ratio_x,a0_mean_spectral_entropy_time_x,a0_var_spectral_centroid_time_x,a0_wavelet_energy_low_scale_x,a0_wavelet_energy_mid_scale_x,a0_wavelet_energy_high_scale_x,a0_regime_dominance_x,a0_rms_change_points_x,a0_skew_peak_magnitude_x,a0_kurtosis_peak_magnitude_x,a0_iqr_peak_magnitude_x,a0_mean_peak_magnitude,a0_max_peak_magnitude,a0_std_peak_magnitude,a0_max_to_mean_peak_ratio,a1_spectral_entropy_x,a1_spectral_centroid_x,a1_spectral_flatness_x,a1_spectral_bandwidth_x,a1_std_dev_time_diff_x,a1_mean_time_diff_x,a1_median_time_diff_x,a1_peaks_per_second_x,a1_percent_time_above_threshold_x,a1_num_boilings_x,a1_unused_peak_proportion_x,a1_skewness_x,a1_kurtosis_x,a1_crest_factor_x,a1_burstiness_x,a1_low_band_power_x,a1_mid_band_power_x,a1_high_band_power_x,a1_high_to_low_ratio_x,a1_mean_spectral_entropy_time_x,a1_var_spectral_centroid_time_x,a1_spectral_flux_x,a1_wavelet_energy_low_scale_x,a1_wavelet_energy_mid_scale_x,a1_wavelet_energy_high_scale_x,a1_regime_dominance_x,a1_rms_change_points_x,a1_skew_peak_magnitude_x,a1_kurtosis_peak_magnitude_x,a1_iqr_peak_magnitude_x,a1_mean_peak_magnitude,a1_max_peak_magnitude,a1_std_peak_magnitude,a1_max_to_mean_peak_ratio,num_peak_mag_high_diff_x,peak_mag_correlation_x,cluster,a0_spectral_entropy_y,a0_spectral_centroid_y,a0_spectral_flatness_y,a0_spectral_bandwidth_y,a0_std_dev_time_diff_y,a0_mean_time_diff_y,a0_median_time_diff_y,a0_peaks_per_second_y,a0_percent_time_above_threshold_y,a0_num_boilings_y,a0_unused_peak_proportion_y,a0_skewness_y,a0_kurtosis_y,a0_crest_factor_y,a0_burstiness_y,a0_spectral_flux_y,a0_low_band_power_y,a0_mid_band_power_y,a0_high_band_power_y,a0_high_to_low_ratio_y,a0_mean_spectral_entropy_time_y,a0_var_spectral_centroid_time_y,a0_wavelet_energy_low_scale_y,a0_wavelet_energy_mid_scale_y,a0_wavelet_energy_high_scale_y,a0_regime_dominance_y,a0_rms_change_points_y,a0_skew_peak_magnitude_y,a0_kurtosis_peak_magnitude_y,a0_iqr_peak_magnitude_y,a1_spectral_entropy_y,a1_spectral_centroid_y,a1_spectral_flatness_y,a1_spectral_bandwidth_y,a1_std_dev_time_diff_y,a1_mean_time_diff_y,a1_median_time_diff_y,a1_peaks_per_second_y,a1_percent_time_above_threshold_y,a1_num_boilings_y,a1_unused_peak_proportion_y,num_peak_mag_high_diff_y,peak_mag_correlation_y,a1_skewness_y,a1_kurtosis_y,a1_crest_factor_y,a1_burstiness_y,a1_spectral_flux_y,a1_low_band_power_y,a1_mid_band_power_y,a1_high_band_power_y,a1_high_to_low_ratio_y,a1_mean_spectral_entropy_time_y,a1_var_spectral_centroid_time_y,a1_wavelet_energy_low_scale_y,a1_wavelet_energy_mid_scale_y,a1_wavelet_energy_high_scale_y,a1_regime_dominance_y,a1_rms_change_points_y,a1_skew_peak_magnitude_y,a1_kurtosis_peak_magnitude_y,a1_iqr_peak_magnitude_y
<<<<<<< HEAD
"MATLAB 1-14 PM Tue, Sep 10, 2024 Run10 .csv",5.988049510811789,2713.0729027229568,0.3304582035453621,1234.768624881449,0.0240917973057744,-0.3132465631109982,-0.2296801353875008,4.201344020695133,0.004445,0.1456623031966354,0.0,-0.3989299407635112,24.90044224810655,14.4948199236819,0.1707229800441333,1.7804131322817677e-11,0.001318933066735,0.0002215195381211,0.9976092562219782,-700.4099695347683,3.978603670133119,828593.5774228338,42.938368937513694,0.505078123883627,0.8661716801536338,1.0,0.7954330494051307,0.1789788142901393,0.4528994699637425,0.0257055386900901,0.1515712285881311,0.209852933883667,0.0170781776530822,1.3845169418920953,5.80630603906213,2408.459308935672,-0.0764611236152791,1088.8915590549934,0.0253550683497361,-0.3110835675829058,-0.2219855366519541,4.658886580280868,0.003415,2.1944787016650533,0.0,0.3959666653145773,24.85889085714789,14.778743110233926,0.180949255121731,0.0010187773337796,1.185073727969746e-05,0.9986333229337384,980.2272683362456,3.912011406497307,721896.8399635219,3.427955817340361e-11,55.529134186161855,0.2226557637050835,0.6194235399669556,0.0994236311239193,1.03510614590882,0.0983322654089181,0.04542905574842,0.0523405086994171,0.1913863447996286,0.3073953533172607,0.0311107077305739,1.6061509176064124,0,-0.0640138169590684,0,5.988049510811789,2713.0729027229568,0.3304582035453621,1234.768624881449,0.0240917973057744,0.1411163119314487,0.1443999998714105,7.100035506481204,0.004445,1,0.0,-0.3989299407635113,24.90044224810656,14.494819923681902,0.1707229800441333,1.7804131322817677e-11,0.001318933066735,0.0002215195381211,0.9976092562219782,756.3759537028574,3.978603670133119,828593.5774228338,42.93836893751371,0.505078123883627,0.8661716801536337,1.0,2.0,0.1789788142901393,0.4528994699637425,0.0257055386900901,5.80630603906213,2408.459308935672,0.2557555908815039,1088.8915590549934,0.0253550683497361,0.140122535086861,0.1439999998717667,7.150035756526846,0.003415,3,0.0,0,-0.0640138169590684,0.3959666653145773,24.858890857147884,14.778743110233926,0.180949255121731,3.427955817340361e-11,0.0010187773337796,1.185073727969746e-05,0.9986333229337384,980.2272683362456,3.912011406497307,721896.8399635219,55.529134186161855,0.2226557637050835,0.6194235399669556,0.0994236311239193,2.0,0.0983322654089181,0.04542905574842,0.0523405086994171
"MATLAB 1-17 PM Tue, Sep 10, 2024 Run11 .csv",5.968856521020376,2598.5342200245973,0.3391543446318618,1233.1860991820954,0.0963450457881872,-0.246967270959512,-0.1245471872835104,1.8379215460799183,0.005075,0.1438697309586118,0.3263157894736842,-0.6438752742427393,29.500221296623323,13.449113105326653,0.4576568603359611,4.0155273204746994e-11,0.0009918176835685,0.0003462152072055,0.997815424542697,-472.4678280621293,3.800468182842667,855300.695499447,71.002855821061,1.052627827942372,1.4993885287197406,1.0,6.788863936632014,0.546991495613493,2.8244802009052457,0.0321660983562469,0.1983370013487966,0.3178905701637268,0.0304606748478724,1.60277995533815,5.78706379158146,2402.2659355318906,-0.0569447218586797,1089.5998042304984,0.0985846253210897,-0.2605751319518893,-0.1409315372401822,2.6424822818424683,0.00527,-0.8077381228140238,1.0,0.4527385169345661,28.55933986755394,12.364137507081946,0.5081347895923005,0.0007356784995826,5.169982043130163e-05,0.998872486162812,1357.75680100686,3.774130521478343,728346.730293468,8.166289824501976e-11,88.98291153144889,0.498739482319314,0.9718564206378298,0.0,7.027876205996003,-0.9052964821096,-0.4364633539401197,0.0732184982299805,0.2555347020302003,0.3221685886383057,0.0534109092873068,1.2607625738449812,1,-0.0453966280383336,0,5.968856521020376,2598.5342200245973,0.3391543446318618,1233.1860991820954,0.0963450457881872,0.2105180849194772,0.2533999997749094,4.750023754336016,0.005075,1,0.3263157894736842,-0.6438752742427393,29.50022129662332,13.449113105326653,0.4576568603359611,4.0155273204746994e-11,0.0009918176835685,0.0003462152072055,0.997815424542697,1006.0472212519912,3.800468182842667,855300.695499447,71.002855821061,1.052627827942372,1.4993885287197406,1.0,8.0,0.546991495613493,2.8244802009052457,0.0321660983562469,5.78706379158146,2402.2659355318906,0.2746252455953987,1089.5998042304984,0.0985846253210897,0.1940127449257876,0.2292999997968214,5.150025754701155,0.00527,0,1.0,1,-0.0453966280383336,0.4527385169345662,28.55933986755394,12.364137507081946,0.5081347895923005,8.166289824501976e-11,0.0007356784995826,5.169982043130163e-05,0.998872486162812,1357.75680100686,3.774130521478343,728346.730293468,88.98291153144889,0.498739482319314,0.9718564206378296,0.0,8.0,-0.9052964821096,-0.4364633539401197,0.0732184982299805
"MATLAB 1-19 PM Tue, Sep 10, 2024 Run12 .csv",5.962456590772572,2603.702781508943,0.3351846125041343,1220.934755652233,0.0713818478623058,-0.199476258000008,-0.0971642391088835,0.9245063227883304,0.004055,0.1420771587205883,0.0259740259740259,-1.1498893015298872,56.025063114174266,17.60857138456694,0.2733558622569702,2.2919865525585074e-11,0.0019921404450408,0.0002824307266135,0.9967511244038691,-999.902381274064,3.451940235190866,875821.3426028661,38.70979761789985,0.5035509388983722,0.7960550141200106,1.0,0.7822948238588965,-1.2091205971076036,3.1650223337551315,0.030158166885376,0.1893808615207672,0.2632118654251099,0.0273753703237763,1.3898546205327431,5.836837231475613,2451.691130540047,-0.0575387414838732,1109.3324093481538,0.0843699438499785,-0.2129190340192035,-0.0906775378004923,1.576082734271271,0.00414,0.1900450527068992,0.573170731707317,0.7211051664449383,54.58968932987423,16.73729264516978,0.344295986110996,0.0024625743380426,2.2451584222011936e-05,0.9971924152632948,404.9390103106166,3.3628849847596296,828139.5384349199,4.499078851681412e-11,47.37350661486993,0.215968210855714,0.5755504741572667,1.0,1.0206462660831874,-0.6006065171605028,-0.6490857798097798,0.1060762888193131,0.2596515071246681,0.3333179092407227,0.0603139520160303,1.2837125920500996,0,0.1052788444696026,0,5.962456590772572,2603.702781508943,0.3351846125041343,1220.934755652233,0.0713818478623058,0.2611315787155235,0.2846499997490448,3.850019253514456,0.004055,1,0.0259740259740259,-1.1498893015298872,56.025063114174266,17.60857138456694,0.2733558622569702,2.2919865525585074e-11,0.0019921404450408,0.0002824307266135,0.9967511244038691,500.3417941165515,3.451940235190866,875821.3426028661,38.70979761789985,0.5035509388983721,0.7960550141200107,1.0,2.0,-1.2091205971076036,3.1650223337551315,0.030158166885376,5.836837231475613,2451.691130540047,0.2733844789275008,1109.3324093481538,0.0843699438499785,0.2450506170663833,0.2837999997497942,4.100020503742667,0.00414,1,0.573170731707317,0,0.1052788444696026,0.7211051664449383,54.58968932987423,16.73729264516978,0.344295986110996,4.499078851681412e-11,0.0024625743380426,2.2451584222011936e-05,0.9971924152632948,404.9390103106166,3.3628849847596296,828139.5384349199,47.37350661486993,0.215968210855714,0.5755504741572668,1.0,2.0,-0.6006065171605028,-0.6490857798097798,0.1060762888193131
"MATLAB 1-30 PM Tue, Sep 10, 2024 Run16 .csv",5.943819102279005,2604.577264014225,0.3049750418605127,1189.5986872644964,0.1992156151472543,0.0719114125079914,0.2022785361424724,-1.1336168097408137,0.00324,0.1343093456891528,0.1621621621621621,-1.446342681535337,127.1947955285612,29.33248492638501,0.3648303549567288,1.2344392872372239e-11,0.0002106828892019,0.0002201454247949,0.998349489296646,3144.2321166154948,4.30108918805649,559703.9874465184,16.184783098759006,0.176334418157944,0.3009312055261216,1.0,0.7538286685087228,-0.6809848311619182,1.5903196830935151,0.0293851935863494,0.1915436899984205,0.3085454964637756,0.0428676142738335,1.6108361307350814,5.866089096450063,2528.2264303292213,-0.0998682603102544,1132.1876032933303,0.1987959971216083,0.0734009935286987,0.207973126357092,-0.7449704697710349,0.002535,1.1804388132975654,0.3243243243243243,0.9647709519305924,116.8215564197549,24.34807639499498,0.3640785628828408,9.062232113470936e-05,4.676227387767764e-06,0.9994691375240018,11028.950980391452,3.933720930956624,674470.4288976527,2.4045238640857024e-11,19.924043819515127,0.0801760332656686,0.2251339661958444,0.7666666666666667,0.9893165264609836,-0.4707835373279518,-0.6042175358151978,0.0893243575096131,0.2457659495843423,0.3224281740188598,0.0593208575636358,1.3119318382557643,0,0.3400331767942799,0,5.943819102279005,2604.577264014225,0.3049750418605127,1189.5986872644964,0.1992156151472543,0.5460499995152065,0.6008499994649377,1.8500092516887643,0.00324,1,0.1621621621621621,-1.4463426815353364,127.19479552856116,29.332484926385018,0.3648303549567288,1.2344392872372239e-11,0.0002106828892019,0.0002201454247949,0.998349489296646,4738.635838337588,4.30108918805649,559703.9874465184,16.184783098759006,0.176334418157944,0.3009312055261215,1.0,2.0,-0.6809848311619182,1.5903196830935151,0.0293851935863494,5.866089096450063,2528.2264303292213,0.2282523895827334,1132.1876032933303,0.1987959971216083,0.5460249995152289,0.6008499994649377,1.8500092516887643,0.002535,2,0.3243243243243243,0,0.3400331767942799,0.964770951930592,116.82155641975484,24.348076394994976,0.3640785628828408,2.4045238640857024e-11,9.062232113470936e-05,4.676227387767764e-06,0.9994691375240018,11028.950980391452,3.933720930956624,674470.4288976527,19.924043819515123,0.0801760332656687,0.2251339661958442,0.7666666666666667,2.0,-0.4707835373279518,-0.6042175358151978,0.0893243575096131
"MATLAB 1-31 PM Tue, Oct 29, 2024 Run7 .csv",5.7024668299712165,2228.087050444178,0.2685828859481678,1288.6824700317752,0.0150805366717456,-0.1168492937892599,-0.0358604809131133,-0.1880869664000219,0.0003866666666666,0.1337118216098116,0.0,0.6108894868643313,93.1431450213134,19.15870305860564,0.0420855959997613,3.137912549009662e-11,0.0001793725342033,0.0001549141183453,0.9993542230529476,3969.742565680185,4.339070827553885,527620.2615312,60.0129268082407,0.288227428450593,0.4859367221649878,1.0,9.751638964251017,-0.5869362930339933,0.059309444512372,0.011862216591835,0.2371625153223673,0.2516834473609924,0.0086095185659399,1.061227770412568,5.872381703146401,2535.182632841467,-0.04595222995539,1115.703038809174,0.0153968923279958,-0.1154681318441298,-0.0303922069363294,0.1995648488555295,0.0005533333333333,0.1796998718045397,0.0,-0.4160986713497284,65.88189100303157,17.02883079739847,0.0429740921180127,0.0001655077502725,3.991447266395637e-05,0.9994296029382088,6038.566781870324,3.871744156388832,657073.0789447617,2.9756719110698494e-11,53.79359099908057,0.2480793553845339,0.5481666556533533,1.0,6.986906546490045,-0.3310628856529078,-1.3037201374802043,0.0636366492509842,0.2286219528317451,0.273906911611557,0.0323287989716384,1.198077910799491,6,0.553570067064734,0,5.7024668299712165,2228.087050444178,0.2685828859481678,1288.6824700317752,0.0150805366717456,0.3583301201634692,0.3639999996758547,2.800009335852898,0.0003866666666666,1,0.0,0.6108894868643309,93.14314502131334,19.15870305860564,0.0420855959997613,3.137912549009662e-11,0.0001793725342033,0.0001549141183453,0.9993542230529476,5571.389329427777,4.339070827553885,527620.2615312,60.0129268082407,0.288227428450593,0.4859367221649878,1.0,11.0,-0.5869362930339933,0.059309444512372,0.011862216591835,5.872381703146401,2535.182632841467,0.2819528375900297,1115.703038809174,0.0153968923279958,0.3582831322117036,0.3638999996759438,2.800009335852898,0.0005533333333333,1,0.0,6,0.553570067064734,-0.4160986713497284,65.88189100303155,17.02883079739847,0.0429740921180127,2.9756719110698494e-11,0.0001655077502725,3.991447266395637e-05,0.9994296029382088,6038.566781870324,3.871744156388832,657073.0789447617,53.79359099908057,0.2480793553845338,0.5481666556533531,1.0,8.0,-0.3310628856529078,-1.3037201374802043,0.0636366492509842
"MATLAB 1-33 PM Tue, Oct 29, 2024 Run8 .csv",5.694731198323868,2206.7600741458978,0.2535464524777611,1297.0085103296335,0.0011499999989607,-0.0698518951511657,0.0047224672496292,-0.001206992061673,0.0002,0.1319192493717881,0.0,1.0229536857531747,74.48515286446593,14.939810675699851,0.0028155220956778,3.696486440253231e-11,0.0001424362518474,0.0001563693446196,0.9994465266712584,5393.422949713673,4.542748842048409,395843.38087940926,2.250052828767522,0.010814097430115,0.0185085828281337,1.0,-1.2549301485221,-0.2307661695678921,-1.4999999999999996,0.01021025121212,0.2292822142442067,0.2388365411758423,0.0083880843979137,1.0416705977963876,5.9478254135153605,2548.6429928286207,-0.0504799114343201,1130.68192376129,0.0030999999972331,-0.0706330386239103,0.007961792514277,0.3834612490511975,0.0002,0.1774830473254627,0.0,-0.5894659944299752,59.87983832424672,14.66175314979709,0.007626076260713,0.000128193329571,3.8143151019165615e-05,0.999737428124994,7798.669645843202,4.075771739766416,469408.5307202943,3.033548134003166e-11,1.9959803901415167,0.0093540860846123,0.021408721474823,1.0,-1.0203233934227711,-0.1860581529926726,-1.5000000000000002,0.0264863830804824,0.2241823895772298,0.2493079841136932,0.0217114981069273,1.1120765756125897,0,0.9997566773873352,0,5.694731198323868,2206.7600741458978,0.2535464524777611,1297.0085103296335,0.0011499999989607,0.4084499996381058,0.4084499996381058,3.0003000326612748,0.0002,1,0.0,1.0229536857531747,74.48515286446592,14.939810675699851,0.0028155220956778,3.696486440253231e-11,0.0001424362518474,0.0001563693446196,0.9994465266712584,7016.79883953776,4.542748842048409,395843.38087940926,2.250052828767522,0.010814097430115,0.0185085828281337,1.0,0.0,-0.2307661695678921,-1.4999999999999996,0.01021025121212,5.9478254135153605,2548.6429928286207,0.276778409068395,1130.68192376129,0.0030999999972331,0.4064999996398332,0.4064999996398332,3.0003000326612748,0.0002,1,0.0,0,0.9997566773873352,-0.5894659944299752,59.87983832424672,14.66175314979709,0.007626076260713,3.033548134003166e-11,0.000128193329571,3.8143151019165615e-05,0.999737428124994,7798.669645843202,4.075771739766416,469408.5307202943,1.9959803901415167,0.0093540860846123,0.021408721474823,1.0,0.0,-0.1860581529926726,-1.5000000000000002,0.0264863830804824
"MATLAB 1-36 PM Tue, Oct 29, 2024 Run9 .csv",5.756141170144571,2226.4199560616003,0.2707995163805867,1305.1112644067607,0.0010374794623959,-0.0469243760104582,0.0268054154271069,-0.6148697441085127,0.00032,0.1301266771337645,0.0,0.5514325804004949,105.01528966762058,20.81411186202709,0.002387754806247,2.6338507723531373e-11,0.0001748757444678,0.0001503327844101,0.9993516659170498,4069.533506201649,3.909396109074581,556196.1454039322,9.057437696073478,0.0406632392950507,0.0698851354921478,1.0,-0.2614992612952169,-0.0818811768601923,-1.21361462997972,0.0177656957507133,0.2308864176273345,0.2457984411716461,0.0104152842616628,1.064585971308111,5.957091289222628,2567.115448712631,-0.038765026091143,1142.191297529095,0.0027132670657816,-0.0455148128567396,0.031615791976253,-0.2331850771383234,0.00036,0.1752662228463857,0.0,-0.4390134036991747,77.58475488514205,18.14016858372383,0.0062373955590426,0.0001739388928459,3.360782175924814e-05,0.999425303164928,5745.841466579112,3.398795611230695,533588.7179162635,2.5259402067647508e-11,8.106236764395621,0.0355836989244349,0.0838330751873333,1.0,-0.0275533333355877,-0.1444448040108932,-1.4309779720269802,0.0580465680360794,0.2327495103081067,0.276718658208847,0.0333488471138591,1.1889118814580328,0,0.8610182120493796,0,5.756141170144571,2226.4199560616003,0.2707995163805867,1305.1112644067607,0.0010374794623959,0.4344999996153555,0.434399999615092,2.4000480030844624,0.00032,1,0.0,0.551432580400495,105.0152896676206,20.81411186202709,0.002387754806247,2.6338507723531373e-11,0.0001748757444678,0.0001503327844101,0.9993516659170498,5714.638522102231,3.909396109074581,556196.1454039322,9.057437696073478,0.0406632392950506,0.0698851354921478,1.0,1.0,-0.0818811768601923,-1.21361462997972,0.0177656957507133,5.957091289222628,2567.115448712631,0.2878465473688676,1142.191297529095,0.0027132670657816,0.4349999996149138,0.434399999615092,2.4000480030844624,0.00036,1,0.0,0,0.8610182120493796,-0.4390134036991746,77.584754885142,18.14016858372383,0.0062373955590426,2.5259402067647508e-11,0.0001739388928459,3.360782175924814e-05,0.999425303164928,5745.841466579112,3.398795611230695,533588.7179162635,8.106236764395621,0.0355836989244349,0.0838330751873333,1.0,1.0,-0.1444448040108932,-1.4309779720269802,0.0580465680360794
"MATLAB 1-53 PM Tue, Oct 29, 2024 Run14 .csv",4.902515817291889,1812.088977896544,0.1870691423001112,1072.146497731243,0.0211024285203776,-0.197987789805384,-0.1296249297865146,0.1957104395912789,0.00254,1.118176195546941,0.0,-0.5292920053250642,81.07647588308905,19.054045431621827,0.0693581324400693,9.093422247834987e-10,0.0001823980936169,0.0001327445015054,0.9993753037298938,3689.122679615869,3.831495872073908,483569.8402090831,54.09164964266667,0.2160616483000624,0.3340856588800565,0.53125,-0.3052933464493306,0.4868429956058405,-1.382703355474848,0.1279865157604217,0.2779395000139872,0.4239793884754181,0.0790670076724783,1.5254376886123833,6.069367724682278,2528.494699525648,-0.0049007806191531,1124.161301699733,0.0218548225948027,-0.1987318491270743,-0.1289908779937309,0.5575046122769285,0.00143,0.1604873929858722,0.0,0.1238885807030149,51.79631603572137,17.355179642384826,0.0718133515071797,0.0001621038941073,3.706875965746997e-05,0.9993656712722728,6164.970167902053,3.47397505517909,645850.5760597594,5.851926317864137e-11,24.63425392429237,0.1138333259258108,0.2891690747576655,1.0,0.9242470672456372,0.0757693224621993,0.2119415766265673,0.0502843868732452,0.2330484608809153,0.3326740860939026,0.0388145990156792,1.4274888786495552,1,0.3102124386945363,0,4.902515817291889,1812.088977896544,0.1870691423001112,1072.146497731243,0.0211024285203776,0.304253124730712,0.3037499997315271,3.3000330032511043,0.00254,2,0.0,-0.529292005325064,81.07647588308909,19.054045431621827,0.0693581324400693,9.093422247834987e-10,0.0001823980936169,0.0001327445015054,0.9993753037298938,5479.088536026417,3.831495872073908,483569.8402090831,54.09164964266667,0.2160616483000624,0.3340856588800566,0.53125,1.0,0.4868429956058405,-1.382703355474848,0.1279865157604217,6.069367724682278,2528.494699525648,0.3173991458894942,1124.161301699733,0.0218548225948027,0.3043281247306457,0.3020999997336604,3.3000330032511043,0.00143,1,0.0,1,0.3102124386945363,0.1238885807030149,51.79631603572137,17.355179642384826,0.0718133515071797,5.851926317864137e-11,0.0001621038941073,3.706875965746997e-05,0.9993656712722728,6164.970167902053,3.47397505517909,645850.5760597594,24.63425392429237,0.1138333259258109,0.2891690747576655,1.0,2.0,0.0757693224621993,0.2119415766265673,0.0502843868732452
"MATLAB 1-59 PM Tue, Oct 29, 2024 Run16 .csv",5.547537368796648,2114.786941742136,0.2348560011703558,1262.5422760303395,0.0073650639215752,-0.1064858765649623,-0.0414590334702912,-0.6311190061369221,0.00064,0.1145910510708936,0.0,-0.8819611479429884,104.59271722386308,20.39145819443228,0.0183210545474963,6.005459029408855e-11,0.0001585159762382,9.46583608996238e-05,0.9991897022194484,4469.976507144496,4.139603209225781,539939.0743502462,23.08150150259145,0.0892164235280588,0.1579542908505541,1.0,3.6815684280044354,0.3398188995627642,-0.5592194313786099,0.0301729452610015,0.2245182228088379,0.2800772047042847,0.0253000264261344,1.2474586748477496,5.936943642373537,2626.7221298362897,-0.0438119989417787,1172.775495274946,0.0079495708669205,-0.1074610226296436,-0.0387828791090931,-0.2752919817366352,0.00061,0.1560537440277182,0.0,0.514570602345868,64.97303231258253,17.150680162446374,0.0197572360097081,0.0001784370601253,1.365107056052818e-05,0.9992737088310836,5600.146674291618,3.415362432516726,661601.8562047665,2.5477999510248856e-11,16.716144068541865,0.0697195836593739,0.1961094655646261,1.0,2.9097871874200045,-0.8116260488475697,-0.4919339038258496,0.0456908822059632,0.2334059379100799,0.2670118355751038,0.0322914914484871,1.143980474386948,0,0.5501264755074604,0,5.547537368796648,2114.786941742136,0.2348560011703558,1262.5422760303395,0.0073650639215752,0.4019999996442185,0.3996499996467675,2.500025002462958,0.00064,1,0.0,-0.8819611479429887,104.59271722386308,20.39145819443228,0.0183210545474963,6.005459029408855e-11,0.0001585159762382,9.46583608996238e-05,0.9991897022194484,6303.400615708034,4.139603209225781,539939.0743502462,23.081501502591447,0.0892164235280588,0.1579542908505541,1.0,5.0,0.3398188995627642,-0.5592194313786099,0.0301729452610015,5.936943642373537,2626.7221298362897,0.2771944334814596,1172.775495274946,0.0079495708669205,0.4023624996438963,0.4007999996448639,2.500025002462958,0.00061,1,0.0,0,0.5501264755074604,0.5145706023458682,64.97303231258255,17.150680162446378,0.0197572360097081,2.5477999510248856e-11,0.0001784370601253,1.365107056052818e-05,0.9992737088310836,5600.146674291618,3.415362432516726,661601.8562047665,16.716144068541865,0.0697195836593739,0.1961094655646262,1.0,4.0,-0.8116260488475697,-0.4919339038258496,0.0456908822059632
"MATLAB 12-25 PM Fri, Sep 6, 2024 Run0 .csv",5.785486945087602,2732.2210378594023,0.2205207179520062,1002.043847961253,0.0483084374065205,-0.3411748279449896,-0.2621234822353656,1.9526817351161672,0.0044,0.0990554250080227,0.0192307692307692,-0.8323272617453192,51.90826999223808,16.84846772020625,0.2485352879969062,2.298990153126463e-11,0.0001185112246433,4.449591851211353e-05,0.99848772241192,6403.515464496893,3.0327716674678924,591086.6522900857,14.457604260104818,0.1030643557124237,0.2606022753424782,1.0,-0.3753638826959122,-2.44342012204029,5.711909899180322,0.0158261945843697,0.1914764809837708,0.2368382477760315,0.027886658310092,1.2369051622382046,6.138582997222975,2936.628508863533,-0.0881849458412788,1103.8372158846362,0.048387738815409,-0.3447400753847484,-0.2638815500583084,2.282651116946552,0.00286,2.1368412652090507,0.5576923076923077,0.5060044261947395,58.64528041463712,19.03065561439087,0.2489181643907828,8.287990366583978e-05,3.813017161689211e-06,0.9992602131467626,12056.725079889578,3.1145739858322714,786884.8085221677,4.1163577354017586e-11,19.966720874443663,0.1374867750264581,0.39385689739091,0.4,-0.1528722918244029,-0.4975981891343415,-0.8728106573071202,0.1183060371875763,0.2924810067506936,0.4212229001522065,0.069962500836383,1.4401718075021892,0,0.6749739711353322,0,5.785486945087602,2732.2210378594023,0.2205207179520062,1002.043847961253,0.0483084374065205,0.1943725488475581,0.2124999998107668,5.200052005122952,0.0044,1,0.0192307692307692,-0.8323272617453195,51.9082699922381,16.84846772020625,0.2485352879969062,2.298990153126463e-11,0.0001185112246433,4.449591851211353e-05,0.99848772241192,8425.258665723388,3.0327716674678924,591086.6522900857,14.457604260104818,0.1030643557124238,0.2606022753424782,1.0,1.0,-2.44342012204029,5.711909899180322,0.0158261945843697,6.138582997222975,2936.628508863533,0.2272163455451873,1103.8372158846362,0.048387738815409,0.1943921566906781,0.2124999998107668,5.200052005122952,0.00286,3,0.5576923076923077,0,0.6749739711353322,0.5060044261947395,58.64528041463712,19.03065561439087,0.2489181643907828,4.1163577354017586e-11,8.287990366583978e-05,3.813017161689211e-06,0.9992602131467626,12056.725079889578,3.1145739858322714,786884.8085221677,19.96672087444367,0.1374867750264582,0.3938568973909102,0.4,1.0,-0.4975981891343415,-0.8728106573071202,0.1183060371875763
"MATLAB 12-29 PM Fri, Sep 6, 2024 Run2 .csv",5.795777136564453,2716.9772531935914,0.2169141055262675,1012.299874035424,0.0247264688722671,-0.206748063539866,-0.1480685686736855,-0.2696914711679481,0.00029,0.0960678046113168,0.0333333333333333,-0.85084255590424,86.24652508530248,18.72413384494597,0.074030579689492,1.2590734196367019e-11,7.865778051441169e-05,3.965703790311978e-05,0.9984419526496436,10635.534160136878,3.541757306307382,433970.79710630106,9.218417597526503,0.0618446395605732,0.1587472651827304,1.0,0.6136875960155594,0.0196063579424584,-0.9866147622538524,0.012839195728302,0.1987523176670073,0.2128696501255035,0.008071543558846,1.0710297752710916,6.091700865714516,2950.8145080972604,-0.1002673972559535,1115.126204687163,0.024749050573085,-0.2107650744416904,-0.1504582176862637,0.0553052870913015,0.00063,1.1331465577439224,0.1666666666666666,0.2908710260867098,99.74667998402828,20.97430731006526,0.0740981888742308,6.74750890992358e-05,4.2714892482220985e-06,0.9994182605905642,14811.662702967564,3.21650045804849,607180.3981208093,2.5107635167560903e-11,12.790199562475255,0.0886183580672765,0.2686805648787193,0.7407407407407407,0.8350778083209032,-0.7014563048969435,-0.9123910614051014,0.0858205974102019,0.3071041550636292,0.3737316262722016,0.0594739941763522,1.2169539881177047,0,0.3835690675520283,0,5.795777136564453,2716.9772531935914,0.2169141055262675,1012.299874035424,0.0247264688722671,0.3340034479802523,0.3329999997049611,3.0000300029555493,0.00029,1,0.0333333333333333,-0.8508425559042403,86.24652508530247,18.72413384494597,0.074030579689492,1.2590734196367019e-11,7.865778051441169e-05,3.965703790311978e-05,0.9984419526496436,12693.492571490864,3.541757306307382,433970.79710630106,9.218417597526503,0.0618446395605732,0.1587472651827304,1.0,2.0,0.0196063579424584,-0.9866147622538524,0.012839195728302,6.091700865714516,2950.8145080972604,0.2140559823926717,1115.126204687163,0.024749050573085,0.3340034479802528,0.3329999997049495,3.0000300029555493,0.00063,2,0.1666666666666666,0,0.3835690675520283,0.2908710260867096,99.74667998402823,20.97430731006526,0.0740981888742308,2.5107635167560903e-11,6.74750890992358e-05,4.2714892482220985e-06,0.9994182605905642,14811.662702967564,3.21650045804849,607180.3981208093,12.790199562475255,0.0886183580672765,0.2686805648787193,0.7407407407407407,2.0,-0.7014563048969435,-0.9123910614051014,0.0858205974102019
"MATLAB 12-29 PM Fri, Sep 6, 2024 Run3 .csv",5.827929995443653,2703.9037047839806,0.2221897183090056,1026.2420980446077,0.0079542317456102,-0.2788707170767158,-0.2207575858757831,0.5258462887968562,0.00037,0.0954702805319756,0.0,-0.8225945079780699,69.02146259160165,16.7470776820432,0.0302532431665032,1.8191676776401183e-11,7.279933883676814e-05,4.328219417480943e-05,0.9988239904066392,11655.0329109218,3.2725136404424884,455750.8217320698,12.121474198682758,0.0800647385232084,0.2029434807282398,1.0,1.6114978917578535,-0.5850595885076192,0.7546600628621425,0.0092446771264076,0.206158356886161,0.22271204829216,0.0071252444040679,1.080295999910107,6.091336450186703,2952.534234053535,-0.1015319864892672,1118.003065292533,0.0079190821792387,-0.2830011861293326,-0.2229735511288652,0.8498485223418788,0.00096,1.1324076162508967,0.0789473684210526,-0.1974712341191152,71.47749631731106,18.98523163712317,0.030122651241497,6.10197663258788e-05,4.151135931899613e-06,0.9995431340507338,16380.645063644277,3.151055802330679,669997.0912398531,4.2125993089227366e-11,16.980460426563734,0.1174010505930182,0.3555138473179916,0.8157894736842105,1.8326678283499644,-0.1674324620590211,-1.1938513863505742,0.095639382302761,0.28639651590272,0.391021683216095,0.0615891189861342,1.365315782503838,0,0.3741911799517657,0,5.827929995443653,2703.9037047839806,0.2221897183090056,1026.2420980446077,0.0079542317456102,0.2629216213889166,0.2615999997693663,3.800038003743696,0.00037,1,0.0,-0.82259450797807,69.02146259160165,16.7470776820432,0.0302532431665032,1.8191676776401183e-11,7.279933883676814e-05,4.328219417480943e-05,0.9988239904066392,13720.234364301285,3.2725136404424884,455750.8217320698,12.121474198682758,0.0800647385232084,0.2029434807282398,1.0,3.0,-0.5850595885076192,0.7546600628621425,0.0092446771264076,6.091336450186703,2952.534234053535,0.2125758108117899,1118.003065292533,0.0079190821792387,0.2628945943619139,0.2618999997667757,3.800038003743696,0.00096,2,0.0789473684210526,0,0.3741911799517657,-0.1974712341191155,71.47749631731104,18.98523163712317,0.030122651241497,4.2125993089227366e-11,6.10197663258788e-05,4.151135931899613e-06,0.9995431340507338,16380.645063644277,3.151055802330679,669997.0912398531,16.98046042656373,0.1174010505930182,0.3555138473179917,0.8157894736842105,3.0,-0.1674324620590211,-1.1938513863505742,0.095639382302761
"MATLAB 2-02 PM Tue, Oct 29, 2024 Run17 .csv",5.65541915560954,2145.87485406047,0.2699041108497911,1283.1040402640924,0.009571127928334,-0.1234166307996106,-0.0763731903744573,-1.2306391417555664,0.00043,0.074556937755034,0.0,-1.112626849751633,110.6807548252946,22.47989703026896,0.0210444812126721,3.168328311837472e-11,0.0014907767205381,0.0001176259775226,0.9979674213245202,-1649.2800967671692,3.478990428651341,815564.5217380417,39.30080651133743,0.1969910304262077,0.8950737163226412,1.0,2.534858242738155,0.0640964692812865,-0.7279663995806911,0.0263890385627746,0.2110280629992485,0.2449155938625336,0.0164679585005216,1.1605830541287097,5.86420994873774,2560.680741366831,-0.0123376960446255,1191.0847597941645,0.0105262955808338,-0.1306916737856244,-0.0826102239504864,-0.9414452732084896,0.00034,0.106544663994998,0.0,0.043928001718322,72.16546000736297,18.052022674956557,0.023152110728618,0.0015390855956001,2.245873071540685e-05,0.9980686013412357,648.4815426734307,3.0970822735740766,967643.146004664,2.255973642291843e-11,32.11005198346928,0.1401977423049505,0.584564680056725,1.0,3.748318529367108,0.1247920750195806,-1.4786539669388088,0.0629023888707161,0.2179973521828651,0.2656072473526001,0.031784640940677,1.2183966671751036,1,0.2808754363702641,0,5.65541915560954,2145.87485406047,0.2699041108497911,1283.1040402640924,0.009571127928334,0.4548046507590157,0.4510999995982914,2.2000110020082606,0.00043,1,0.0,-1.1126268497516336,110.68075482529468,22.47989703026896,0.0210444812126721,3.168328311837472e-11,0.0014907767205381,0.0001176259775226,0.9979674213245202,669.4278275047553,3.478990428651341,815564.5217380417,39.30080651133743,0.1969910304262077,0.8950737163226411,1.0,4.0,0.0640964692812865,-0.7279663995806911,0.0263890385627746,5.86420994873774,2560.680741366831,0.2942247190915457,1191.0847597941645,0.0105262955808338,0.4546581391312385,0.4517999996001212,2.2000110020082606,0.00034,1,0.0,1,0.2808754363702641,0.043928001718322,72.16546000736304,18.052022674956557,0.023152110728618,2.255973642291843e-11,0.0015390855956001,2.245873071540685e-05,0.9980686013412357,648.4815426734307,3.0970822735740766,967643.146004664,32.11005198346928,0.1401977423049506,0.584564680056725,1.0,5.0,0.1247920750195806,-1.4786539669388088,0.0629023888707161
"MATLAB 2-25 PM Mon, Oct 28, 2024 Run6 .csv",5.4344201565190815,2174.225161777484,0.2556474800459582,1268.1242680341186,0.0739032280111851,-0.1509741089251922,-0.0877119156013034,-1.4183782561768088,0.00273,0.049460926422704,0.0454545454545454,0.1637628043540123,114.73381192581962,22.18083657058465,0.156919757902634,5.3973340262141496e-11,0.0002688945905462,0.0001842710534062,0.9991555233310094,1092.873167923089,3.9646952853519055,574801.1810926388,17.98222743164619,0.1161336701024912,0.1676642116330956,1.0,0.4428906639145165,-3.381746863251154,11.983080603865336,0.0219601842761039,0.2482732349634171,0.2772654581069946,0.0335204524645068,1.1167754677537007,6.084395186673636,2690.8963703669365,0.018730364362953,1115.8774293436738,0.0738942809167143,-0.1616946522445142,-0.0994542311746395,-1.1709544256272664,0.00345,0.0755091212879197,0.0454545454545454,-0.1563841350112351,96.44231231706708,22.096946325917525,0.1568880700257384,0.0002079690663824,4.434820639464742e-05,0.9992351813632144,4804.729851148118,3.811597894624381,778232.1830626648,1.54398057969673e-11,11.136766788945168,0.0579021389868734,0.1674937680538128,1.0,0.6470993705876804,-0.55690531103525,0.5536142839410818,0.0832045036554336,0.2314833062887191,0.3060556614398956,0.0528879512472208,1.322150034690474,0,0.710893323072592,0,5.4344201565190815,2174.225161777484,0.2556474800459582,1268.1242680341186,0.0739032280111851,0.470961904345027,0.4938999995645643,2.200022002167403,0.00273,1,0.0454545454545454,0.1637628043540122,114.73381192581962,22.18083657058465,0.156919757902634,5.3973340262141496e-11,0.0002688945905462,0.0001842710534062,0.9991555233310094,3715.788857265943,3.9646952853519055,574801.1810926388,17.98222743164619,0.1161336701024912,0.1676642116330956,1.0,2.0,-3.381746863251154,11.983080603865336,0.0219601842761039,6.084395186673636,2690.8963703669365,0.3162383209012613,1115.8774293436738,0.0738942809167143,0.4709999995830885,0.4943999995619279,2.200022002167403,0.00345,1,0.0454545454545454,0,0.710893323072592,-0.156384135011235,96.44231231706708,22.096946325917525,0.1568880700257384,1.54398057969673e-11,0.0002079690663824,4.434820639464742e-05,0.9992351813632144,4804.729851148118,3.811597894624381,778232.1830626648,11.136766788945168,0.0579021389868735,0.1674937680538128,1.0,2.0,-0.55690531103525,0.5536142839410818,0.0832045036554336
"MATLAB 2-27 PM Mon, Oct 28, 2024 Run7 .csv",5.407322288707055,2158.9916962412744,0.2439366256566588,1257.3545861126586,0.002908654917244,-0.0107997254897822,0.0288039806887645,-1.9452047016094556,0.00023,0.0458757819466569,0.0,-0.2532775428509173,140.55346273023846,24.61847825383991,0.0047112783548555,5.970346991027994e-11,0.0001891155081821,0.0001629250768118,0.9993452094135328,2617.9373189598336,4.3247517348224696,364753.1642190059,15.93573295577526,0.0933329352661857,0.1409643596200517,1.0,3.4297524383682827,0.4271087622536824,-0.8993288992990114,0.0109918987751007,0.2651844950984506,0.2831042015552521,0.0099196641884393,1.0675744879056703,6.0627643037454,2693.326310827324,0.0087241172609366,1113.3891466414718,0.0028913056615182,-0.0222269507897674,0.0156537676906489,-1.7037480193452752,0.00032,0.0710754723297657,0.0,-0.0587359911104856,119.81056977791263,24.852891260375063,0.0046843150992071,0.0001945680896306,3.541162569257468e-05,0.9992527053183338,5135.748144597696,3.904666106402418,669505.4524114648,1.531559954430772e-11,9.7225209139991,0.0471607918160789,0.1505065415476016,1.0,3.632639490762048,-0.156854957635776,-0.5384853763955433,0.0627772545814515,0.2616888990121729,0.3273551559448242,0.0399018087848487,1.2509325278241807,0,0.2724216846246839,0,5.407322288707055,2158.9916962412744,0.2439366256566588,1257.3545861126586,0.002908654917244,0.6173812494535216,0.6181499994536492,1.7000170016748113,0.00023,1,0.0,-0.2532775428509172,140.55346273023838,24.61847825383992,0.0047112783548555,5.970346991027994e-11,0.0001891155081821,0.0001629250768118,0.9993452094135328,5284.311260455677,4.3247517348224696,364753.1642190059,15.93573295577526,0.0933329352661857,0.1409643596200518,1.0,5.0,0.4271087622536824,-0.8993288992990114,0.0109918987751007,6.0627643037454,2693.326310827324,0.304938579713836,1113.3891466414718,0.0028913056615182,0.6172312494536553,0.6179999994537823,1.7000170016748113,0.00032,1,0.0,0,0.2724216846246839,-0.0587359911104854,119.8105697779126,24.85289126037506,0.0046843150992071,1.531559954430772e-11,0.0001945680896306,3.541162569257468e-05,0.9992527053183338,5135.748144597696,3.904666106402418,669505.4524114648,9.7225209139991,0.0471607918160789,0.1505065415476017,1.0,5.0,-0.156854957635776,-0.5384853763955433,0.0627772545814515
"MATLAB 2-33 PM Mon, Oct 28, 2024 Run8 .csv",5.328934121658989,2077.684998546316,0.2476591811825654,1200.0691088191145,0.0615229116182029,-0.1140642448645948,-0.0723361919017937,-1.7899177764746537,0.001,0.0399005411532451,0.0,-0.7876226698078752,133.1793447081189,23.511389185678592,0.1172926203191057,9.761136584045119e-11,0.0004334202120162,0.0001575702229872,0.9989731476225362,-433.94381319599233,4.165886915033923,588310.1990085621,60.62246811056749,0.3424750398001174,0.6653586744621164,1.0,4.407855395791225,-3.328345813350569,15.06697134119976,0.012294965982437,0.2594756643604814,0.2745751512050629,0.016388699100413,1.0581923043989367,6.030095695103972,2661.9481515374127,0.0112218986901451,1070.2644520474448,0.0616959428830542,-0.1262057814026058,-0.0864495672794238,-1.5584063413527434,0.0007833333333333,0.0636860573995089,0.0,0.3891771998367572,104.1941773029732,22.46845180701638,0.1176225021455296,0.0003844562860652,3.142899224794951e-05,0.9990196630304512,2598.526020357204,3.903595959470387,661747.5292749676,2.6466895295407278e-11,36.25825115411834,0.2056956534951017,0.6539595161504583,1.0,4.608539691052661,-0.7821560690560763,-0.1821758351897808,0.0717708599567413,0.2841444368738877,0.3375001895427704,0.0435649550588736,1.1877768688906751,0,0.69382479227744,0,5.328934121658989,2077.684998546316,0.2476591811825654,1200.0691088191145,0.0615229116182029,0.5245249995338501,0.5298999995281193,1.9000063350430376,0.001,1,0.0,-0.7876226698078753,133.1793447081189,23.51138918567859,0.1172926203191057,9.761136584045119e-11,0.0004334202120162,0.0001575702229872,0.9989731476225362,2304.860548554834,4.165886915033923,588310.1990085621,60.62246811056749,0.3424750398001173,0.6653586744621163,1.0,6.0,-3.328345813350569,15.06697134119976,0.012294965982437,6.030095695103972,2661.9481515374127,0.3052805376673628,1070.2644520474448,0.0616959428830542,0.5245249995338501,0.5300499995279857,1.9000063350430376,0.0007833333333333,1,0.0,0,0.69382479227744,0.3891771998367572,104.1941773029732,22.46845180701638,0.1176225021455296,2.6466895295407278e-11,0.0003844562860652,3.142899224794951e-05,0.9990196630304512,2598.526020357204,3.903595959470387,661747.5292749676,36.25825115411833,0.2056956534951017,0.6539595161504582,1.0,6.0,-0.7821560690560763,-0.1821758351897808,0.0717708599567413
"MATLAB 2-39 PM Mon, Oct 28, 2024 Run9 .csv",5.350319820064023,2046.1022439090104,0.2473185350522685,1195.1855243865216,0.0764297581021437,-0.2183429687802874,-0.1546263645029757,-1.334578516666654,0.00136,0.0339253003598332,0.1666666666666666,-0.870351158240868,111.17614922410912,21.4094659596163,0.1774734737540856,1.533562529504027e-10,0.0001675910213899,0.0001799289191159,0.9989428595868034,3149.3641289735738,4.518111054986549,449947.82185951184,13.39866594333039,0.0696510489054457,0.1089169798351069,1.0,-1.614041646785831,-2.3378867491763997,4.560437592042592,0.0152744150161743,0.2598142847418785,0.2844766628742218,0.0301191928704631,1.0949231030805135,6.112301331602246,2688.4259671719974,0.0194822304478032,1084.7265452531783,0.0770010399592241,-0.2312760892835277,-0.1700529022577623,-1.113012328687014,0.00054,0.0562966424692522,0.3333333333333333,1.1026724984726477,91.6594605862098,20.903507949371413,0.1787698269947873,0.0001575366731414,2.6339837615256455e-05,0.9990051016917648,6341.412966075312,3.8417806240180665,668899.2627634346,3.086417827730137e-11,7.420096149696344,0.0385046274966264,0.1197933914638518,1.0,-1.415560108656727,-0.9017566078537318,-0.546588029110803,0.0674636059999465,0.290471275349458,0.3414003956317902,0.0509783929443206,1.1753327251414472,0,0.5192310178011622,0,5.350319820064023,2046.1022439090104,0.2473185350522685,1195.1855243865216,0.0764297581021437,0.4306545450732986,0.4604999995919656,2.4000480030844624,0.00136,1,0.1666666666666666,-0.870351158240868,111.1761492241091,21.4094659596163,0.1774734737540856,1.533562529504027e-10,0.0001675910213899,0.0001799289191159,0.9989428595868034,5960.598910979384,4.518111054986549,449947.82185951184,13.398665943330393,0.0696510489054457,0.108916979835107,1.0,0.0,-2.3378867491763997,4.560437592042592,0.0152744150161743,6.112301331602246,2688.4259671719974,0.3113850459493393,1084.7265452531783,0.0770010399592241,0.4307272723459615,0.4605999995939234,2.4000480030844624,0.00054,1,0.3333333333333333,0,0.5192310178011622,1.1026724984726473,91.65946058620976,20.903507949371413,0.1787698269947873,3.086417827730137e-11,0.0001575366731414,2.6339837615256455e-05,0.9990051016917648,6341.412966075312,3.8417806240180665,668899.2627634346,7.420096149696344,0.0385046274966264,0.1197933914638518,1.0,0.0,-0.9017566078537318,-0.546588029110803,0.0674636059999465
"MATLAB 2-52 PM Thu, Oct 3, 2024 Run2 .csv",5.870362345789214,2396.0285998164977,0.283839927476595,1262.1029629625496,0.0044870163730763,-0.2748023289647283,-0.2486078651805097,-1.364238501165091,0.00043,0.0165971020589387,0.0,-2.158259108119738,135.219779346467,23.45097699965375,0.0110960621785599,6.86337543487149e-12,0.0003299373325425,0.0001687891476858,0.9974477311166576,1.859980469514085,3.815390835791178,752528.7875272701,7.237842333970411,0.0559703269718404,0.0893974546465836,1.0,5.322456929740705,-0.1361776478059746,-1.4621873001442125,0.0382669973373413,0.1565948808193206,0.1799614202976227,0.018518760749112,1.149216496452795,5.9409617666748815,2717.443995925479,-0.0188420410982923,1056.0154616334894,0.0046078058724883,-0.2901688459973152,-0.2677975738369913,-1.1715135298980348,0.00033,0.0348673391715077,0.0,0.0738174098730096,86.94897648502415,18.677036812744134,0.0113906578742143,0.0004781630485363,9.166701446054944e-06,0.9989317855882902,2089.102846081504,3.367673401351667,849648.1907342259,6.446080801025207e-12,5.815980141225608,0.0294771681169826,0.1034656149700685,1.0,2.5145504721860488,0.0017349784430517,-1.4130006185121733,0.0471063935756682,0.1677562297344207,0.2012236475944519,0.0234598472899069,1.199500298218518,0,-0.966381767147484,0,5.870362345789214,2396.0285998164977,0.283839927476595,1262.1029629625496,0.0044870163730763,0.404379166308767,0.4038999996430139,2.500025002462958,0.00043,1,0.0,-2.158259108119738,135.219779346467,23.45097699965375,0.0110960621785599,6.86337543487149e-12,0.0003299373325425,0.0001687891476858,0.9974477311166576,3023.142981214775,3.815390835791178,752528.7875272701,7.237842333970411,0.0559703269718404,0.0893974546465836,1.0,7.0,-0.1361776478059746,-1.4621873001442125,0.0382669973373413,5.9409617666748815,2717.443995925479,0.2668088863237668,1056.0154616334894,0.0046078058724883,0.4045249996419706,0.4038999996430954,2.500025002462958,0.00033,1,0.0,0,-0.966381767147484,0.0738174098730097,86.94897648502416,18.677036812744134,0.0113906578742143,6.446080801025207e-12,0.0004781630485363,9.166701446054944e-06,0.9989317855882902,2089.102846081504,3.367673401351667,849648.1907342259,5.815980141225608,0.0294771681169826,0.1034656149700685,1.0,4.0,0.0017349784430517,-1.4130006185121733,0.0471063935756682
"MATLAB 2-56 PM Thu, Oct 3, 2024 Run3 .csv",5.922691763177222,2363.3136672732626,0.3214108238939488,1270.0280606218348,0.0526445343320067,-0.2707397651003043,-0.236148037868467,-1.85895565999014,0.00498,0.0106218612655268,0.024390243902439,-2.3839376163722963,138.50725728835437,26.152080017031217,0.1256882759429891,8.00647323241762e-12,0.013780680050393,0.0001731620526528,0.9839337614271884,-3022.313914021695,4.018761381926511,793340.4169494726,13.418322379844948,0.1315310473692937,0.5193414880499846,1.0,0.3005598871636477,-1.9549675832802709,7.014226774902525,0.0333072459697723,0.1662187690269656,0.200037522315979,0.0274122930130179,1.203459293357701,6.00548945486651,2729.133548633504,0.0302954623855987,1097.7630465602383,0.0213234287093905,-0.276376683123773,-0.2545509089084394,-1.726176185910996,0.000325,0.0274779242412509,0.0,0.5048256610536158,107.63159242293102,22.051389092915045,0.0496367267759439,0.0144384809469606,2.1471391742903475e-05,0.9848270471896964,68.20849442593243,3.666754738791523,817077.585727881,7.294269347472518e-12,10.46901985391136,0.0773064468019586,0.4170943770882064,1.0,-0.5095493275233387,-0.2259910900907849,-1.3135620044830232,0.0572947984933853,0.1918295000493526,0.2349087059497833,0.0304132116784733,1.2245702871005113,0,-0.0907752425630782,0,5.922691763177222,2363.3136672732626,0.3214108238939488,1270.0280606218348,0.0526445343320067,0.4188499996283322,0.429249999620085,2.050010251871333,0.00498,1,0.024390243902439,-2.3839376163722967,138.50725728835445,26.152080017031217,0.1256882759429891,8.00647323241762e-12,0.013780680050393,0.0001731620526528,0.9839337614271884,71.39950697854898,4.018761381926511,793340.4169494726,13.418322379844948,0.1315310473692938,0.5193414880499846,1.0,2.0,-1.9549675832802709,7.014226774902525,0.0333072459697723,6.00548945486651,2729.133548633504,0.3137905663319763,1097.7630465602383,0.0213234287093905,0.4295897432085461,0.4312999996159234,2.000010001825691,0.000325,1,0.0,0,-0.0907752425630782,0.5048256610536158,107.631592422931,22.051389092915045,0.0496367267759439,7.294269347472518e-12,0.0144384809469606,2.1471391742903475e-05,0.9848270471896964,68.20849442593243,3.666754738791523,817077.585727881,10.46901985391136,0.0773064468019586,0.4170943770882063,1.0,1.0,-0.2259910900907849,-1.3135620044830232,0.0572947984933853
"MATLAB 2-58 PM Wed, Sep 18, 2024 Run5 .csv",5.92545229849729,3099.2024429618264,0.2678807900934674,1101.1238117701955,0.0545803160567221,-0.4211118695019964,-0.3819321413442988,-0.3357513532548695,0.00222,0.0070367167894797,0.0555555555555555,-1.2623213875522092,69.2201512433836,18.834974037070253,0.1986740989543665,4.233834313243773e-11,0.0002250403136357,0.0001913385917637,0.9993554574457068,1303.6124748078505,4.857070085138964,741629.5542967187,15.314828341250312,0.3084430753581093,0.5387618577591198,1.0,0.2874216616174134,-2.026766376022316,5.135509704041759,0.0272555011510848,0.253703390724129,0.285358225107193,0.0298276324034909,1.1247710339728358,5.575815657333291,2662.8955589225648,-0.0883342362471149,963.0789492636802,0.0543598027777556,-0.4380728321340698,-0.4034429098073939,-0.1589387774154449,0.00208,0.0230442752830969,0.0555555555555555,0.6426462915930184,65.90947336578634,16.656306168302965,0.1979187661401496,4.545972562843441e-05,9.747621861514475e-06,0.9998406798673558,21993.988438020177,4.125020318609567,699689.077185113,1.9368176676075255e-10,24.249898893846087,0.2104041746451486,0.3978477162261422,1.0,0.4759907926510287,-1.0946207965779158,1.155139343611138,0.0922789081931114,0.3641390861736403,0.4268945837020874,0.0551930595997818,1.1723393612805466,0,0.4041447650623249,0,5.92545229849729,3099.2024429618264,0.2678807900934674,1101.1238117701955,0.0545803160567221,0.2747228568997247,0.2911999997432701,3.600036003546659,0.00222,1,0.0555555555555555,-1.2623213875522088,69.22015124338357,18.834974037070253,0.1986740989543665,4.233834313243773e-11,0.0002250403136357,0.0001913385917637,0.9993554574457068,4440.784147961084,4.857070085138964,741629.5542967187,15.31482834125031,0.3084430753581093,0.5387618577591196,1.0,2.0,-2.026766376022316,5.135509704041759,0.0272555011510848,5.575815657333291,2662.8955589225648,0.1938673736138536,963.0789492636802,0.0543598027777556,0.2746571426140692,0.2908999997435346,3.600036003546659,0.00208,1,0.0555555555555555,0,0.4041447650623249,0.6426462915930183,65.90947336578634,16.65630616830296,0.1979187661401496,1.9368176676075255e-10,4.545972562843441e-05,9.747621861514475e-06,0.9998406798673558,21993.988438020177,4.125020318609567,699689.077185113,24.249898893846087,0.2104041746451486,0.3978477162261419,1.0,2.0,-1.0946207965779158,1.155139343611138,0.0922789081931114
"MATLAB 3-03 PM Wed, Sep 18, 2024 Run6 .csv",5.937311278730119,3058.885944233494,0.2746197067132708,1119.4613385440323,0.0310414630063169,-0.4307078275647102,-0.4069003485364594,-0.389418243442198,0.0007266666666666,-0.0001335721626145,0.0092592592592592,-1.206274196053488,72.14909933425264,19.04296700445005,0.1118140563752826,7.627012027637468e-11,0.0002545781228352,0.0002113784608744,0.9993113293316906,701.2739793606856,4.70521555910208,885068.3766894263,57.02393446927338,1.135552232481685,1.957973928995258,1.0,16.261145210524944,-0.8634012930608909,1.1517307793793714,0.0204354414343834,0.2840337518630204,0.3063454461097717,0.0147387158180613,1.0785529680906072,5.607984690381411,2662.9727684784,-0.0764239166590334,971.1743954782856,0.0313253904858752,-0.4486402493965984,-0.4291269118541084,-0.2245399641734984,0.0004766666666666,0.0141769773667888,0.1018518518518518,0.4791667403275676,68.93018679357547,17.074871313672535,0.1128367879133985,7.503011029344707e-05,9.656669998058566e-06,0.9998152498337736,13325.52019347218,4.023875152179484,851230.6525757763,2.7993422576888303e-10,87.09064543933607,0.7179471893831875,1.4319826145900587,1.0,15.447071032999764,-0.3197889428107395,-1.3583386491927292,0.1009305226802825,0.397773104398339,0.4720476615428925,0.0544135730090068,1.1867259408021045,0,-0.0571284096969381,0,5.937311278730119,3058.885944233494,0.2746197067132708,1119.4613385440323,0.0310414630063169,0.2776168221831803,0.2816999997491436,3.6000120032394403,0.0007266666666666,1,0.0092592592592592,-1.2062741960534882,72.14909933425263,19.04296700445005,0.1118140563752826,7.627012027637468e-11,0.0002545781228352,0.0002113784608744,0.9993113293316906,3925.362156819899,4.70521555910208,885068.3766894263,57.02393446927338,1.135552232481685,1.957973928995258,1.0,18.0,-0.8634012930608909,1.1517307793793714,0.0204354414343834,5.607984690381411,2662.9727684784,0.203190705031117,971.1743954782856,0.0313253904858752,0.2776168221831805,0.2821999997499516,3.6000120032394403,0.0004766666666666,1,0.1018518518518518,0,-0.0571284096969381,0.4791667403275677,68.93018679357544,17.074871313672535,0.1128367879133985,2.7993422576888303e-10,7.503011029344707e-05,9.656669998058566e-06,0.9998152498337736,13325.52019347218,4.023875152179484,851230.6525757763,87.09064543933607,0.7179471893831874,1.4319826145900585,1.0,17.0,-0.3197889428107395,-1.3583386491927292,0.1009305226802825
"MATLAB 3-05 PM Fri, Sep 13, 2024 Run7 .csv",5.766507479932894,2843.6395095379826,0.2284014449841992,948.395236363217,0.0434010093769251,-0.5679583460079095,-0.5504564174792251,2.892711796233918,0.0098066666666666,1.9974763315200208,0.072463768115942,-0.586107786165436,26.93466223262052,21.45312105031827,0.3002914691312752,1.6154599056287862e-10,0.0001066073300646,9.87046471773219e-05,0.9994734492663332,6122.218527476169,5.130005770420811,171948.13812863576,89.65088369404677,1.2506261716355584,2.936618973569737,0.0422535211267605,3.2523863934941226,0.8891591493296939,7.3392227936586,0.0436058461666107,0.2511804362771591,0.4591050171852112,0.0412050806336486,1.827789711610432,5.790684469847847,3013.074440406277,-0.1159376166150603,994.452419612466,0.0447259523128163,-0.5882962475242796,-0.5744882457486697,3.153612310069028,0.0139033333333333,0.0112212113946861,0.923809523809524,0.79346916552698,39.62704135486068,23.509518626312342,0.3139327396271592,3.197581967369457e-05,1.4930087814799038e-06,0.9993544318329518,31253.44219573164,4.865114862168808,324389.0718531158,3.40254390966791e-10,114.5128775642717,1.1383383373647609,3.3489860082352103,1.0,3.4374311131160087,-0.1640635757025603,2.9512302018930194,0.1333748400211334,0.4000743898550669,0.8732394373416902,0.0933226265152288,2.182692667876178,1,-0.0216810753182793,0,5.766507479932894,2843.6395095379826,0.2284014449841992,948.395236363217,0.0434010093769251,0.1445296115220374,0.1432999998723891,6.900023006208927,0.0098066666666666,3,0.072463768115942,-0.5861077861654365,26.93466223262055,21.45312105031827,0.3002914691312752,1.6154599056287862e-10,0.0001066073300646,9.87046471773219e-05,0.9994734492663332,9375.278873037376,5.130005770420811,171948.13812863576,89.65088369404677,1.2506261716355584,2.936618973569737,0.0422535211267605,5.0,0.8891591493296939,7.3392227936586,0.0436058461666107,5.790684469847847,3013.074440406277,0.1628146756848174,994.452419612466,0.0447259523128163,0.1424698563327128,0.1424999998731007,7.000023339632245,0.0139033333333333,1,0.923809523809524,1,-0.0216810753182792,0.7934691655269807,39.6270413548607,23.509518626312342,0.3139327396271592,3.40254390966791e-10,3.197581967369457e-05,1.4930087814799038e-06,0.9993544318329518,31253.44219573164,4.865114862168808,324389.0718531158,114.5128775642717,1.1383383373647606,3.348986008235211,1.0,5.0,-0.1640635757025603,2.9512302018930194,0.1333748400211334
"MATLAB 3-06 PM Wed, Sep 18, 2024 Run7 .csv",5.942523423764163,3053.137228907495,0.2751580108748991,1116.776030177895,0.0566294091841283,-0.4197085253069867,-0.3849075730340818,-0.747510374133987,0.00492,-0.0079013851940499,0.0606060606060606,-1.2142688670165678,83.16971326183564,20.587687648179408,0.1874234483949164,8.028889698398182e-11,0.0002369925445878,0.0002062868120878,0.9993164260461128,898.4099258582164,4.426632044522406,879082.3143384826,18.22958752482292,0.3561793512444713,0.6159694946483916,1.0,0.2326790551747715,-3.109462424334839,9.960415712537769,0.0330226016044616,0.2909402843316396,0.3185009813308716,0.0403907115748679,1.0947297383122645,5.640817784482128,2677.1563218129986,-0.0730524341489292,970.8819565554352,0.056792288364829,-0.4386926767481983,-0.4093262474455152,-0.5955609161502378,0.00469,1.004570737957455,0.1515151515151515,0.581730692511666,79.71980914418306,18.47144105083165,0.1879178191792948,7.081486102673757e-05,8.45071434164387e-06,0.9997994337005676,14118.497434077764,3.4092880046791527,953497.6435226918,2.7970239100615326e-10,27.356676339974776,0.2274254953744133,0.462985579009707,0.8333333333333334,0.4157412933775597,-1.2581030440895205,1.454901104237016,0.1034531271457672,0.4152743216355641,0.5018485772609711,0.082694773783056,1.2084748589424767,0,0.520642311299726,0,5.942523423764163,3053.137228907495,0.2751580108748991,1116.776030177895,0.0566294091841283,0.3021468747325873,0.3204499997160579,3.3000330032511043,0.00492,1,0.0606060606060606,-1.2142688670165682,83.16971326183567,20.587687648179408,0.1874234483949164,8.028889698398182e-11,0.0002369925445878,0.0002062868120878,0.9993164260461128,4216.657649648908,4.426632044522406,879082.3143384826,18.22958752482292,0.3561793512444715,0.6159694946483919,1.0,2.0,-3.109462424334839,9.960415712537769,0.0330226016044616,5.640817784482128,2677.1563218129986,0.2037596170228351,970.8819565554352,0.056792288364829,0.3022187497325239,0.3203999997161038,3.3000330032511043,0.00469,2,0.1515151515151515,0,0.520642311299726,0.5817306925116658,79.71980914418305,18.47144105083165,0.1879178191792948,2.7970239100615326e-10,7.081486102673757e-05,8.45071434164387e-06,0.9997994337005676,14118.497434077764,3.4092880046791527,953497.6435226918,27.35667633997478,0.2274254953744134,0.4629855790097074,0.8333333333333334,2.0,-1.2581030440895205,1.454901104237016,0.1034531271457672
"MATLAB 3-08 PM Fri, Sep 13, 2024 Run8 .csv",5.76167272891545,2800.489565526424,0.2330121222076704,947.0187840900276,0.0641691991800581,-0.4365822464936781,-0.4045856075515264,-0.5564721892156532,0.0075666666666666,-0.0090964333527323,0.0571428571428571,-0.8367430448582799,53.69341231427556,18.137081808579307,0.2233099900169362,2.4749959964787945e-10,0.0001150060451149,0.0001115714834176,0.9994747728374636,5357.894339905294,4.8847335934359215,399805.2955833623,78.90317689742503,1.078623729420335,2.5015369190609413,1.0,5.2282996466593605,-1.7335793039462175,4.405879855958015,0.0646444702148438,0.31889089179039,0.3860047459602356,0.0487461037098742,1.2104602417241823,5.789633851856098,3007.379514287415,-0.1052189665237407,992.7768791595062,0.0711500479202285,-0.4612800938132483,-0.4288069144409646,-0.33984489171148,0.0097933333333333,0.0030928549714037,0.9065420560747663,1.2260060837899225,78.37612909981286,19.48190690513124,0.2524073067930954,3.693895746745424e-05,2.6813976018174177e-06,0.9994917719750356,27057.931260124395,4.400979049513363,632449.4313651742,5.18579808108472e-10,96.81895852357272,0.951713254430888,2.7860565001476054,1.0,5.410921333435683,-0.9802606219209622,0.770103186007284,0.2274112504720689,0.5110197573398876,0.6657414054870606,0.131003539566299,1.3027703839721898,0,-0.1664778799989211,0,5.76167272891545,2800.489565526424,0.2330121222076704,947.0187840900276,0.0641691991800581,0.2873548074369241,0.3033499997316191,3.5000116698161223,0.0075666666666666,1,0.0571428571428571,-0.8367430448582803,53.6934123142756,18.137081808579307,0.2233099900169362,2.4749959964787945e-10,0.0001150060451149,0.0001115714834176,0.9994747728374636,8690.628147746982,4.8847335934359215,399805.2955833623,78.90317689742504,1.078623729420335,2.501536919060941,1.0,7.0,-1.7335793039462175,4.405879855958015,0.0646444702148438,5.789633851856098,3007.379514287415,0.1711619199528873,992.7768791595062,0.0711500479202285,0.2818858488060806,0.3037499997295096,3.566678558765001,0.0097933333333333,1,0.9065420560747663,0,-0.1664778799989211,1.2260060837899225,78.37612909981286,19.48190690513124,0.2524073067930954,5.18579808108472e-10,3.693895746745424e-05,2.6813976018174177e-06,0.9994917719750356,27057.931260124395,4.400979049513363,632449.4313651742,96.81895852357272,0.951713254430888,2.7860565001476054,1.0,7.0,-0.9802606219209622,0.770103186007284,0.2274112504720689
"MATLAB 3-13 PM Wed, Sep 18, 2024 Run8 .csv",5.9450617917671895,3024.8428047277266,0.2767977548739426,1111.693965018756,0.1084740248924169,-0.4644261377972968,-0.4211428320170538,-0.4145599860900502,0.00644,-0.0168642463841677,0.081081081081081,-0.6378092333328049,69.86650956652123,18.77408318263869,0.3972801159350431,1.510669712940754e-10,0.0002151089055712,0.000205569710703,0.9993774574394132,1219.020559923535,4.743820405526416,727654.4053806951,26.409297192343576,0.5263163102512791,0.8796692857129644,1.0,-0.8001665086908134,-2.1723776920162945,9.390102414723977,0.0462813746929168,0.3377086670978649,0.4490525090694428,0.0472043292387384,1.3297038329765796,5.667782757940751,2703.279686264189,-0.0705243582807085,969.3142751789028,0.1082202301432637,-0.4848508533174411,-0.4468562499974866,-0.2775283988197072,0.00694,-0.0065133844379299,0.7297297297297297,0.1140373929538332,71.33002972885134,19.303292393673477,0.3964554730999499,5.477701972868284e-05,7.052606604357714e-06,0.9998288776787804,18252.706748761662,3.714046415099777,850153.3150933882,4.753209582626932e-10,38.444705314969504,0.3174683388431311,0.6812115105315352,1.0,-1.6204084061865216,-1.146559495414754,1.5663775125574846,0.1333645594120026,0.4615170530048577,0.5685331058502198,0.0921927751776482,1.2318788702358865,0,0.5105738509958319,0,5.9450617917671895,3024.8428047277266,0.2767977548739426,1111.693965018756,0.1084740248924169,0.2730416664249889,0.3035499997306286,3.7000370036451775,0.00644,1,0.081081081081081,-0.6378092333328046,69.86650956652119,18.77408318263869,0.3972801159350431,1.510669712940754e-10,0.0002151089055712,0.000205569710703,0.9993774574394132,4645.913914096701,4.743820405526416,727654.4053806951,26.409297192343576,0.526316310251279,0.8796692857129645,1.0,1.0,-2.1723776920162945,9.390102414723977,0.0462813746929168,5.667782757940751,2703.279686264189,0.2030539576775333,969.3142751789028,0.1082202301432637,0.272969444202831,0.3040999997305467,3.7000370036451775,0.00694,1,0.7297297297297297,0,0.5105738509958319,0.1140373929538332,71.33002972885136,19.303292393673477,0.3964554730999499,4.753209582626932e-10,5.477701972868284e-05,7.052606604357714e-06,0.9998288776787804,18252.706748761662,3.714046415099777,850153.3150933882,38.444705314969504,0.317468338843131,0.6812115105315351,1.0,0.0,-1.146559495414754,1.5663775125574846,0.1333645594120026
"MATLAB 3-14 PM Fri, Sep 13, 2024 Run9 .csv",5.773618115159072,2878.523658284368,0.2239693322860661,940.5822566651244,0.0191387486724746,-0.6537644386085542,-0.6404818490903237,7.680972113392928,0.0196133333333333,1.982538229536491,0.0,-0.2382607638633229,18.04357189680587,14.63795751367376,0.2258414186800409,3.7481380626313257e-10,0.0004762912118701,6.647830041076871e-05,0.9987336986991836,-1337.2392168917518,5.163751351829017,204276.0319051876,151.147692637739,2.001752702194019,7.704837768057388,0.025426944971537,1.197643787051481,0.9452703378110664,0.6302650826309306,0.0671781584620475,0.2545311125624651,0.4835722243785859,0.0723291058387005,1.8998550688372573,5.738799961675435,3105.510323943445,-0.0885564565342646,948.7677559892524,0.0191805785508469,-0.6739628965741953,-0.6661715833092245,7.783675731474606,0.0241,1.992747674069044,0.0,0.4815757214394027,27.061521236476327,16.115843894495963,0.225694599155545,0.0004085578768446,5.319176985922388e-06,0.9990404479368734,2445.2850001387515,4.795592220430736,396726.1620308277,8.137699885603916e-10,170.34145548801803,2.1340074141730065,8.074615198252458,0.0803858520900321,2.37718161384254,1.4526649970106331,1.2498719394563542,0.095186232328415,0.3379327596415879,0.7778193211555482,0.1435228439129723,2.3016984857594296,22,0.1995223670340274,0,5.773618115159072,2878.523658284368,0.2239693322860661,940.5822566651244,0.0191387486724746,0.0847441925592457,0.0854999999238614,11.800039343951498,0.0196133333333333,3,0.0,-0.2382607638633229,18.043571896805865,14.63795751367376,0.2258414186800409,3.7481380626313257e-10,0.0004762912118701,6.647830041076871e-05,0.9987336986991836,2096.8971793069127,5.163751351829017,204276.0319051876,151.147692637739,2.001752702194019,7.704837768057386,0.025426944971537,3.0,0.9452703378110664,0.6302650826309306,0.0671781584620475,5.738799961675435,3105.510323943445,0.1848062770764091,948.7677559892524,0.0191805785508469,0.0849846590153802,0.0861999999232363,11.76670589947706,0.0241,3,0.0,22,0.1995223670340272,0.4815757214394026,27.061521236476302,16.115843894495963,0.225694599155545,8.137699885603916e-10,0.0004085578768446,5.319176985922388e-06,0.9990404479368734,2445.2850001387515,4.795592220430736,396726.1620308277,170.34145548801803,2.1340074141730065,8.07461519825246,0.0803858520900321,4.0,1.4526649970106331,1.2498719394563542,0.095186232328415
"MATLAB 3-16 PM Fri, Sep 13, 2024 Run10 .csv",5.741783692126081,2941.505845703025,0.185449724385639,926.8730945682764,0.0455651195347336,-0.5592707045449469,-0.556937918235324,1.2964032554816587,0.0048566666666666,-1.0198518667808738,1.0,-0.0195185622542718,33.01814669012179,17.283950825984984,0.2484449991985112,7.443532216711657e-11,4.758931219782688e-05,3.705930776133386e-05,0.998926582446742,17527.457096624297,4.645721208550112,463739.50934328313,45.42915368437372,0.5220500284776205,1.6183919433525775,0.0,0.188884970020658,-0.671175019131664,-0.5440702159259296,0.0654039502143859,0.241403807950166,0.3240268087387085,0.0398193074553262,1.34226055293046,5.685257116292132,3185.3817899007136,-0.1261328184619296,917.5263520833394,0.045540359853351,-0.5800547361779294,-0.5835329174055652,1.428462219180867,0.0020133333333333,-1.0102080919030585,1.0,0.1668880609275178,46.12976329639535,23.54235597222991,0.2483091606436456,3.1383905207727746e-05,1.536486881698453e-06,0.9993380107719646,31842.372839116742,4.134197344428164,753935.2636589467,1.4290484490458592e-10,47.72118538017307,0.6447658526133243,1.7949150324323084,0.0,0.3675416939587848,0.4991107045827859,1.158589371178974,0.1027007150650025,0.2936482512950897,0.5478652262687683,0.059817054323743,1.8657193559045364,3,-0.2877309624568845,0,5.741783692126081,2941.505845703025,0.185449724385639,926.8730945682764,0.0455651195347336,0.1834012344049093,0.1741999998448724,5.4333514493336,0.0048566666666666,0,1.0,-0.0195185622542718,33.01814669012179,17.283950825984984,0.2484449991985112,7.443532216711657e-11,4.758931219782688e-05,3.705930776133386e-05,0.998926582446742,20990.56566092496,4.645721208550112,463739.50934328313,45.42915368437371,0.5220500284776206,1.6183919433525775,0.0,2.0,-0.671175019131664,-0.5440702159259296,0.0654039502143859,5.685257116292132,3185.3817899007136,0.1463675857584714,917.5263520833394,0.045540359853351,0.1834018516888594,0.1744999998446061,5.4333514493336,0.0020133333333333,0,1.0,3,-0.2877309624568845,0.1668880609275178,46.12976329639537,23.542355972229903,0.2483091606436456,1.4290484490458592e-10,3.1383905207727746e-05,1.536486881698453e-06,0.9993380107719646,31842.372839116742,4.134197344428164,753935.2636589467,47.72118538017307,0.6447658526133244,1.7949150324323082,0.0,2.0,0.4991107045827859,1.158589371178974,0.1027007150650025
"MATLAB 3-17 PM Wed, Sep 18, 2024 Run9 .csv",5.93001779302419,3033.8419627126987,0.2713593583313886,1105.858031262709,0.0456231561736108,-0.4325470416984603,-0.41228300470176,-0.9592673948160676,0.00111,-0.0228394871775796,0.03125,-0.7155709588077787,82.22074513245849,20.29502072811225,0.144684287035943,1.5299428742700922e-10,0.0002149982050405,0.0001957446833843,0.9994183660073488,1149.17255054803,4.798887970811633,764969.7089533092,24.5257563888704,0.501295266910167,0.8599994372301555,1.0,0.1779364487321297,-0.7709324096404715,1.2302471058646205,0.0503587606549263,0.360948371514678,0.4069032967090607,0.0323395112853016,1.1273171700471682,5.688661950693293,2737.3462904667854,-0.0697158553714145,970.8367210124104,0.0457134143353426,-0.4537638462343384,-0.4396095850592783,-0.832181054687994,0.00049,-1.0139027993681868,1.0,0.1969065594096976,82.51625944352418,18.952328249966676,0.144970521897241,6.376690659890466e-05,5.861161266823404e-06,0.9998068324011044,15679.086311806104,3.949057680402517,819168.2481465923,4.688950246744883e-10,35.04875742327092,0.2993358605535504,0.6649768634747079,0.0,0.3554917941040909,-0.1498457579598381,-1.4392870495113228,0.1602242571115494,0.4901225988194346,0.6014156341552735,0.0844191589007707,1.2270718297909788,0,0.082191944061635,0,5.93001779302419,3033.8419627126987,0.2713593583313886,1105.858031262709,0.0456231561736108,0.3153290319789664,0.3252999997109507,3.200032003152586,0.00111,1,0.03125,-0.7155709588077785,82.22074513245846,20.29502072811225,0.144684287035943,1.5299428742700922e-10,0.0002149982050405,0.0001957446833843,0.9994183660073488,4648.49632497618,4.798887970811633,764969.7089533092,24.5257563888704,0.5012952669101672,0.8599994372301558,1.0,2.0,-0.7709324096404715,1.2302471058646205,0.0503587606549263,5.688661950693293,2737.3462904667854,0.2017066371111456,970.8367210124104,0.0457134143353426,0.315329031978967,0.3254999997130312,3.200032003152586,0.00049,0,1.0,0,0.082191944061635,0.1969065594096977,82.51625944352422,18.952328249966676,0.144970521897241,4.688950246744883e-10,6.376690659890466e-05,5.861161266823404e-06,0.9998068324011044,15679.086311806104,3.949057680402517,819168.2481465923,35.04875742327093,0.2993358605535504,0.6649768634747076,0.0,2.0,-0.1498457579598381,-1.4392870495113228,0.1602242571115494
"MATLAB 3-19 PM Wed, Sep 18, 2024 Run10 .csv",5.8882899715213695,3088.2267717440664,0.2500478412628693,1083.1635028404855,0.0266303454408311,-0.6659882920656921,-0.6560171080908537,7.2139931683223795,0.01443,1.9735753683463733,0.0263157894736842,-0.1484497421983665,16.440060821617415,13.816128743615678,0.3021617669924283,2.4611216367700564e-10,0.0001324699437973,0.0001338339862417,0.9993992339354,4001.565055381625,5.2636652648217215,126273.65318889692,54.40181854503808,0.9599340828653656,1.792250726024282,0.0441400304414003,-0.8352017768141042,0.3883135306309924,-0.1275217901334926,0.0875353708863258,0.2585571280069518,0.3992905056476593,0.0543430731109091,1.5443028344471843,5.7030835604804135,2750.0599542546597,-0.0746455499824992,980.3623644691124,0.0254882744739758,-0.6884766021450679,-0.6853015858767225,7.4351133602636095,0.01899,1.9816635516736592,0.2347826086956521,-0.0717319796996873,16.810808561060444,13.478135417310485,0.2916951896444489,4.395678021082855e-05,5.301698732928943e-06,0.999740545236216,22743.716451505123,4.956104321609692,99634.77226932006,6.058340392525786e-10,80.62240583057786,0.683510947245484,1.5687638324643776,0.10828025477707,1.3410319142784584,0.3404278004289493,1.0435128798635098,0.1022782462835312,0.3393265174057173,0.6491067373752595,0.0824917172338746,1.912926647578067,5,-0.0667979799960781,0,5.8882899715213695,3088.2267717440664,0.2500478412628693,1083.1635028404855,0.0266303454408311,0.0881327432848194,0.0892999999208741,11.400114011231087,0.01443,3,0.0263157894736842,-0.1484497421983664,16.440060821617404,13.816128743615677,0.3021617669924283,2.4611216367700564e-10,0.0001324699437973,0.0001338339862417,0.9993992339354,7544.347081962764,5.2636652648217215,126273.65318889692,54.40181854503808,0.9599340828653656,1.792250726024282,0.0441400304414003,1.0,0.3883135306309924,-0.1275217901334926,0.0875353708863258,5.7030835604804135,2750.0599542546597,0.1954834484146519,980.3623644691124,0.0254882744739758,0.0873798244840576,0.0882999999221527,11.500115011329608,0.01899,3,0.2347826086956521,5,-0.0667979799960781,-0.0717319796996873,16.810808561060448,13.478135417310485,0.2916951896444489,6.058340392525786e-10,4.395678021082855e-05,5.301698732928943e-06,0.999740545236216,22743.716451505123,4.956104321609692,99634.77226932006,80.62240583057785,0.6835109472454841,1.5687638324643782,0.10828025477707,3.0,0.3404278004289493,1.0435128798635098,0.1022782462835312
"MATLAB 3-24 PM Tue, Oct 8, 2024 Run7 .csv",5.85400463097123,2375.104905894015,0.2529525716235256,1253.189344867762,0.0266666304547665,-0.4895077667948629,-0.4787731773196904,-0.4706560250648812,0.0019,-0.0288147279709916,0.0089285714285714,-1.8149442865352696,97.835578750097,22.01668387982449,0.0992148602312023,7.808123687803024e-11,0.0001371129467141,9.56730582429992e-05,0.9972727959691596,3701.612907903963,3.913414229431977,414819.557078039,91.3416013339686,0.483281288749461,0.9475072605468507,1.0,6.156039406155073,0.0656952881381342,-1.2514797977218692,0.0810430055856704,0.2570926311612129,0.3354427826404572,0.0439522490010259,1.3047545591849885,5.918503086650572,2751.54627357198,-0.0407823123492672,1088.8926097103688,0.0269140489766146,-0.5115519456317297,-0.5098629200564888,-0.353514932079078,0.00172,-0.0212922142984435,0.0089285714285714,0.3507090972180809,69.04398191910897,17.35567213414958,0.1001216369250021,8.755268617462979e-05,5.398438098298573e-06,0.9992771341565984,11413.43775750606,3.6543107817996887,607923.2712783488,6.854620118472831e-11,71.94131692635858,0.3491702893547697,1.1890431587550576,1.0,6.331391994394704,-0.072020341386569,-0.8077560284420042,0.0803691437840461,0.2844083702564239,0.375476759672165,0.0546109965298863,1.3202029157356845,0,0.2333707463339372,0,5.85400463097123,2375.104905894015,0.2529525716235256,1253.189344867762,0.0266666304547665,0.2687765763377051,0.2716999997580487,3.733345781137197,0.0019,1,0.0089285714285714,-1.8149442865352687,97.835578750097,22.01668387982449,0.0992148602312023,7.808123687803024e-11,0.0001371129467141,9.56730582429992e-05,0.9972727959691596,7273.367102587095,3.913414229431977,414819.557078039,91.3416013339686,0.4832812887494611,0.9475072605468504,1.0,8.0,0.0656952881381342,-1.2514797977218692,0.0810430055856704,5.918503086650572,2751.54627357198,0.2284843566576113,1088.8926097103688,0.0269140489766146,0.268813513274609,0.2693999997600969,3.733345781137197,0.00172,1,0.0089285714285714,0,0.2333707463339372,0.3507090972180808,69.04398191910893,17.35567213414958,0.1001216369250021,6.854620118472831e-11,8.755268617462979e-05,5.398438098298573e-06,0.9992771341565984,11413.43775750606,3.6543107817996887,607923.2712783488,71.94131692635857,0.3491702893547697,1.1890431587550576,1.0,8.0,-0.072020341386569,-0.8077560284420042,0.0803691437840461
"MATLAB 3-25 PM Wed, Sep 18, 2024 Run11 .csv",5.889762422457309,3085.871198366373,0.2443455386990087,1083.3748891300231,0.0040369098310738,-0.5503570851566589,-0.5435621945287212,0.5915759577034585,0.00111,-0.0294122520503328,0.0,-0.116829217660022,50.53201453557331,15.730072375195972,0.0193183080210157,4.852635327457328e-11,0.0001286424504245,0.0001245835034648,0.999588659864858,4191.288983474502,4.6943055097402295,603804.4972276795,15.607082680608812,0.2672018384362509,0.5060264294490596,1.0,0.1538497018973672,-0.2859550326781643,-1.5590416197479202,0.0544171917438507,0.2456502826015154,0.2767597806453705,0.025950997535012,1.1266414095452912,5.695116731160277,2804.110576267327,-0.0826774787564804,986.6405714471756,0.0038817433149158,-0.5725735682243879,-0.5722782535047454,0.7077225259750346,0.00048,1.9779688442085308,0.0833333333333333,-0.3233696922139967,53.56208899990232,14.861432975989327,0.018580122205732,5.812522271559968e-05,3.824727220428362e-06,0.999769112864838,17200.262917814496,4.220002131008423,610511.4360959312,1.2532562724578786e-10,22.74952064257701,0.1932623656369165,0.4527811139123966,0.1739130434782608,1.3289820144237647,-0.5337229959022026,-0.9821086240304742,0.0745124092698097,0.3192222972462574,0.3804589998722076,0.0481629353853739,1.191830906406611,0,-0.0499858797630951,0,5.889762422457309,3085.871198366373,0.2443455386990087,1083.3748891300231,0.0040369098310738,0.2089680849214231,0.2081999998155206,4.800048004728879,0.00111,1,0.0,-0.1168292176600219,50.53201453557329,15.730072375195968,0.0193183080210157,4.852635327457328e-11,0.0001286424504245,0.0001245835034648,0.999588659864858,7770.286220183133,4.6943055097402295,603804.4972276795,15.607082680608812,0.2672018384362509,0.5060264294490597,1.0,2.0,-0.2859550326781643,-1.5590416197479202,0.0544171917438507,5.695116731160277,2804.110576267327,0.1863736079028299,986.6405714471756,0.0038817433149158,0.2089191487512541,0.208399999816268,4.800048004728879,0.00048,3,0.0833333333333333,0,-0.0499858797630951,-0.3233696922139968,53.56208899990232,14.861432975989326,0.018580122205732,1.2532562724578786e-10,5.812522271559968e-05,3.824727220428362e-06,0.999769112864838,17200.262917814496,4.220002131008423,610511.4360959312,22.74952064257701,0.1932623656369165,0.4527811139123963,0.1739130434782608,3.0,-0.5337229959022026,-0.9821086240304742,0.0745124092698097
"MATLAB 3-26 PM Wed, Sep 18, 2024 Run12 .csv",5.87765095243028,3127.8311191926955,0.2397152068517493,1070.0414905196617,0.0111669626924166,-0.3655779973730428,-0.3597512119577862,-1.6129162852872874,0.00048,-0.030009776129674,0.0,-0.3505607083944844,91.16985432070555,20.830723624275755,0.0282859729837307,2.753052021869913e-11,0.000142372599549,0.000109926259684,0.9996246880546404,3434.947022901607,4.428461418293708,606458.7990136478,7.6982741107431805,0.1303680191019882,0.2538335393460911,1.0,3.151659997639661,0.1473347760288422,-1.344859897073035,0.0412117493152618,0.2296492105722427,0.2680257606506347,0.0234044422853244,1.1671094360950112,5.722304153412973,2841.493551575646,-0.0787308585608084,991.6596604583128,0.0114094346820325,-0.3878399753943845,-0.3874935871733311,-1.4977642417299375,0.00032,-0.0227700972844948,0.5,-0.2781764406835793,96.7228139423598,20.346533296705218,0.028900741405673,7.36019297051994e-05,3.6369261740318566e-06,0.9997222463309782,13582.826569020726,3.543827122079647,703168.521168251,6.40935618518326e-11,11.07496369961976,0.0980856625103151,0.2350654151678791,1.0,3.326572034452826,-0.4371872471734263,-1.5217417095590264,0.1096063929796219,0.3071336426184727,0.3667498075962067,0.0548966742524833,1.1941049650877558,0,-0.0897867662845896,0,5.87765095243028,3127.8311191926955,0.2397152068517493,1070.0414905196617,0.0111669626924166,0.3947879996505534,0.3932999996529585,2.600026002561476,0.00048,1,0.0,-0.3505607083944846,91.1698543207056,20.830723624275755,0.0282859729837307,2.753052021869913e-11,0.000142372599549,0.000109926259684,0.9996246880546404,7021.187301635736,4.428461418293708,606458.7990136478,7.698274110743179,0.1303680191019883,0.253833539346091,1.0,5.0,0.1473347760288422,-1.344859897073035,0.0412117493152618,5.722304153412973,2841.493551575646,0.1901046457509338,991.6596604583128,0.0114094346820325,0.3947799996505609,0.3945999996521099,2.600026002561476,0.00032,1,0.5,0,-0.0897867662845896,-0.2781764406835794,96.7228139423598,20.346533296705218,0.028900741405673,6.40935618518326e-11,7.36019297051994e-05,3.6369261740318566e-06,0.9997222463309782,13582.826569020726,3.543827122079647,703168.521168251,11.07496369961976,0.0980856625103151,0.2350654151678791,1.0,5.0,-0.4371872471734263,-1.5217417095590264,0.1096063929796219
"MATLAB 3-29 PM Tue, Oct 8, 2024 Run8 .csv",5.6083230753997,2141.836540783282,0.2490580110234997,1174.4021950788288,0.0724139328341893,-0.3789685208342357,-0.3503072810381833,-1.6308102487687344,0.001095,-0.0323998724470386,0.0576923076923076,-1.2699003735984882,95.03367811944622,20.12947043632366,0.1878145699578141,2.3223666376996438e-10,0.0001982502900754,0.0001980797467429,0.9986395446114704,1422.0540521509984,3.925060810256889,364388.49153974885,95.58020165152764,0.5840143741123713,0.9093127356359454,1.0,4.142901180608839,-1.0434421565798009,1.225434271467825,0.0461069256067276,0.3373893022995729,0.3804737782478333,0.0326590205825039,1.1276995911091603,5.668262222341447,2524.519281896445,-0.0690740308015301,1101.713363640342,0.0721488978340143,-0.4015035174684462,-0.3795549212048028,-1.519636304068294,0.002795,0.9742741367434024,0.2692307692307692,0.4101226656194027,69.46120835899546,17.816583145913327,0.1870957696841672,0.0001054252671914,7.716773309808697e-06,0.9996627249829656,9482.192946856085,3.685340227097793,512862.5770887194,2.5107121319506376e-10,84.69154763241227,0.3142504582552946,1.0262293658121682,0.8157894736842105,3.316932114569071,-0.384868923295983,-0.9290057598425552,0.1257336166501044,0.3715153147624089,0.4697685790061951,0.0716247657070674,1.264466255735974,0,0.1931773242287062,0,5.6083230753997,2141.836540783282,0.2490580110234997,1174.4021950788288,0.0724139328341893,0.385560783971417,0.4078999996385728,2.6000130023733985,0.001095,1,0.0576923076923076,-1.269900373598488,95.03367811944626,20.12947043632366,0.1878145699578141,2.3223666376996438e-10,0.0001982502900754,0.0001980797467429,0.9986395446114704,5037.266498987121,3.925060810256889,364388.49153974885,95.58020165152764,0.5840143741123711,0.9093127356359456,1.0,6.0,-1.0434421565798009,1.225434271467825,0.0461069256067276,5.668262222341447,2524.519281896445,0.1988991441199394,1101.713363640342,0.0721488978340143,0.3856254898537125,0.4081999996383487,2.6000130023733985,0.002795,2,0.2692307692307692,0,0.1931773242287062,0.4101226656194027,69.46120835899548,17.816583145913327,0.1870957696841672,2.5107121319506376e-10,0.0001054252671914,7.716773309808697e-06,0.9996627249829656,9482.192946856085,3.685340227097793,512862.5770887194,84.6915476324123,0.3142504582552945,1.0262293658121686,0.8157894736842105,5.0,-0.384868923295983,-0.9290057598425552,0.1257336166501044
"MATLAB 3-29 PM Tue, Oct 8, 2024 Run9 .csv",5.842674908161628,2363.5281225353,0.2486045744819787,1240.9768577934958,0.0248228051213338,-0.5160055750107093,-0.5087962981665095,-0.2352734883140925,0.002305,-0.0329973965263798,0.0,-1.61589997195657,89.28230428314438,21.04355332100328,0.0994644650087438,8.675175154164414e-11,0.0001415412796119,9.22474105716176e-05,0.9975561142670986,3425.3549944272945,3.8076281298307504,400530.1432859352,69.05350404910716,0.3587375156574167,0.7193090374634766,1.0,3.140711476351133,0.0084295802320432,-1.261484341969742,0.0850183886289596,0.2642915542721749,0.335365035533905,0.0454587441223868,1.2689207434473546,5.8961078892220105,2774.661474886764,-0.0425888536206554,1085.9691202253057,0.0248187713988023,-0.5386714554864657,-0.5401702545682101,-0.1250940683278791,0.001375,-0.0264648047496232,0.0125,0.2853505211781761,64.72222057242057,16.868900071447293,0.0994402319926823,8.290979802938208e-05,5.72142406737116e-06,0.9992274134244896,12051.982240631887,3.6320196184770297,593275.2010666182,8.641789765952759e-11,54.47615706391662,0.2685259883582561,0.9388385833272748,1.0,2.314522134598132,-0.0793797933600257,-0.4550687729710998,0.0643723553419114,0.300224234893918,0.392159618139267,0.0491098215772565,1.306222391666128,0,0.2154732647431355,0,5.842674908161628,2363.5281225353,0.2486045744819787,1240.9768577934958,0.0248228051213338,0.2495645567404574,0.2506999997767494,4.000020003651382,0.002305,1,0.0,-1.6158999719565703,89.28230428314441,21.04355332100328,0.0994644650087438,8.675175154164414e-11,0.0001415412796119,9.22474105716176e-05,0.9975561142670986,7047.810483288915,3.8076281298307504,400530.1432859352,69.05350404910716,0.3587375156574167,0.7193090374634765,1.0,5.0,0.0084295802320432,-1.261484341969742,0.0850183886289596,5.8961078892220105,2774.661474886764,0.2251687389532459,1085.9691202253057,0.0248187713988023,0.2495848099049963,0.248999999779369,4.000020003651382,0.001375,1,0.0125,0,0.2154732647431355,0.2853505211781761,64.72222057242057,16.868900071447293,0.0994402319926823,8.641789765952759e-11,8.290979802938208e-05,5.72142406737116e-06,0.9992274134244896,12051.982240631887,3.6320196184770297,593275.2010666182,54.47615706391662,0.2685259883582561,0.938838583327275,1.0,4.0,-0.0793797933600257,-0.4550687729710998,0.0643723553419114
"MATLAB 3-31 PM Tue, Oct 15, 2024 Run11 .csv",5.22666477607657,1864.5885099305444,0.2380267465852889,1239.1355813236153,0.0410970624431552,-0.6592626126845684,-0.6515133498418739,4.851386794529664,0.00845,1.9652100312355965,0.0989010989010989,0.8615367675799612,16.36866031538875,12.481801584848288,0.375555720364903,1.4781535928137528e-10,0.0002230185015017,0.0003882307178471,0.9991985234540476,836.1545350683136,3.114251707190381,438903.8303098605,195.08503603187305,0.7478886771256797,0.7291953948267843,0.1126126126126126,0.1341423635780161,-0.4286915209456976,0.0392470446528432,0.0981843149662018,0.2667782976994147,0.4132933378219605,0.0611090479017298,1.5492014957214684,4.866284195023239,1653.8684856751297,-0.0314489657931094,1165.1831417616663,0.0405337223672643,-0.6834105671676943,-0.6826162549590387,5.058583640471714,0.00763,1.9713183707713,0.0434782608695652,0.680884504786906,9.773171037552226,10.488912198301144,0.3745234131089281,0.0002206513968714,0.0003128576345482,0.9986720536732668,4526.017364191613,2.9735444321408884,420090.1496716368,1.257339225267945e-10,271.2507993233126,0.5954222794742664,0.4280807737976466,0.1234567901234567,-0.6927078053146842,0.1640092940580986,-1.133281551080406,0.0961980691552162,0.238172059033228,0.3504017114639282,0.0608450827301245,1.4712125044652813,3,0.2218557327648061,0,5.22666477607657,1864.5885099305444,0.2380267465852889,1239.1355813236153,0.0410970624431552,0.1094299999031407,0.1118499999008935,9.100091008965167,0.00845,3,0.0989010989010989,0.8615367675799612,16.36866031538876,12.481801584848288,0.375555720364903,1.4781535928137528e-10,0.0002230185015017,0.0003882307178471,0.9991985234540476,4480.339150006429,3.114251707190381,438903.8303098605,195.08503603187307,0.7478886771256797,0.7291953948267843,0.1126126126126126,2.0,-0.4286915209456976,0.0392470446528432,0.0981843149662018,4.866284195023239,1653.8684856751297,0.2356618797380874,1165.1831417616663,0.0405337223672643,0.1082274724316777,0.1107999999018232,9.200092009063685,0.00763,3,0.0434782608695652,3,0.2218557327648061,0.680884504786906,9.773171037552226,10.488912198301144,0.3745234131089281,1.257339225267945e-10,0.0002206513968714,0.0003128576345482,0.9986720536732668,4526.017364191613,2.9735444321408884,420090.1496716368,271.2507993233126,0.5954222794742664,0.4280807737976466,0.1234567901234567,1.0,0.1640092940580986,-1.133281551080406,0.0961980691552162
"MATLAB 3-33 PM Tue, Oct 8, 2024 Run10 .csv",5.50095361415782,2153.1795595649623,0.2114078820776374,1151.4272535107757,0.0561731471296796,-0.3872182668181824,-0.3685413846261317,-1.6576186935207122,0.00326,-0.0359850169230857,0.0384615384615384,-0.4888580200219383,90.04422921965671,18.96650041859565,0.1464535743917254,3.163163713646721e-10,0.0002004740688615,0.0001576996789646,0.998647448422054,1322.758839968238,3.832347413869757,376463.22212830745,50.42267222035199,0.2701633219887737,0.4896156412690509,1.0,2.129762955062605,-2.009669558110632,5.837843076113709,0.0656171122193337,0.357471038882549,0.4173432552814484,0.0501840267593255,1.1674882994327578,5.56362127771519,2645.766070274856,-0.0844335668782448,1096.025014138175,0.056705530685691,-0.4103645560773991,-0.3993469222196351,-1.5524118971056329,0.00464,-0.0301595122147515,0.0384615384615384,0.4351212584834663,70.57518228201265,16.95597721973166,0.1478523881851523,0.0001059181502263,7.173135256765016e-06,0.9996498724261772,9437.946851316818,3.620848456241353,553397.0981369728,3.1774291234027166e-10,40.14306904518495,0.1550490323200208,0.59895920553802,1.0,3.3024722347434383,-1.5211815022536732,2.916813129258085,0.091493726670742,0.3865300455460181,0.4583962976932526,0.0684846417945253,1.185926690500127,0,0.2889333195871536,0,5.50095361415782,2153.1795595649623,0.2114078820776374,1151.4272535107757,0.0561731471296796,0.3835559996605549,0.3973999996496413,2.600026002561476,0.00326,1,0.0384615384615384,-0.4888580200219384,90.04422921965674,18.96650041859565,0.1464535743917254,3.163163713646721e-10,0.0002004740688615,0.0001576996789646,0.998647448422054,4981.42953895735,3.832347413869757,376463.22212830745,50.422672220351984,0.2701633219887737,0.4896156412690507,1.0,4.0,-2.009669558110632,5.837843076113709,0.0656171122193337,5.56362127771519,2645.766070274856,0.1822461139578157,1096.025014138175,0.056705530685691,0.3835279996605796,0.3968999996500821,2.600026002561476,0.00464,1,0.0384615384615384,0,0.2889333195871536,0.4351212584834663,70.57518228201265,16.95597721973166,0.1478523881851523,3.1774291234027166e-10,0.0001059181502263,7.173135256765016e-06,0.9996498724261772,9437.946851316818,3.620848456241353,553397.0981369728,40.14306904518495,0.1550490323200207,0.5989592055380203,1.0,5.0,-1.5211815022536732,2.916813129258085,0.091493726670742
"MATLAB 3-41 PM Thu, Oct 3, 2024 Run6 .csv",5.956833719299808,2451.3073602258573,0.2545158261982904,1180.3708062703931,0.0046100802813651,-0.4101204017169802,-0.4093486090694653,-1.615730824125646,0.00047,-0.0437528299545213,0.0,-1.7614342731510686,130.57437923750464,21.845978398017355,0.0123203362615717,2.6534931289684968e-11,0.000164921624429,8.894322902587574e-05,0.9973140456950232,2294.36974526621,4.140726632078342,469495.8654841357,16.658682010861302,0.102395484818899,0.2230821761709694,1.0,2.101296799712431,-0.9804021587786276,0.4069123291851326,0.0087558662891388,0.2472348469275015,0.2609687650203705,0.0096132441306737,1.055550090383886,5.815446038993011,2909.050701378248,-0.0570096303023042,1028.2515698430177,0.0046334645834812,-0.4343622955854818,-0.4411462577565639,-1.523452848995518,0.00042,-0.0397657516240852,0.0,-0.1947608644871743,88.08597216679217,19.657789584788578,0.0123828302850438,0.0001173086874014,6.437076433560259e-06,0.9992902458996908,8518.467540944537,3.888725029081936,642186.3014483687,5.532800952789545e-11,13.713753563569082,0.0910422431938107,0.3087125434676437,1.0,3.2711424951212345,0.0955072336640412,-1.5961300524323423,0.0501372456550597,0.2792168938230585,0.3156834518909455,0.0256849556504949,1.1306029788118623,0,-0.167750835685023,0,5.956833719299808,2451.3073602258573,0.2545158261982904,1180.3708062703931,0.0046100802813651,0.3741846150534406,0.3733499996708445,2.7000270026599944,0.00047,1,0.0,-1.761434273151068,130.5743792375046,21.845978398017355,0.0123203362615717,2.6534931289684968e-11,0.000164921624429,8.894322902587574e-05,0.9973140456950232,6047.199990586801,4.140726632078342,469495.8654841357,16.658682010861302,0.1023954848188991,0.2230821761709694,1.0,4.0,-0.9804021587786276,0.4069123291851326,0.0087558662891388,5.815446038993011,2909.050701378248,0.2068674800153701,1028.2515698430177,0.0046334645834812,0.3741846150534402,0.3734999996707122,2.7000270026599944,0.00042,1,0.0,0,-0.167750835685023,-0.1947608644871743,88.08597216679223,19.657789584788578,0.0123828302850438,5.532800952789545e-11,0.0001173086874014,6.437076433560259e-06,0.9992902458996908,8518.467540944537,3.888725029081936,642186.3014483687,13.713753563569082,0.0910422431938107,0.3087125434676439,1.0,5.0,0.0955072336640412,-1.5961300524323423,0.0501372456550597
"MATLAB 3-47 PM Thu, Oct 3, 2024 Run7 .csv",5.947528957061193,2438.174812816847,0.257996635630342,1187.1855551732042,0.0016230582786602,-0.3537408057765788,-0.3542217299944564,-2.047026510283117,0.00025,-0.0479354985099096,0.0,-2.145645462931669,157.11475978941553,23.15529814365619,0.0037068819917709,7.142613699176929e-11,0.0001749467892736,9.509889261990296e-05,0.9964791101901678,1892.3667066342516,4.444546582432423,447177.28556757566,22.469147725002863,0.1437133345245608,0.3057741558154101,1.0,2.0859688699084917,-0.5118189014527432,-1.0965623080218967,0.0081277853250503,0.3190406295009281,0.3256472897529602,0.0052628688536284,1.0207078962399454,5.847019486927866,2914.7439460755672,-0.0500973533809129,1036.0170882442571,0.0014295364197648,-0.3786604447842674,-0.3871535923448651,-1.961710208152578,0.00033,-0.0449383420752651,0.0,-0.3017743545125341,110.6821453221696,21.448204732160907,0.0032654422924342,8.95238288616961e-05,8.811716878577931e-06,0.999028017111806,11159.353099778473,4.128786717746123,679580.5632942623,1.1861897544063103e-10,17.81189249510998,0.123689585857365,0.4057661933528721,1.0,2.254272635324664,-0.2092444705592377,-1.405910070263449,0.0460433143377304,0.3538085600604182,0.3910685884952545,0.0263684662453975,1.1053112689768545,0,-0.0616140751925634,0,5.947528957061193,2438.174812816847,0.257996635630342,1187.1855551732042,0.0016230582786602,0.4378499996124407,0.4374999996113733,2.300023002265921,0.00025,1,0.0,-2.145645462931669,157.11475978941553,23.15529814365619,0.0037068819917709,7.142613699176929e-11,0.0001749467892736,9.509889261990296e-05,0.9964791101901678,5695.89824613333,4.444546582432423,447177.28556757566,22.469147725002863,0.1437133345245607,0.30577415581541,1.0,4.0,-0.5118189014527432,-1.0965623080218967,0.0081277853250503,5.847019486927866,2914.7439460755672,0.2122706805037842,1036.0170882442571,0.0014295364197648,0.4377772723397777,0.4373999996134045,2.300023002265921,0.00033,1,0.0,0,-0.0616140751925634,-0.3017743545125341,110.68214532216972,21.448204732160903,0.0032654422924342,1.1861897544063103e-10,8.95238288616961e-05,8.811716878577931e-06,0.999028017111806,11159.353099778473,4.128786717746123,679580.5632942623,17.811892495109984,0.123689585857365,0.4057661933528719,1.0,4.0,-0.2092444705592377,-1.405910070263449,0.0460433143377304
"MATLAB 3-47 PM Tue, Oct 8, 2024 Run13 .csv",5.815185417502823,2333.8868433268485,0.2392226007755743,1214.1333936365554,0.2689236709030916,0.1926783667933306,0.2804892521773241,-3.2515087522886787,0.00199,-0.0485330225892508,0.0909090909090909,-1.616422655140816,314.58682003338424,35.10230834078012,0.272933057759615,3.0232466626679364e-11,0.0001530439731866,8.369577684361067e-05,0.9971068855515,2704.3913854190823,4.256590063913499,362643.0520621774,10.475438917590626,0.0523431947558777,0.1115435486147817,1.0,-0.9162208343492144,-2.696946751310392,5.594875225289,0.0151985955238341,0.2880025029182434,0.3239503467082977,0.0640740542900511,1.1248178172960497,5.858319823488655,2822.889212155025,-0.0418042593193101,1081.5703799385487,0.2708081947988199,0.1673850239348348,0.2475310735869467,-3.167186974872368,0.00331,-0.0456772835682905,0.0909090909090909,-0.1728801698996466,223.9578743397716,28.55975570704765,0.2749461343606503,0.000151603089314,7.72526253981854e-06,0.9993350591841138,6591.785587654533,3.8320094638771978,591569.8046537767,3.1528896822844056e-11,7.852755543559114,0.041683956073929,0.1476481568981584,1.0,0.2518626553537246,-1.859954089482254,3.31053679323012,0.0362770569324493,0.2855612671375275,0.3700318920612335,0.0758444360403935,1.2958056103702067,0,0.8466714758357134,0,5.815185417502823,2333.8868433268485,0.2392226007755743,1214.1333936365554,0.2689236709030916,0.9853099991278644,1.0734999990496568,1.1000110010837014,0.00199,1,0.0909090909090909,-1.6164226551408163,314.5868200333842,35.10230834078012,0.272933057759615,3.0232466626679364e-11,0.0001530439731866,8.369577684361067e-05,0.9971068855515,6515.165966943659,4.256590063913499,362643.0520621774,10.475438917590626,0.0523431947558777,0.1115435486147817,1.0,1.0,-2.696946751310392,5.594875225289,0.0151985955238341,5.858319823488655,2822.889212155025,0.2203481922178189,1081.5703799385487,0.2708081947988199,0.9849499991281834,1.073499999049644,1.1000110010837014,0.00331,1,0.0909090909090909,0,0.8466714758357134,-0.1728801698996468,223.95787433977168,28.55975570704765,0.2749461343606503,3.1528896822844056e-11,0.000151603089314,7.72526253981854e-06,0.9993350591841138,6591.785587654533,3.8320094638771978,591569.8046537767,7.852755543559115,0.041683956073929,0.1476481568981584,1.0,2.0,-1.859954089482254,3.31053679323012,0.0362770569324493
"MATLAB 3-52 PM Thu, Oct 3, 2024 Run8 .csv",5.93305149407483,2423.629630816112,0.2531110937210182,1181.5752079398048,0.0035339480617321,-0.2570931929734111,-0.2611119027500225,-2.5917339190091333,0.00028,-0.0539107393033215,0.0,-1.9912265678925676,198.2483647857092,25.842401378156385,0.0064854283635176,6.701912428794916e-11,0.0001803487485412,8.829172930711791e-05,0.996879201642057,1651.5463246403606,4.087905558303287,363798.96358392463,18.806955230241595,0.1145173312616326,0.252822561342464,1.0,1.0640718273314345,-0.0365896319043739,-0.6639075840753157,0.0169257378578186,0.3265863234466977,0.3523929369449616,0.0147674969770739,1.0790192719214582,5.850892527113136,2939.127426765917,-0.050060785957734,1033.2439294397825,0.0037316193095716,-0.2826926512405463,-0.2934069274832971,-2.5163628640208646,0.0003,-0.0523277570055218,0.0,-0.0312110645604725,137.89407441659867,24.493247423878582,0.0068467862151096,0.0001074111824887,9.680774061659627e-06,0.998927967219658,9300.0369614597,3.8664305899871647,639595.3383197547,1.0470075222481224e-10,14.44079869453834,0.1034329230156874,0.3362790017841705,1.0,1.2301728356152757,-0.4126102699233913,0.4847974782485909,0.0225982245802879,0.3664249332083596,0.3959017598628998,0.018512026182983,1.080444380234843,0,0.4441304300636942,0,5.93305149407483,2423.629630816112,0.2531110937210182,1181.5752079398048,0.0035339480617321,0.5449058818707496,0.5434999995208356,1.8000180017733296,0.00028,1,0.0,-1.9912265678925676,198.2483647857092,25.842401378156385,0.0064854283635176,6.701912428794916e-11,0.0001803487485412,8.829172930711791e-05,0.996879201642057,5527.508284394422,4.087905558303287,363798.96358392463,18.806955230241595,0.1145173312616326,0.2528225613424643,1.0,3.0,-0.0365896319043739,-0.6639075840753157,0.0169257378578186,5.850892527113136,2939.127426765917,0.2101514244512815,1033.2439294397825,0.0037316193095716,0.5450176465765322,0.5452999995192487,1.8000180017733296,0.0003,1,0.0,0,0.4441304300636942,-0.0312110645604724,137.89407441659873,24.493247423878582,0.0068467862151096,1.0470075222481224e-10,0.0001074111824887,9.680774061659627e-06,0.998927967219658,9300.0369614597,3.8664305899871647,639595.3383197547,14.44079869453834,0.1034329230156875,0.3362790017841702,1.0,3.0,-0.4126102699233913,0.4847974782485909,0.0225982245802879
"MATLAB 3-53 PM Thu, Oct 3, 2024 Run9 .csv",5.949352558768856,2425.3851817717764,0.2568542368274023,1182.9482761401766,0.1833307455247559,0.0257012530014436,0.095732027860796,-3.209620882893613,0.00066,-0.0563008356206862,0.0833333333333333,-2.2581484713181874,298.134074375052,32.20867153310006,0.2203855748381507,3.9138515148328576e-11,0.0001881273661437,9.017690349035456e-05,0.997137334011601,1395.3969959512906,4.218862794295324,393658.16994524415,12.121334154583645,0.0729589790430039,0.1640754507366997,1.0,-1.944686989699388,-2.5377117436667582,5.380941947665612,0.0241179877519607,0.3196642965078354,0.3504826712608337,0.0435010483321173,1.096408560761001,5.870418794068161,2947.1508627137214,-0.0465359819955098,1040.945960906023,0.1841273371982899,-0.0003193308302998,0.0667317381724472,-3.1382279267622524,0.00033,-0.0552835229776245,0.0833333333333333,0.1520045926204996,205.6189396557876,29.93822974882136,0.221333498450767,0.0001210492465591,9.891849953648752e-06,0.9988688501250236,8251.756029201113,3.8997752914587744,574287.229054282,5.7713637445333207e-11,9.303427684838567,0.0673399191198204,0.2163079994955801,1.0,-1.7794670842684792,-2.02663033233878,3.634859591302916,0.01618392765522,0.3502350263794263,0.3849452006816864,0.0341370443485491,1.099105376926684,0,0.8905176593134836,0,5.949352558768856,2425.3851817717764,0.2568542368274023,1182.9482761401766,0.1833307455247559,0.8318636356276609,0.9054999991976656,1.2000120011822195,0.00066,1,0.0833333333333333,-2.258148471318188,298.1340743750521,32.20867153310006,0.2203855748381507,3.9138515148328576e-11,0.0001881273661437,9.017690349035456e-05,0.997137334011601,5300.331123807346,4.218862794295324,393658.16994524415,12.12133415458364,0.0729589790430039,0.1640754507366997,1.0,0.0,-2.5377117436667582,5.380941947665612,0.0241179877519607,5.870418794068161,2947.1508627137214,0.2128138990232331,1040.945960906023,0.1841273371982899,0.8318999992639919,0.9110999991927036,1.2000120011822195,0.00033,1,0.0833333333333333,0,0.8905176593134836,0.1520045926204995,205.61893965578767,29.93822974882136,0.221333498450767,5.7713637445333207e-11,0.0001210492465591,9.891849953648752e-06,0.9988688501250236,8251.756029201113,3.8997752914587744,574287.229054282,9.303427684838567,0.0673399191198204,0.2163079994955798,1.0,0.0,-2.02663033233878,3.634859591302916,0.01618392765522
"MATLAB 3-56 PM Tue, Sep 17, 2024 Run6 .csv",5.940773025912514,3047.9160962266237,0.263984199234217,1033.9845745883288,0.0123303840571757,-0.7605709226143728,-0.772291092243591,14.559265448879252,0.01555,1.9395164958239253,0.0,-0.4711375014527932,10.292841053509516,13.551686880480544,0.2331888359652037,1.7814527644196977e-10,9.468471348015342e-05,0.0001007449694347,0.9979986879805592,6584.59489919621,5.535104558683278,35216.345469714324,44.94433078748565,0.6614775972774605,1.6839229689336996,0.0448232323232323,0.0399850804966721,1.0579176147252212,0.2001932007478939,0.0481829661130905,0.160460170036868,0.3397779870033264,0.0505334122747219,2.117522291826424,5.904554995977582,3243.021441625702,-0.0967850231921639,1006.4833394195174,0.0103053471530726,-0.7891213611143448,-0.8079755955922676,15.32370373270065,0.02611,1.939543886571196,0.1878172588832487,0.3928407368466692,14.87007809652492,15.161927590330764,0.2021101126488564,2.907449584870623e-05,1.2754384496623623e-06,0.9994839486098258,34376.65622168651,5.52966315675528,91615.9746828284,4.3771057582436847e-10,57.06670115724881,0.6662925536621161,2.0150565257194453,0.1035971223021582,0.2036630559349492,1.445602800873092,1.6089131016336164,0.0923140871524811,0.2715427955213537,0.7338208842277527,0.1142438249692928,2.702413381356112,11,0.4714431635694675,0,5.940773025912514,3047.9160962266237,0.263984199234217,1033.9845745883288,0.0123303840571757,0.0528772486304432,0.0464999999587982,19.00019001871848,0.01555,3,0.0,-0.4711375014527932,10.292841053509516,13.551686880480544,0.2331888359652037,1.7814527644196977e-10,9.468471348015342e-05,0.0001007449694347,0.9979986879805592,10540.230321230752,5.535104558683278,35216.345469714324,44.94433078748565,0.6614775972774604,1.6839229689336992,0.0448232323232323,2.0,1.0579176147252212,0.2001932007478939,0.0481829661130905,5.904554995977582,3243.021441625702,0.1610557813936018,1006.4833394195174,0.0103053471530726,0.0509887754650703,0.0462999999589819,19.700197019408108,0.02611,3,0.1878172588832487,11,0.4714431635694677,0.3928407368466692,14.87007809652492,15.161927590330764,0.2021101126488564,4.3771057582436847e-10,2.907449584870623e-05,1.2754384496623623e-06,0.9994839486098258,34376.65622168651,5.52966315675528,91615.9746828284,57.06670115724881,0.6662925536621159,2.0150565257194457,0.1035971223021582,2.0,1.445602800873092,1.6089131016336164,0.0923140871524811
"MATLAB 3-57 PM Thu, Oct 3, 2024 Run12 .csv",5.977844615663342,2465.646241209989,0.2569986121099264,1191.8290269524382,0.0021870005532135,-0.5367106523290657,-0.5430581442496358,-0.8542992887625989,0.00041,-0.0622760764140981,0.0,-0.847215033902322,96.89990822361038,19.24500932839241,0.0078146235801802,3.300177585449264e-11,0.0001389284241414,7.905825791492836e-05,0.9971597553068572,3200.142585287924,4.426732078535167,439850.0273954223,20.539170731464697,0.1161267783378485,0.27333101572753,1.0,3.0334159677235557,-0.1499368229724508,-1.1995518379624217,0.0174699676036835,0.2520341660579046,0.2713296914100647,0.0115299777954948,1.0765591651876556,5.845224125503064,2954.486454215559,-0.0571499218421618,1064.2404370144216,0.0024890847406613,-0.5636319110350321,-0.5788215963111236,-0.7928515797735081,0.00057,-0.0626729379078812,0.0,-0.0208869248404824,70.03846795001579,16.825699214784578,0.0088940353850654,0.0001033091466763,8.091823049923621e-06,0.9987021542951096,9667.122287085713,4.216332504091568,585492.1591937782,5.2248030016638765e-11,15.935777986671784,0.1108725824131109,0.3625003880359299,1.0,3.196433116022133,-0.779203535654891,-0.5739640696470678,0.0226125210523605,0.2714958410461744,0.2922166764736176,0.0161873822343617,1.0763210049465144,1,0.1626958242745382,0,5.977844615663342,2465.646241209989,0.2569986121099264,1191.8290269524382,0.0021870005532135,0.2798599997522926,0.279599999752262,3.600036003546659,0.00041,1,0.0,-0.8472150339023221,96.8999082236104,19.24500932839241,0.0078146235801802,3.300177585449264e-11,0.0001389284241414,7.905825791492836e-05,0.9971597553068572,7177.507133398962,4.426732078535167,439850.0273954223,20.539170731464697,0.1161267783378484,0.2733310157275299,1.0,5.0,-0.1499368229724508,-1.1995518379624217,0.0174699676036835,5.845224125503064,2954.486454215559,0.2000441357008994,1064.2404370144216,0.0024890847406613,0.279859999752293,0.2796999997534088,3.600036003546659,0.00057,1,0.0,1,0.1626958242745382,-0.0208869248404824,70.03846795001579,16.825699214784578,0.0088940353850654,5.2248030016638765e-11,0.0001033091466763,8.091823049923621e-06,0.9987021542951096,9667.122287085713,4.216332504091568,585492.1591937782,15.935777986671784,0.1108725824131109,0.36250038803593,1.0,5.0,-0.779203535654891,-0.5739640696470678,0.0226125210523605
"MATLAB 3-59 PM Tue, Sep 17, 2024 Run8 .csv",5.734099268056526,3036.687620849086,0.2197766766773342,945.8492760635625,0.0407420915134241,-0.6288378816018861,-0.6424142132313628,0.7278357495203247,0.00268,-0.0646661727314628,0.8653846153846154,-0.5479446485829623,37.90170299707249,14.340994474280054,0.2123133098004125,1.8869319217295387e-11,8.817562011856296e-05,6.311606845130973e-05,0.9976717929302388,7308.262393934949,4.466400692122456,547752.1762244378,6.731345495862187,0.0924150113070229,0.2752567773846624,1.0,-1.975342849307268,-0.4598834340687233,-0.9788708266897066,0.034731752872467,0.148586867061945,0.1775904548168182,0.0223695759125021,1.1951961726387412,5.696916110693744,3219.6116456197924,-0.11354654422597,934.6576792574864,0.0394766272270585,-0.6522709432377756,-0.675532930248562,0.6853043595539878,0.00117,-0.0656287038799838,0.8627450980392157,0.2846341895305894,46.2643184846875,14.946119281679623,0.2016892007459186,5.362986413470072e-05,1.045609600686416e-06,0.9995716434559436,18638.340029080548,4.079924987204173,888135.0689054359,4.7294083381551886e-11,8.760927947830554,0.1111825618768486,0.3391790602137862,1.0,-1.8132068038616216,-0.1312334079369611,-1.6028151597131337,0.0892485380172729,0.230171990885454,0.2844830882549286,0.0428258519239004,1.2359587591893515,0,0.2936671861169429,0,5.734099268056526,3036.687620849086,0.2197766766773342,945.8492760635625,0.0407420915134241,0.1918960782615286,0.1853999998365463,5.200052005122952,0.00268,1,0.8653846153846154,-0.5479446485829624,37.90170299707249,14.340994474280054,0.2123133098004125,1.8869319217295387e-11,8.817562011856296e-05,6.311606845130973e-05,0.9976717929302388,11314.59911014798,4.466400692122456,547752.1762244378,6.731345495862187,0.0924150113070229,0.2752567773846624,1.0,0.0,-0.4598834340687233,-0.9788708266897066,0.034731752872467,5.696916110693744,3219.6116456197924,0.1427851839268185,934.6576792574864,0.0394766272270585,0.1957299998267628,0.188649999833681,5.100051005024434,0.00117,1,0.8627450980392157,0,0.2936671861169429,0.284634189530589,46.26431848468748,14.946119281679623,0.2016892007459186,4.7294083381551886e-11,5.362986413470072e-05,1.045609600686416e-06,0.9995716434559436,18638.340029080548,4.079924987204173,888135.0689054359,8.760927947830554,0.1111825618768486,0.3391790602137865,1.0,0.0,-0.1312334079369611,-1.6028151597131337,0.0892485380172729
"MATLAB 4-00 PM Mon, Aug 26, 2024 Run5 .csv",5.745862912542868,2312.7657808376184,0.3287753172905441,1291.05186393358,0.0380479376331476,-0.7281917680238402,-0.7390532304144022,6.223420514115491,0.00788,1.934736303189196,0.2990654205607476,0.5820003049107296,25.51651019107958,14.934151478113485,0.4065688212144971,8.317745759544509e-11,0.000428130717252,0.0005102439872742,0.9979376233048396,-1682.6616925827948,4.070135411300093,573852.7370653994,62.33267420992907,0.7586734795688601,0.96857395023669,0.1446540880503144,-0.9775325535649736,0.5790113056277064,-0.8228868664825928,0.1245826703310013,0.1966522654528929,0.3866389310359955,0.0744799378674652,1.9661046372670083,5.587916820018043,1910.3990597908924,0.0179008721136956,1008.2263745713316,0.0343984535846446,-0.7572782012151436,-0.775198263666971,6.4798975997304815,0.00848,1.9336323546269905,0.2018348623853211,0.8742895841828333,22.96586143431445,14.325209108830462,0.3745068439313311,0.0001470502289003,0.0001308472014835,0.9996568190264156,6798.063671859976,3.9607542440995247,297964.8984850188,9.038561777342949e-11,83.2112466542906,0.2514319777521115,0.3472333447194689,0.0920502092050209,0.1843832161674394,0.5923961208090492,-0.8373687178342308,0.1162190735340118,0.2016325199166569,0.3913423097133637,0.0681748375783441,1.940869011978433,4,0.0708134634249288,0,5.745862912542868,2312.7657808376184,0.3287753172905441,1291.05186393358,0.0380479376331476,0.0935830187850886,0.0900499999200097,10.70010701054146,0.00788,3,0.2990654205607476,0.5820003049107297,25.516510191079583,14.934151478113485,0.4065688212144971,8.317745759544509e-11,0.000428130717252,0.0005102439872742,0.9979376233048396,2330.9180656557346,4.070135411300093,573852.7370653994,62.33267420992907,0.7586734795688601,0.96857395023669,0.1446540880503144,1.0,0.5790113056277064,-0.8228868664825928,0.1245826703310013,5.587916820018043,1910.3990597908924,0.2740170179189161,1008.2263745713316,0.0343984535846446,0.0918499999186981,0.0903999999196996,10.900109010738497,0.00848,3,0.2018348623853211,4,0.0708134634249288,0.8742895841828332,22.965861434314448,14.325209108830462,0.3745068439313311,9.038561777342949e-11,0.0001470502289003,0.0001308472014835,0.9996568190264156,6798.063671859976,3.9607542440995247,297964.8984850188,83.2112466542906,0.2514319777521115,0.347233344719469,0.0920502092050209,2.0,0.5923961208090492,-0.8373687178342308,0.1162190735340118
"MATLAB 4-05 PM Thu, Oct 3, 2024 Run13 .csv",5.936164186863349,2449.517339975665,0.2428179293183002,1178.8700317452583,0.0019047838523214,-0.4765161773645681,-0.4855873342438807,-1.603478938508994,0.00032,-0.0688488412868513,0.0,-0.6337989638181127,117.4504915954631,21.36591670560352,0.0054189601723419,2.958282411614737e-11,0.0001344653474887,6.60548565009035e-05,0.9973809698602067,3360.3448952220187,4.279616196635246,452851.631648428,16.611477327243733,0.0901340946293508,0.2207904154558826,1.0,0.0093292208887927,-0.0015299805465212,-1.0428069913876945,0.0195974111557006,0.2607769563280303,0.2776201391220093,0.0111488691122681,1.06458846299591,5.812494773885701,2993.5512523020407,-0.0625823983758682,1048.7663063192122,0.0023595523379088,-0.5045881784320385,-0.5230402649242683,-1.5529710013764015,0.00045,-0.0708012943311635,0.0,-0.1025782770700293,88.94681203295201,18.84361205343118,0.0067165623463555,0.000106417442369,8.253981768173411e-06,0.998704120461272,9384.77845574922,3.993804837887328,645183.5262491938,4.409123645584574e-11,12.3847122589852,0.0916439910844199,0.2960499355899447,1.0,0.1699233363418066,-0.0754073661233079,-0.9375819708083464,0.0202097499370574,0.2681360334774543,0.2903584563732148,0.013658812728023,1.0828774208656629,1,0.6389488688039773,0,5.936164186863349,2449.517339975665,0.2428179293183002,1178.8700317452583,0.0019047838523214,0.3515035711174454,0.3512499996895483,2.900029002857031,0.00032,1,0.0,-0.633798963818113,117.4504915954631,21.36591670560352,0.0054189601723419,2.958282411614737e-11,0.0001344653474887,6.60548565009035e-05,0.9973809698602067,7417.382905613538,4.279616196635246,452851.631648428,16.611477327243733,0.0901340946293508,0.2207904154558827,1.0,2.0,-0.0015299805465212,-1.0428069913876945,0.0195974111557006,5.812494773885701,2993.5512523020407,0.1922402533439432,1048.7663063192122,0.0023595523379088,0.3513035711176231,0.3510499996889679,2.900029002857031,0.00045,1,0.0,1,0.6389488688039773,-0.1025782770700294,88.94681203295207,18.84361205343118,0.0067165623463555,4.409123645584574e-11,0.000106417442369,8.253981768173411e-06,0.998704120461272,9384.77845574922,3.993804837887328,645183.5262491938,12.3847122589852,0.0916439910844199,0.2960499355899448,1.0,2.0,-0.0754073661233079,-0.9375819708083464,0.0202097499370574
"MATLAB 4-07 PM Mon, Aug 26, 2024 Run6 .csv",5.661844772615451,2245.780803041278,0.3366733948249666,1282.9843309385042,0.0352430632271244,-0.7495745731760278,-0.7650153685323557,7.88767558920356,0.02081,1.9299561105544665,0.1854838709677419,0.513172907982946,16.510539715513346,12.812094938275518,0.4376561647659078,5.551922426760498e-10,0.0004717314102526,0.0005523932397785,0.9978381278532762,-1956.2565795684252,4.703192297327488,389638.3428662367,148.83147486226767,1.995651375538516,2.533708917376557,0.0796178343949044,-0.9950501876266188,0.0973465871263455,0.6479823940336962,0.0867233633995056,0.2764847277152922,0.5196533071994782,0.0816797200911456,1.8795009456529068,5.676880131851609,1952.595436000606,0.03452988345347,995.0102935786588,0.0362081082408701,-0.7760479186535003,-0.8011209316889196,7.736192476710663,0.0209,1.927720822682785,0.0737704918032786,0.666298537798547,15.48310076559248,13.213163699673478,0.4410333404829242,0.0001336155161741,0.0001260157996551,0.9996654044752492,7481.656570279504,4.514404150208305,220824.6343114336,4.700479445743315e-10,183.727069494013,0.6176620702927065,0.8829682934358539,0.0641821946169772,-0.8348966236000708,0.177300902261696,1.7164405086551326,0.0812426742911338,0.293526595664806,0.5656191956996919,0.066011803947119,1.9269776710305435,5,0.0490141958134278,0,5.661844772615451,2245.780803041278,0.3366733948249666,1282.9843309385042,0.0352430632271244,0.0805268291970139,0.0743999999340788,12.40012401221627,0.02081,3,0.1854838709677419,0.5131729079829459,16.510539715513346,12.812094938275518,0.4376561647659078,5.551922426760498e-10,0.0004717314102526,0.0005523932397785,0.9978381278532762,2115.2675148740905,4.703192297327488,389638.3428662367,148.83147486226767,1.995651375538516,2.533708917376557,0.0796178343949044,1.0,0.0973465871263455,0.6479823940336962,0.0867233633995056,5.676880131851609,1952.595436000606,0.2889213704781452,995.0102935786588,0.0362081082408701,0.082098347034768,0.0757999999331717,12.200122012019234,0.0209,3,0.0737704918032786,5,0.0490141958134278,0.666298537798547,15.483100765592482,13.213163699673478,0.4410333404829242,4.700479445743315e-10,0.0001336155161741,0.0001260157996551,0.9996654044752492,7481.656570279504,4.514404150208305,220824.6343114336,183.727069494013,0.6176620702927066,0.8829682934358539,0.0641821946169772,1.0,0.177300902261696,1.7164405086551326,0.0812426742911338
"MATLAB 4-09 PM Mon, Aug 26, 2024 Run7 .csv",5.808206252222579,2303.231895917116,0.3499939693617698,1301.105015164797,0.0279417668192632,-0.7571460206815056,-0.7736824203273044,8.67427286752168,0.02403,1.9281635383164428,0.0757575757575757,0.3588128838216964,13.133664683396916,14.770045179927408,0.3672785471457038,3.1172988623982403e-10,0.0004247140084406,0.0005372319677542,0.9978152979521396,-1743.8715704629371,4.782946616147309,366947.0774049765,164.84438549460688,2.1006717325305213,2.563452788924556,0.0430906389301634,-0.001619300399736,0.8118818086983731,5.842337050219772,0.0711133828759193,0.2624498931566874,0.6278965556621552,0.0678238065608308,2.3924435560249564,5.769217945168244,1985.6686170301828,0.043633806510086,1027.7639585433317,0.0277082924007492,-0.7859287975388541,-0.8109169321976177,8.819809181181657,0.02115,1.925503998203708,0.0526315789473684,0.518933005237729,12.720446177383817,13.61863339292633,0.366515477361325,0.0001394760127324,0.000116839164186,0.9996629629271389,7167.275170424486,4.7051394317094255,231910.1577922569,3.666901411757001e-10,209.0201057499834,0.6697007312451609,1.0080127758417,0.0513100436681222,0.157873436487113,0.4850650602682166,5.307804297410128,0.0571788203716278,0.2760756563512903,0.6157731473445893,0.0645559048894658,2.230450723120092,5,0.0779502361895016,0,5.808206252222579,2303.231895917116,0.3499939693617698,1301.105015164797,0.0279417668192632,0.0760778625280785,0.0695999999386387,13.200132013004415,0.02403,3,0.0757575757575757,0.3588128838216967,13.133664683396924,14.770045179927408,0.3672785471457038,3.1172988623982403e-10,0.0004247140084406,0.0005372319677542,0.9978152979521396,2349.381650056074,4.782946616147309,366947.0774049765,164.84438549460688,2.1006717325305213,2.563452788924556,0.0430906389301634,2.0,0.8118818086983731,5.842337050219772,0.0711133828759193,5.769217945168244,1985.6686170301828,0.2973785464920566,1027.7639585433317,0.0277082924007492,0.0755992423573242,0.0702499999377566,13.300133013102936,0.02115,3,0.0526315789473684,5,0.0779502361895017,0.518933005237729,12.720446177383817,13.61863339292633,0.366515477361325,3.666901411757001e-10,0.0001394760127324,0.000116839164186,0.9996629629271389,7167.275170424486,4.7051394317094255,231910.1577922569,209.0201057499834,0.669700731245161,1.0080127758417003,0.0513100436681222,2.0,0.4850650602682166,5.307804297410128,0.0571788203716278
"MATLAB 4-09 PM Thu, Oct 3, 2024 Run14 .csv",5.928660944600166,2457.0349291533607,0.2405512421747948,1181.8159569560248,0.001304184035079,-0.4534167104921318,-0.4637714378698607,-1.9303033837446044,0.00026,-0.0724339857628983,0.0,-0.6315336399621011,136.20271588093644,22.479487440125705,0.0034244213865721,3.082439726224705e-11,0.0001355732619666,6.363068953596867e-05,0.9969725155483294,3253.258460816107,4.140089076112798,396029.882766113,14.45684197709371,0.0775952347801508,0.1916570845811583,1.0,3.9961909953425594,0.0184179983308547,-1.2317644397279923,0.0239409685134887,0.2613766531302378,0.2829551327228546,0.0146615325257014,1.08255702770004,5.785949142869651,3012.504466853811,-0.0663563961893188,1041.200024541103,0.0023757306223967,-0.4818072983025154,-0.5016822659756137,-1.8857625948973729,0.00038,-0.0752349432893177,0.0,-0.1101358161723172,98.12368697157495,19.769285965043387,0.0062380021018861,0.0001022480121033,8.29286047106951e-06,0.9985472098723605,9765.932748528576,3.772704369233351,612889.0173263563,4.537605373453712e-11,10.690389369453923,0.0815834808438089,0.2604261097330466,1.0,4.155463456516174,-0.3342754702607866,-0.327226838325438,0.0128218472003936,0.2666193189529272,0.2867351841926575,0.0114358256149311,1.0754478907182332,2,0.6333643839383077,0,5.928660944600166,2457.0349291533607,0.2405512421747948,1181.8159569560248,0.001304184035079,0.3808479996629665,0.3807999996625852,2.600026002561476,0.00026,1,0.0,-0.6315336399621011,136.20271588093647,22.479487440125705,0.0034244213865721,3.082439726224705e-11,0.0001355732619666,6.363068953596867e-05,0.9969725155483294,7353.754723360616,4.140089076112798,396029.882766113,14.45684197709371,0.0775952347801508,0.1916570845811583,1.0,6.0,0.0184179983308547,-1.2317644397279923,0.0239409685134887,5.785949142869651,3012.504466853811,0.1871727614450836,1041.200024541103,0.0023757306223967,0.3808479996629662,0.3808999996641882,2.600026002561476,0.00038,1,0.0,2,0.6333643839383077,-0.1101358161723171,98.1236869715749,19.769285965043387,0.0062380021018861,4.537605373453712e-11,0.0001022480121033,8.29286047106951e-06,0.9985472098723605,9765.932748528576,3.772704369233351,612889.0173263563,10.690389369453923,0.0815834808438089,0.2604261097330466,1.0,6.0,-0.3342754702607866,-0.327226838325438,0.0128218472003936
"MATLAB 4-12 PM Thu, Oct 3, 2024 Run15 .csv",5.901425883842766,2422.30479422396,0.2421768792088208,1167.6909440910115,0.1749287461434397,0.0276402452590599,0.0878834753031104,-3.3526685892405723,0.00023,-0.0754216061596042,0.0833333333333333,0.359960505787781,285.225750004213,32.86920555921447,0.2017378760437717,1.1873122523395369e-11,0.000180104394803,6.27697604737736e-05,0.9981157927273948,1405.1621380115257,4.361613049206989,392968.6339594579,6.252215069500287,0.0320968385993696,0.0800520411572184,1.0,-0.0147575259459697,-0.6048750441882176,-0.5807010867973807,0.0274670568108559,0.2556682007511456,0.2762714517116547,0.0173154939244205,1.0805858957037962,5.811332703154451,3034.8465244234053,-0.0545233444032626,1044.0411969671827,0.1748305643398202,-0.0011824981702684,0.0439410660108268,-3.3131004239644763,0.0002,-0.0789296507544459,0.0833333333333333,0.2749695396160573,211.37787046593905,28.53362172123867,0.20162464714935,0.0002113277596393,9.017926838658233e-06,0.9983898819932376,4724.366944016189,3.772516991666453,588907.7572031579,1.652054846639578e-11,4.354396567055149,0.0345765498413511,0.1083806737227082,1.0,0.1434135566614804,-0.8259148978634333,0.2943661316461594,0.0161929231882094,0.2637474744518598,0.2802243459224701,0.0127486531982268,1.0624721488039033,1,0.5491336277485138,0,5.901425883842766,2422.30479422396,0.2421768792088208,1167.6909440910115,0.1749287461434397,0.8671090901417288,0.9388999991680708,1.2000120011822195,0.00023,1,0.0833333333333333,0.3599605057877812,285.22575000421307,32.86920555921447,0.2017378760437717,1.1873122523395369e-11,0.000180104394803,6.27697604737736e-05,0.9981157927273948,5541.873610683527,4.361613049206989,392968.6339594579,6.252215069500287,0.0320968385993696,0.0800520411572184,1.0,2.0,-0.6048750441882176,-0.5807010867973807,0.0274670568108559,5.811332703154451,3034.8465244234053,0.197927901493299,1044.0411969671827,0.1748305643398202,0.8671090901417299,0.9335999991727668,1.2000120011822195,0.0002,1,0.0833333333333333,1,0.5491336277485138,0.2749695396160574,211.37787046593905,28.53362172123867,0.20162464714935,1.652054846639578e-11,0.0002113277596393,9.017926838658233e-06,0.9983898819932376,4724.366944016189,3.772516991666453,588907.7572031579,4.354396567055149,0.0345765498413511,0.1083806737227083,1.0,2.0,-0.8259148978634333,0.2943661316461594,0.0161929231882094
"MATLAB 4-26 PM Thu, Oct 10, 2024 Run7 .csv",5.601611091488573,2204.5495513159763,0.2598436699043651,1231.7877843078395,0.0201341157879908,-0.6069469100546441,-0.6227419557595069,-0.7977570519714008,0.0008433333333333,-0.0903597081431339,0.0086206896551724,-1.4441267409895695,75.69868701968117,21.921682460237363,0.0778754260563136,3.5632239725129205e-11,0.0004227731067657,0.0001811397517762,0.9977145272694063,-1957.858494469269,3.8933525801963818,569055.692131135,62.70101461315575,0.4268832863625784,0.8064553661967576,1.0,6.930499867611388,0.0588555289824998,-1.0601542296118116,0.0289270639419556,0.1896367253311749,0.2256555151939392,0.0160247874059323,1.1899357300114857,5.935514784011717,2628.1728768773723,0.0284184000725415,1102.7134757566123,0.0199918986061506,-0.637930431578704,-0.6646422710045172,-0.7830520045509801,0.0007466666666666,-0.0974031880800878,0.0086206896551724,0.1803096745702234,52.945272937981336,17.80577289767241,0.0773253535453101,0.0006070057367581,1.2342509839087652e-05,0.998836500957933,1645.514103857536,3.8558765387066978,681739.4773279962,2.014455182735324e-11,46.88964716582752,0.220590960788312,1.14968903285438,1.0,7.083164057388012,-0.1577768549768492,-0.6833841837439545,0.049204922914505,0.2026507745015209,0.291491893529892,0.0298217523010952,1.4383951615625543,0,-0.7928943543406939,0,5.601611091488573,2204.5495513159763,0.2598436699043651,1231.7877843078395,0.0201341157879908,0.2585426084658775,0.2604999997680242,3.8666795590349534,0.0008433333333333,1,0.0086206896551724,-1.4441267409895695,75.69868701968119,21.921682460237363,0.0778754260563136,3.5632239725129205e-11,0.0004227731067657,0.0001811397517762,0.9977145272694063,2359.929028840189,3.8933525801963818,569055.692131135,62.70101461315575,0.4268832863625784,0.8064553661967577,1.0,9.0,0.0588555289824998,-1.0601542296118116,0.0289270639419556,5.935514784011717,2628.1728768773723,0.2754800872798991,1102.7134757566123,0.0199918986061506,0.2585426084658775,0.2603999997681132,3.8666795590349534,0.0007466666666666,1,0.0086206896551724,0,-0.7928943543406939,0.1803096745702234,52.94527293798132,17.80577289767241,0.0773253535453101,2.014455182735324e-11,0.0006070057367581,1.2342509839087652e-05,0.998836500957933,1645.514103857536,3.8558765387066978,681739.4773279962,46.88964716582752,0.2205909607883121,1.1496890328543796,1.0,9.0,-0.1577768549768492,-0.6833841837439545,0.049204922914505
"MATLAB 4-26 PM Thu, Sep 5, 2024 Run8 .csv",5.597393311144484,2702.578650529824,0.1957918129950603,1264.8062119900808,0.0178060251507124,-0.689874808932465,-0.7050199902199349,0.926678912863986,0.0006,-0.0915547563018164,0.0178571428571428,1.147547311557989,52.290333789749816,16.922060782325758,0.1002047807962498,8.121765742236136e-12,0.0001138107512004,3.2106039343840855e-05,0.9997734036456828,4452.251519665299,4.550219473106718,450148.29366338026,6.546107227301208,0.0562798727846055,0.1122287048490557,1.0,-0.0738795409040231,-0.5903650105908281,-1.087992145257921,0.0533512210845947,0.178298038393259,0.2084560561180115,0.0274810666248177,1.169143855964557,5.827965648526954,3093.047222656573,-0.0776936338025019,1200.8115258076157,0.0173587280866563,-0.7210311927041031,-0.747072937940884,0.9393949108559524,0.00092,-0.0988810710661391,0.0178571428571428,0.5073464090457511,43.83954699185049,14.402840449227345,0.0976875820460979,0.0001170374659614,9.443558799432127e-06,0.9996458177419952,8541.246254178073,4.249287602743786,535607.2248739465,1.3087437182349828e-11,7.047041148424091,0.0776926028402573,0.1799844023949659,1.0,0.0783440974461342,-0.1750076488189296,-0.9569771744369042,0.0398000931739807,0.1706851440668106,0.2163393557071686,0.0207541438480707,1.267476187748875,2,0.3741209866921828,0,5.597393311144484,2702.578650529824,0.1957918129950603,1264.8062119900808,0.0178060251507124,0.1776963634790849,0.1807999998406018,5.600056005517025,0.0006,1,0.0178571428571428,1.147547311557989,52.290333789749816,16.92206078232576,0.1002047807962498,8.121765742236136e-12,0.0001138107512004,3.2106039343840855e-05,0.9997734036456828,8784.525127025754,4.550219473106718,450148.29366338026,6.546107227301208,0.0562798727846055,0.1122287048490557,1.0,2.0,-0.5903650105908281,-1.087992145257921,0.0533512210845947,5.827965648526954,3093.047222656573,0.1689368887097191,1200.8115258076157,0.0173587280866563,0.177696363479085,0.1807999998406018,5.600056005517025,0.00092,1,0.0178571428571428,2,0.3741209866921828,0.507346409045751,43.8395469918505,14.402840449227345,0.0976875820460979,1.3087437182349828e-11,0.0001170374659614,9.443558799432127e-06,0.9996458177419952,8541.246254178073,4.249287602743786,535607.2248739465,7.047041148424091,0.0776926028402573,0.1799844023949658,1.0,2.0,-0.1750076488189296,-0.9569771744369042,0.0398000931739807
"MATLAB 4-29 PM Thu, Sep 5, 2024 Run9 .csv",5.722564829331297,2850.2272732196743,0.1966802799013924,1244.471537132555,0.0160971599690002,-0.708446112408097,-0.7255870420047202,1.5132741909850689,0.00073,-0.0933473285398398,0.0,0.4369380464551796,17.45395406462535,13.785464766834869,0.0992135836738188,5.780615805010282e-12,8.520318020342335e-05,2.5507225189361663e-05,0.9998139909281908,7380.465258733364,5.24801198828149,53144.61642017561,8.371905833558284,0.0790975265900696,0.1635749869740334,1.0,0.91955134632286,0.0850710876271759,-1.0564383395873505,0.0378952890634536,0.1546475966515079,0.2034307658672333,0.0242733058919248,1.3154473155225048,5.917614384050195,3238.808267326194,-0.0814809581301301,1140.5265023532831,0.016371000197572,-0.7398142485675386,-0.7679189384395317,1.5230066148343535,0.00228,-0.1010978955452162,0.0,0.211263014308129,13.557476843832532,10.57980120907454,0.1008718194884667,7.50553515849064e-05,7.946201467481795e-06,0.999679947298818,13319.236086289326,5.431679422279874,44247.41076839167,9.709256595206598e-12,8.869548940855552,0.1230305915308621,0.2724688988780015,1.0,2.071114157533318,-0.2607433415854396,-0.3424155275015907,0.0301482075452804,0.1536844217200433,0.1885296654701233,0.0191403969387587,1.226732438851579,2,0.0136920396364367,0,5.722564829331297,2850.2272732196743,0.1966802799013924,1244.471537132555,0.0160971599690002,0.1622475408399952,0.1640999998553249,6.200062006108135,0.00073,1,0.0,0.4369380464551796,17.453954064625346,13.785464766834869,0.0992135836738188,5.780615805010282e-12,8.520318020342335e-05,2.5507225189361663e-05,0.9998139909281908,11734.467992170314,5.24801198828149,53144.61642017561,8.371905833558284,0.0790975265900696,0.1635749869740333,1.0,3.0,0.0850710876271759,-1.0564383395873505,0.0378952890634536,5.917614384050195,3238.808267326194,0.1645028173393865,1140.5265023532831,0.016371000197572,0.1622950818235596,0.1641999998552368,6.200062006108135,0.00228,1,0.0,2,0.0136920396364367,0.211263014308129,13.557476843832545,10.57980120907454,0.1008718194884667,9.709256595206598e-12,7.50553515849064e-05,7.946201467481795e-06,0.999679947298818,13319.236086289326,5.431679422279874,44247.41076839167,8.869548940855552,0.1230305915308622,0.2724688988780016,1.0,4.0,-0.2607433415854396,-0.3424155275015907,0.0301482075452804
"MATLAB 4-47 PM Tue, Oct 1, 2024 Run8 .csv",5.93249870659642,2458.261600400126,0.2779853157692824,1208.9390838683037,0.0465871603226547,-0.613566329063832,-0.641611318362177,-1.1082934149646602,0.00062,-0.1029077138092988,0.1232876712328767,-1.5533168497414909,77.95056030819327,19.7355526235663,0.1701624144544575,2.1523912172719748e-11,0.0029446093468239,0.0001126233855383,0.9936516797092252,-4132.443696259618,3.789704621846577,711143.1154687485,34.31409512841606,0.2338380197925097,0.6077213792558505,1.0,3.884516078199569,0.6952834588994283,5.895309571392682,0.0094517350196837,0.1938453653250655,0.2398761677742004,0.0096477019071056,1.237461454762895,5.875311375199766,2859.01137985379,0.0112619716475091,1053.7461306527182,0.0466023633732509,-0.6463968486318816,-0.6865142746044897,-1.1144733865430072,0.00061,-0.1129209594336271,0.2054794520547945,-0.5530838203557324,68.31050171489078,19.00934460592356,0.1702378076932432,0.0020987520985932,1.2460765794222436e-05,0.9974861325592076,475.2758237753668,3.5404546964505355,841385.7995792982,4.5301126395685405e-11,31.682597691516428,0.1984768172870545,0.7996153529892374,1.0,4.032554477998298,-0.9530513274854738,0.077173805260982,0.0166770756244659,0.2395253507895012,0.256852023601532,0.0128559118633154,1.0723375323527142,1,-0.3936065852855374,0,5.93249870659642,2458.261600400126,0.2779853157692824,1208.9390838683037,0.0465871603226547,0.273780555312486,0.2686999997619134,3.650018253331887,0.00062,1,0.1232876712328767,-1.5533168497414909,77.95056030819327,19.7355526235663,0.1701624144544575,2.1523912172719748e-11,0.0029446093468239,0.0001126233855383,0.9936516797092252,337.44770958530466,3.789704621846577,711143.1154687485,34.314095128416064,0.2338380197925097,0.6077213792558505,1.0,6.0,0.6952834588994283,5.895309571392682,0.0094517350196837,5.875311375199766,2859.01137985379,0.2537964295559352,1053.7461306527182,0.0466023633732509,0.2737486108680698,0.2682499997611209,3.650018253331887,0.00061,1,0.2054794520547945,1,-0.3936065852855374,-0.5530838203557328,68.31050171489082,19.00934460592356,0.1702378076932432,4.5301126395685405e-11,0.0020987520985932,1.2460765794222436e-05,0.9974861325592076,475.2758237753668,3.5404546964505355,841385.7995792982,31.682597691516435,0.1984768172870545,0.7996153529892369,1.0,6.0,-0.9530513274854738,0.077173805260982,0.0166770756244659
"MATLAB 4-52 PM Tue, Oct 1, 2024 Run9 .csv",5.903564689465084,2472.720031059307,0.2422956206903935,1194.136960286574,0.0893227379772262,-0.5511015047238133,-0.5384003357229313,-1.7627519061643395,0.00133,-0.10350523788864,0.0666666666666666,-1.5871567652123355,100.6239931110062,19.57784636158421,0.2648277226577546,1.893244427870682e-11,0.0001394453196622,7.905095080687461e-05,0.9968655882634104,2671.6575709492654,4.368157456105338,368395.5046737696,14.189453632009258,0.0803108821696281,0.1768302180636834,1.0,-0.1176736260581368,-0.7014560394571854,3.233156341446935,0.0167721712589263,0.1992349922657013,0.2517136466503143,0.0195782022153134,1.2634007901314197,5.8615994149272375,2901.528893125033,-0.030181998054545,1038.0177964307911,0.0889060932803627,-0.5839761661436592,-0.5840796081997432,-1.769926402456914,0.00118,-0.1136599009266525,0.0666666666666666,-0.564227431690985,88.50486940589428,21.37952615750565,0.2635843530110168,0.0001165201593145,5.968268461488825e-06,0.9994155786086106,8577.190286106817,3.862505292914338,611392.996352784,3.800783050550661e-11,12.65293599486274,0.0773841436383601,0.253876682755441,1.0,0.0301444980273588,-1.7296048826501909,3.891869224577305,0.0234524789452553,0.2437570334672928,0.2718585002422333,0.024566879169218,1.1152847422501602,0,0.3269946979985731,0,5.903564689465084,2472.720031059307,0.2422956206903935,1194.136960286574,0.0893227379772262,0.3372862065980189,0.373199999667662,3.0000300029555493,0.00133,1,0.0666666666666666,-1.587156765212336,100.62399311100624,19.57784636158421,0.2648277226577546,1.893244427870682e-11,0.0001394453196622,7.905095080687461e-05,0.9968655882634104,7148.792018819687,4.368157456105338,368395.5046737696,14.189453632009256,0.0803108821696282,0.1768302180636834,1.0,2.0,-0.7014560394571854,3.233156341446935,0.0167721712589263,5.8615994149272375,2901.528893125033,0.2121368775063128,1038.0177964307911,0.0889060932803627,0.3372965514255955,0.3720999996702949,3.0000300029555493,0.00118,1,0.0666666666666666,0,0.3269946979985731,-0.5642274316909849,88.50486940589425,21.37952615750565,0.2635843530110168,3.800783050550661e-11,0.0001165201593145,5.968268461488825e-06,0.9994155786086106,8577.190286106817,3.862505292914338,611392.996352784,12.65293599486274,0.0773841436383601,0.253876682755441,1.0,2.0,-1.7296048826501909,3.891869224577305,0.0234524789452553
"MATLAB 4-53 PM Thu, Oct 10, 2024 Run11.csv",5.751175854504003,2356.180987427478,0.2374446325151217,1233.1576722995248,0.0942842552323426,-0.658561096611231,-0.6659893528758659,-0.3672081456084264,0.0013,0.8958972380320187,0.2727272727272727,-0.8271665300962894,27.93310292836628,14.68385379190264,0.4083913026280346,5.976588214934007e-11,0.0001010662107307,8.017789812339071e-05,0.9975196040765044,5385.583962744062,5.199283645369388,74753.6948774986,47.12731535058597,0.2353116650765719,0.4955789534177726,0.7352941176470589,-1.1198633303158425,-0.0422643819769126,0.7835831346483615,0.0235066127777099,0.2352658987045288,0.2799602627754212,0.0221408308328371,1.1899738309589194,5.83911975955303,2814.528236368288,-0.033725300777669,1038.8894552668423,0.0963725707012023,-0.7238399758143117,-0.7359449415706909,0.3246298340744014,0.00583,1.885601157580321,0.4313725490196078,0.1560458545947156,19.72944846413159,11.923586052131943,0.4853574274098793,6.543496057550153e-05,3.6200856613925488e-06,0.999368512778915,15272.699853250508,5.411812872265732,97917.980873556,7.08623527260269e-11,35.431880572631904,0.198554704017261,0.7007741564806473,0.3333333333333333,-0.97226548194358,-1.072297124226707,0.3083891589898258,0.071464690566063,0.2493418496496537,0.335999220609665,0.0646995424245681,1.3475444297929613,0,-0.3033760513342191,0,5.751175854504003,2356.180987427478,0.2374446325151217,1233.1576722995248,0.0942842552323426,0.2308674416561152,0.2468999997812302,4.400044004334806,0.0013,2,0.2727272727272727,-0.8271665300962892,27.93310292836627,14.68385379190264,0.4083913026280346,5.976588214934007e-11,0.0001010662107307,8.017789812339071e-05,0.9975196040765044,9869.961452639982,5.199283645369388,74753.6948774986,47.12731535058596,0.2353116650765719,0.4955789534177728,0.7352941176470589,1.0,-0.0422643819769126,0.7835831346483615,0.0235066127777099,5.83911975955303,2814.528236368288,0.2083779924356206,1038.8894552668423,0.0963725707012023,0.1985599998242464,0.2216499998037748,5.100051005024434,0.00583,3,0.4313725490196078,0,-0.3033760513342191,0.1560458545947155,19.729448464131583,11.923586052131943,0.4853574274098793,7.08623527260269e-11,6.543496057550153e-05,3.6200856613925488e-06,0.999368512778915,15272.699853250508,5.411812872265732,97917.980873556,35.431880572631904,0.198554704017261,0.7007741564806471,0.3333333333333333,1.0,-1.072297124226707,0.3083891589898258,0.071464690566063
"MATLAB 4-56 PM Tue, Oct 1, 2024 Run10 .csv",5.887463497355731,2440.9351263537837,0.2472037698558309,1197.8131872588394,0.0083526605744814,-0.2077550801027613,-0.230778370527624,-3.2717073892888,0.00017,-0.1047002860473225,0.0,-2.115347305717822,197.7874289286816,25.98666261508637,0.0122344892389858,1.3265452888533366e-11,0.0002009412158679,7.984146586997725e-05,0.996808549573304,469.0767808110577,4.484205397465497,417288.8409294288,8.00543931274722,0.043218961287542,0.0975990469306597,1.0,4.877946965426452,-0.0396764300454886,-1.7927170702504174,0.0329307186603546,0.2159456083774566,0.2336024260520935,0.0161187399083067,1.081765115796076,5.883711132301865,2906.5413420675955,-0.0211793980967586,1050.0106224480992,0.1499044692988064,-0.2863539009384122,-0.278910275478488,-3.1808699349113096,0.00458,-0.1151377839127041,0.0625,-0.5928064668230936,180.80241755216903,29.0707865127065,0.2352648197740047,0.0001701728952167,6.629386755319421e-06,0.9992628880878336,5872.044938853607,3.7763073903585536,700103.2378702898,2.2716774854789697e-11,6.778078202191121,0.042434361129761,0.1377780273151964,1.0,5.025324538085481,-2.906802526680326,7.94950221059047,0.0286470779776573,0.2467067490518093,0.2824372470378876,0.050666594583806,1.1448298359222218,0,-0.363611097553618,0,5.887463497355731,2440.9351263537837,0.2472037698558309,1197.8131872588394,0.0083526605744814,0.682714285110099,0.683399999395975,1.500015001477775,0.00017,1,0.0,-2.115347305717823,197.7874289286817,25.98666261508637,0.0122344892389858,1.3265452888533366e-11,0.0002009412158679,7.984146586997725e-05,0.996808549573304,4960.697312732475,4.484205397465497,417288.8409294288,8.00543931274722,0.043218961287542,0.0975990469306597,1.0,7.0,-0.0396764300454886,-1.7927170702504174,0.0329307186603546,5.883711132301865,2906.5413420675955,0.2207083127689628,1050.0106224480992,0.1499044692988064,0.6371733327694493,0.6800999994004053,1.600016001576293,0.00458,1,0.0625,0,-0.363611097553618,-0.5928064668230933,180.80241755216903,29.0707865127065,0.2352648197740047,2.2716774854789697e-11,0.0001701728952167,6.629386755319421e-06,0.9992628880878336,5872.044938853607,3.7763073903585536,700103.2378702898,6.778078202191122,0.042434361129761,0.1377780273151965,1.0,7.0,-2.906802526680326,7.94950221059047,0.0286470779776573
"MATLAB 4-57 PM Tue, Oct 1, 2024 Run11 .csv",5.856574870101072,2443.41036288083,0.2351136551102265,1187.3476886028757,0.1782487545964672,-0.199610192770741,-0.1714673878493396,-3.2761776301121426,0.00076,-0.1052978101266637,0.0,-1.95379986629854,195.9354578850077,26.422138573455666,0.2576221343463308,1.1619845952885637e-11,0.0001520306261584,7.126079132654404e-05,0.9967980256721438,2057.697106353685,4.4747441710039695,461804.7488102353,7.4015208854348895,0.0401200150115876,0.0914528187124589,1.0,-0.1242427388312537,-2.119392828203712,4.967349138974634,0.0212879288196563,0.2102426546414692,0.2355416059494018,0.0245033068856948,1.1203321531069672,5.89165937097207,2932.261392426492,-0.0241111468128274,1043.5941116700997,0.178258906366156,-0.2327830638180774,-0.2175756090415346,-3.286335700547397,0.00119,-0.1158767254057298,0.0666666666666666,-0.7594536616802379,188.68584903038968,30.93477188140393,0.2576474459886166,0.0001641935898791,6.913216007845775e-06,0.9992666446049804,6085.905334919359,3.806689397997857,691050.3298301238,1.839207416406188e-11,6.188589454191776,0.0400421898154588,0.1270471623603765,1.0,0.0229145581145426,-2.4014564956756472,5.639820089778123,0.031066073179245,0.2498660498460134,0.2822290647029877,0.0387679835683262,1.129521457104392,0,0.7021362289748763,0,5.856574870101072,2443.41036288083,0.2351136551102265,1187.3476886028757,0.1782487545964672,0.6918999993876336,0.7439999993407622,1.500015001477775,0.00076,1,0.0,-1.9537998662985392,195.93545788500765,26.422138573455666,0.2576221343463308,1.1619845952885637e-11,0.0001520306261584,7.126079132654404e-05,0.9967980256721438,6556.560680300601,4.4747441710039695,461804.7488102353,7.4015208854348895,0.0401200150115876,0.0914528187124588,1.0,2.0,-2.119392828203712,4.967349138974634,0.0212879288196563,5.89165937097207,2932.261392426492,0.2175609817053258,1043.5941116700997,0.178258906366156,0.6918714279590873,0.7428499993417863,1.500015001477775,0.00119,1,0.0666666666666666,0,0.7021362289748763,-0.7594536616802374,188.68584903038968,30.93477188140393,0.2576474459886166,1.839207416406188e-11,0.0001641935898791,6.913216007845775e-06,0.9992666446049804,6085.905334919359,3.806689397997857,691050.3298301238,6.188589454191776,0.0400421898154588,0.1270471623603765,1.0,2.0,-2.4014564956756472,5.639820089778123,0.031066073179245
=======
Boiling_at_Heater_T85_RefVideo1.csv,4.126415678226095,2201.3717315729104,0.0929395727953503,2969.4094335875707,1.2170761835270267,0.9673669969084688,0.6589602098710949,-2.109285269170244,3.2e-05,-0.8423872152165408,1.0,-0.0047653199855695,0.0173692017705269,4.740627211048741,0.8687733600803167,3.905026007148242e-16,0.0088427657791084,0.1003843915413871,0.8907428058219918,-1211.1938377673523,3.682474312309492,295858.65892291773,19.939497518514106,57.84164174974809,17.166440007342054,0.0,0.8392271345592441,-0.1604663843046261,-1.786452643611809,0.0020699363946914,0.0163223946094512,0.0176241767406463,0.0010657087816202,1.0797543597212915,4.823646506517054,3032.7111446470767,-0.1594060823734708,3606.446928683538,0.0,-0.4286609412837003,-0.3376788664351685,-2.3818538654945884,0.0,-0.7907424684744333,0.0,0.0,0.0,0.0,0.0,0.0,0.0,0.0,0.0,0.0,0.0,0.0,0.0,0.0,0.0,0.0,-0.916694254672405,0.0,0.0,0.0,0.0,0.0,0.0,0.0,0,0.0,0,4.126415678226095,2201.3717315729104,0.0929395727953503,2969.4094335875707,1.2170761835270267,1.4009133330406334,1.0072599997999496,0.7000014001489766,3.2e-05,0,1.0,-0.0047653199855695,0.0173692017705273,4.740627211048741,0.8687733600803167,3.905026007148242e-16,0.0088427657791084,0.1003843915413871,0.8907428058219918,100.73124496030694,3.682474312309492,295858.65892291773,19.939497518514106,57.84164174974809,17.166440007342057,0.0,2.0,-0.1604663843046261,-1.786452643611809,0.0020699363946914,4.823646506517054,3032.7111446470767,0.1771222790746755,3606.446928683538,0.0,0.0,0.0,0.0,0.0,0,0.0,0,0.0,0.0,0.0,0.0,0.0,0.0,0.0,0.0,0.0,0.0,0.0,0.0,0.0,0.0,0.0,0.0,0.0,0.0,0.0,0.0
Boiling_at_Heater_T98_RefVideo3.csv,3.616228482115903,1387.868379064046,0.0474191639635649,2011.2917842414745,0.0,-0.4356279900231928,-0.3508778244618603,-2.818227150965906,0.0,-0.8435822633752231,0.0,0.0,0.0,0.0,0.0,0.0,0.0,0.0,0.0,-1326.411166778656,0.0,0.0,0.0,0.0,0.0,0.0,-1.1651522739561673,0.0,0.0,0.0,0.0,0.0,0.0,0.0,4.068988025840776,1820.006497733073,-0.2400509860271919,2650.6821442672463,0.0,-0.430915457422307,-0.3405095334440237,-2.3927833965697274,0.0,-0.7922203514604846,0.0,0.0,0.0,0.0,0.0,0.0,0.0,0.0,0.0,0.0,0.0,0.0,0.0,0.0,0.0,0.0,-0.9215142146142824,0.0,0.0,0.0,0.0,0.0,0.0,0.0,0,0.0,0,3.616228482115903,1387.868379064046,0.0474191639635649,2011.2917842414745,0.0,0.0,0.0,0.0,0.0,0,0.0,0.0,0.0,0.0,0.0,0.0,0.0,0.0,0.0,0.0,0.0,0.0,0.0,0.0,0.0,0.0,0.0,0.0,0.0,0.0,4.068988025840776,1820.006497733073,0.096046210725818,2650.6821442672463,0.0,0.0,0.0,0.0,0.0,0,0.0,0,0.0,0.0,0.0,0.0,0.0,0.0,0.0,0.0,0.0,0.0,0.0,0.0,0.0,0.0,0.0,0.0,0.0,0.0,0.0,0.0
Calm_to_Boiling_50V_on_StartT80.csv,3.670039547831637,1446.4364415985658,0.0438543797703808,1929.2287110171665,0.0,-0.4377096439142211,-0.353455858994866,-2.8271676326125905,0.0,-0.8447773115339056,0.0,0.0,0.0,0.0,0.0,0.0,0.0,0.0,0.0,-1340.8972508296526,0.0,0.0,0.0,0.0,0.0,0.0,-1.1695316824715785,0.0,0.0,0.0,0.0,0.0,0.0,0.0,3.9706103977232976,1707.3236414974008,-0.2484072610013283,2489.5759043383,0.0,-0.4331699735609137,-0.3433402004528789,-2.4037129276448663,0.0,-0.793698234446536,0.0,0.0,0.0,0.0,0.0,0.0,0.0,0.0,0.0,0.0,0.0,0.0,0.0,0.0,0.0,0.0,-0.92633417455616,0.0,0.0,0.0,0.0,0.0,0.0,0.0,0,0.0,0,3.670039547831637,1446.4364415985658,0.0438543797703808,1929.2287110171665,0.0,0.0,0.0,0.0,0.0,0,0.0,0.0,0.0,0.0,0.0,0.0,0.0,0.0,0.0,0.0,0.0,0.0,0.0,0.0,0.0,0.0,0.0,0.0,0.0,0.0,3.9706103977232976,1707.3236414974008,0.0872587710565453,2489.5759043383,0.0,0.0,0.0,0.0,0.0,0,0.0,0,0.0,0.0,0.0,0.0,0.0,0.0,0.0,0.0,0.0,0.0,0.0,0.0,0.0,0.0,0.0,0.0,0.0,0.0,0.0,0.0
"MATLAB 1-11 PM Thu, Oct 31, 2024 Run0 .csv",5.117713706607439,2285.246157938116,0.6994351970008273,1928.6225968880503,0.0,-0.4512403942059045,-0.3702130834594028,-2.885280763316043,0.0,-0.852545124565341,0.0,0.0,0.0,0.0,0.0,0.0,0.0,0.0,0.0,-1435.0567971611306,0.0,0.0,0.0,0.0,0.0,0.0,-1.1979978378217524,0.0,0.0,0.0,0.0,0.0,0.0,0.0,4.202090406535042,1450.714942973075,0.1947245946941174,1806.1342072196328,0.0,-0.4478243284618569,-0.361739536010438,-2.47475487963327,0.0,-0.8033044738558698,0.0,0.0,0.0,0.0,0.0,0.0,0.0,0.0,0.0,0.0,0.0,0.0,0.0,0.0,0.0,0.0,-0.9576639141783638,0.0,0.0,0.0,0.0,0.0,0.0,0.0,0,0.0,0,5.117713706607439,2285.246157938116,0.6994351970008273,1928.6225968880503,0.0,0.0,0.0,0.0,0.0,0,0.0,0.0,0.0,0.0,0.0,0.0,0.0,0.0,0.0,0.0,0.0,0.0,0.0,0.0,0.0,0.0,0.0,0.0,0.0,0.0,4.202090406535042,1450.714942973075,0.5275880562336049,1806.1342072196328,0.0,0.0,0.0,0.0,0.0,0,0.0,0,0.0,0.0,0.0,0.0,0.0,0.0,0.0,0.0,0.0,0.0,0.0,0.0,0.0,0.0,0.0,0.0,0.0,0.0,0.0,0.0
"MATLAB 1-12 PM Tue, Oct 29, 2024 Run3 .csv",4.75888278168075,2231.4792159018084,0.5003051344906333,1959.53454003124,0.0,-0.4533220480969328,-0.3727911179924085,-2.894221244962728,0.0,-0.8537401727240234,0.0,0.0,0.0,0.0,0.0,0.0,0.0,0.0,0.0,-1449.5428812121272,0.0,0.0,0.0,0.0,0.0,0.0,-1.2023772463371638,0.0,0.0,0.0,0.0,0.0,0.0,0.0,3.42347165100194,1130.3240258866276,-0.0378078912763389,1707.5610364783795,0.0,-0.4500788446004636,-0.3645702030192932,-2.485684410708409,0.0,-0.8047823568419211,0.0,0.0,0.0,0.0,0.0,0.0,0.0,0.0,0.0,0.0,0.0,0.0,0.0,0.0,0.0,0.0,-0.9624838741202412,0.0,0.0,0.0,0.0,0.0,0.0,0.0,0,0.0,0,4.75888278168075,2231.4792159018084,0.5003051344906333,1959.53454003124,0.0,0.0,0.0,0.0,0.0,0,0.0,0.0,0.0,0.0,0.0,0.0,0.0,0.0,0.0,0.0,0.0,0.0,0.0,0.0,0.0,0.0,0.0,0.0,0.0,0.0,3.42347165100194,1130.3240258866276,0.2946244055680123,1707.5610364783795,0.0,0.0,0.0,0.0,0.0,0,0.0,0,0.0,0.0,0.0,0.0,0.0,0.0,0.0,0.0,0.0,0.0,0.0,0.0,0.0,0.0,0.0,0.0,0.0,0.0,0.0,0.0
"MATLAB 1-18 PM Fri, May 31, 2024 Run4 .csv",4.214147572747791,1383.8263012019147,0.3469765053723483,1624.0075376504385,0.0,-0.4585261828245033,-0.3792362043249227,-2.9165724490794407,0.0,-0.8567277931207293,0.0,0.0,0.0,0.0,0.0,0.0,0.0,0.0,0.0,-1485.7580913396189,0.0,0.0,0.0,0.0,0.0,0.0,-1.213325767625692,0.0,0.0,0.0,0.0,0.0,0.0,0.0,4.069108968773936,1088.1479780999252,-0.0540841291421354,1443.8719634813472,0.0,-0.4557151349469802,-0.3716468705414313,-2.5130082383962566,0.0,-0.8084770643070495,0.0,0.0,0.0,0.0,0.0,0.0,0.0,0.0,0.0,0.0,0.0,0.0,0.0,0.0,0.0,0.0,-0.9745337739749352,0.0,0.0,0.0,0.0,0.0,0.0,0.0,0,0.0,0,4.214147572747791,1383.8263012019147,0.3469765053723483,1624.0075376504385,0.0,0.0,0.0,0.0,0.0,0,0.0,0.0,0.0,0.0,0.0,0.0,0.0,0.0,0.0,0.0,0.0,0.0,0.0,0.0,0.0,0.0,0.0,0.0,0.0,0.0,4.069108968773936,1088.1479780999252,0.2772702559643749,1443.8719634813472,0.0,0.0,0.0,0.0,0.0,0,0.0,0,0.0,0.0,0.0,0.0,0.0,0.0,0.0,0.0,0.0,0.0,0.0,0.0,0.0,0.0,0.0,0.0,0.0,0.0,0.0,0.0
"MATLAB 1-19 PM Tue, Oct 29, 2024 Run4 .csv",5.534398459706222,2987.198420226956,0.6132780227799011,1684.1936324169894,0.0,-0.4595670097700174,-0.3805252215914255,-2.921042689902783,0.0,-0.8573253172000705,0.0,0.0,0.0,0.0,0.0,0.0,0.0,0.0,0.0,-1493.001133365117,0.0,0.0,0.0,0.0,0.0,0.0,-1.2155154718833978,0.0,0.0,0.0,0.0,0.0,0.0,0.0,4.838041775802783,2374.245989004593,0.1387589478229303,1847.4529459797184,0.0,-0.4568423930162835,-0.373062204045859,-2.5184730039338263,0.0,-0.8092160058000751,0.0,0.0,0.0,0.0,0.0,0.0,0.0,0.0,0.0,0.0,0.0,0.0,0.0,0.0,0.0,0.0,-0.9769437539458738,0.0,0.0,0.0,0.0,0.0,0.0,0.0,0,0.0,0,5.534398459706222,2987.198420226956,0.6132780227799011,1684.1936324169894,0.0,0.0,0.0,0.0,0.0,0,0.0,0.0,0.0,0.0,0.0,0.0,0.0,0.0,0.0,0.0,0.0,0.0,0.0,0.0,0.0,0.0,0.0,0.0,0.0,0.0,4.838041775802783,2374.245989004593,0.4698977505818725,1847.4529459797184,0.0,0.0,0.0,0.0,0.0,0,0.0,0,0.0,0.0,0.0,0.0,0.0,0.0,0.0,0.0,0.0,0.0,0.0,0.0,0.0,0.0,0.0,0.0,0.0,0.0,0.0,0.0
"MATLAB 1-21 PM Tue, Oct 29, 2024 Run5 .csv",5.033327802055983,2945.115815149079,0.5754356235065302,1778.0441761331515,0.0,-0.464771144497588,-0.3869703079239397,-2.9433938940194952,0.0,-0.8603129375967764,0.0,0.0,0.0,0.0,0.0,0.0,0.0,0.0,0.0,-1529.2163434926088,0.0,0.0,0.0,0.0,0.0,0.0,-1.226463993171926,0.0,0.0,0.0,0.0,0.0,0.0,0.0,4.204908423855237,2260.8783858521824,0.0832870683921503,1953.8599767248488,0.0,-0.4624786833628002,-0.3801388715679971,-2.545796831621673,0.0,-0.8129107132652035,0.0,0.0,0.0,0.0,0.0,0.0,0.0,0.0,0.0,0.0,0.0,0.0,0.0,0.0,0.0,0.0,-0.9889936538005676,0.0,0.0,0.0,0.0,0.0,0.0,0.0,0,0.0,0,5.033327802055983,2945.115815149079,0.5754356235065302,1778.0441761331515,0.0,0.0,0.0,0.0,0.0,0,0.0,0.0,0.0,0.0,0.0,0.0,0.0,0.0,0.0,0.0,0.0,0.0,0.0,0.0,0.0,0.0,0.0,0.0,0.0,0.0,4.204908423855237,2260.8783858521824,0.4133479594132517,1953.8599767248488,0.0,0.0,0.0,0.0,0.0,0,0.0,0,0.0,0.0,0.0,0.0,0.0,0.0,0.0,0.0,0.0,0.0,0.0,0.0,0.0,0.0,0.0,0.0,0.0,0.0,0.0,0.0
"MATLAB 1-27 PM Fri, Sep 13, 2024 Run0 .csv",2.2860915293552466,1332.4584952359485,0.1028582804082939,602.6900435294294,0.0,-0.4699752792251586,-0.3934153942564539,-2.965745098136208,0.0,-0.8633005579934824,0.0,0.0,0.0,0.0,0.0,0.0,0.0,0.0,0.0,-1565.4315536201002,0.0,0.0,0.0,0.0,0.0,0.0,-1.2374125144604546,0.0,0.0,0.0,0.0,0.0,0.0,0.0,2.007495070875307,1277.9121781119718,-0.2746106357460923,390.7514018204949,0.0,-0.4681149737093169,-0.3872155390901352,-2.573120659309521,0.0,-0.8166054207303319,0.0,0.0,0.0,0.0,0.0,0.0,0.0,0.0,0.0,0.0,0.0,0.0,0.0,0.0,0.0,0.0,-1.001043553655261,0.0,0.0,0.0,0.0,0.0,0.0,0.0,0,0.0,0,2.2860915293552466,1332.4584952359485,0.1028582804082939,602.6900435294294,0.0,0.0,0.0,0.0,0.0,0,0.0,0.0,0.0,0.0,0.0,0.0,0.0,0.0,0.0,0.0,0.0,0.0,0.0,0.0,0.0,0.0,0.0,0.0,0.0,0.0,2.007495070875307,1277.9121781119718,0.0543723435371682,390.7514018204949,0.0,0.0,0.0,0.0,0.0,0,0.0,0,0.0,0.0,0.0,0.0,0.0,0.0,0.0,0.0,0.0,0.0,0.0,0.0,0.0,0.0,0.0,0.0,0.0,0.0,0.0,0.0
"MATLAB 1-28 PM Tue, Oct 29, 2024 Run6 .csv",4.819871886439122,2436.9044926215056,0.5462613221678451,1902.3931726232493,0.0,-0.4710161061706727,-0.3947044115229567,-2.9702153389595503,0.0,-0.8638980820728236,0.0,0.0,0.0,0.0,0.0,0.0,0.0,0.0,0.0,-1572.6745956455986,0.0,0.0,0.0,0.0,0.0,0.0,-1.23960221871816,0.0,0.0,0.0,0.0,0.0,0.0,0.0,3.785076335003781,1706.4850841772245,0.0341482528176822,1935.8390651940647,0.0,-0.4692422317786202,-0.3886308725945627,-2.5785854248470907,0.0,-0.8173443622233576,0.0,0.0,0.0,0.0,0.0,0.0,0.0,0.0,0.0,0.0,0.0,0.0,0.0,0.0,0.0,0.0,-1.0034535336262,0.0,0.0,0.0,0.0,0.0,0.0,0.0,0,0.0,0,4.819871886439122,2436.9044926215056,0.5462613221678451,1902.3931726232493,0.0,0.0,0.0,0.0,0.0,0,0.0,0.0,0.0,0.0,0.0,0.0,0.0,0.0,0.0,0.0,0.0,0.0,0.0,0.0,0.0,0.0,0.0,0.0,0.0,0.0,3.785076335003781,1706.4850841772245,0.3629156497533746,1935.8390651940647,0.0,0.0,0.0,0.0,0.0,0,0.0,0,0.0,0.0,0.0,0.0,0.0,0.0,0.0,0.0,0.0,0.0,0.0,0.0,0.0,0.0,0.0,0.0,0.0,0.0,0.0,0.0
"MATLAB 1-30 PM Thu, Oct 31, 2024 Run1 .csv",4.896590503518775,1708.6227782349429,0.701347719296746,1674.7003618382296,0.0,-0.4730977600617009,-0.3972824460559624,-2.9791558206062354,0.0,-0.8650931302315059,0.0,0.0,0.0,0.0,0.0,0.0,0.0,0.0,0.0,-1587.1606796965953,0.0,0.0,0.0,0.0,0.0,0.0,-1.2439816272335715,0.0,0.0,0.0,0.0,0.0,0.0,0.0,3.949429513231308,1463.720557628611,0.1635751403532782,1837.674067722152,0.0,-0.4714967479172268,-0.391461539603418,-2.5895149559222297,0.0,-0.8188222452094089,0.0,0.0,0.0,0.0,0.0,0.0,0.0,0.0,0.0,0.0,0.0,0.0,0.0,0.0,0.0,0.0,-1.0082734935680775,0.0,0.0,0.0,0.0,0.0,0.0,0.0,0,0.0,0,4.896590503518775,1708.6227782349429,0.701347719296746,1674.7003618382296,0.0,0.0,0.0,0.0,0.0,0,0.0,0.0,0.0,0.0,0.0,0.0,0.0,0.0,0.0,0.0,0.0,0.0,0.0,0.0,0.0,0.0,0.0,0.0,0.0,0.0,3.949429513231308,1463.720557628611,0.4919113725938342,1837.674067722152,0.0,0.0,0.0,0.0,0.0,0,0.0,0,0.0,0.0,0.0,0.0,0.0,0.0,0.0,0.0,0.0,0.0,0.0,0.0,0.0,0.0,0.0,0.0,0.0,0.0,0.0,0.0
"MATLAB 1-32 PM Tue, Jun 4, 2024 Run1.csv",6.026158636246176,1211.671184972443,0.4554152730239011,1215.9504479435498,0.0,-0.4772610678437574,-0.4024385151219737,-2.9970367838996053,0.0,-0.8674832265488707,0.0,0.0,0.0,0.0,0.0,0.0,0.0,0.0,0.0,-1616.1328477985885,0.0,0.0,0.0,0.0,0.0,0.0,-1.2527404442643943,0.0,0.0,0.0,0.0,0.0,0.0,0.0,5.621818082607662,900.1363367781092,-0.0047195226497969,1059.6952380844705,1.6916668693392107,0.7816192186927604,-0.0632228739184694,-2.111369017579916,5e-05,0.1782219888184883,0.4,-0.0095828725100468,-0.0177538094000104,4.187271129207449,1.3451282145600387,0.3414811705278453,0.1094655490524244,0.547442939052841,1.6031423876362785,5.103650384717247,22664.825686384604,7.671597190743047e-15,1.7165803847344414,5.633301542968549,9.6955683390105,1.0,0.9820865865481674,1.0114590642740084,-0.5030099079654162,0.0004581296443938,0.0154128177165984,0.0162594258785247,0.00045962641277,1.054928837639759,0,0.0,0,6.026158636246176,1211.671184972443,0.4554152730239011,1215.9504479435498,0.0,0.0,0.0,0.0,0.0,0,0.0,0.0,0.0,0.0,0.0,0.0,0.0,0.0,0.0,0.0,0.0,0.0,0.0,0.0,0.0,0.0,0.0,0.0,0.0,0.0,5.621818082607662,900.1363367781092,0.3227543802004864,1059.6952380844705,1.6916668693392107,1.2576249988872006,0.333899999702659,0.5000050004925916,5e-05,1,0.4,0,0.0,-0.0095828725100468,-0.0177538094000113,4.187271129207449,1.3451282145600387,7.671597190743047e-15,0.3414811705278453,0.1094655490524244,0.547442939052841,1.6031423876362785,5.103650384717247,22664.825686384604,1.7165803847344414,5.63330154296855,9.6955683390105,1.0,2.0,1.0114590642740084,-0.5030099079654162,0.0004581296443938
"MATLAB 1-34 PM Tue, Jun 11, 2024 Run0 .csv",5.873512804774865,1247.750082409449,0.4844797138558911,1447.7592866459831,0.0,-0.4793427217347856,-0.4050165496549794,-3.0059772655462904,0.0,-0.8686782747075531,0.0,0.0,0.0,0.0,0.0,0.0,0.0,0.0,0.0,-1630.6189318495851,0.0,0.0,0.0,0.0,0.0,0.0,-1.2571198527798058,0.0,0.0,0.0,0.0,0.0,0.0,0.0,4.85471431089678,650.9149115173442,-0.1023490829993833,1002.1880311045722,0.0,-0.4782602963330468,-0.3999535406299837,-2.622303549147647,0.0,-0.823255894167563,0.0,0.0,0.0,0.0,0.0,0.0,0.0,0.0,0.0,0.0,0.0,0.0,0.0,0.0,0.0,0.0,-1.0227333733937105,0.0,0.0,0.0,0.0,0.0,0.0,0.0,0,0.0,0,5.873512804774865,1247.750082409449,0.4844797138558911,1447.7592866459831,0.0,0.0,0.0,0.0,0.0,0,0.0,0.0,0.0,0.0,0.0,0.0,0.0,0.0,0.0,0.0,0.0,0.0,0.0,0.0,0.0,0.0,0.0,0.0,0.0,0.0,4.85471431089678,650.9149115173442,0.2246936551557637,1002.1880311045722,0.0,0.0,0.0,0.0,0.0,0,0.0,0,0.0,0.0,0.0,0.0,0.0,0.0,0.0,0.0,0.0,0.0,0.0,0.0,0.0,0.0,0.0,0.0,0.0,0.0,0.0,0.0
"MATLAB 1-38 PM Fri, Sep 13, 2024 Run1 .csv",4.989857433153853,1238.271212041231,0.9767257957491275,1592.9869493898293,0.0,-0.4845468564623562,-0.4114616359874936,-3.028328469663003,0.0,-0.8716658951042591,0.0,0.0,0.0,0.0,0.0,0.0,0.0,0.0,0.0,-1666.8341419770766,0.0,0.0,0.0,0.0,0.0,0.0,-1.268068374068334,0.0,0.0,0.0,0.0,0.0,0.0,0.0,4.60675109461183,1077.408199168216,0.5430273229331013,1493.5849507946882,0.0,-0.4838965866795634,-0.4070302081521218,-2.649627376835494,0.0,-0.8269506016326913,0.0,0.0,0.0,0.0,0.0,0.0,0.0,0.0,0.0,0.0,0.0,0.0,0.0,0.0,0.0,0.0,-1.034783273248404,0.0,0.0,0.0,0.0,0.0,0.0,0.0,0,0.0,0,4.989857433153853,1238.271212041231,0.9767257957491275,1592.9869493898293,0.0,0.0,0.0,0.0,0.0,0,0.0,0.0,0.0,0.0,0.0,0.0,0.0,0.0,0.0,0.0,0.0,0.0,0.0,0.0,0.0,0.0,0.0,0.0,0.0,0.0,4.60675109461183,1077.408199168216,0.8689921493504075,1493.5849507946882,0.0,0.0,0.0,0.0,0.0,0,0.0,0,0.0,0.0,0.0,0.0,0.0,0.0,0.0,0.0,0.0,0.0,0.0,0.0,0.0,0.0,0.0,0.0,0.0,0.0,0.0,0.0
"MATLAB 1-43 PM Fri, Jun 14, 2024 Run3 .csv",6.185301599460113,1986.024201195868,0.5632680981165269,1805.0619427457727,0.0,-0.4897509911899267,-0.4179067223200077,-3.0506796737797157,0.0,-0.8746535155009649,0.0,0.0,0.0,0.0,0.0,0.0,0.0,0.0,0.0,-1703.0493521045682,0.0,0.0,0.0,0.0,0.0,0.0,-1.2790168953568624,0.0,0.0,0.0,0.0,0.0,0.0,0.0,5.361807701870195,1235.99024610225,0.1018725573432224,1446.400480192039,0.0633093483353536,-0.3635203771377357,-0.3096068757668539,-0.9769342028485304,0.00216,2.16935469090218,0.0,0.1412061680468815,-0.1955979086385753,3.814013874766894,0.5024053041678411,0.4585086045923774,0.0682490175471436,0.4730155151784017,1.0316393420771703,5.069460024920234,133691.28441162538,7.929146999309978e-15,0.923752902440588,1.4391496871774323,3.714798149156611,0.3928571428571428,-0.0468331731030977,0.1158126828698319,-1.3947809863120668,0.0026273381710053,0.0173963780964121,0.0198370778560638,0.0014987001832262,1.1402993051843942,0,0.0,0,6.185301599460113,1986.024201195868,0.5632680981165269,1805.0619427457727,0.0,0.0,0.0,0.0,0.0,0,0.0,0.0,0.0,0.0,0.0,0.0,0.0,0.0,0.0,0.0,0.0,0.0,0.0,0.0,0.0,0.0,0.0,0.0,0.0,0.0,5.361807701870195,1235.99024610225,0.4267594720226879,1446.400480192039,0.0633093483353536,0.1260124998883443,0.104499999907406,1.7000170016748113,0.00216,3,0.0,0,0.0,0.1412061680468814,-0.1955979086385757,3.814013874766894,0.5024053041678411,7.929146999309978e-15,0.4585086045923774,0.0682490175471436,0.4730155151784017,1.0316393420771703,5.069460024920234,133691.28441162538,0.9237529024405878,1.4391496871774323,3.714798149156611,0.3928571428571428,1.0,0.1158126828698319,-1.3947809863120668,0.0026273381710053
"MATLAB 1-43 PM Thu, Oct 31, 2024 Run2 .csv",5.720618072966664,2501.673763823273,0.6399971287936604,1647.3006309372947,0.0,-0.4907918181354408,-0.4191957395865106,-3.055149914603058,0.0,-0.8752510395803061,0.0,0.0,0.0,0.0,0.0,0.0,0.0,0.0,0.0,-1710.2923941300664,0.0,0.0,0.0,0.0,0.0,0.0,-1.281206599614568,0.0,0.0,0.0,0.0,0.0,0.0,0.0,4.904640452581612,1929.7184878979529,0.1652029723059463,1836.1253407203155,0.0,-0.4906601350953834,-0.4155222091786875,-2.682415970060912,0.0,-0.8313842505908453,0.0,0.0,0.0,0.0,0.0,0.0,0.0,0.0,0.0,0.0,0.0,0.0,0.0,0.0,0.0,0.0,-1.0492431530740365,0.0,0.0,0.0,0.0,0.0,0.0,0.0,0,0.0,0,5.720618072966664,2501.673763823273,0.6399971287936604,1647.3006309372947,0.0,0.0,0.0,0.0,0.0,0,0.0,0.0,0.0,0.0,0.0,0.0,0.0,0.0,0.0,0.0,0.0,0.0,0.0,0.0,0.0,0.0,0.0,0.0,0.0,0.0,4.904640452581612,1929.7184878979529,0.4898743046378435,1836.1253407203155,0.0,0.0,0.0,0.0,0.0,0,0.0,0,0.0,0.0,0.0,0.0,0.0,0.0,0.0,0.0,0.0,0.0,0.0,0.0,0.0,0.0,0.0,0.0,0.0,0.0,0.0,0.0
"MATLAB 1-45 PM Tue, Oct 22, 2024 Run0 .csv",4.917852723395592,2856.936574895504,0.3023231439473672,1257.8500806126506,0.0,-0.4949551259174973,-0.4243518086525219,-3.073030877896428,0.0,-0.8776411358976709,0.0,0.0,0.0,0.0,0.0,0.0,0.0,0.0,0.0,-1739.2645622320597,0.0,0.0,0.0,0.0,0.0,0.0,-1.2899654166453909,0.0,0.0,0.0,0.0,0.0,0.0,0.0,4.95741186128768,2206.291816694759,-0.0455532521543436,1401.2743632405932,0.0,-0.4951691673725967,-0.421183543196398,-2.7042750322111893,0.0,-0.8343400165629481,0.0,0.0,0.0,0.0,0.0,0.0,0.0,0.0,0.0,0.0,0.0,0.0,0.0,0.0,0.0,0.0,-1.0588830729577916,0.0,0.0,0.0,0.0,0.0,0.0,0.0,0,1.0,0,4.917852723395592,2856.936574895504,0.3023231439473672,1257.8500806126506,0.0,0.0,0.0,0.0,0.0,0,0.0,0.0,0.0,0.0,0.0,0.0,0.0,0.0,0.0,0.0,0.0,0.0,0.0,0.0,0.0,0.0,0.0,0.0,0.0,0.0,4.95741186128768,2206.291816694759,0.2782557507872809,1401.2743632405932,0.0,0.0,0.0,0.0,0.0,0,0.0,0,1.0,0.0,0.0,0.0,0.0,0.0,0.0,0.0,0.0,0.0,0.0,0.0,0.0,0.0,0.0,0.0,0.0,0.0,0.0,0.0
"MATLAB 1-51 PM Tue, Oct 15, 2024 Run0 .csv",5.823920065280072,2433.3073234322637,0.3876433708051532,1256.0171189488804,0.0,-0.4991184336995538,-0.4295078777185332,-3.0909118411897976,0.0,-0.8800312322150357,0.0,0.0,0.0,0.0,0.0,0.0,0.0,0.0,0.0,-1768.236730334053,0.0,0.0,0.0,0.0,0.0,0.0,-1.2987242336762137,0.0,0.0,0.0,0.0,0.0,0.0,0.0,5.812698828153015,2021.0805007444765,0.0962391237489831,1341.9962939770028,0.0,-0.49967819964981,-0.4268448772141085,-2.726134094361468,0.0,-0.8372957825350508,0.0,0.0,0.0,0.0,0.0,0.0,0.0,0.0,0.0,0.0,0.0,0.0,0.0,0.0,0.0,0.0,-1.0685229928415465,0.0,0.0,0.0,0.0,0.0,0.0,0.0,0,1.0,0,5.823920065280072,2433.3073234322637,0.3876433708051532,1256.0171189488804,0.0,0.0,0.0,0.0,0.0,0,0.0,0.0,0.0,0.0,0.0,0.0,0.0,0.0,0.0,0.0,0.0,0.0,0.0,0.0,0.0,0.0,0.0,0.0,0.0,0.0,5.812698828153015,2021.0805007444765,0.419185797300335,1341.9962939770028,0.0,0.0,0.0,0.0,0.0,0,0.0,0,1.0,0.0,0.0,0.0,0.0,0.0,0.0,0.0,0.0,0.0,0.0,0.0,0.0,0.0,0.0,0.0,0.0,0.0,0.0,0.0
"MATLAB 1-52 PM Fri, Jun 14, 2024 Run4 .csv",5.670817902903311,1400.3912347001003,0.4765485033704355,1623.6837712609504,0.0,-0.501200087590582,-0.4320859122515389,-3.0998523228364827,0.0,-0.8812262803737181,0.0,0.0,0.0,0.0,0.0,0.0,0.0,0.0,0.0,-1782.7228143850496,0.0,0.0,0.0,0.0,0.0,0.0,-1.303103642191625,0.0,0.0,0.0,0.0,0.0,0.0,0.0,4.403697568015829,718.3402932688499,-0.0343376192181529,1187.951512674885,0.1438771005527243,-0.2992027159678638,-0.2878255443486527,-1.637052624352905,0.00023,2.161226334478898,0.0909090909090909,0.1675715861775812,-0.6327957750806501,3.3326240482869536,0.7096981240076833,0.6493188859661674,0.0529537676842734,0.2975836121425926,0.4583011807823778,4.355962971412901,107175.72212718424,1.0889359254726291e-14,0.6113721899393396,0.9796536947573592,3.1109403504140065,0.375,0.926657047216576,-0.0431734622691107,-1.7005511901176449,0.0017756539583207,0.0162702906131743,0.0175181579589843,0.0009393981887897,1.0766960698784005,0,0.0,0,5.670817902903311,1400.3912347001003,0.4765485033704355,1623.6837712609504,0.0,0.0,0.0,0.0,0.0,0,0.0,0.0,0.0,0.0,0.0,0.0,0.0,0.0,0.0,0.0,0.0,0.0,0.0,0.0,0.0,0.0,0.0,0.0,0.0,0.0,4.403697568015829,718.3402932688499,0.2881778896380625,1187.951512674885,0.1438771005527243,0.2027299998205528,0.141849999874311,1.1000110010837014,0.00023,3,0.0909090909090909,0,0.0,0.1675715861775814,-0.6327957750806497,3.332624048286953,0.7096981240076833,1.0889359254726291e-14,0.6493188859661674,0.0529537676842734,0.2975836121425926,0.4583011807823778,4.355962971412901,107175.72212718424,0.6113721899393395,0.9796536947573592,3.1109403504140056,0.375,2.0,-0.0431734622691107,-1.7005511901176449,0.0017756539583207
"MATLAB 1-55 PM Fri, Jun 14, 2024 Run5 .csv",5.147878876711308,911.4557646079128,0.3727797775700432,1326.7911908865774,0.0,-0.5043225684271243,-0.4359529640510474,-3.11326304530651,0.0,-0.8830188526117416,0.0,0.0,0.0,0.0,0.0,0.0,0.0,0.0,0.0,-1804.4519404615448,0.0,0.0,0.0,0.0,0.0,0.0,-1.3096727549647418,0.0,0.0,0.0,0.0,0.0,0.0,0.0,3.8869838065178097,491.3498610401585,-0.1040097939803577,977.2125835354408,0.0,-0.5053144899963267,-0.4339215447362466,-2.753457922049315,0.0,-0.8409904900001791,0.0,0.0,0.0,0.0,0.0,0.0,0.0,0.0,0.0,0.0,0.0,0.0,0.0,0.0,0.0,0.0,-1.0805728926962404,0.0,0.0,0.0,0.0,0.0,0.0,0.0,0,0.0,0,5.147878876711308,911.4557646079128,0.3727797775700432,1326.7911908865774,0.0,0.0,0.0,0.0,0.0,0,0.0,0.0,0.0,0.0,0.0,0.0,0.0,0.0,0.0,0.0,0.0,0.0,0.0,0.0,0.0,0.0,0.0,0.0,0.0,0.0,3.8869838065178097,491.3498610401585,0.2178589678331533,977.2125835354408,0.0,0.0,0.0,0.0,0.0,0,0.0,0,0.0,0.0,0.0,0.0,0.0,0.0,0.0,0.0,0.0,0.0,0.0,0.0,0.0,0.0,0.0,0.0,0.0,0.0,0.0,0.0
"MATLAB 1-55 PM Mon, Oct 28, 2024 Run0 .csv",5.993953420271031,2491.0759486572224,0.4630812478372637,1429.3286863953026,0.0,-0.5053633953726384,-0.4372419813175502,-3.117733286129853,0.0,-0.8836163766910828,0.0,0.0,0.0,0.0,0.0,0.0,0.0,0.0,0.0,-1811.6949824870428,0.0,0.0,0.0,0.0,0.0,0.0,-1.3118624592224477,0.0,0.0,0.0,0.0,0.0,0.0,0.0,6.188424671360297,2288.2961714093453,0.2411106865872636,1375.508847272243,0.0,-0.50644174806563,-0.4353368782406742,-2.7589226875868844,0.0,-0.8417294314932048,0.0,0.0,0.0,0.0,0.0,0.0,0.0,0.0,0.0,0.0,0.0,0.0,0.0,0.0,0.0,0.0,-1.082982872667179,0.0,0.0,0.0,0.0,0.0,0.0,0.0,0,0.0,0,5.993953420271031,2491.0759486572224,0.4630812478372637,1429.3286863953026,0.0,0.0,0.0,0.0,0.0,0,0.0,0.0,0.0,0.0,0.0,0.0,0.0,0.0,0.0,0.0,0.0,0.0,0.0,0.0,0.0,0.0,0.0,0.0,0.0,0.0,6.188424671360297,2288.2961714093453,0.5627638660532065,1375.508847272243,0.0,0.0,0.0,0.0,0.0,0,0.0,0,0.0,0.0,0.0,0.0,0.0,0.0,0.0,0.0,0.0,0.0,0.0,0.0,0.0,0.0,0.0,0.0,0.0,0.0,0.0,0.0
"MATLAB 1-56 PM Thu, Oct 24, 2024 Run0 .csv",5.470864119520456,2448.9271971370435,0.3031194726049526,1213.7397925720898,0.0,-0.5064042223181526,-0.4385309985840531,-3.122203526953195,0.0,-0.8842139007704239,0.0,0.0,0.0,0.0,0.0,0.0,0.0,0.0,0.0,-1818.9380245125408,0.0,0.0,0.0,0.0,0.0,0.0,-1.3140521634801532,0.0,0.0,0.0,0.0,0.0,0.0,0.0,5.916657543844849,2239.320107535003,0.1179680653929494,1245.3035295308946,0.0,-0.5075690061349334,-0.4367522117451018,-2.764387453124454,0.0,-0.8424683729862305,0.0,0.0,0.0,0.0,0.0,0.0,0.0,0.0,0.0,0.0,0.0,0.0,0.0,0.0,0.0,0.0,-1.0853928526381178,0.0,0.0,0.0,0.0,0.0,0.0,0.0,0,0.0,0,5.470864119520456,2448.9271971370435,0.3031194726049526,1213.7397925720898,0.0,0.0,0.0,0.0,0.0,0,0.0,0.0,0.0,0.0,0.0,0.0,0.0,0.0,0.0,0.0,0.0,0.0,0.0,0.0,0.0,0.0,0.0,0.0,0.0,0.0,5.916657543844849,2239.320107535003,0.4394056625113242,1245.3035295308946,0.0,0.0,0.0,0.0,0.0,0,0.0,0,0.0,0.0,0.0,0.0,0.0,0.0,0.0,0.0,0.0,0.0,0.0,0.0,0.0,0.0,0.0,0.0,0.0,0.0,0.0,0.0
"MATLAB 1-59 PM Tue, Oct 22, 2024 Run1 .csv",5.831079117998857,2857.583433452512,0.596202062075764,1530.1958336155203,0.0,-0.5074450492636667,-0.4398200158505559,-3.1266737677765377,0.0,-0.8848114248497652,0.0,0.0,0.0,0.0,0.0,0.0,0.0,0.0,0.0,-1826.1810665380397,0.0,0.0,0.0,0.0,0.0,0.0,-1.316241867737859,0.0,0.0,0.0,0.0,0.0,0.0,0.0,5.56755213895883,2043.3275059393748,0.2647542511461145,1573.1551403424537,0.0,-0.5086962642042366,-0.4381675452495294,-2.769852218662024,0.0,-0.8432073144792561,0.0,0.0,0.0,0.0,0.0,0.0,0.0,0.0,0.0,0.0,0.0,0.0,0.0,0.0,0.0,0.0,-1.0878028326090563,0.0,0.0,0.0,0.0,0.0,0.0,0.0,0,0.0,0,5.831079117998857,2857.583433452512,0.596202062075764,1530.1958336155203,0.0,0.0,0.0,0.0,0.0,0,0.0,0.0,0.0,0.0,0.0,0.0,0.0,0.0,0.0,0.0,0.0,0.0,0.0,0.0,0.0,0.0,0.0,0.0,0.0,0.0,5.56755213895883,2043.3275059393748,0.5859762659169211,1573.1551403424537,0.0,0.0,0.0,0.0,0.0,0,0.0,0,0.0,0.0,0.0,0.0,0.0,0.0,0.0,0.0,0.0,0.0,0.0,0.0,0.0,0.0,0.0,0.0,0.0,0.0,0.0,0.0
"MATLAB 10-49 AM Tue, Jun 4, 2024 Run0 .csv",4.202819720269091,457.2808420221176,0.2268669491446123,758.782109947729,0.0,-0.509526703154695,-0.4423980503835616,-3.1356142494232224,0.0,-0.8860064730084476,0.0,0.0,0.0,0.0,0.0,0.0,0.0,0.0,0.0,-1840.667150589036,0.0,0.0,0.0,0.0,0.0,0.0,-1.3206212762532703,0.0,0.0,0.0,0.0,0.0,0.0,0.0,3.448088295797488,300.06621537371626,-0.2026159472430085,593.1694659821488,0.0,-0.5109507803428434,-0.4409982122583847,-2.7807817497371623,0.0,-0.8446851974653075,0.0,0.0,0.0,0.0,0.0,0.0,0.0,0.0,0.0,0.0,0.0,0.0,0.0,0.0,0.0,0.0,-1.0926227925509342,0.0,0.0,0.0,0.0,0.0,0.0,0.0,0,0.0,0,4.202819720269091,457.2808420221176,0.2268669491446123,758.782109947729,0.0,0.0,0.0,0.0,0.0,0,0.0,0.0,0.0,0.0,0.0,0.0,0.0,0.0,0.0,0.0,0.0,0.0,0.0,0.0,0.0,0.0,0.0,0.0,0.0,0.0,3.448088295797488,300.06621537371626,0.1181749028326616,593.1694659821488,0.0,0.0,0.0,0.0,0.0,0,0.0,0,0.0,0.0,0.0,0.0,0.0,0.0,0.0,0.0,0.0,0.0,0.0,0.0,0.0,0.0,0.0,0.0,0.0,0.0,0.0,0.0
"MATLAB 11-16 AM Wed, Mar 6, 2024 Run0 .csv",1.5774415319689736,191.06360792047775,0.104321938019654,780.2046091525416,0.0,-0.510567530100209,-0.4436870676500644,-3.140084490246565,0.0,-0.8866039970877887,0.0,0.0,0.0,0.0,0.0,0.0,0.0,0.0,0.0,-1847.9101926145345,0.0,0.0,0.0,0.0,0.0,0.0,-1.322810980510976,0.0,0.0,0.0,0.0,0.0,0.0,0.0,2.70771990938308,622.6049290388876,0.1302458879612641,1633.6894476719904,0.0,-0.5120780384121466,-0.4424135457628123,-2.786246515274732,0.0,-0.8454241389583331,0.0,0.0,0.0,0.0,0.0,0.0,0.0,0.0,0.0,0.0,0.0,0.0,0.0,0.0,0.0,0.0,-1.095032772521873,0.0,0.0,0.0,0.0,0.0,0.0,0.0,0,0.0,0,1.5774415319689736,191.06360792047775,0.104321938019654,780.2046091525416,0.0,0.0,0.0,0.0,0.0,0,0.0,0.0,0.0,0.0,0.0,0.0,0.0,0.0,0.0,0.0,0.0,0.0,0.0,0.0,0.0,0.0,0.0,0.0,0.0,0.0,2.70771990938308,622.6049290388876,0.4508211556893662,1633.6894476719904,0.0,0.0,0.0,0.0,0.0,0,0.0,0,0.0,0.0,0.0,0.0,0.0,0.0,0.0,0.0,0.0,0.0,0.0,0.0,0.0,0.0,0.0,0.0,0.0,0.0,0.0,0.0
"MATLAB 11-23 AM Wed, Mar 6, 2024 Run1.csv",2.589472160915009,520.7118714966758,0.3833874601812119,1459.8475193257193,0.0,-0.5116083570457232,-0.4449760849165672,-3.144554731069908,0.0,-0.8872015211671299,0.0,0.0,0.0,0.0,0.0,0.0,0.0,0.0,0.0,-1855.153234640033,0.0,0.0,0.0,0.0,0.0,0.0,-1.3250006847686815,0.0,0.0,0.0,0.0,0.0,0.0,0.0,4.292387272899896,1380.4788591489364,0.7346497502140261,2310.83089047554,0.0,-0.51320529648145,-0.4438288792672399,-2.7917112808123017,0.0,-0.8461630804513588,0.0,0.0,0.0,0.0,0.0,0.0,0.0,0.0,0.0,0.0,0.0,0.0,0.0,0.0,0.0,0.0,-1.0974427524928116,0.0,0.0,0.0,0.0,0.0,0.0,0.0,0,0.0,0,2.589472160915009,520.7118714966758,0.3833874601812119,1459.8475193257193,0.0,0.0,0.0,0.0,0.0,0,0.0,0.0,0.0,0.0,0.0,0.0,0.0,0.0,0.0,0.0,0.0,0.0,0.0,0.0,0.0,0.0,0.0,0.0,0.0,0.0,4.292387272899896,1380.4788591489364,1.05500943559456,2310.83089047554,0.0,0.0,0.0,0.0,0.0,0,0.0,0,0.0,0.0,0.0,0.0,0.0,0.0,0.0,0.0,0.0,0.0,0.0,0.0,0.0,0.0,0.0,0.0,0.0,0.0,0.0,0.0
"MATLAB 11-25 AM Wed, Mar 6, 2024 Run2.csv",2.5559081265819183,514.5508416287194,0.3740105188666097,1450.9462838959196,0.0,-0.5126491839912373,-0.4462651021830701,-3.14902497189325,0.0,-0.8877990452464711,0.0,0.0,0.0,0.0,0.0,0.0,0.0,0.0,0.0,-1862.3962766655309,0.0,0.0,0.0,0.0,0.0,0.0,-1.3271903890263874,0.0,0.0,0.0,0.0,0.0,0.0,0.0,4.2681095642515565,1371.3523531420046,0.7093988880202899,2299.8302987077923,0.0,-0.5143325545507533,-0.4452442127716675,-2.797176046349871,0.0,-0.8469020219443845,0.0,0.0,0.0,0.0,0.0,0.0,0.0,0.0,0.0,0.0,0.0,0.0,0.0,0.0,0.0,0.0,-1.0998527324637504,0.0,0.0,0.0,0.0,0.0,0.0,0.0,0,0.0,0,2.5559081265819183,514.5508416287194,0.3740105188666097,1450.9462838959196,0.0,0.0,0.0,0.0,0.0,0,0.0,0.0,0.0,0.0,0.0,0.0,0.0,0.0,0.0,0.0,0.0,0.0,0.0,0.0,0.0,0.0,0.0,0.0,0.0,0.0,4.2681095642515565,1371.3523531420046,1.0295429910532556,2299.8302987077923,0.0,0.0,0.0,0.0,0.0,0,0.0,0,0.0,0.0,0.0,0.0,0.0,0.0,0.0,0.0,0.0,0.0,0.0,0.0,0.0,0.0,0.0,0.0,0.0,0.0,0.0,0.0
"MATLAB 11-27 AM Wed, Mar 6, 2024 Run3.csv",2.6189888827951613,546.7557107084009,0.3828787626550051,1498.8187564809757,0.0,-0.5136900109367514,-0.4475541194495729,-3.1534952127165923,0.0,-0.8883965693258123,0.0,0.0,0.0,0.0,0.0,0.0,0.0,0.0,0.0,-1869.6393186910293,0.0,0.0,0.0,0.0,0.0,0.0,-1.329380093284093,0.0,0.0,0.0,0.0,0.0,0.0,0.0,4.395045251096303,1467.8351536106331,0.7148123553662576,2346.262601812591,0.0,-0.5154598126200567,-0.4466595462760951,-2.8026408118874406,0.0,-0.8476409634374101,0.0,0.0,0.0,0.0,0.0,0.0,0.0,0.0,0.0,0.0,0.0,0.0,0.0,0.0,0.0,0.0,-1.102262712434689,0.0,0.0,0.0,0.0,0.0,0.0,0.0,0,0.0,0,2.6189888827951613,546.7557107084009,0.3828787626550051,1498.8187564809757,0.0,0.0,0.0,0.0,0.0,0,0.0,0.0,0.0,0.0,0.0,0.0,0.0,0.0,0.0,0.0,0.0,0.0,0.0,0.0,0.0,0.0,0.0,0.0,0.0,0.0,4.395045251096303,1467.8351536106331,1.0347408760516552,2346.262601812591,0.0,0.0,0.0,0.0,0.0,0,0.0,0,0.0,0.0,0.0,0.0,0.0,0.0,0.0,0.0,0.0,0.0,0.0,0.0,0.0,0.0,0.0,0.0,0.0,0.0,0.0,0.0
"MATLAB 11-35 AM Fri, May 31, 2024 Run0 .csv",4.699278639579815,858.3322023151671,0.0912994367680667,431.950041666122,0.0,-0.5157716648277796,-0.4501321539825786,-3.162435694363277,0.0,-0.8895916174844947,0.0,0.0,0.0,0.0,0.0,0.0,0.0,0.0,0.0,-1884.125402742026,0.0,0.0,0.0,0.0,0.0,0.0,-1.3337595017995043,0.0,0.0,0.0,0.0,0.0,0.0,0.0,4.857887392881021,882.4410243545689,-0.2695475009593206,376.06851542157074,0.0,-0.5177143287586633,-0.4494902132849504,-2.81357034296258,0.0,-0.8491188464234616,0.0,0.0,0.0,0.0,0.0,0.0,0.0,0.0,0.0,0.0,0.0,0.0,0.0,0.0,0.0,0.0,-1.1070826723765663,0.0,0.0,0.0,0.0,0.0,0.0,0.0,0,0.0,0,4.699278639579815,858.3322023151671,0.0912994367680667,431.950041666122,0.0,0.0,0.0,0.0,0.0,0,0.0,0.0,0.0,0.0,0.0,0.0,0.0,0.0,0.0,0.0,0.0,0.0,0.0,0.0,0.0,0.0,0.0,0.0,0.0,0.0,4.857887392881021,882.4410243545689,0.0499498550309406,376.06851542157074,0.0,0.0,0.0,0.0,0.0,0,0.0,0,0.0,0.0,0.0,0.0,0.0,0.0,0.0,0.0,0.0,0.0,0.0,0.0,0.0,0.0,0.0,0.0,0.0,0.0,0.0,0.0
"MATLAB 11-51 AM Tue, Mar 5, 2024 Run1 .csv",5.227292042509227,2787.2883225671567,0.2393547506807924,1813.4147113066376,0.1972120512758362,-0.3706123444070217,-0.3741711713123843,3.6331008706980783,0.001092,2.1098108584361643,0.0,0.03370271675899,0.1143735542982171,5.715849587523167,1.348918279690685,5.2256514588579855e-15,0.0030044235821522,0.0023089663120683,0.994598411503034,-1560.3237753635742,4.498577104870459,191135.78504845215,36.39786325155815,11.066743346133032,0.5257467404071141,0.265625,-1.33594920605721,1.1893726234995852,1.1561700872390055,0.0022779580950737,0.0169575397126814,0.0232322490215301,0.0016658667215949,1.3700247450493193,5.59643135985322,3799.9503767903775,0.024303637444382,2294.012733664505,0.0,-0.5188415868279665,-0.450905546789378,-2.819035108500149,0.0,-0.8498577879164873,0.0,0.0,0.0,0.0,0.0,0.0,0.0,0.0,0.0,0.0,0.0,0.0,0.0,0.0,0.0,0.0,-1.1094926523475053,0.0,0.0,0.0,0.0,0.0,0.0,0.0,0,0.0,0,5.227292042509227,2787.2883225671567,0.2393547506807924,1813.4147113066376,0.1972120512758362,0.146200147366272,0.0772499999366971,6.800006805884698,0.001092,3,0.0,0.03370271675899,0.1143735542982158,5.715849587523167,1.348918279690685,5.2256514588579855e-15,0.0030044235821522,0.0023089663120683,0.994598411503034,331.0446694039499,4.498577104870459,191135.78504845215,36.39786325155816,11.066743346133032,0.5257467404071141,0.265625,0.0,1.1893726234995852,1.1561700872390055,0.0022779580950737,5.59643135985322,3799.9503767903775,0.3435854110870751,2294.012733664505,0.0,0.0,0.0,0.0,0.0,0,0.0,0,0.0,0.0,0.0,0.0,0.0,0.0,0.0,0.0,0.0,0.0,0.0,0.0,0.0,0.0,0.0,0.0,0.0,0.0,0.0,0.0
"MATLAB 12-11 PM Tue, Apr 2, 2024 Run0 .csv",3.3347954102645234,530.98275829201,0.2229808847579072,1058.3312056508485,0.0,-0.5220166265008643,-0.4578662575815956,-3.1892571393033324,0.0,-0.8931767619605419,0.0,0.0,0.0,0.0,0.0,0.0,0.0,0.0,0.0,-1927.583654895016,0.0,0.0,0.0,0.0,0.0,0.0,-1.3468977273457383,0.0,0.0,0.0,0.0,0.0,0.0,0.0,5.038598341240877,1429.7691106789698,0.1764539338099593,1602.9205655391825,0.0,-0.5244778771744832,-0.4579822143115161,-2.846358936187997,0.0,-0.8535524953816156,0.0,0.0,0.0,0.0,0.0,0.0,0.0,0.0,0.0,0.0,0.0,0.0,0.0,0.0,0.0,0.0,-1.1215425522021991,0.0,0.0,0.0,0.0,0.0,0.0,0.0,0,0.0,0,3.3347954102645234,530.98275829201,0.2229808847579072,1058.3312056508485,0.0,0.0,0.0,0.0,0.0,0,0.0,0.0,0.0,0.0,0.0,0.0,0.0,0.0,0.0,0.0,0.0,0.0,0.0,0.0,0.0,0.0,0.0,0.0,0.0,0.0,5.038598341240877,1429.7691106789698,0.4946577957148116,1602.9205655391825,0.0,0.0,0.0,0.0,0.0,0,0.0,0,0.0,0.0,0.0,0.0,0.0,0.0,0.0,0.0,0.0,0.0,0.0,0.0,0.0,0.0,0.0,0.0,0.0,0.0,0.0,0.0
"MATLAB 12-14 PM Tue, Apr 2, 2024 Run1 .csv",4.502636519985091,1288.3882806041102,0.1209200148266143,830.2725778150427,0.0,-0.5261799342829208,-0.4630223266476069,-3.2071381025967023,0.0,-0.8955668582779066,0.0,0.0,0.0,0.0,0.0,0.0,0.0,0.0,0.0,-1956.555822997009,0.0,0.0,0.0,0.0,0.0,0.0,-1.3556565443765611,0.0,0.0,0.0,0.0,0.0,0.0,0.0,3.43667913424552,1484.9154637214062,-0.2051380519377175,573.8363800014886,0.0,-0.5289869094516966,-0.4636435483292266,-2.8682179983382747,0.0,-0.8565082613537183,0.0,0.0,0.0,0.0,0.0,0.0,0.0,0.0,0.0,0.0,0.0,0.0,0.0,0.0,0.0,0.0,-1.1311824720859542,0.0,0.0,0.0,0.0,0.0,0.0,0.0,0,0.0,0,4.502636519985091,1288.3882806041102,0.1209200148266143,830.2725778150427,0.0,0.0,0.0,0.0,0.0,0,0.0,0.0,0.0,0.0,0.0,0.0,0.0,0.0,0.0,0.0,0.0,0.0,0.0,0.0,0.0,0.0,0.0,0.0,0.0,0.0,3.43667913424552,1484.9154637214062,0.112203480576862,573.8363800014886,0.0,0.0,0.0,0.0,0.0,0,0.0,0,0.0,0.0,0.0,0.0,0.0,0.0,0.0,0.0,0.0,0.0,0.0,0.0,0.0,0.0,0.0,0.0,0.0,0.0,0.0,0.0
"MATLAB 12-24 PM Tue, Apr 2, 2024 Run2 .csv",2.582165738352991,265.5327459541967,0.0995637635074246,663.2859345519719,0.0,-0.5345065498470336,-0.4733344647796296,-3.2429000291834424,0.0,-0.9003470509126361,0.0,0.0,0.0,0.0,0.0,0.0,0.0,0.0,0.0,-2014.5001592009955,0.0,0.0,0.0,0.0,0.0,0.0,-1.3731741784382063,0.0,0.0,0.0,0.0,0.0,0.0,0.0,3.712955305692615,603.09977781722,-0.0321648571489388,1044.0315755207057,0.0,-0.5380049740061232,-0.4749662163646475,-2.9119361226388305,0.0,-0.8624197932979236,0.0,0.0,0.0,0.0,0.0,0.0,0.0,0.0,0.0,0.0,0.0,0.0,0.0,0.0,0.0,0.0,-1.1504623118534645,0.0,0.0,0.0,0.0,0.0,0.0,0.0,0,0.0,0,2.582165738352991,265.5327459541967,0.0995637635074246,663.2859345519719,0.0,0.0,0.0,0.0,0.0,0,0.0,0.0,0.0,0.0,0.0,0.0,0.0,0.0,0.0,0.0,0.0,0.0,0.0,0.0,0.0,0.0,0.0,0.0,0.0,0.0,3.712955305692615,603.09977781722,0.2834520165850954,1044.0315755207057,0.0,0.0,0.0,0.0,0.0,0,0.0,0,0.0,0.0,0.0,0.0,0.0,0.0,0.0,0.0,0.0,0.0,0.0,0.0,0.0,0.0,0.0,0.0,0.0,0.0,0.0,0.0
"MATLAB 12-27 PM Fri, Sep 6, 2024 Run1 .csv",5.75541571260047,2592.9576969631357,0.3010148567518875,1091.9015531395555,0.0,-0.53866985762909,-0.478490533845641,-3.2607809924768123,0.0,-0.9027371472300008,0.0,0.0,0.0,0.0,0.0,0.0,0.0,0.0,0.0,-2043.4723273029888,0.0,0.0,0.0,0.0,0.0,0.0,-1.3819329954690291,0.0,0.0,0.0,0.0,0.0,0.0,0.0,6.093958802182487,2746.673901917692,0.0089312687486501,1146.4957082983765,0.0,-0.5425140062833365,-0.480627550382358,-2.933795184789109,0.0,-0.8653755592700263,0.0,0.0,0.0,0.0,0.0,0.0,0.0,0.0,0.0,0.0,0.0,0.0,0.0,0.0,0.0,0.0,-1.1601022317372192,0.0,0.0,0.0,0.0,0.0,0.0,0.0,0,0.0,0,5.75541571260047,2592.9576969631357,0.3010148567518875,1091.9015531395555,0.0,0.0,0.0,0.0,0.0,0,0.0,0.0,0.0,0.0,0.0,0.0,0.0,0.0,0.0,0.0,0.0,0.0,0.0,0.0,0.0,0.0,0.0,0.0,0.0,0.0,6.093958802182487,2746.673901917692,0.3236858130924117,1146.4957082983765,0.0,0.0,0.0,0.0,0.0,0,0.0,0,0.0,0.0,0.0,0.0,0.0,0.0,0.0,0.0,0.0,0.0,0.0,0.0,0.0,0.0,0.0,0.0,0.0,0.0,0.0,0.0
"MATLAB 12-29 PM Tue, Apr 2, 2024 Run3 .csv",3.67893543101434,528.0461598394036,0.1840271288378,881.2204077257614,0.0,-0.5428331654111466,-0.4836466029116523,-3.278661955770182,0.0,-0.9051272435473656,0.0,0.0,0.0,0.0,0.0,0.0,0.0,0.0,0.0,-2072.4444954049823,0.0,0.0,0.0,0.0,0.0,0.0,-1.390691812499852,0.0,0.0,0.0,0.0,0.0,0.0,0.0,4.466174855737426,870.1407738773157,0.053014103904229,1136.7950140437913,0.0,-0.5470230385605498,-0.4862888844000685,-2.9556542469393867,0.0,-0.8683313252421291,0.0,0.0,0.0,0.0,0.0,0.0,0.0,0.0,0.0,0.0,0.0,0.0,0.0,0.0,0.0,0.0,-1.1697421516209745,0.0,0.0,0.0,0.0,0.0,0.0,0.0,0,0.0,0,3.67893543101434,528.0461598394036,0.1840271288378,881.2204077257614,0.0,0.0,0.0,0.0,0.0,0,0.0,0.0,0.0,0.0,0.0,0.0,0.0,0.0,0.0,0.0,0.0,0.0,0.0,0.0,0.0,0.0,0.0,0.0,0.0,0.0,4.466174855737426,870.1407738773157,0.3669063188577179,1136.7950140437913,0.0,0.0,0.0,0.0,0.0,0,0.0,0,0.0,0.0,0.0,0.0,0.0,0.0,0.0,0.0,0.0,0.0,0.0,0.0,0.0,0.0,0.0,0.0,0.0,0.0,0.0,0.0
"MATLAB 12-31 PM Fri, Jun 28, 2024 Run0 .csv",4.911798684361681,1619.0460438125128,0.5718758862556936,1778.0214404998555,0.0,-0.5438739923566607,-0.4849356201781551,-3.2831321965935247,0.0,-0.9057247676267068,0.0,0.0,0.0,0.0,0.0,0.0,0.0,0.0,0.0,-2079.6875374304805,0.0,0.0,0.0,0.0,0.0,0.0,-1.3928815167575577,0.0,0.0,0.0,0.0,0.0,0.0,0.0,3.4880619301152103,757.5280062848568,0.0132440851881127,1383.9217133943232,0.0,-0.5481502966298532,-0.4877042179044961,-2.9611190124769564,0.0,-0.8690702667351548,0.0,0.0,0.0,0.0,0.0,0.0,0.0,0.0,0.0,0.0,0.0,0.0,0.0,0.0,0.0,0.0,-1.172152131591913,0.0,0.0,0.0,0.0,0.0,0.0,0.0,0,0.0,0,4.911798684361681,1619.0460438125128,0.5718758862556936,1778.0214404998555,0.0,0.0,0.0,0.0,0.0,0,0.0,0.0,0.0,0.0,0.0,0.0,0.0,0.0,0.0,0.0,0.0,0.0,0.0,0.0,0.0,0.0,0.0,0.0,0.0,0.0,3.4880619301152103,757.5280062848568,0.3269207177940335,1383.9217133943232,0.0,0.0,0.0,0.0,0.0,0,0.0,0,0.0,0.0,0.0,0.0,0.0,0.0,0.0,0.0,0.0,0.0,0.0,0.0,0.0,0.0,0.0,0.0,0.0,0.0,0.0,0.0
"MATLAB 12-34 PM Fri, Jun 28, 2024 Run1 .csv",2.949459919501958,450.04454496218335,0.431698491198134,1081.7218887408487,0.0,-0.546996473193203,-0.4888026719776636,-3.296542919063552,0.0,-0.9075173398647304,0.0,0.0,0.0,0.0,0.0,0.0,0.0,0.0,0.0,-2101.416663506975,0.0,0.0,0.0,0.0,0.0,0.0,-1.3994506295306746,0.0,0.0,0.0,0.0,0.0,0.0,0.0,2.0144534423492253,183.9816971515299,-0.1408287875844079,642.7800359024452,0.0,-0.5515320708377631,-0.491950218417779,-2.977513309089665,0.0,-0.8712870912142318,0.0,0.0,0.0,0.0,0.0,0.0,0.0,0.0,0.0,0.0,0.0,0.0,0.0,0.0,0.0,0.0,-1.1793820715047292,0.0,0.0,0.0,0.0,0.0,0.0,0.0,0,0.0,0,2.949459919501958,450.04454496218335,0.431698491198134,1081.7218887408487,0.0,0.0,0.0,0.0,0.0,0,0.0,0.0,0.0,0.0,0.0,0.0,0.0,0.0,0.0,0.0,0.0,0.0,0.0,0.0,0.0,0.0,0.0,0.0,0.0,0.0,2.0144534423492253,183.9816971515299,0.1722010979788083,642.7800359024452,0.0,0.0,0.0,0.0,0.0,0,0.0,0,0.0,0.0,0.0,0.0,0.0,0.0,0.0,0.0,0.0,0.0,0.0,0.0,0.0,0.0,0.0,0.0,0.0,0.0,0.0,0.0
"MATLAB 12-36 PM Tue, Oct 29, 2024 Run0 .csv",6.112774019947324,2658.415908292924,0.7120127416239168,1489.254653088882,0.0,-0.5490781270842312,-0.4913807065106693,-3.305483400710237,0.0,-0.9087123880234128,0.0,0.0,0.0,0.0,0.0,0.0,0.0,0.0,0.0,-2115.902747557972,0.0,0.0,0.0,0.0,0.0,0.0,-1.403830038046086,0.0,0.0,0.0,0.0,0.0,0.0,0.0,5.718779943059425,1968.199484760598,0.3076334356739642,1475.4407813853404,0.0,-0.5537865869763698,-0.4947808854266342,-2.9884428401648035,0.0,-0.8727649742002831,0.0,0.0,0.0,0.0,0.0,0.0,0.0,0.0,0.0,0.0,0.0,0.0,0.0,0.0,0.0,0.0,-1.1842020314466069,0.0,0.0,0.0,0.0,0.0,0.0,0.0,0,0.0,0,6.112774019947324,2658.415908292924,0.7120127416239168,1489.254653088882,0.0,0.0,0.0,0.0,0.0,0,0.0,0.0,0.0,0.0,0.0,0.0,0.0,0.0,0.0,0.0,0.0,0.0,0.0,0.0,0.0,0.0,0.0,0.0,0.0,0.0,5.718779943059425,1968.199484760598,0.6202321565420441,1475.4407813853404,0.0,0.0,0.0,0.0,0.0,0,0.0,0,0.0,0.0,0.0,0.0,0.0,0.0,0.0,0.0,0.0,0.0,0.0,0.0,0.0,0.0,0.0,0.0,0.0,0.0,0.0,0.0
"MATLAB 12-37 PM Fri, May 31, 2024 Run1 .csv",5.744489985119733,961.706418171158,0.2597750390521066,878.0545996552934,0.0,-0.5501189540297453,-0.4926697237771721,-3.30995364153358,0.0,-0.909309912102754,0.0,0.0,0.0,0.0,0.0,0.0,0.0,0.0,0.0,-2123.14578958347,0.0,0.0,0.0,0.0,0.0,0.0,-1.4060197423037917,0.0,0.0,0.0,0.0,0.0,0.0,0.0,5.212874407352851,824.5566343664221,-0.0212245957465677,1026.386064470248,0.0,-0.5549138450456731,-0.4961962189310618,-2.993907605702373,0.0,-0.8735039156933088,0.0,0.0,0.0,0.0,0.0,0.0,0.0,0.0,0.0,0.0,0.0,0.0,0.0,0.0,0.0,0.0,-1.1866120114175456,0.0,0.0,0.0,0.0,0.0,0.0,0.0,0,0.0,0,5.744489985119733,961.706418171158,0.2597750390521066,878.0545996552934,0.0,0.0,0.0,0.0,0.0,0,0.0,0.0,0.0,0.0,0.0,0.0,0.0,0.0,0.0,0.0,0.0,0.0,0.0,0.0,0.0,0.0,0.0,0.0,0.0,0.0,5.212874407352851,824.5566343664221,0.291158542773944,1026.386064470248,0.0,0.0,0.0,0.0,0.0,0,0.0,0,0.0,0.0,0.0,0.0,0.0,0.0,0.0,0.0,0.0,0.0,0.0,0.0,0.0,0.0,0.0,0.0,0.0,0.0,0.0,0.0
"MATLAB 12-38 PM Fri, Jun 28, 2024 Run2 .csv",5.46948659277753,1473.4249013305714,0.3665802785535412,1085.0945842573522,0.0,-0.5511597809752594,-0.493958741043675,-3.3144238823569223,0.0,-0.9099074361820952,0.0,0.0,0.0,0.0,0.0,0.0,0.0,0.0,0.0,-2130.3888316089688,0.0,0.0,0.0,0.0,0.0,0.0,-1.4082094465614974,0.0,0.0,0.0,0.0,0.0,0.0,0.0,4.72669759185468,1277.643288287434,-0.1194098531833997,771.4577629552181,1.4891215138308662,1.872133894735934,1.975738445372826,-2.4993673707473514,0.00016,-0.8742428571863344,1.0,1.0361192706330025,44.22567172855898,25.413782096451264,0.6132677896563606,0.0875371965393877,0.1028241701732873,0.8095445501500613,9.24800635791213,2.5218048710929466,177202.4395373606,3.559372541749197e-15,0.0556282003691542,0.1244463876135615,0.0052797605988538,0.0,-0.1890219913884843,0.6786320263833306,-0.7626659128349851,0.0053812563419342,0.0250259582996368,0.0339144444465637,0.0051049210587894,1.3551706608196454,0,0.0,0,5.46948659277753,1473.4249013305714,0.3665802785535412,1085.0945842573522,0.0,0.0,0.0,0.0,0.0,0,0.0,0.0,0.0,0.0,0.0,0.0,0.0,0.0,0.0,0.0,0.0,0.0,0.0,0.0,0.0,0.0,0.0,0.0,0.0,0.0,4.72669759185468,1277.643288287434,0.1927577029895438,771.4577629552181,1.4891215138308662,2.4281749978509106,2.4733499978083158,0.5000050004925916,0.00016,0,1.0,0,0.0,1.0361192706330025,44.22567172855896,25.413782096451264,0.6132677896563606,3.559372541749197e-15,0.0875371965393877,0.1028241701732873,0.8095445501500613,9.24800635791213,2.5218048710929466,177202.4395373606,0.0556282003691543,0.1244463876135615,0.0052797605988538,0.0,1.0,0.6786320263833306,-0.7626659128349851,0.0053812563419342
"MATLAB 12-39 PM Tue, Oct 29, 2024 Run1 .csv",5.501384143650872,2336.2349665757683,0.2901035184696822,1234.9464843453077,0.0,-0.5522006079207735,-0.4952477583101778,-3.3188941231802644,0.0,-0.9105049602614362,0.0,0.0,0.0,0.0,0.0,0.0,0.0,0.0,0.0,-2137.631873634467,0.0,0.0,0.0,0.0,0.0,0.0,-1.410399150819203,0.0,0.0,0.0,0.0,0.0,0.0,0.0,5.941739983514028,2401.4342435427534,0.0910189088781371,1157.5289041595,0.0,-0.5571683611842797,-0.499026885939917,-3.004837136777512,0.0,-0.8749817986793601,0.0,0.0,0.0,0.0,0.0,0.0,0.0,0.0,0.0,0.0,0.0,0.0,0.0,0.0,0.0,0.0,-1.191431971359423,0.0,0.0,0.0,0.0,0.0,0.0,0.0,0,0.0,0,5.501384143650872,2336.2349665757683,0.2901035184696822,1234.9464843453077,0.0,0.0,0.0,0.0,0.0,0,0.0,0.0,0.0,0.0,0.0,0.0,0.0,0.0,0.0,0.0,0.0,0.0,0.0,0.0,0.0,0.0,0.0,0.0,0.0,0.0,5.941739983514028,2401.4342435427534,0.4029708827035126,1157.5289041595,0.0,0.0,0.0,0.0,0.0,0,0.0,0,0.0,0.0,0.0,0.0,0.0,0.0,0.0,0.0,0.0,0.0,0.0,0.0,0.0,0.0,0.0,0.0,0.0,0.0,0.0,0.0
"MATLAB 12-40 PM Fri, Jun 28, 2024 Run3 .csv",5.354229072175055,1334.95016502287,0.3595734556939264,1093.3068015516358,0.0,-0.5532414348662876,-0.4965367755766806,-3.3233643640036075,0.0,-0.9111024843407776,0.0,0.0,0.0,0.0,0.0,0.0,0.0,0.0,0.0,-2144.874915659965,0.0,0.0,0.0,0.0,0.0,0.0,-1.4125888550769088,0.0,0.0,0.0,0.0,0.0,0.0,0.0,4.829857317122213,1179.1705537870948,-0.1051409265438571,817.7210343173175,0.1691167116861557,0.0963710468330042,0.07555778004528,-2.6102979019210086,0.00013,0.1242792598276142,0.25,-0.490866223783464,1.3760268090774588,11.325985312321516,0.258324916246443,0.1192844740804907,0.1500029342502468,0.7306185959298754,6.125009994484856,2.495387344062512,135298.04995005002,1.0739682746607303e-15,0.0469033625298254,0.1395514617357348,0.0046186224857351,1.0,-0.1938419513303617,0.4403444912383343,-1.2608796183750282,0.004572622179985,0.0204837924242019,0.0257420027256012,0.0034864641932683,1.2567010147587032,0,0.0,0,5.354229072175055,1334.95016502287,0.3595734556939264,1093.3068015516358,0.0,0.0,0.0,0.0,0.0,0,0.0,0.0,0.0,0.0,0.0,0.0,0.0,0.0,0.0,0.0,0.0,0.0,0.0,0.0,0.0,0.0,0.0,0.0,0.0,0.0,4.829857317122213,1179.1705537870948,0.2065954649339502,817.7210343173175,0.1691167116861557,0.6546666660865873,0.5759999994896248,0.4000040003940732,0.00013,1,0.25,0,0.0,-0.4908662237834638,1.3760268090774597,11.325985312321516,0.258324916246443,1.0739682746607303e-15,0.1192844740804907,0.1500029342502468,0.7306185959298754,6.125009994484856,2.495387344062512,135298.04995005002,0.0469033625298254,0.1395514617357348,0.0046186224857351,1.0,1.0,0.4403444912383343,-1.2608796183750282,0.004572622179985
"MATLAB 12-41 PM Tue, Apr 2, 2024 Run4 .csv",2.6309196520815656,271.97927729587394,0.0836181599408194,660.1528063063861,0.0,-0.5542822618118017,-0.4978257928431835,-3.3278346048269496,0.0,-0.9117000084201188,0.0,0.0,0.0,0.0,0.0,0.0,0.0,0.0,0.0,-2152.117957685464,0.0,0.0,0.0,0.0,0.0,0.0,-1.4147785593346145,0.0,0.0,0.0,0.0,0.0,0.0,0.0,3.566127928648758,570.3303443152511,-0.0912251579265577,1006.6284102320462,0.0,-0.5594228773228864,-0.5018575529487723,-3.015766667852652,0.0,-0.8764596816654114,0.0,0.0,0.0,0.0,0.0,0.0,0.0,0.0,0.0,0.0,0.0,0.0,0.0,0.0,0.0,0.0,-1.1962519313013005,0.0,0.0,0.0,0.0,0.0,0.0,0.0,0,0.0,0,2.6309196520815656,271.97927729587394,0.0836181599408194,660.1528063063861,0.0,0.0,0.0,0.0,0.0,0,0.0,0.0,0.0,0.0,0.0,0.0,0.0,0.0,0.0,0.0,0.0,0.0,0.0,0.0,0.0,0.0,0.0,0.0,0.0,0.0,3.566127928648758,570.3303443152511,0.2202956512036814,1006.6284102320462,0.0,0.0,0.0,0.0,0.0,0,0.0,0,0.0,0.0,0.0,0.0,0.0,0.0,0.0,0.0,0.0,0.0,0.0,0.0,0.0,0.0,0.0,0.0,0.0,0.0,0.0,0.0
"MATLAB 12-42 PM Fri, Jun 28, 2024 Run4 .csv",5.549271425386869,1454.0555600028424,0.4078180409102095,1123.173896153862,0.0,-0.555323088757316,-0.4991148101096863,-3.332304845650292,0.0,-0.91229753249946,0.0,0.0,0.0,0.0,0.0,0.0,0.0,0.0,0.0,-2159.3609997109616,0.0,0.0,0.0,0.0,0.0,0.0,-1.4169682635923202,0.0,0.0,0.0,0.0,0.0,0.0,0.0,5.001561689621581,1240.7696945842297,-0.0767303814482388,821.8828959574387,1.8994499983183464,1.4874998627938287,1.5447771117328186,-2.721228433094666,0.00019,-0.8771986231584371,1.0,-0.0243036897838761,13.27247946867811,22.566072532443822,0.9274431776571428,0.1243862162895702,0.1105310621144315,0.7648939231886898,6.149346334388224,2.704911534021029,177895.50503608678,2.8822611905550786e-15,0.0403767721260753,0.091645573982271,0.0046115245254041,0.0,-1.1986619112722394,0.5594832086961997,-1.4999999999999991,0.011170203089714,0.0248647240797677,0.0380601000785827,0.0095595471650326,1.5306866047048502,0,0.0,0,5.549271425386869,1454.0555600028424,0.4078180409102095,1123.173896153862,0.0,0.0,0.0,0.0,0.0,0,0.0,0.0,0.0,0.0,0.0,0.0,0.0,0.0,0.0,0.0,0.0,0.0,0.0,0.0,0.0,0.0,0.0,0.0,0.0,0.0,5.001561689621581,1240.7696945842297,0.234574845334432,821.8828959574387,1.8994499983183464,2.0480499981860185,2.0480499981860185,0.3000030002955549,0.00019,0,1.0,0,0.0,-0.0243036897838768,13.272479468678103,22.566072532443822,0.9274431776571428,2.8822611905550786e-15,0.1243862162895702,0.1105310621144315,0.7648939231886898,6.149346334388224,2.704911534021029,177895.50503608678,0.0403767721260753,0.091645573982271,0.0046115245254041,0.0,0.0,0.5594832086961997,-1.4999999999999991,0.011170203089714
"MATLAB 12-52 PM Fri, Jun 14, 2024 Run0 .csv",6.282742093068397,2274.409762374118,0.6096600240840957,1425.8389497141516,0.0,-0.5615680504304006,-0.5068489137087033,-3.359126290590347,0.0,-0.915882676975507,0.0,0.0,0.0,0.0,0.0,0.0,0.0,0.0,0.0,-2202.819251863952,0.0,0.0,0.0,0.0,0.0,0.0,-1.430106489138554,0.0,0.0,0.0,0.0,0.0,0.0,0.0,6.01359350419404,3330.2752336337426,0.0991760036500872,1106.7126455197188,0.0841590868485884,-0.4479486236727016,-0.4109648875690813,5.3460639816599,0.00491,2.1183677278834088,0.1071428571428571,0.053807359463236,0.0316093570349909,5.210799901856617,0.7050562933004738,0.004196699606284,0.0520412097476956,0.9423473475306754,224.5448652363951,5.443987127638116,20713.936596898773,1.0770666875418378e-13,2.2095476738582187,4.179122108721408,0.185162374872275,0.0764119601328903,-1.2131217910978718,1.2811236255692753,2.1031880688763414,0.0062494859099388,0.0266197020808855,0.0441076683998108,0.0042466172762316,1.6569557490082745,0,0.0,0,6.282742093068397,2274.409762374118,0.6096600240840957,1425.8389497141516,0.0,0.0,0.0,0.0,0.0,0,0.0,0.0,0.0,0.0,0.0,0.0,0.0,0.0,0.0,0.0,0.0,0.0,0.0,0.0,0.0,0.0,0.0,0.0,0.0,0.0,6.01359350419404,3330.2752336337426,0.4091877363473492,1106.7126455197188,0.0841590868485884,0.119365060135308,0.1007999999106843,8.400084008275538,0.00491,3,0.1071428571428571,0,0.0,0.053807359463236,0.0316093570349904,5.210799901856617,0.7050562933004738,1.0770666875418378e-13,0.004196699606284,0.0520412097476956,0.9423473475306754,224.5448652363951,5.443987127638116,20713.936596898773,2.2095476738582187,4.179122108721408,0.185162374872275,0.0764119601328903,0.0,1.2811236255692753,2.1031880688763414,0.0062494859099388
"MATLAB 12-56 PM Tue, Oct 29, 2024 Run2 .csv",4.735946718222818,1824.140010547517,0.614334551013633,1881.5297665984388,0.0,-0.5698946659945134,-0.517161051840726,-3.394888217177087,0.0,-0.9206628696102364,0.0,0.0,0.0,0.0,0.0,0.0,0.0,0.0,0.0,-2260.763588067938,0.0,0.0,0.0,0.0,0.0,0.0,-1.4476241232001996,0.0,0.0,0.0,0.0,0.0,0.0,0.0,2.96020583350559,660.9361476400344,-0.0060932248128777,1339.5561416395196,0.0,-0.5763317483624364,-0.5230875555151866,-3.097738150916194,0.0,-0.8875438040607966,0.0,0.0,0.0,0.0,0.0,0.0,0.0,0.0,0.0,0.0,0.0,0.0,0.0,0.0,0.0,0.0,-1.232401630865382,0.0,0.0,0.0,0.0,0.0,0.0,0.0,0,0.0,0,4.735946718222818,1824.140010547517,0.614334551013633,1881.5297665984388,0.0,0.0,0.0,0.0,0.0,0,0.0,0.0,0.0,0.0,0.0,0.0,0.0,0.0,0.0,0.0,0.0,0.0,0.0,0.0,0.0,0.0,0.0,0.0,0.0,0.0,2.96020583350559,660.9361476400344,0.3021938491038389,1339.5561416395196,0.0,0.0,0.0,0.0,0.0,0,0.0,0,0.0,0.0,0.0,0.0,0.0,0.0,0.0,0.0,0.0,0.0,0.0,0.0,0.0,0.0,0.0,0.0,0.0,0.0,0.0,0.0
"MATLAB 12-59 PM Fri, May 31, 2024 Run2 .csv",5.108469151821551,669.3815937705684,0.2912996326854855,877.2245379716436,0.0,-0.5719763198855417,-0.5197390863737317,-3.403828698823772,0.0,-0.9218579177689188,0.0,0.0,0.0,0.0,0.0,0.0,0.0,0.0,0.0,-2275.2496721189345,0.0,0.0,0.0,0.0,0.0,0.0,-1.452003531715611,0.0,0.0,0.0,0.0,0.0,0.0,0.0,4.49572979915154,737.687882063798,0.0018981659214957,1302.6406933861715,0.0,-0.578586264501043,-0.5259182225240419,-3.1086676819913333,0.0,-0.8890216870468479,0.0,0.0,0.0,0.0,0.0,0.0,0.0,0.0,0.0,0.0,0.0,0.0,0.0,0.0,0.0,0.0,-1.2372215908072597,0.0,0.0,0.0,0.0,0.0,0.0,0.0,0,0.0,0,5.108469151821551,669.3815937705684,0.2912996326854855,877.2245379716436,0.0,0.0,0.0,0.0,0.0,0,0.0,0.0,0.0,0.0,0.0,0.0,0.0,0.0,0.0,0.0,0.0,0.0,0.0,0.0,0.0,0.0,0.0,0.0,0.0,0.0,4.49572979915154,737.687882063798,0.309754075143076,1302.6406933861715,0.0,0.0,0.0,0.0,0.0,0,0.0,0,0.0,0.0,0.0,0.0,0.0,0.0,0.0,0.0,0.0,0.0,0.0,0.0,0.0,0.0,0.0,0.0,0.0,0.0,0.0,0.0
"MATLAB 2-00 PM Fri, Sep 13, 2024 Run2 .csv",5.775448878536722,2710.545623868217,0.6093604270208755,1663.4354881644217,0.0,-0.5750988007220841,-0.5236061381732402,-3.4172394212937998,0.0,-0.9236504900069424,0.0,0.0,0.0,0.0,0.0,0.0,0.0,0.0,0.0,-2296.9787981954296,0.0,0.0,0.0,0.0,0.0,0.0,-1.458572644488728,0.0,0.0,0.0,0.0,0.0,0.0,0.0,5.606965006447343,2011.5248703970892,0.3647324758638645,1616.0959920698333,0.0,-0.581968038708953,-0.5301642230373247,-3.125061978604041,0.0,-0.8912385115259249,0.0,0.0,0.0,0.0,0.0,0.0,0.0,0.0,0.0,0.0,0.0,0.0,0.0,0.0,0.0,0.0,-1.2444515307200756,0.0,0.0,0.0,0.0,0.0,0.0,0.0,0,0.0,0,5.775448878536722,2710.545623868217,0.6093604270208755,1663.4354881644217,0.0,0.0,0.0,0.0,0.0,0,0.0,0.0,0.0,0.0,0.0,0.0,0.0,0.0,0.0,0.0,0.0,0.0,0.0,0.0,0.0,0.0,0.0,0.0,0.0,0.0,5.606965006447343,2011.5248703970892,0.6719416380427403,1616.0959920698333,0.0,0.0,0.0,0.0,0.0,0,0.0,0,0.0,0.0,0.0,0.0,0.0,0.0,0.0,0.0,0.0,0.0,0.0,0.0,0.0,0.0,0.0,0.0,0.0,0.0,0.0,0.0
"MATLAB 2-00 PM Tue, Jun 4, 2024 Run2 .csv",5.795213964335173,1068.2310564739098,0.3712245476483501,1108.5890754822497,0.0,-0.5761396276675982,-0.524895155439743,-3.421709662117142,0.0,-0.9242480140862837,0.0,0.0,0.0,0.0,0.0,0.0,0.0,0.0,0.0,-2304.221840220928,0.0,0.0,0.0,0.0,0.0,0.0,-1.4607623487464336,0.0,0.0,0.0,0.0,0.0,0.0,0.0,5.184393321064784,822.3739912123611,-0.0131447231463699,1049.9431870754847,0.0,-0.5830952967782563,-0.5315795565417524,-3.130526744141611,0.0,-0.8919774530189506,0.0,0.0,0.0,0.0,0.0,0.0,0.0,0.0,0.0,0.0,0.0,0.0,0.0,0.0,0.0,0.0,-1.2468615106910144,0.0,0.0,0.0,0.0,0.0,0.0,0.0,0,0.0,0,5.795213964335173,1068.2310564739098,0.3712245476483501,1108.5890754822497,0.0,0.0,0.0,0.0,0.0,0,0.0,0.0,0.0,0.0,0.0,0.0,0.0,0.0,0.0,0.0,0.0,0.0,0.0,0.0,0.0,0.0,0.0,0.0,0.0,0.0,5.184393321064784,822.3739912123611,0.2938488566849376,1049.9431870754847,0.0,0.0,0.0,0.0,0.0,0,0.0,0,0.0,0.0,0.0,0.0,0.0,0.0,0.0,0.0,0.0,0.0,0.0,0.0,0.0,0.0,0.0,0.0,0.0,0.0,0.0,0.0
"MATLAB 2-01 PM Mon, Oct 28, 2024 Run1 .csv",5.424039306670874,2292.565500970766,0.2854210711820743,1319.4728369489633,0.0,-0.5771804546131123,-0.5261841727062458,-3.4261799029404845,0.0,-0.9248455381656248,0.0,0.0,0.0,0.0,0.0,0.0,0.0,0.0,0.0,-2311.4648822464264,0.0,0.0,0.0,0.0,0.0,0.0,-1.462952053004139,0.0,0.0,0.0,0.0,0.0,0.0,0.0,5.945379818808108,2385.560939433971,0.0807985511927759,1147.065043670612,0.0,-0.5842225548475597,-0.53299489004618,-3.1359915096791804,0.0,-0.8927163945119763,0.0,0.0,0.0,0.0,0.0,0.0,0.0,0.0,0.0,0.0,0.0,0.0,0.0,0.0,0.0,0.0,-1.249271490661953,0.0,0.0,0.0,0.0,0.0,0.0,0.0,0,1.0,0,5.424039306670874,2292.565500970766,0.2854210711820743,1319.4728369489633,0.0,0.0,0.0,0.0,0.0,0,0.0,0.0,0.0,0.0,0.0,0.0,0.0,0.0,0.0,0.0,0.0,0.0,0.0,0.0,0.0,0.0,0.0,0.0,0.0,0.0,5.945379818808108,2385.560939433971,0.3875765486765154,1147.065043670612,0.0,0.0,0.0,0.0,0.0,0,0.0,0,1.0,0.0,0.0,0.0,0.0,0.0,0.0,0.0,0.0,0.0,0.0,0.0,0.0,0.0,0.0,0.0,0.0,0.0,0.0,0.0
"MATLAB 2-03 PM Tue, Oct 8, 2024 Run0 .csv",6.173114810925074,2626.790542649257,0.5736261288636456,1500.712366195647,0.0,-0.5803029354496546,-0.5300512245057544,-3.439590625410512,0.0,-0.9266381104036484,0.0,0.0,0.0,0.0,0.0,0.0,0.0,0.0,0.0,-2333.194008322921,0.0,0.0,0.0,0.0,0.0,0.0,-1.4695211657772562,0.0,0.0,0.0,0.0,0.0,0.0,0.0,6.031915989291738,2305.8085897534083,0.2267422761339291,1490.9692161298717,0.0,-0.5876043290554697,-0.5372408905594628,-3.152385806291889,0.0,-0.8949332189910533,0.0,0.0,0.0,0.0,0.0,0.0,0.0,0.0,0.0,0.0,0.0,0.0,0.0,0.0,0.0,0.0,-1.2565014305747697,0.0,0.0,0.0,0.0,0.0,0.0,0.0,0,0.0,0,6.173114810925074,2626.790542649257,0.5736261288636456,1500.712366195647,0.0,0.0,0.0,0.0,0.0,0,0.0,0.0,0.0,0.0,0.0,0.0,0.0,0.0,0.0,0.0,0.0,0.0,0.0,0.0,0.0,0.0,0.0,0.0,0.0,0.0,6.031915989291738,2305.8085897534083,0.5328735265749641,1490.9692161298717,0.0,0.0,0.0,0.0,0.0,0,0.0,0,0.0,0.0,0.0,0.0,0.0,0.0,0.0,0.0,0.0,0.0,0.0,0.0,0.0,0.0,0.0,0.0,0.0,0.0,0.0,0.0
"MATLAB 2-04 PM Mon, Oct 28, 2024 Run2 .csv",4.901963708332087,2238.8571693217746,0.6061534881037101,1860.565198724507,0.0,-0.5813437623951687,-0.5313402417722572,-3.4440608662338548,0.0,-0.9272356344829896,0.0,0.0,0.0,0.0,0.0,0.0,0.0,0.0,0.0,-2340.43705034842,0.0,0.0,0.0,0.0,0.0,0.0,-1.471710870034962,0.0,0.0,0.0,0.0,0.0,0.0,0.0,3.953363286670589,1381.5847440937544,0.1414748355592493,1809.4618123537336,0.0,-0.5887315871247729,-0.5386562240638905,-3.1578505718294587,0.0,-0.8956721604840789,0.0,0.0,0.0,0.0,0.0,0.0,0.0,0.0,0.0,0.0,0.0,0.0,0.0,0.0,0.0,0.0,-1.2589114105457082,0.0,0.0,0.0,0.0,0.0,0.0,0.0,0,0.0,0,4.901963708332087,2238.8571693217746,0.6061534881037101,1860.565198724507,0.0,0.0,0.0,0.0,0.0,0,0.0,0.0,0.0,0.0,0.0,0.0,0.0,0.0,0.0,0.0,0.0,0.0,0.0,0.0,0.0,0.0,0.0,0.0,0.0,0.0,3.953363286670589,1381.5847440937544,0.4473905036527161,1809.4618123537336,0.0,0.0,0.0,0.0,0.0,0,0.0,0,0.0,0.0,0.0,0.0,0.0,0.0,0.0,0.0,0.0,0.0,0.0,0.0,0.0,0.0,0.0,0.0,0.0,0.0,0.0,0.0
"MATLAB 2-04 PM Tue, Oct 22, 2024 Run2 .csv",5.584172553274457,2297.007632733576,0.3030378298540653,1217.5215726106796,0.0,-0.5834254162861969,-0.5339182763052628,-3.4530013478805395,0.0,-0.928430682641672,0.0,0.0,0.0,0.0,0.0,0.0,0.0,0.0,0.0,-2354.923134399416,0.0,0.0,0.0,0.0,0.0,0.0,-1.4760902785503731,0.0,0.0,0.0,0.0,0.0,0.0,0.0,5.591372865810245,1926.5837950343152,0.0715300046254907,1234.1454816770638,0.0,-0.5909861032633796,-0.5414868910727457,-3.1687801029045977,0.0,-0.8971500434701303,0.0,0.0,0.0,0.0,0.0,0.0,0.0,0.0,0.0,0.0,0.0,0.0,0.0,0.0,0.0,0.0,-1.2637313704875857,0.0,0.0,0.0,0.0,0.0,0.0,0.0,0,0.0,0,5.584172553274457,2297.007632733576,0.3030378298540653,1217.5215726106796,0.0,0.0,0.0,0.0,0.0,0,0.0,0.0,0.0,0.0,0.0,0.0,0.0,0.0,0.0,0.0,0.0,0.0,0.0,0.0,0.0,0.0,0.0,0.0,0.0,0.0,5.591372865810245,1926.5837950343152,0.3770145080238212,1234.1454816770638,0.0,0.0,0.0,0.0,0.0,0,0.0,0,0.0,0.0,0.0,0.0,0.0,0.0,0.0,0.0,0.0,0.0,0.0,0.0,0.0,0.0,0.0,0.0,0.0,0.0,0.0,0.0
"MATLAB 2-04 PM Wed, Sep 18, 2024 Run0 .csv",4.8424883506002,1044.0553980430163,1.07957328415137,1454.9395152625511,0.0,-0.584466243231711,-0.5352072935717657,-3.457471588703882,0.0,-0.9290282067210132,0.0,0.0,0.0,0.0,0.0,0.0,0.0,0.0,0.0,-2362.1661764249147,0.0,0.0,0.0,0.0,0.0,0.0,-1.478279982808079,0.0,0.0,0.0,0.0,0.0,0.0,0.0,3.4697281967778406,609.5280740858559,0.2864713102897235,1145.317041160068,0.0,-0.592113361332683,-0.5429022245771733,-3.174244868442167,0.0,-0.897888984963156,0.0,0.0,0.0,0.0,0.0,0.0,0.0,0.0,0.0,0.0,0.0,0.0,0.0,0.0,0.0,0.0,-1.2661413504585244,0.0,0.0,0.0,0.0,0.0,0.0,0.0,0,0.0,0,4.8424883506002,1044.0553980430163,1.07957328415137,1454.9395152625511,0.0,0.0,0.0,0.0,0.0,0,0.0,0.0,0.0,0.0,0.0,0.0,0.0,0.0,0.0,0.0,0.0,0.0,0.0,0.0,0.0,0.0,0.0,0.0,0.0,0.0,3.4697281967778406,609.5280740858559,0.5917402313404858,1145.317041160068,0.0,0.0,0.0,0.0,0.0,0,0.0,0,0.0,0.0,0.0,0.0,0.0,0.0,0.0,0.0,0.0,0.0,0.0,0.0,0.0,0.0,0.0,0.0,0.0,0.0,0.0,0.0
"MATLAB 2-06 PM Thu, Oct 31, 2024 Run4 .csv",4.737990094467859,2366.788468627016,0.618218463985499,1919.0927485603409,0.0,-0.5855070701772251,-0.5364963108382685,-3.461941829527224,0.0,-0.9296257308003544,0.0,0.0,0.0,0.0,0.0,0.0,0.0,0.0,0.0,-2369.4092184504125,0.0,0.0,0.0,0.0,0.0,0.0,-1.4804696870657847,0.0,0.0,0.0,0.0,0.0,0.0,0.0,3.742590514460961,2578.049117897608,-0.0052329878927079,2045.660002879824,0.0,-0.5932406194019862,-0.5443175580816009,-3.1797096339797366,0.0,-0.8986279264561816,0.0,0.0,0.0,0.0,0.0,0.0,0.0,0.0,0.0,0.0,0.0,0.0,0.0,0.0,0.0,0.0,-1.268551330429463,0.0,0.0,0.0,0.0,0.0,0.0,0.0,0,0.0,0,4.737990094467859,2366.788468627016,0.618218463985499,1919.0927485603409,0.0,0.0,0.0,0.0,0.0,0,0.0,0.0,0.0,0.0,0.0,0.0,0.0,0.0,0.0,0.0,0.0,0.0,0.0,0.0,0.0,0.0,0.0,0.0,0.0,0.0,3.742590514460961,2578.049117897608,0.2998203508104861,2045.660002879824,0.0,0.0,0.0,0.0,0.0,0,0.0,0,0.0,0.0,0.0,0.0,0.0,0.0,0.0,0.0,0.0,0.0,0.0,0.0,0.0,0.0,0.0,0.0,0.0,0.0,0.0,0.0
"MATLAB 2-12 PM Mon, Sep 9, 2024 Run0 .csv",5.980413652041619,2897.137506866618,0.4551413080571623,1261.1151595978251,0.0,-0.5948745126868522,-0.548097466236794,-3.502173996937307,0.0,-0.935003447514425,0.0,0.0,0.0,0.0,0.0,0.0,0.0,0.0,0.0,-2434.5965966798976,0.0,0.0,0.0,0.0,0.0,0.0,-1.5001770253851356,0.0,0.0,0.0,0.0,0.0,0.0,0.0,6.01577703288172,2296.958567321847,0.2336943848735185,1443.6176359994836,0.0,-0.6033859420257162,-0.5570555596214495,-3.228892523817862,0.0,-0.9052783998934129,0.0,0.0,0.0,0.0,0.0,0.0,0.0,0.0,0.0,0.0,0.0,0.0,0.0,0.0,0.0,0.0,-1.290241150167912,0.0,0.0,0.0,0.0,0.0,0.0,0.0,0,0.0,0,5.980413652041619,2897.137506866618,0.4551413080571623,1261.1151595978251,0.0,0.0,0.0,0.0,0.0,0,0.0,0.0,0.0,0.0,0.0,0.0,0.0,0.0,0.0,0.0,0.0,0.0,0.0,0.0,0.0,0.0,0.0,0.0,0.0,0.0,6.01577703288172,2296.958567321847,0.5368074824485992,1443.6176359994836,0.0,0.0,0.0,0.0,0.0,0,0.0,0,0.0,0.0,0.0,0.0,0.0,0.0,0.0,0.0,0.0,0.0,0.0,0.0,0.0,0.0,0.0,0.0,0.0,0.0,0.0,0.0
"MATLAB 2-12 PM Wed, Sep 18, 2024 Run1 .csv",5.959902444343071,2960.562147419705,0.3707211068154765,1205.2492516003344,0.0,-0.5959153396323663,-0.5493864835032969,-3.506644237760649,0.0,-0.9356009715937662,0.0,0.0,0.0,0.0,0.0,0.0,0.0,0.0,0.0,-2441.839638705396,0.0,0.0,0.0,0.0,0.0,0.0,-1.5023667296428416,0.0,0.0,0.0,0.0,0.0,0.0,0.0,5.735105839656956,2443.108448145405,0.0239961341411782,1090.8683972025594,0.0,-0.6045132000950195,-0.558470893125877,-3.234357289355432,0.0,-0.9060173413864384,0.0,0.0,0.0,0.0,0.0,0.0,0.0,0.0,0.0,0.0,0.0,0.0,0.0,0.0,0.0,0.0,-1.2926511301388508,0.0,0.0,0.0,0.0,0.0,0.0,0.0,0,0.0,0,5.959902444343071,2960.562147419705,0.3707211068154765,1205.2492516003344,0.0,0.0,0.0,0.0,0.0,0,0.0,0.0,0.0,0.0,0.0,0.0,0.0,0.0,0.0,0.0,0.0,0.0,0.0,0.0,0.0,0.0,0.0,0.0,0.0,0.0,5.735105839656956,2443.108448145405,0.3268936493686907,1090.8683972025594,0.0,0.0,0.0,0.0,0.0,0,0.0,0,0.0,0.0,0.0,0.0,0.0,0.0,0.0,0.0,0.0,0.0,0.0,0.0,0.0,0.0,0.0,0.0,0.0,0.0,0.0,0.0
"MATLAB 2-13 PM Mon, Oct 28, 2024 Run3 .csv",5.017381346380271,2353.487367495862,0.6451988474110196,1809.0447558350463,0.0,-0.5969561665778804,-0.5506755007697997,-3.511114478583992,0.0,-0.9361984956731074,0.0,0.0,0.0,0.0,0.0,0.0,0.0,0.0,0.0,-2449.082680730894,0.0,0.0,0.0,0.0,0.0,0.0,-1.504556433900547,0.0,0.0,0.0,0.0,0.0,0.0,0.0,4.086214271100776,1327.317986406908,0.210568799437619,1765.5650170801289,0.0,-0.6056404581643229,-0.5598862266303047,-3.239822054893001,0.0,-0.906756282879464,0.0,0.0,0.0,0.0,0.0,0.0,0.0,0.0,0.0,0.0,0.0,0.0,0.0,0.0,0.0,0.0,-1.2950611101097895,0.0,0.0,0.0,0.0,0.0,0.0,0.0,0,0.0,0,5.017381346380271,2353.487367495862,0.6451988474110196,1809.0447558350463,0.0,0.0,0.0,0.0,0.0,0,0.0,0.0,0.0,0.0,0.0,0.0,0.0,0.0,0.0,0.0,0.0,0.0,0.0,0.0,0.0,0.0,0.0,0.0,0.0,0.0,4.086214271100776,1327.317986406908,0.5132507323175634,1765.5650170801289,0.0,0.0,0.0,0.0,0.0,0,0.0,0,0.0,0.0,0.0,0.0,0.0,0.0,0.0,0.0,0.0,0.0,0.0,0.0,0.0,0.0,0.0,0.0,0.0,0.0,0.0,0.0
"MATLAB 2-13 PM Tue, Oct 15, 2024 Run1 .csv",5.153366035216765,4187.473148983414,0.284942709838608,1077.0659781750223,0.0,-0.6000786474144227,-0.5545425525693082,-3.52452520105402,0.0,-0.937991067911131,0.0,0.0,0.0,0.0,0.0,0.0,0.0,0.0,0.0,-2470.811806807389,0.0,0.0,0.0,0.0,0.0,0.0,-1.5111255466736642,0.0,0.0,0.0,0.0,0.0,0.0,0.0,4.862762820256107,4036.5483814929016,-0.0695313875371962,1407.847470987087,0.0,-0.6090222323722329,-0.5641322271435876,-3.2562163515057096,0.0,-0.9089731073585412,0.0,0.0,0.0,0.0,0.0,0.0,0.0,0.0,0.0,0.0,0.0,0.0,0.0,0.0,0.0,0.0,-1.302291050022606,0.0,0.0,0.0,0.0,0.0,0.0,0.0,0,1.0,0,5.153366035216765,4187.473148983414,0.284942709838608,1077.0659781750223,0.0,0.0,0.0,0.0,0.0,0,0.0,0.0,0.0,0.0,0.0,0.0,0.0,0.0,0.0,0.0,0.0,0.0,0.0,0.0,0.0,0.0,0.0,0.0,0.0,0.0,4.862762820256107,4036.5483814929016,0.2325037983000435,1407.847470987087,0.0,0.0,0.0,0.0,0.0,0,0.0,0,1.0,0.0,0.0,0.0,0.0,0.0,0.0,0.0,0.0,0.0,0.0,0.0,0.0,0.0,0.0,0.0,0.0,0.0,0.0,0.0
"MATLAB 2-17 PM Thu, Oct 3, 2024 Run0 .csv",4.3438048374044325,1219.5462249617635,0.7744216810265662,1656.2634578152138,0.0,-0.6052827821419934,-0.5609876389018223,-3.546876405170732,0.0,-0.9409786883078368,0.0,0.0,0.0,0.0,0.0,0.0,0.0,0.0,0.0,-2507.0270169348805,0.0,0.0,0.0,0.0,0.0,0.0,-1.5220740679621927,0.0,0.0,0.0,0.0,0.0,0.0,0.0,3.2879887582130563,1060.434169523464,0.0848919289865799,1646.146071409603,0.0,-0.6146585227187495,-0.5712088946657257,-3.283540179193557,0.0,-0.9126678148236694,0.0,0.0,0.0,0.0,0.0,0.0,0.0,0.0,0.0,0.0,0.0,0.0,0.0,0.0,0.0,0.0,-1.3143409498772995,0.0,0.0,0.0,0.0,0.0,0.0,0.0,0,0.0,0,4.3438048374044325,1219.5462249617635,0.7744216810265662,1656.2634578152138,0.0,0.0,0.0,0.0,0.0,0,0.0,0.0,0.0,0.0,0.0,0.0,0.0,0.0,0.0,0.0,0.0,0.0,0.0,0.0,0.0,0.0,0.0,0.0,0.0,0.0,3.2879887582130563,1060.434169523464,0.385849203085979,1646.146071409603,0.0,0.0,0.0,0.0,0.0,0,0.0,0,0.0,0.0,0.0,0.0,0.0,0.0,0.0,0.0,0.0,0.0,0.0,0.0,0.0,0.0,0.0,0.0,0.0,0.0,0.0,0.0
"MATLAB 2-18 PM Tue, Apr 30, 2024 Run0 .csv",4.923234559981223,1063.2592166363731,0.2976852746760942,1472.3764950790558,0.0,-0.6063236090875075,-0.5622766561683252,-3.5513466459940743,0.0,-0.941576212387178,0.0,0.0,0.0,0.0,0.0,0.0,0.0,0.0,0.0,-2514.270058960379,0.0,0.0,0.0,0.0,0.0,0.0,-1.5242637722198982,0.0,0.0,0.0,0.0,0.0,0.0,0.0,3.8343176817654654,386.6008834764111,-0.1884448661960609,649.2869400858272,0.0,-0.6157857807880528,-0.5726242281701532,-3.2890049447311265,0.0,-0.9134067563166952,0.0,0.0,0.0,0.0,0.0,0.0,0.0,0.0,0.0,0.0,0.0,0.0,0.0,0.0,0.0,0.0,-1.3167509298482385,0.0,0.0,0.0,0.0,0.0,0.0,0.0,0,0.0,0,4.923234559981223,1063.2592166363731,0.2976852746760942,1472.3764950790558,0.0,0.0,0.0,0.0,0.0,0,0.0,0.0,0.0,0.0,0.0,0.0,0.0,0.0,0.0,0.0,0.0,0.0,0.0,0.0,0.0,0.0,0.0,0.0,0.0,0.0,3.8343176817654654,386.6008834764111,0.1122968255557698,649.2869400858272,0.0,0.0,0.0,0.0,0.0,0,0.0,0,0.0,0.0,0.0,0.0,0.0,0.0,0.0,0.0,0.0,0.0,0.0,0.0,0.0,0.0,0.0,0.0,0.0,0.0,0.0,0.0
"MATLAB 2-18 PM Tue, Oct 15, 2024 Run2 .csv",5.11973327482462,1689.6477336699406,0.315135021866542,1367.5639711711062,0.0,-0.6073644360330216,-0.563565673434828,-3.555816886817417,0.0,-0.9421737364665193,0.0,0.0,0.0,0.0,0.0,0.0,0.0,0.0,0.0,-2521.5131009858774,0.0,0.0,0.0,0.0,0.0,0.0,-1.526453476477604,0.0,0.0,0.0,0.0,0.0,0.0,0.0,3.99712613504528,1047.2789577537571,-0.0833368835796589,1124.1794564001157,0.0,-0.6169130388573562,-0.5740395616745809,-3.294469710268696,0.0,-0.9141456978097208,0.0,0.0,0.0,0.0,0.0,0.0,0.0,0.0,0.0,0.0,0.0,0.0,0.0,0.0,0.0,0.0,-1.319160909819177,0.0,0.0,0.0,0.0,0.0,0.0,0.0,0,0.0,0,5.11973327482462,1689.6477336699406,0.315135021866542,1367.5639711711062,0.0,0.0,0.0,0.0,0.0,0,0.0,0.0,0.0,0.0,0.0,0.0,0.0,0.0,0.0,0.0,0.0,0.0,0.0,0.0,0.0,0.0,0.0,0.0,0.0,0.0,3.99712613504528,1047.2789577537571,0.2171892258246036,1124.1794564001157,0.0,0.0,0.0,0.0,0.0,0,0.0,0,0.0,0.0,0.0,0.0,0.0,0.0,0.0,0.0,0.0,0.0,0.0,0.0,0.0,0.0,0.0,0.0,0.0,0.0,0.0,0.0
"MATLAB 2-19 PM Fri, Jun 14, 2024 Run6 .csv",5.053254120046648,762.0321739709161,0.3477459494390379,1175.041051251918,0.0,-0.6084052629785357,-0.5648546907013309,-3.560287127640759,0.0,-0.9427712605458604,0.0,0.0,0.0,0.0,0.0,0.0,0.0,0.0,0.0,-2528.756143011376,0.0,0.0,0.0,0.0,0.0,0.0,-1.5286431807353096,0.0,0.0,0.0,0.0,0.0,0.0,0.0,4.328874809273833,657.8600127098612,0.0036744718019201,1130.38817177352,0.7732276032606711,0.1234097024171794,-0.1913048955210976,-1.999921474525528,0.00025,0.0851153606972535,0.6153846153846154,0.1921151107059469,11.062435546883693,26.318136023327654,1.0428587280935389,0.642003534755895,0.0631403808096204,0.2947449881036414,0.4591018150946949,3.77481538009154,128892.28989205652,8.375253710738242e-15,0.5286301804010697,0.8640930842094025,0.9230357220683004,1.0,-0.3215708897901157,1.7291054231015937,2.1975512162999307,0.0269294130802154,0.0334487031973324,0.1001279926300049,0.023482394491124,2.9934790607365027,0,0.0,0,5.053254120046648,762.0321739709161,0.3477459494390379,1175.041051251918,0.0,0.0,0.0,0.0,0.0,0,0.0,0.0,0.0,0.0,0.0,0.0,0.0,0.0,0.0,0.0,0.0,0.0,0.0,0.0,0.0,0.0,0.0,0.0,0.0,0.0,4.328874809273833,657.8600127098612,0.3039849988586146,1130.38817177352,0.7732276032606711,0.7414499993438389,0.3841499996579109,1.300013001280738,0.00025,1,0.6153846153846154,0,0.0,0.192115110705947,11.062435546883696,26.318136023327654,1.0428587280935389,8.375253710738242e-15,0.642003534755895,0.0631403808096204,0.2947449881036414,0.4591018150946949,3.77481538009154,128892.28989205652,0.5286301804010697,0.8640930842094025,0.9230357220683004,1.0,1.0,1.7291054231015937,2.1975512162999307,0.0269294130802154
"MATLAB 2-19 PM Tue, Apr 30, 2024 Run0 .csv",4.69291634991989,812.097842867129,0.282883364028435,1248.9043006712934,0.0,-0.6094460899240498,-0.5661437079678338,-3.5647573684641016,0.0,-0.9433687846252016,0.0,0.0,0.0,0.0,0.0,0.0,0.0,0.0,0.0,-2535.999185036874,0.0,0.0,0.0,0.0,0.0,0.0,-1.5308328849930153,0.0,0.0,0.0,0.0,0.0,0.0,0.0,3.669030940122844,344.0402135692797,-0.2094681763700056,586.0486739696296,0.0,-0.6191675549959628,-0.5768702286834362,-3.305399241343835,0.0,-0.915623580795772,0.0,0.0,0.0,0.0,0.0,0.0,0.0,0.0,0.0,0.0,0.0,0.0,0.0,0.0,0.0,0.0,-1.3239808697610544,0.0,0.0,0.0,0.0,0.0,0.0,0.0,0,0.0,0,4.69291634991989,812.097842867129,0.282883364028435,1248.9043006712934,0.0,0.0,0.0,0.0,0.0,0,0.0,0.0,0.0,0.0,0.0,0.0,0.0,0.0,0.0,0.0,0.0,0.0,0.0,0.0,0.0,0.0,0.0,0.0,0.0,0.0,3.669030940122844,344.0402135692797,0.0906267683391206,586.0486739696296,0.0,0.0,0.0,0.0,0.0,0,0.0,0,0.0,0.0,0.0,0.0,0.0,0.0,0.0,0.0,0.0,0.0,0.0,0.0,0.0,0.0,0.0,0.0,0.0,0.0,0.0,0.0
"MATLAB 2-20 PM Tue, Apr 30, 2024 Run1 .csv",4.822586143955867,923.0523850884318,0.2906348881533331,1369.4294607221348,0.0,-0.6104869168695639,-0.5674327252343365,-3.569227609287444,0.0,-0.9439663087045428,0.0,0.0,0.0,0.0,0.0,0.0,0.0,0.0,0.0,-2543.242227062372,0.0,0.0,0.0,0.0,0.0,0.0,-1.533022589250721,0.0,0.0,0.0,0.0,0.0,0.0,0.0,3.805876912971725,383.67287898932176,-0.1969858733055459,624.841501802329,0.0,-0.6202948130652661,-0.5782855621878638,-3.310864006881405,0.0,-0.916362522288798,0.0,0.0,0.0,0.0,0.0,0.0,0.0,0.0,0.0,0.0,0.0,0.0,0.0,0.0,0.0,0.0,-1.3263908497319934,0.0,0.0,0.0,0.0,0.0,0.0,0.0,0,0.0,0,4.822586143955867,923.0523850884318,0.2906348881533331,1369.4294607221348,0.0,0.0,0.0,0.0,0.0,0,0.0,0.0,0.0,0.0,0.0,0.0,0.0,0.0,0.0,0.0,0.0,0.0,0.0,0.0,0.0,0.0,0.0,0.0,0.0,0.0,3.805876912971725,383.67287898932176,0.1028934890560122,624.841501802329,0.0,0.0,0.0,0.0,0.0,0,0.0,0,0.0,0.0,0.0,0.0,0.0,0.0,0.0,0.0,0.0,0.0,0.0,0.0,0.0,0.0,0.0,0.0,0.0,0.0,0.0,0.0
"MATLAB 2-22 PM Wed, Apr 3, 2024 Run0 .csv",2.396815314926252,204.3890289935512,0.1076316552179938,556.9550742739352,0.0,-0.6156910515971344,-0.5738778115668507,-3.5915788134041566,0.0,-0.9469539291012488,0.0,0.0,0.0,0.0,0.0,0.0,0.0,0.0,0.0,-2579.457437189864,0.0,0.0,0.0,0.0,0.0,0.0,-1.5439711105392493,0.0,0.0,0.0,0.0,0.0,0.0,0.0,3.474110589636465,442.1437963648456,0.0453297320654006,950.9731511234507,0.0,-0.6259311034117828,-0.5853622297100018,-3.3381878345692524,0.0,-0.9200572297539262,0.0,0.0,0.0,0.0,0.0,0.0,0.0,0.0,0.0,0.0,0.0,0.0,0.0,0.0,0.0,0.0,-1.3384407495866872,0.0,0.0,0.0,0.0,0.0,0.0,0.0,0,0.0,0,2.396815314926252,204.3890289935512,0.1076316552179938,556.9550742739352,0.0,0.0,0.0,0.0,0.0,0,0.0,0.0,0.0,0.0,0.0,0.0,0.0,0.0,0.0,0.0,0.0,0.0,0.0,0.0,0.0,0.0,0.0,0.0,0.0,0.0,3.474110589636465,442.1437963648456,0.3441311826891179,950.9731511234507,0.0,0.0,0.0,0.0,0.0,0,0.0,0,0.0,0.0,0.0,0.0,0.0,0.0,0.0,0.0,0.0,0.0,0.0,0.0,0.0,0.0,0.0,0.0,0.0,0.0,0.0,0.0
"MATLAB 2-24 PM Tue, Apr 30, 2024 Run2 .csv",4.454954614259237,602.1600783376585,0.2330048676205379,926.9330240335296,0.0,-0.619854359379191,-0.5790338806328621,-3.609459776697527,0.0,-0.9493440254186136,0.0,0.0,0.0,0.0,0.0,0.0,0.0,0.0,0.0,-2608.429605291857,0.0,0.0,0.0,0.0,0.0,0.0,-1.552729927570072,0.0,0.0,0.0,0.0,0.0,0.0,0.0,3.659653218782137,350.5000921430332,-0.1777355957028644,648.3640218686372,0.0,-0.6304401356889962,-0.5910235637277124,-3.3600468967195303,0.0,-0.9230129957260288,0.0,0.0,0.0,0.0,0.0,0.0,0.0,0.0,0.0,0.0,0.0,0.0,0.0,0.0,0.0,0.0,-1.348080669470442,0.0,0.0,0.0,0.0,0.0,0.0,0.0,0,0.0,0,4.454954614259237,602.1600783376585,0.2330048676205379,926.9330240335296,0.0,0.0,0.0,0.0,0.0,0,0.0,0.0,0.0,0.0,0.0,0.0,0.0,0.0,0.0,0.0,0.0,0.0,0.0,0.0,0.0,0.0,0.0,0.0,0.0,0.0,3.659653218782137,350.5000921430332,0.1202035255305802,648.3640218686372,0.0,0.0,0.0,0.0,0.0,0,0.0,0,0.0,0.0,0.0,0.0,0.0,0.0,0.0,0.0,0.0,0.0,0.0,0.0,0.0,0.0,0.0,0.0,0.0,0.0,0.0,0.0
"MATLAB 2-26 PM Fri, Jun 14, 2024 Run9 .csv",2.5957841980829204,327.3249699742993,0.2421439811087005,933.3335265215404,0.0,-0.6250584941067615,-0.5854789669653763,-3.63181098081424,0.0,-0.9523316458153196,0.0,0.0,0.0,0.0,0.0,0.0,0.0,0.0,0.0,-2644.644815419349,0.0,0.0,0.0,0.0,0.0,0.0,-1.5636784488586004,0.0,0.0,0.0,0.0,0.0,0.0,0.0,1.8537011520196505,116.73867459506845,-0.247496766693461,448.05378026932647,0.0,-0.6360764260355127,-0.5981002312498505,-3.387370724407378,0.0,-0.9267077031911573,0.0,0.0,0.0,0.0,0.0,0.0,0.0,0.0,0.0,0.0,0.0,0.0,0.0,0.0,0.0,0.0,-1.360130569325136,0.0,0.0,0.0,0.0,0.0,0.0,0.0,0,0.0,0,2.5957841980829204,327.3249699742993,0.2421439811087005,933.3335265215404,0.0,0.0,0.0,0.0,0.0,0,0.0,0.0,0.0,0.0,0.0,0.0,0.0,0.0,0.0,0.0,0.0,0.0,0.0,0.0,0.0,0.0,0.0,0.0,0.0,0.0,1.8537011520196505,116.73867459506845,0.0493644428021427,448.05378026932647,0.0,0.0,0.0,0.0,0.0,0,0.0,0,0.0,0.0,0.0,0.0,0.0,0.0,0.0,0.0,0.0,0.0,0.0,0.0,0.0,0.0,0.0,0.0,0.0,0.0,0.0,0.0
"MATLAB 2-27 PM Fri, Jun 14, 2024 Run10 .csv",5.405908371387554,1279.47533836843,0.7805872329262928,1480.465969950879,0.0,-0.6271401479977897,-0.5880570014983819,-3.640751462460924,0.0,-0.9535266939740018,0.0,0.0,0.0,0.0,0.0,0.0,0.0,0.0,0.0,-2659.130899470345,0.0,0.0,0.0,0.0,0.0,0.0,-1.5680578573740118,0.0,0.0,0.0,0.0,0.0,0.0,0.0,4.261640568034449,638.4419613046939,-0.0004473697079859,946.981368541301,0.0,-0.6383309421741195,-0.6009308982587057,-3.398300255482517,0.0,-0.9281855861772086,0.0,0.0,0.0,0.0,0.0,0.0,0.0,0.0,0.0,0.0,0.0,0.0,0.0,0.0,0.0,0.0,-1.3649505292670134,0.0,0.0,0.0,0.0,0.0,0.0,0.0,0,0.0,0,5.405908371387554,1279.47533836843,0.7805872329262928,1480.465969950879,0.0,0.0,0.0,0.0,0.0,0,0.0,0.0,0.0,0.0,0.0,0.0,0.0,0.0,0.0,0.0,0.0,0.0,0.0,0.0,0.0,0.0,0.0,0.0,0.0,0.0,4.261640568034449,638.4419613046939,0.2959826750924815,946.981368541301,0.0,0.0,0.0,0.0,0.0,0,0.0,0,0.0,0.0,0.0,0.0,0.0,0.0,0.0,0.0,0.0,0.0,0.0,0.0,0.0,0.0,0.0,0.0,0.0,0.0,0.0,0.0
"MATLAB 2-27 PM Wed, Apr 3, 2024 Run1 .csv",3.2749587210557456,399.4546088954287,0.2050290214111191,821.624037423504,0.0,-0.6292218018888179,-0.5906350360313876,-3.649691944107609,0.0,-0.9547217421326842,0.0,0.0,0.0,0.0,0.0,0.0,0.0,0.0,0.0,-2673.616983521342,0.0,0.0,0.0,0.0,0.0,0.0,-1.5724372658894232,0.0,0.0,0.0,0.0,0.0,0.0,0.0,4.485901444438923,860.6259568328152,0.2190071545770314,1343.7778719763082,0.0,-0.6405854583127261,-0.603761565267561,-3.409229786557656,0.0,-0.92966346916326,0.0,0.0,0.0,0.0,0.0,0.0,0.0,0.0,0.0,0.0,0.0,0.0,0.0,0.0,0.0,0.0,-1.3697704892088909,0.0,0.0,0.0,0.0,0.0,0.0,0.0,0,0.0,0,3.2749587210557456,399.4546088954287,0.2050290214111191,821.624037423504,0.0,0.0,0.0,0.0,0.0,0,0.0,0.0,0.0,0.0,0.0,0.0,0.0,0.0,0.0,0.0,0.0,0.0,0.0,0.0,0.0,0.0,0.0,0.0,0.0,0.0,4.485901444438923,860.6259568328152,0.5150060346823626,1343.7778719763082,0.0,0.0,0.0,0.0,0.0,0,0.0,0,0.0,0.0,0.0,0.0,0.0,0.0,0.0,0.0,0.0,0.0,0.0,0.0,0.0,0.0,0.0,0.0,0.0,0.0,0.0,0.0
"MATLAB 2-30 PM Fri, Jun 14, 2024 Run11 .csv",5.757488635921795,1754.0506472405914,0.3362814736352572,780.906983845886,0.0,-0.6323442827253603,-0.5945020878308961,-3.663102666577637,0.0,-0.9565143143707078,0.0,0.0,0.0,0.0,0.0,0.0,0.0,0.0,0.0,-2695.346109597837,0.0,0.0,0.0,0.0,0.0,0.0,-1.57900637866254,0.0,0.0,0.0,0.0,0.0,0.0,0.0,5.20013922186488,1223.7635919364914,-0.1092006302623049,640.8794139491401,0.0,-0.643967232520636,-0.6080075657808438,-3.4256240831703644,0.0,-0.9318802936423368,0.0,0.0,0.0,0.0,0.0,0.0,0.0,0.0,0.0,0.0,0.0,0.0,0.0,0.0,0.0,0.0,-1.3770004291217073,0.0,0.0,0.0,0.0,0.0,0.0,0.0,0,0.0,0,5.757488635921795,1754.0506472405914,0.3362814736352572,780.906983845886,0.0,0.0,0.0,0.0,0.0,0,0.0,0.0,0.0,0.0,0.0,0.0,0.0,0.0,0.0,0.0,0.0,0.0,0.0,0.0,0.0,0.0,0.0,0.0,0.0,0.0,5.20013922186488,1223.7635919364914,0.1861515028003217,640.8794139491401,0.0,0.0,0.0,0.0,0.0,0,0.0,0,0.0,0.0,0.0,0.0,0.0,0.0,0.0,0.0,0.0,0.0,0.0,0.0,0.0,0.0,0.0,0.0,0.0,0.0,0.0,0.0
"MATLAB 2-32 PM Fri, Sep 13, 2024 Run3 .csv",5.925096818637251,3073.2703321247586,0.3505915253646617,1046.8267082601983,0.0,-0.6365075905074167,-0.5996581568969075,-3.6809836298710064,0.0,-0.9589044106880724,0.0,0.0,0.0,0.0,0.0,0.0,0.0,0.0,0.0,-2724.31827769983,0.0,0.0,0.0,0.0,0.0,0.0,-1.587765195693363,0.0,0.0,0.0,0.0,0.0,0.0,0.0,6.0969281320486015,3156.9747952755843,0.0622572426559025,1084.3374686449365,0.0,-0.6484762647978494,-0.6136688997985542,-3.4474831453206427,0.0,-0.9348360596144396,0.0,0.0,0.0,0.0,0.0,0.0,0.0,0.0,0.0,0.0,0.0,0.0,0.0,0.0,0.0,0.0,-1.3866403490054622,0.0,0.0,0.0,0.0,0.0,0.0,0.0,0,1.0,0,5.925096818637251,3073.2703321247586,0.3505915253646617,1046.8267082601983,0.0,0.0,0.0,0.0,0.0,0,0.0,0.0,0.0,0.0,0.0,0.0,0.0,0.0,0.0,0.0,0.0,0.0,0.0,0.0,0.0,0.0,0.0,0.0,0.0,0.0,6.0969281320486015,3156.9747952755843,0.3567470463282565,1084.3374686449365,0.0,0.0,0.0,0.0,0.0,0,0.0,0,1.0,0.0,0.0,0.0,0.0,0.0,0.0,0.0,0.0,0.0,0.0,0.0,0.0,0.0,0.0,0.0,0.0,0.0,0.0,0.0
"MATLAB 2-33 PM Tue, Oct 15, 2024 Run3 .csv",3.7912542555321096,1236.9309228982236,0.1790040785566462,1325.4444379238132,0.0,-0.6396300713439591,-0.6035252086964159,-3.694394352341034,0.0,-0.960696982926096,0.0,0.0,0.0,0.0,0.0,0.0,0.0,0.0,0.0,-2746.047403776325,0.0,0.0,0.0,0.0,0.0,0.0,-1.5943343084664798,0.0,0.0,0.0,0.0,0.0,0.0,0.0,2.681185354814592,783.3237538715993,-0.185875027674475,975.681373680536,8.559599992401358,7.982041953329434,8.015985092023357,-3.313876691796424,0.00043,-0.9370528840935168,1.0,1.527591594893119,28.238572969063306,30.12185813046549,0.9913943872410156,0.0075725515266052,0.167748835290741,0.8240156509369018,108.81611673975686,3.633589028090945,473073.80815362826,9.214378915371336e-15,1.7985911084077997,0.3612521982852329,0.0033869077680846,0.0,0.6061297110817216,0.3699496081396358,-1.5000000000000009,0.021356680393219,0.0350144696235656,0.0586598706245422,0.0177355109592633,1.6753037031599816,0,1.0,0,3.7912542555321096,1236.9309228982236,0.1790040785566462,1325.4444379238132,0.0,0.0,0.0,0.0,0.0,0,0.0,0.0,0.0,0.0,0.0,0.0,0.0,0.0,0.0,0.0,0.0,0.0,0.0,0.0,0.0,0.0,0.0,0.0,0.0,0.0,2.681185354814592,783.3237538715993,0.1079680289551744,975.681373680536,8.559599992401358,8.633899992335193,8.633899992335193,0.1500007501369268,0.00043,0,1.0,0,1.0,1.5275915948931191,28.238572969063306,30.12185813046549,0.9913943872410156,9.214378915371336e-15,0.0075725515266052,0.167748835290741,0.8240156509369018,108.81611673975686,3.633589028090945,473073.80815362826,1.7985911084077997,0.3612521982852329,0.0033869077680846,0.0,2.0,0.3699496081396358,-1.5000000000000009,0.021356680393219
"MATLAB 2-35 PM Tue, Oct 8, 2024 Run1 .csv",5.2212236420827685,1485.572898843962,1.0485407153232629,1664.114811135655,0.0,-0.6417117252349873,-0.6061032432294216,-3.703334833987719,0.0,-0.9618920310847784,0.0,0.0,0.0,0.0,0.0,0.0,0.0,0.0,0.0,-2760.5334878273216,0.0,0.0,0.0,0.0,0.0,0.0,-1.5987137169818912,0.0,0.0,0.0,0.0,0.0,0.0,0.0,4.1778575095996535,1816.4874647074664,0.2438922779372039,1904.937797854524,0.0,-0.6541125551443661,-0.6207455673206923,-3.47480697300849,0.0,-0.938530767079568,0.0,0.0,0.0,0.0,0.0,0.0,0.0,0.0,0.0,0.0,0.0,0.0,0.0,0.0,0.0,0.0,-1.398690248860156,0.0,0.0,0.0,0.0,0.0,0.0,0.0,0,0.0,0,5.2212236420827685,1485.572898843962,1.0485407153232629,1664.114811135655,0.0,0.0,0.0,0.0,0.0,0,0.0,0.0,0.0,0.0,0.0,0.0,0.0,0.0,0.0,0.0,0.0,0.0,0.0,0.0,0.0,0.0,0.0,0.0,0.0,0.0,4.1778575095996535,1816.4874647074664,0.5373041698717171,1904.937797854524,0.0,0.0,0.0,0.0,0.0,0,0.0,0,0.0,0.0,0.0,0.0,0.0,0.0,0.0,0.0,0.0,0.0,0.0,0.0,0.0,0.0,0.0,0.0,0.0,0.0,0.0,0.0
"MATLAB 2-36 PM Wed, Sep 18, 2024 Run2 .csv",5.904256190503158,3159.7425373446986,0.3077950561729717,1008.7717672338566,0.0,-0.6437933791260155,-0.6086812777624273,-3.712275315634404,0.0,-0.9630870792434608,0.0,0.0,0.0,0.0,0.0,0.0,0.0,0.0,0.0,-2775.019571878318,0.0,0.0,0.0,0.0,0.0,0.0,-1.6030931254973029,0.0,0.0,0.0,0.0,0.0,0.0,0.0,5.75532806152099,2574.147495371135,-0.0002775359177912,959.2776756254405,0.0,-0.6563670712829727,-0.6235762343295477,-3.485736504083629,0.0,-0.9400086500656194,0.0,0.0,0.0,0.0,0.0,0.0,0.0,0.0,0.0,0.0,0.0,0.0,0.0,0.0,0.0,0.0,-1.4035102088020337,0.0,0.0,0.0,0.0,0.0,0.0,0.0,0,0.0,0,5.904256190503158,3159.7425373446986,0.3077950561729717,1008.7717672338566,0.0,0.0,0.0,0.0,0.0,0,0.0,0.0,0.0,0.0,0.0,0.0,0.0,0.0,0.0,0.0,0.0,0.0,0.0,0.0,0.0,0.0,0.0,0.0,0.0,0.0,5.75532806152099,2574.147495371135,0.2927031913215856,959.2776756254405,0.0,0.0,0.0,0.0,0.0,0,0.0,0,0.0,0.0,0.0,0.0,0.0,0.0,0.0,0.0,0.0,0.0,0.0,0.0,0.0,0.0,0.0,0.0,0.0,0.0,0.0,0.0
"MATLAB 2-38 PM Thu, May 23, 2024 Run0 .csv",3.287931966640596,510.6880571932033,0.419559968755987,1182.4028773099042,0.0,-0.6458750330170437,-0.6112593122954328,-3.721215797281089,0.0,-0.9642821274021433,0.0,0.0,0.0,0.0,0.0,0.0,0.0,0.0,0.0,-2789.505655929315,0.0,0.0,0.0,0.0,0.0,0.0,-1.607472534012714,0.0,0.0,0.0,0.0,0.0,0.0,0.0,3.050256914943903,626.6989629443134,-0.0058175789498316,1340.3211036940838,0.0,-0.6586215874215793,-0.6264069013384028,-3.496666035158768,0.0,-0.9414865330516708,0.0,0.0,0.0,0.0,0.0,0.0,0.0,0.0,0.0,0.0,0.0,0.0,0.0,0.0,0.0,0.0,-1.4083301687439111,0.0,0.0,0.0,0.0,0.0,0.0,0.0,0,0.0,0,3.287931966640596,510.6880571932033,0.419559968755987,1182.4028773099042,0.0,0.0,0.0,0.0,0.0,0,0.0,0.0,0.0,0.0,0.0,0.0,0.0,0.0,0.0,0.0,0.0,0.0,0.0,0.0,0.0,0.0,0.0,0.0,0.0,0.0,3.050256914943903,626.6989629443134,0.2867319835944088,1340.3211036940838,0.0,0.0,0.0,0.0,0.0,0,0.0,0,0.0,0.0,0.0,0.0,0.0,0.0,0.0,0.0,0.0,0.0,0.0,0.0,0.0,0.0,0.0,0.0,0.0,0.0,0.0,0.0
"MATLAB 2-38 PM Wed, Apr 3, 2024 Run2.csv",2.916393920201332,279.5119736807172,0.1152768787436723,598.9474681088165,0.0,-0.647956686908072,-0.6138373468284386,-3.7301562789277742,0.0,-0.9654771755608256,0.0,0.0,0.0,0.0,0.0,0.0,0.0,0.0,0.0,-2803.991739980312,0.0,0.0,0.0,0.0,0.0,0.0,-1.6118519425281252,0.0,0.0,0.0,0.0,0.0,0.0,0.0,3.889911436265084,502.3369822709646,0.0664410922155411,950.7573316767772,0.0,-0.660876103560186,-0.6292375683472581,-3.507595566233907,0.0,-0.942964416037722,0.0,0.0,0.0,0.0,0.0,0.0,0.0,0.0,0.0,0.0,0.0,0.0,0.0,0.0,0.0,0.0,-1.4131501286857886,0.0,0.0,0.0,0.0,0.0,0.0,0.0,0,0.0,0,2.916393920201332,279.5119736807172,0.1152768787436723,598.9474681088165,0.0,0.0,0.0,0.0,0.0,0,0.0,0.0,0.0,0.0,0.0,0.0,0.0,0.0,0.0,0.0,0.0,0.0,0.0,0.0,0.0,0.0,0.0,0.0,0.0,0.0,3.889911436265084,502.3369822709646,0.3585594900646452,950.7573316767772,0.0,0.0,0.0,0.0,0.0,0,0.0,0,0.0,0.0,0.0,0.0,0.0,0.0,0.0,0.0,0.0,0.0,0.0,0.0,0.0,0.0,0.0,0.0,0.0,0.0,0.0,0.0
"MATLAB 2-40 PM Fri, Aug 23, 2024 Run0 .csv",5.593023234659688,1858.9615421567305,1.0982094501888364,1776.530181312951,0.0,-0.6500383407991002,-0.6164153813614442,-3.739096760574459,0.0,-0.966672223719508,0.0,0.0,0.0,0.0,0.0,0.0,0.0,0.0,0.0,-2818.477824031308,0.0,0.0,0.0,0.0,0.0,0.0,-1.6162313510435369,0.0,0.0,0.0,0.0,0.0,0.0,0.0,4.353464837162174,1168.3419480465875,0.412754561249812,1608.8558075836982,0.0,-0.6631306196987926,-0.6320682353561133,-3.518525097309046,0.0,-0.9444422990237734,0.0,0.0,0.0,0.0,0.0,0.0,0.0,0.0,0.0,0.0,0.0,0.0,0.0,0.0,0.0,0.0,-1.417970088627666,0.0,0.0,0.0,0.0,0.0,0.0,0.0,0,0.0,0,5.593023234659688,1858.9615421567305,1.0982094501888364,1776.530181312951,0.0,0.0,0.0,0.0,0.0,0,0.0,0.0,0.0,0.0,0.0,0.0,0.0,0.0,0.0,0.0,0.0,0.0,0.0,0.0,0.0,0.0,0.0,0.0,0.0,0.0,4.353464837162174,1168.3419480465875,0.7044417944037799,1608.8558075836982,0.0,0.0,0.0,0.0,0.0,0,0.0,0,0.0,0.0,0.0,0.0,0.0,0.0,0.0,0.0,0.0,0.0,0.0,0.0,0.0,0.0,0.0,0.0,0.0,0.0,0.0,0.0
"MATLAB 2-42 PM Wed, Sep 18, 2024 Run3 .csv",5.962936839226591,2915.896160798165,0.401726491994138,1364.827082255131,0.0,-0.6552424755266708,-0.6228604676939584,-3.7614479646911714,0.0,-0.969659844116214,0.0,0.0,0.0,0.0,0.0,0.0,0.0,0.0,0.0,-2854.6930341587995,0.0,0.0,0.0,0.0,0.0,0.0,-1.6271798723320652,0.0,0.0,0.0,0.0,0.0,0.0,0.0,5.8312839203385884,2462.65212236133,0.0721760245405531,1224.1940815591138,0.0,-0.6687669100453093,-0.6391449028782514,-3.5458489249968936,0.0,-0.9481370064889018,0.0,0.0,0.0,0.0,0.0,0.0,0.0,0.0,0.0,0.0,0.0,0.0,0.0,0.0,0.0,0.0,-1.4300199884823597,0.0,0.0,0.0,0.0,0.0,0.0,0.0,0,0.0,0,5.962936839226591,2915.896160798165,0.401726491994138,1364.827082255131,0.0,0.0,0.0,0.0,0.0,0,0.0,0.0,0.0,0.0,0.0,0.0,0.0,0.0,0.0,0.0,0.0,0.0,0.0,0.0,0.0,0.0,0.0,0.0,0.0,0.0,5.8312839203385884,2462.65212236133,0.3627853459566801,1224.1940815591138,0.0,0.0,0.0,0.0,0.0,0,0.0,0,0.0,0.0,0.0,0.0,0.0,0.0,0.0,0.0,0.0,0.0,0.0,0.0,0.0,0.0,0.0,0.0,0.0,0.0,0.0,0.0
"MATLAB 2-45 PM Fri, Aug 23, 2024 Run1 .csv",5.9345652974178975,2045.596331983891,0.9680850469559852,1670.5175396462885,0.0,-0.657324129417699,-0.6254385022269642,-3.770388446337857,0.0,-0.9708548922748964,0.0,0.0,0.0,0.0,0.0,0.0,0.0,0.0,0.0,-2869.1791182097963,0.0,0.0,0.0,0.0,0.0,0.0,-1.6315592808474764,0.0,0.0,0.0,0.0,0.0,0.0,0.0,4.56169209253703,1044.259821780183,0.3587599688733546,1407.7939739865335,0.0,-0.6710214261839159,-0.6419755698871066,-3.5567784560720326,0.0,-0.9496148894749532,0.0,0.0,0.0,0.0,0.0,0.0,0.0,0.0,0.0,0.0,0.0,0.0,0.0,0.0,0.0,0.0,-1.4348399484242371,0.0,0.0,0.0,0.0,0.0,0.0,0.0,0,0.0,0,5.9345652974178975,2045.596331983891,0.9680850469559852,1670.5175396462885,0.0,0.0,0.0,0.0,0.0,0,0.0,0.0,0.0,0.0,0.0,0.0,0.0,0.0,0.0,0.0,0.0,0.0,0.0,0.0,0.0,0.0,0.0,0.0,0.0,0.0,4.56169209253703,1044.259821780183,0.6489381255943453,1407.7939739865335,0.0,0.0,0.0,0.0,0.0,0,0.0,0,0.0,0.0,0.0,0.0,0.0,0.0,0.0,0.0,0.0,0.0,0.0,0.0,0.0,0.0,0.0,0.0,0.0,0.0,0.0,0.0
"MATLAB 2-46 PM Fri, Sep 13, 2024 Run4 .csv",5.947051438117227,2923.2137464836737,0.3295632704759326,1021.5123673664316,0.0,-0.6604466102542413,-0.6293055540264726,-3.783799168807884,0.0,-0.9726474645129198,0.0,0.0,0.0,0.0,0.0,0.0,0.0,0.0,0.0,-2890.908244286291,0.0,0.0,0.0,0.0,0.0,0.0,-1.6381283936205937,0.0,0.0,0.0,0.0,0.0,0.0,0.0,5.976546565350716,2977.7250085212268,-0.0011411041407487,1096.8498972023112,0.0,-0.6744032003918259,-0.6462215704003895,-3.573172752684741,0.0,-0.9518317139540302,0.0,0.0,0.0,0.0,0.0,0.0,0.0,0.0,0.0,0.0,0.0,0.0,0.0,0.0,0.0,0.0,-1.4420698883370535,0.0,0.0,0.0,0.0,0.0,0.0,0.0,0,0.0,0,5.947051438117227,2923.2137464836737,0.3295632704759326,1021.5123673664316,0.0,0.0,0.0,0.0,0.0,0,0.0,0.0,0.0,0.0,0.0,0.0,0.0,0.0,0.0,0.0,0.0,0.0,0.0,0.0,0.0,0.0,0.0,0.0,0.0,0.0,5.976546565350716,2977.7250085212268,0.2883903055375374,1096.8498972023112,0.0,0.0,0.0,0.0,0.0,0,0.0,0,0.0,0.0,0.0,0.0,0.0,0.0,0.0,0.0,0.0,0.0,0.0,0.0,0.0,0.0,0.0,0.0,0.0,0.0,0.0,0.0
"MATLAB 2-46 PM Tue, Oct 8, 2024 Run2 .csv",4.852669293000641,1399.4834871550966,0.78993378868975,1712.5531535007588,0.0,-0.6625282641452696,-0.6318835885594782,-3.792739650454569,0.0,-0.9738425126716024,0.0,0.0,0.0,0.0,0.0,0.0,0.0,0.0,0.0,-2905.394328337288,0.0,0.0,0.0,0.0,0.0,0.0,-1.642507802136005,0.0,0.0,0.0,0.0,0.0,0.0,0.0,4.04005166492146,1621.2797726221747,0.1511725200881485,1890.5871769014211,0.0,-0.6766577165304326,-0.6490522374092447,-3.58410228375988,0.0,-0.9533095969400815,0.0,0.0,0.0,0.0,0.0,0.0,0.0,0.0,0.0,0.0,0.0,0.0,0.0,0.0,0.0,0.0,-1.4468898482789312,0.0,0.0,0.0,0.0,0.0,0.0,0.0,0,0.0,0,4.852669293000641,1399.4834871550966,0.78993378868975,1712.5531535007588,0.0,0.0,0.0,0.0,0.0,0,0.0,0.0,0.0,0.0,0.0,0.0,0.0,0.0,0.0,0.0,0.0,0.0,0.0,0.0,0.0,0.0,0.0,0.0,0.0,0.0,4.04005166492146,1621.2797726221747,0.4402727650712984,1890.5871769014211,0.0,0.0,0.0,0.0,0.0,0,0.0,0,0.0,0.0,0.0,0.0,0.0,0.0,0.0,0.0,0.0,0.0,0.0,0.0,0.0,0.0,0.0,0.0,0.0,0.0,0.0,0.0
"MATLAB 2-46 PM Wed, Sep 18, 2024 Run4 .csv",5.939655915698392,2922.1591358607498,0.3290569343591403,1167.9367433075745,0.0,-0.6635690910907837,-0.6331726058259811,-3.797209891277912,0.0,-0.9744400367509434,0.0,0.0,0.0,0.0,0.0,0.0,0.0,0.0,0.0,-2912.637370362786,0.0,0.0,0.0,0.0,0.0,0.0,-1.6446975063937104,0.0,0.0,0.0,0.0,0.0,0.0,0.0,5.546009570393437,2510.5133833788677,-0.0454882675350185,987.4670808762156,0.0,-0.6777849745997359,-0.6504675709136724,-3.5895670492974494,0.0,-0.9540485384331072,0.0,0.0,0.0,0.0,0.0,0.0,0.0,0.0,0.0,0.0,0.0,0.0,0.0,0.0,0.0,0.0,-1.44929982824987,0.0,0.0,0.0,0.0,0.0,0.0,0.0,0,0.0,0,5.939655915698392,2922.1591358607498,0.3290569343591403,1167.9367433075745,0.0,0.0,0.0,0.0,0.0,0,0.0,0.0,0.0,0.0,0.0,0.0,0.0,0.0,0.0,0.0,0.0,0.0,0.0,0.0,0.0,0.0,0.0,0.0,0.0,0.0,5.546009570393437,2510.5133833788677,0.2433963951005631,987.4670808762156,0.0,0.0,0.0,0.0,0.0,0,0.0,0,0.0,0.0,0.0,0.0,0.0,0.0,0.0,0.0,0.0,0.0,0.0,0.0,0.0,0.0,0.0,0.0,0.0,0.0,0.0,0.0
"MATLAB 2-49 PM Thu, Oct 17, 2024 Run0 .csv",5.723942629691536,2499.3307834585707,0.340835425078563,1248.6249303364286,0.0,-0.6698140527638684,-0.6409067094249981,-3.824031336217966,0.0,-0.9780251812269906,0.0,0.0,0.0,0.0,0.0,0.0,0.0,0.0,0.0,-2956.095622515776,0.0,0.0,0.0,0.0,0.0,0.0,-1.6578357319399446,0.0,0.0,0.0,0.0,0.0,0.0,0.0,5.309452668766424,1717.472495137332,0.053480596652136,1309.2501875235982,0.0,-0.6845485230155559,-0.6589595719402381,-3.6223556425228662,0.0,-0.9584821873912612,0.0,0.0,0.0,0.0,0.0,0.0,0.0,0.0,0.0,0.0,0.0,0.0,0.0,0.0,0.0,0.0,-1.4637597080755025,0.0,0.0,0.0,0.0,0.0,0.0,0.0,0,0.0,0,5.723942629691536,2499.3307834585707,0.340835425078563,1248.6249303364286,0.0,0.0,0.0,0.0,0.0,0,0.0,0.0,0.0,0.0,0.0,0.0,0.0,0.0,0.0,0.0,0.0,0.0,0.0,0.0,0.0,0.0,0.0,0.0,0.0,0.0,5.309452668766424,1717.472495137332,0.3410717652023087,1309.2501875235982,0.0,0.0,0.0,0.0,0.0,0,0.0,0,0.0,0.0,0.0,0.0,0.0,0.0,0.0,0.0,0.0,0.0,0.0,0.0,0.0,0.0,0.0,0.0,0.0,0.0,0.0,0.0
"MATLAB 2-50 PM Thu, Oct 3, 2024 Run1 .csv",5.89409102156904,2499.302804379446,0.3178989838830639,1310.7337600834924,0.0,-0.6718957066548966,-0.6434847439580038,-3.8329718178646512,0.0,-0.9792202293856728,0.0,0.0,0.0,0.0,0.0,0.0,0.0,0.0,0.0,-2970.5817065667725,0.0,0.0,0.0,0.0,0.0,0.0,-1.662215140455356,0.0,0.0,0.0,0.0,0.0,0.0,0.0,5.868224744752492,2721.519316841385,0.0296886625703661,1142.5163715262322,0.0,-0.6868030391541625,-0.6617902389490933,-3.633285173598006,0.0,-0.9599600703773126,0.0,0.0,0.0,0.0,0.0,0.0,0.0,0.0,0.0,0.0,0.0,0.0,0.0,0.0,0.0,0.0,-1.46857966801738,0.0,0.0,0.0,0.0,0.0,0.0,0.0,0,1.0,0,5.89409102156904,2499.302804379446,0.3178989838830639,1310.7337600834924,0.0,0.0,0.0,0.0,0.0,0,0.0,0.0,0.0,0.0,0.0,0.0,0.0,0.0,0.0,0.0,0.0,0.0,0.0,0.0,0.0,0.0,0.0,0.0,0.0,0.0,5.868224744752492,2721.519316841385,0.3168486664254025,1142.5163715262322,0.0,0.0,0.0,0.0,0.0,0,0.0,0,1.0,0.0,0.0,0.0,0.0,0.0,0.0,0.0,0.0,0.0,0.0,0.0,0.0,0.0,0.0,0.0,0.0,0.0,0.0,0.0
"MATLAB 2-50 PM Tue, Mar 19, 2024 Run0 .csv",2.85243707962859,586.3903883440167,0.0526830946332375,1210.7278562858194,0.0,-0.6729365336004107,-0.6447737612245066,-3.837442058687994,0.0,-0.979817753465014,0.0,0.0,0.0,0.0,0.0,0.0,0.0,0.0,0.0,-2977.824748592271,0.0,0.0,0.0,0.0,0.0,0.0,-1.6644048447130615,0.0,0.0,0.0,0.0,0.0,0.0,0.0,4.75742684321958,1899.5397113790796,-0.1804892988156897,1714.6715308044995,0.0,-0.6879302972234658,-0.663205572453521,-3.6387499391355753,0.0,-0.9606990118703382,0.0,0.0,0.0,0.0,0.0,0.0,0.0,0.0,0.0,0.0,0.0,0.0,0.0,0.0,0.0,0.0,-1.4709896479883189,0.0,0.0,0.0,0.0,0.0,0.0,0.0,0,0.0,0,2.85243707962859,586.3903883440167,0.0526830946332375,1210.7278562858194,0.0,0.0,0.0,0.0,0.0,0,0.0,0.0,0.0,0.0,0.0,0.0,0.0,0.0,0.0,0.0,0.0,0.0,0.0,0.0,0.0,0.0,0.0,0.0,0.0,0.0,4.75742684321958,1899.5397113790796,0.1064551226917784,1714.6715308044995,0.0,0.0,0.0,0.0,0.0,0,0.0,0,0.0,0.0,0.0,0.0,0.0,0.0,0.0,0.0,0.0,0.0,0.0,0.0,0.0,0.0,0.0,0.0,0.0,0.0,0.0,0.0
"MATLAB 2-51 PM Thu, May 23, 2024 Run1 .csv",4.45469889775654,1074.691398043317,0.4384851752701301,1312.663189235937,0.0,-0.676059014436953,-0.6486408130240151,-3.8508527811580215,0.0,-0.9816103257030376,0.0,0.0,0.0,0.0,0.0,0.0,0.0,0.0,0.0,-2999.553874668766,0.0,0.0,0.0,0.0,0.0,0.0,-1.6709739574861786,0.0,0.0,0.0,0.0,0.0,0.0,0.0,4.128872767743359,953.046270428813,0.0520385005581897,1394.8521240153182,0.0,-0.6913120714313759,-0.6674515729668038,-3.655144235748284,0.0,-0.9629158363494152,0.0,0.0,0.0,0.0,0.0,0.0,0.0,0.0,0.0,0.0,0.0,0.0,0.0,0.0,0.0,0.0,-1.478219587901135,0.0,0.0,0.0,0.0,0.0,0.0,0.0,0,0.0,0,4.45469889775654,1074.691398043317,0.4384851752701301,1312.663189235937,0.0,0.0,0.0,0.0,0.0,0,0.0,0.0,0.0,0.0,0.0,0.0,0.0,0.0,0.0,0.0,0.0,0.0,0.0,0.0,0.0,0.0,0.0,0.0,0.0,0.0,4.128872767743359,953.046270428813,0.3383361750229534,1394.8521240153182,0.0,0.0,0.0,0.0,0.0,0,0.0,0,0.0,0.0,0.0,0.0,0.0,0.0,0.0,0.0,0.0,0.0,0.0,0.0,0.0,0.0,0.0,0.0,0.0,0.0,0.0,0.0
"MATLAB 2-52 PM Tue, Oct 15, 2024 Run4 .csv",4.084989204683885,1285.3577797090445,0.1785988347628758,1185.1842440638077,0.0,-0.6802223222190095,-0.6537968820900264,-3.868733744451391,0.0,-0.9840004220204024,0.0,0.0,0.0,0.0,0.0,0.0,0.0,0.0,0.0,-3028.526042770759,0.0,0.0,0.0,0.0,0.0,0.0,-1.6797327745170012,0.0,0.0,0.0,0.0,0.0,0.0,0.0,2.8588498750640947,824.7938741311058,-0.171076758610259,856.9195661999698,0.0,-0.6958211037085891,-0.6731129069845143,-3.677003297898562,0.0,-0.965871602321518,0.0,0.0,0.0,0.0,0.0,0.0,0.0,0.0,0.0,0.0,0.0,0.0,0.0,0.0,0.0,0.0,-1.48785950778489,0.0,0.0,0.0,0.0,0.0,0.0,0.0,0,0.0,0,4.084989204683885,1285.3577797090445,0.1785988347628758,1185.1842440638077,0.0,0.0,0.0,0.0,0.0,0,0.0,0.0,0.0,0.0,0.0,0.0,0.0,0.0,0.0,0.0,0.0,0.0,0.0,0.0,0.0,0.0,0.0,0.0,0.0,0.0,2.8588498750640947,824.7938741311058,0.114358586464232,856.9195661999698,0.0,0.0,0.0,0.0,0.0,0,0.0,0,0.0,0.0,0.0,0.0,0.0,0.0,0.0,0.0,0.0,0.0,0.0,0.0,0.0,0.0,0.0,0.0,0.0,0.0,0.0,0.0
"MATLAB 2-55 PM Wed, Nov 6, 2024 Run0 .csv",5.57411646570984,3298.6395600083315,0.4444037612478672,1665.941415361718,0.0,-0.6885489377831224,-0.6641090202220492,-3.904495671038131,0.0,-0.988780614655132,0.0,0.0,0.0,0.0,0.0,0.0,0.0,0.0,0.0,-3086.470378974745,0.0,0.0,0.0,0.0,0.0,0.0,-1.6972504085786468,0.0,0.0,0.0,0.0,0.0,0.0,0.0,4.936952880356858,2491.805016149641,0.0616741967184615,1912.842244541101,0.0,-0.7048391682630157,-0.6844355750199352,-3.7207214221991176,0.0,-0.9717831342657234,0.0,0.0,0.0,0.0,0.0,0.0,0.0,0.0,0.0,0.0,0.0,0.0,0.0,0.0,0.0,0.0,-1.5071393475524,0.0,0.0,0.0,0.0,0.0,0.0,0.0,0,0.9999999999999998,0,5.57411646570984,3298.6395600083315,0.4444037612478672,1665.941415361718,0.0,0.0,0.0,0.0,0.0,0,0.0,0.0,0.0,0.0,0.0,0.0,0.0,0.0,0.0,0.0,0.0,0.0,0.0,0.0,0.0,0.0,0.0,0.0,0.0,0.0,4.936952880356858,2491.805016149641,0.3453848830124072,1912.842244541101,0.0,0.0,0.0,0.0,0.0,0,0.0,0,0.9999999999999998,0.0,0.0,0.0,0.0,0.0,0.0,0.0,0.0,0.0,0.0,0.0,0.0,0.0,0.0,0.0,0.0,0.0,0.0,0.0
"MATLAB 2-58 PM Tue, Oct 8, 2024 Run3 .csv",5.7347914054803,2265.904553074102,0.2782656758972702,1292.0610939055491,0.0,-0.6947938994562071,-0.6718431238210661,-3.931317115978186,0.0,-0.9923657591311792,0.0,0.0,0.0,0.0,0.0,0.0,0.0,0.0,0.0,-3129.928631127736,0.0,0.0,0.0,0.0,0.0,0.0,-1.7103886341248806,0.0,0.0,0.0,0.0,0.0,0.0,0.0,5.953096184601492,2650.39165995493,0.0424172191462808,1182.9913600665077,0.0,-0.7116027166788357,-0.692927576046501,-3.753510015424535,0.0,-0.9762167832238774,0.0,0.0,0.0,0.0,0.0,0.0,0.0,0.0,0.0,0.0,0.0,0.0,0.0,0.0,0.0,0.0,-1.5215992273780323,0.0,0.0,0.0,0.0,0.0,0.0,0.0,0,0.0,0,5.7347914054803,2265.904553074102,0.2782656758972702,1292.0610939055491,0.0,0.0,0.0,0.0,0.0,0,0.0,0.0,0.0,0.0,0.0,0.0,0.0,0.0,0.0,0.0,0.0,0.0,0.0,0.0,0.0,0.0,0.0,0.0,0.0,0.0,5.953096184601492,2650.39165995493,0.3248344113548175,1182.9913600665077,0.0,0.0,0.0,0.0,0.0,0,0.0,0,0.0,0.0,0.0,0.0,0.0,0.0,0.0,0.0,0.0,0.0,0.0,0.0,0.0,0.0,0.0,0.0,0.0,0.0,0.0,0.0
"MATLAB 2-59 PM Thu, Oct 17, 2024 Run1 .csv",5.349661169734308,1709.03613274395,1.0197828187415905,1731.1588781988992,0.0,-0.6968755533472353,-0.6744211583540718,-3.9402575976248713,0.0,-0.9935608072898614,0.0,0.0,0.0,0.0,0.0,0.0,0.0,0.0,0.0,-3144.414715178732,0.0,0.0,0.0,0.0,0.0,0.0,-1.714768042640292,0.0,0.0,0.0,0.0,0.0,0.0,0.0,4.025662467796977,961.9986918271538,0.3311487537142764,1444.271309218128,0.0,-0.7138572328174424,-0.6957582430553562,-3.7644395464996734,0.0,-0.9776946662099288,0.0,0.0,0.0,0.0,0.0,0.0,0.0,0.0,0.0,0.0,0.0,0.0,0.0,0.0,0.0,0.0,-1.52641918731991,0.0,0.0,0.0,0.0,0.0,0.0,0.0,0,0.0,0,5.349661169734308,1709.03613274395,1.0197828187415905,1731.1588781988992,0.0,0.0,0.0,0.0,0.0,0,0.0,0.0,0.0,0.0,0.0,0.0,0.0,0.0,0.0,0.0,0.0,0.0,0.0,0.0,0.0,0.0,0.0,0.0,0.0,0.0,4.025662467796977,961.9986918271538,0.6131347812276767,1444.271309218128,0.0,0.0,0.0,0.0,0.0,0,0.0,0,0.0,0.0,0.0,0.0,0.0,0.0,0.0,0.0,0.0,0.0,0.0,0.0,0.0,0.0,0.0,0.0,0.0,0.0,0.0,0.0
"MATLAB 3-00 PM Thu, May 23, 2024 Run2 .csv",5.688170603847789,2018.7992617714888,0.4064782505924704,1299.8095539218782,0.0,-0.6999980341837777,-0.6782882101535803,-3.9536683200948985,0.0,-0.995353379527885,0.0,0.0,0.0,0.0,0.0,0.0,0.0,0.0,0.0,-3166.143841255227,0.0,0.0,0.0,0.0,0.0,0.0,-1.7213371554134091,0.0,0.0,0.0,0.0,0.0,0.0,0.0,5.209259674557508,1798.6176798289812,0.0263146933200068,1251.8708429814883,0.0,-0.7172390070253524,-0.7000042435686391,-3.7808338431123834,0.0,-0.9799114906890056,0.0,0.0,0.0,0.0,0.0,0.0,0.0,0.0,0.0,0.0,0.0,0.0,0.0,0.0,0.0,0.0,-1.5336491272327262,0.0,0.0,0.0,0.0,0.0,0.0,0.0,0,0.0,0,5.688170603847789,2018.7992617714888,0.4064782505924704,1299.8095539218782,0.0,0.0,0.0,0.0,0.0,0,0.0,0.0,0.0,0.0,0.0,0.0,0.0,0.0,0.0,0.0,0.0,0.0,0.0,0.0,0.0,0.0,0.0,0.0,0.0,0.0,5.209259674557508,1798.6176798289812,0.3076539737907027,1251.8708429814883,0.0,0.0,0.0,0.0,0.0,0,0.0,0,0.0,0.0,0.0,0.0,0.0,0.0,0.0,0.0,0.0,0.0,0.0,0.0,0.0,0.0,0.0,0.0,0.0,0.0,0.0,0.0
"MATLAB 3-03 PM Thu, Oct 10, 2024 Run0 .csv",5.969761937908145,2164.610528991982,0.9069592517337056,1723.104825344651,0.0,-0.7072838228023764,-0.6873113310191001,-3.984960005858296,0.0,-0.9995360480832732,0.0,0.0,0.0,0.0,0.0,0.0,0.0,0.0,0.0,-3216.845135433715,0.0,0.0,0.0,0.0,0.0,0.0,-1.7366650852173489,0.0,0.0,0.0,0.0,0.0,0.0,0.0,4.9499680712188665,1626.1250665495336,0.290484235783136,1501.754484721087,0.0,-0.7251298135104757,-0.7099115780996323,-3.819087201875369,0.0,-0.9850840811401856,0.0,0.0,0.0,0.0,0.0,0.0,0.0,0.0,0.0,0.0,0.0,0.0,0.0,0.0,0.0,0.0,-1.5505189870292977,0.0,0.0,0.0,0.0,0.0,0.0,0.0,0,0.0,0,5.969761937908145,2164.610528991982,0.9069592517337056,1723.104825344651,0.0,0.0,0.0,0.0,0.0,0,0.0,0.0,0.0,0.0,0.0,0.0,0.0,0.0,0.0,0.0,0.0,0.0,0.0,0.0,0.0,0.0,0.0,0.0,0.0,0.0,4.9499680712188665,1626.1250665495336,0.5703144398208547,1501.754484721087,0.0,0.0,0.0,0.0,0.0,0,0.0,0,0.0,0.0,0.0,0.0,0.0,0.0,0.0,0.0,0.0,0.0,0.0,0.0,0.0,0.0,0.0,0.0,0.0,0.0,0.0,0.0
"MATLAB 3-05 PM Mon, Sep 9, 2024 Run3 .csv",6.123405206323792,2906.7167481919023,0.5448641835703381,1279.465181036716,0.0,-0.7145696114209752,-0.69633445188462,-4.016251691621694,0.0,-1.0037187166386616,0.0,0.0,0.0,0.0,0.0,0.0,0.0,0.0,0.0,-3267.546429612204,0.0,0.0,0.0,0.0,0.0,0.0,-1.7519930150212886,0.0,0.0,0.0,0.0,0.0,0.0,0.0,5.7119711446108825,2263.291194309896,0.1763659444138742,1138.951376222148,0.0,-0.733020619995599,-0.7198189126306257,-3.857340560638356,0.0,-0.9902566715913652,0.0,0.0,0.0,0.0,0.0,0.0,0.0,0.0,0.0,0.0,0.0,0.0,0.0,0.0,0.0,0.0,-1.5673888468258688,0.0,0.0,0.0,0.0,0.0,0.0,0.0,0,0.0,0,6.123405206323792,2906.7167481919023,0.5448641835703381,1279.465181036716,0.0,0.0,0.0,0.0,0.0,0,0.0,0.0,0.0,0.0,0.0,0.0,0.0,0.0,0.0,0.0,0.0,0.0,0.0,0.0,0.0,0.0,0.0,0.0,0.0,0.0,5.7119711446108825,2263.291194309896,0.4546870720186158,1138.951376222148,0.0,0.0,0.0,0.0,0.0,0,0.0,0,0.0,0.0,0.0,0.0,0.0,0.0,0.0,0.0,0.0,0.0,0.0,0.0,0.0,0.0,0.0,0.0,0.0,0.0,0.0,0.0
"MATLAB 3-05 PM Thu, May 23, 2024 Run3 .csv",5.725251094812079,2358.824789121059,0.3368423011211406,950.6375158920608,0.0,-0.7156104383664894,-0.6976234691511228,-4.020721932445036,0.0,-1.0043162407180029,0.0,0.0,0.0,0.0,0.0,0.0,0.0,0.0,0.0,-3274.7894716377014,0.0,0.0,0.0,0.0,0.0,0.0,-1.7541827192789945,0.0,0.0,0.0,0.0,0.0,0.0,0.0,4.676103824239631,1988.9591786270944,-0.0662161428369262,831.5732502194855,4.18889999629428,3.5270521181653147,3.539965750095164,-3.5628023258803703,0.0005,-0.9909956130843908,1.0,0.1160146929195132,1.497063752253199,8.762987752957486,0.9830329484652448,0.0332878886795995,0.0002667962272661,0.9663285264245152,29.029432768342865,4.4007964005913776,187737.6110028377,1.4147481159306242e-14,0.0687585815185631,0.0018535059731114,0.0096560404138363,0.0,-1.5697988267968075,-0.2541401461431511,-1.4999999999999991,0.007861453294754,0.0252086961269378,0.0325111413002014,0.0064673496965024,1.2896796064537517,0,-1.0,0,5.725251094812079,2358.824789121059,0.3368423011211406,950.6375158920608,0.0,0.0,0.0,0.0,0.0,0,0.0,0.0,0.0,0.0,0.0,0.0,0.0,0.0,0.0,0.0,0.0,0.0,0.0,0.0,0.0,0.0,0.0,0.0,0.0,0.0,4.676103824239631,1988.9591786270944,0.2118894024202471,831.5732502194855,4.18889999629428,4.261199996230217,4.261199996230217,0.3000030002955549,0.0005,0,1.0,0,-1.0,0.1160146929195132,1.497063752253199,8.762987752957484,0.9830329484652448,1.4147481159306242e-14,0.0332878886795995,0.0002667962272661,0.9663285264245152,29.029432768342865,4.4007964005913776,187737.6110028377,0.0687585815185631,0.0018535059731114,0.0096560404138363,0.0,0.0,-0.2541401461431511,-1.4999999999999991,0.007861453294754
"MATLAB 3-05 PM Wed, Nov 6, 2024 Run1 .csv",4.615678164050337,2192.353709986409,0.6393426317159864,1921.0284188465664,0.0,-0.7187329192030316,-0.7014905209506314,-4.034132654915063,0.0,-1.0061088129560265,0.0,0.0,0.0,0.0,0.0,0.0,0.0,0.0,0.0,-3296.5185977141964,0.0,0.0,0.0,0.0,0.0,0.0,-1.7607518320521114,0.0,0.0,0.0,0.0,0.0,0.0,0.0,3.7422668497059126,898.1153213135315,0.2561091972454207,1461.9863548982669,0.0,-0.7375296522728123,-0.7254802466483362,-3.879199622788634,0.0,-0.993212437563468,0.0,0.0,0.0,0.0,0.0,0.0,0.0,0.0,0.0,0.0,0.0,0.0,0.0,0.0,0.0,0.0,-1.577028766709624,0.0,0.0,0.0,0.0,0.0,0.0,0.0,0,0.0,0,4.615678164050337,2192.353709986409,0.6393426317159864,1921.0284188465664,0.0,0.0,0.0,0.0,0.0,0,0.0,0.0,0.0,0.0,0.0,0.0,0.0,0.0,0.0,0.0,0.0,0.0,0.0,0.0,0.0,0.0,0.0,0.0,0.0,0.0,3.7422668497059126,898.1153213135315,0.5335679954598896,1461.9863548982669,0.0,0.0,0.0,0.0,0.0,0,0.0,0,0.0,0.0,0.0,0.0,0.0,0.0,0.0,0.0,0.0,0.0,0.0,0.0,0.0,0.0,0.0,0.0,0.0,0.0,0.0,0.0
"MATLAB 3-06 PM Tue, Oct 8, 2024 Run4 .csv",5.594244731324762,2080.37212909158,0.2636595624558198,1203.2453323575314,0.0,-0.7208145730940599,-0.704068555483637,-4.043073136561748,0.0,-1.0073038611147087,0.0,0.0,0.0,0.0,0.0,0.0,0.0,0.0,0.0,-3311.0046817651933,0.0,0.0,0.0,0.0,0.0,0.0,-1.7651312405675226,0.0,0.0,0.0,0.0,0.0,0.0,0.0,5.898217981159717,2532.695585813582,0.0377038113544165,1145.6870355985234,0.0,-0.7397841684114189,-0.7283109136571915,-3.890129153863772,0.0,-0.9946903205495192,0.0,0.0,0.0,0.0,0.0,0.0,0.0,0.0,0.0,0.0,0.0,0.0,0.0,0.0,0.0,0.0,-1.5818487266515011,0.0,0.0,0.0,0.0,0.0,0.0,0.0,0,0.0,0,5.594244731324762,2080.37212909158,0.2636595624558198,1203.2453323575314,0.0,0.0,0.0,0.0,0.0,0,0.0,0.0,0.0,0.0,0.0,0.0,0.0,0.0,0.0,0.0,0.0,0.0,0.0,0.0,0.0,0.0,0.0,0.0,0.0,0.0,5.898217981159717,2532.695585813582,0.3147314448737491,1145.6870355985234,0.0,0.0,0.0,0.0,0.0,0,0.0,0,0.0,0.0,0.0,0.0,0.0,0.0,0.0,0.0,0.0,0.0,0.0,0.0,0.0,0.0,0.0,0.0,0.0,0.0,0.0,0.0
"MATLAB 3-07 PM Wed, Nov 6, 2024 Run2 .csv",4.578038363543487,2160.9960232985354,0.6428095225095924,1929.7720873731755,0.0,-0.7228962269850882,-0.7066465900166427,-4.052013618208433,0.0,-1.0084989092733911,0.0,0.0,0.0,0.0,0.0,0.0,0.0,0.0,0.0,-3325.49076581619,0.0,0.0,0.0,0.0,0.0,0.0,-1.769510649082934,0.0,0.0,0.0,0.0,0.0,0.0,0.0,3.703850629864681,891.8216039082139,0.2473839675952264,1463.014481536537,0.0,-0.7420386845500255,-0.7311415806660466,-3.901058684938912,0.0,-0.9961682035355706,0.0,0.0,0.0,0.0,0.0,0.0,0.0,0.0,0.0,0.0,0.0,0.0,0.0,0.0,0.0,0.0,-1.586668686593379,0.0,0.0,0.0,0.0,0.0,0.0,0.0,0,0.0,0,4.578038363543487,2160.9960232985354,0.6428095225095924,1929.7720873731755,0.0,0.0,0.0,0.0,0.0,0,0.0,0.0,0.0,0.0,0.0,0.0,0.0,0.0,0.0,0.0,0.0,0.0,0.0,0.0,0.0,0.0,0.0,0.0,0.0,0.0,3.703850629864681,891.8216039082139,0.5239804364194226,1463.014481536537,0.0,0.0,0.0,0.0,0.0,0,0.0,0,0.0,0.0,0.0,0.0,0.0,0.0,0.0,0.0,0.0,0.0,0.0,0.0,0.0,0.0,0.0,0.0,0.0,0.0,0.0,0.0
"MATLAB 3-08 PM Tue, Oct 1, 2024 Run0 .csv",5.132530609172351,1516.4552858910447,1.0295710171092507,1717.0079935959302,0.0,-0.7260187078216305,-0.7105136418161512,-4.065424340678461,0.0,-1.0102914815114148,0.0,0.0,0.0,0.0,0.0,0.0,0.0,0.0,0.0,-3347.2198918926847,0.0,0.0,0.0,0.0,0.0,0.0,-1.776079761856051,0.0,0.0,0.0,0.0,0.0,0.0,0.0,3.7200925697094926,902.2961816161688,0.2893055581784589,1480.609786337369,0.0,-0.7454204587579356,-0.7353875811793296,-3.917452981551621,0.0,-0.9983850280146476,0.0,0.0,0.0,0.0,0.0,0.0,0.0,0.0,0.0,0.0,0.0,0.0,0.0,0.0,0.0,0.0,-1.5938986265061952,0.0,0.0,0.0,0.0,0.0,0.0,0.0,0,0.0,0,5.132530609172351,1516.4552858910447,1.0295710171092507,1717.0079935959302,0.0,0.0,0.0,0.0,0.0,0,0.0,0.0,0.0,0.0,0.0,0.0,0.0,0.0,0.0,0.0,0.0,0.0,0.0,0.0,0.0,0.0,0.0,0.0,0.0,0.0,3.7200925697094926,902.2961816161688,0.5652552799599506,1480.609786337369,0.0,0.0,0.0,0.0,0.0,0,0.0,0,0.0,0.0,0.0,0.0,0.0,0.0,0.0,0.0,0.0,0.0,0.0,0.0,0.0,0.0,0.0,0.0,0.0,0.0,0.0,0.0
"MATLAB 3-11 PM Tue, Oct 22, 2024 Run18 .csv",5.30170238374491,2126.4388864916104,0.2567871321052461,1338.6822519125,0.0,-0.7312228425492011,-0.7169587281486653,-4.087775544795173,0.0,-1.0132791019081206,0.0,0.0,0.0,0.0,0.0,0.0,0.0,0.0,0.0,-3383.4351020201766,0.0,0.0,0.0,0.0,0.0,0.0,-1.7870282831445794,0.0,0.0,0.0,0.0,0.0,0.0,0.0,5.498796733930123,2166.2603211487167,0.0418404434234009,1252.997634434257,0.0,-0.7510567491044522,-0.7424642487014677,-3.944776809239468,0.0,-1.002079735479776,0.0,0.0,0.0,0.0,0.0,0.0,0.0,0.0,0.0,0.0,0.0,0.0,0.0,0.0,0.0,0.0,-1.6059485263608888,0.0,0.0,0.0,0.0,0.0,0.0,0.0,0,-1.0,0,5.30170238374491,2126.4388864916104,0.2567871321052461,1338.6822519125,0.0,0.0,0.0,0.0,0.0,0,0.0,0.0,0.0,0.0,0.0,0.0,0.0,0.0,0.0,0.0,0.0,0.0,0.0,0.0,0.0,0.0,0.0,0.0,0.0,0.0,5.498796733930123,2166.2603211487167,0.3167122534670519,1252.997634434257,0.0,0.0,0.0,0.0,0.0,0,0.0,0,-1.0,0.0,0.0,0.0,0.0,0.0,0.0,0.0,0.0,0.0,0.0,0.0,0.0,0.0,0.0,0.0,0.0,0.0,0.0,0.0
"MATLAB 3-13 PM Tue, Sep 17, 2024 Run0 .csv",5.272317358001491,1330.3725121834275,1.1812512452434931,1613.8107749562705,0.0,-0.7364269772767716,-0.7234038144811795,-4.110126748911886,0.0,-1.0162667223048265,0.0,0.0,0.0,0.0,0.0,0.0,0.0,0.0,0.0,-3419.650312147668,0.0,0.0,0.0,0.0,0.0,0.0,-1.797976804433108,0.0,0.0,0.0,0.0,0.0,0.0,0.0,4.537242255262694,1061.6617053275986,0.6169442916258336,1534.9765635758638,0.0,-0.7566930394509688,-0.7495409162236057,-3.972100636927316,0.0,-1.0057744429449045,0.0,0.0,0.0,0.0,0.0,0.0,0.0,0.0,0.0,0.0,0.0,0.0,0.0,0.0,0.0,0.0,-1.6179984262155829,0.0,0.0,0.0,0.0,0.0,0.0,0.0,0,0.0,0,5.272317358001491,1330.3725121834275,1.1812512452434931,1613.8107749562705,0.0,0.0,0.0,0.0,0.0,0,0.0,0.0,0.0,0.0,0.0,0.0,0.0,0.0,0.0,0.0,0.0,0.0,0.0,0.0,0.0,0.0,0.0,0.0,0.0,0.0,4.537242255262694,1061.6617053275986,0.8907381899316437,1534.9765635758638,0.0,0.0,0.0,0.0,0.0,0,0.0,0,0.0,0.0,0.0,0.0,0.0,0.0,0.0,0.0,0.0,0.0,0.0,0.0,0.0,0.0,0.0,0.0,0.0,0.0,0.0,0.0
"MATLAB 3-14 PM Thu, Jun 27, 2024 Run0 .csv",5.84872945270799,1185.5565581595474,0.5558452787944015,1444.6809993244913,0.0,-0.739549458113314,-0.727270866280688,-4.123537471381914,0.0,-1.0180592945428502,0.0,0.0,0.0,0.0,0.0,0.0,0.0,0.0,0.0,-3441.379438224163,0.0,0.0,0.0,0.0,0.0,0.0,-1.8045459172062248,0.0,0.0,0.0,0.0,0.0,0.0,0.0,4.500331779382886,701.3659686901653,0.0500907528593159,1227.0353156757174,0.3645499996784407,4.088975182049147,4.095263078971137,-3.688491933244469,2e-05,-1.0079912674239813,1.0,0.0114056059339876,-0.036409345688992,4.86670497940401,0.0751796743694352,0.591608285285637,0.101327848717999,0.3065812765048742,0.5182166716222582,4.355641369130099,100971.8241793212,1.6781310438313333e-14,1.2095228840729555,2.0770842343396345,1.2515439531093353,0.0,-0.625228366128399,0.441967855133189,-1.499999999999999,0.0011488580703735,0.0161673287550607,0.0174680399894714,0.0009623073023196,1.0804530701463888,0,0.0,0,5.84872945270799,1185.5565581595474,0.5558452787944015,1444.6809993244913,0.0,0.0,0.0,0.0,0.0,0,0.0,0.0,0.0,0.0,0.0,0.0,0.0,0.0,0.0,0.0,0.0,0.0,0.0,0.0,0.0,0.0,0.0,0.0,0.0,0.0,4.500331779382886,701.3659686901653,0.3232379041224215,1227.0353156757174,0.3645499996784407,4.849049995708026,4.849049995708026,0.3000030002955549,2e-05,0,1.0,0,0.0,0.0114056059339876,-0.0364093456889946,4.86670497940401,0.0751796743694352,1.6781310438313333e-14,0.591608285285637,0.101327848717999,0.3065812765048742,0.5182166716222582,4.355641369130099,100971.8241793212,1.2095228840729555,2.0770842343396345,1.2515439531093353,0.0,1.0,0.441967855133189,-1.499999999999999,0.0011488580703735
"MATLAB 3-15 PM Mon, Oct 28, 2024 Run17 .csv",5.637233419979793,2282.7402317477445,0.2954865479835531,1326.0871304481325,0.0,-0.7405902850588281,-0.7285598835471909,-4.128007712205256,0.0,-1.0186568186221914,0.0,0.0,0.0,0.0,0.0,0.0,0.0,0.0,0.0,-3448.622480249661,0.0,0.0,0.0,0.0,0.0,0.0,-1.8067356214639303,0.0,0.0,0.0,0.0,0.0,0.0,0.0,5.872119392048651,2842.741482503465,0.0793739433923416,1191.6880016856524,0.0,-0.7612020717281822,-0.7552022502413163,-3.9939596990775934,0.0,-1.0087302089170072,0.0,0.0,0.0,0.0,0.0,0.0,0.0,0.0,0.0,0.0,0.0,0.0,0.0,0.0,0.0,0.0,-1.6276383460993378,0.0,0.0,0.0,0.0,0.0,0.0,0.0,0,0.0,0,5.637233419979793,2282.7402317477445,0.2954865479835531,1326.0871304481325,0.0,0.0,0.0,0.0,0.0,0,0.0,0.0,0.0,0.0,0.0,0.0,0.0,0.0,0.0,0.0,0.0,0.0,0.0,0.0,0.0,0.0,0.0,0.0,0.0,0.0,5.872119392048651,2842.741482503465,0.352305512307879,1191.6880016856524,0.0,0.0,0.0,0.0,0.0,0,0.0,0,0.0,0.0,0.0,0.0,0.0,0.0,0.0,0.0,0.0,0.0,0.0,0.0,0.0,0.0,0.0,0.0,0.0,0.0,0.0,0.0
"MATLAB 3-16 PM Thu, Oct 17, 2024 Run3 .csv",4.915292092194024,1580.8100820990974,0.7735172013447684,1799.5190833811455,0.0,-0.7437127658953704,-0.7324269353466994,-4.141418434675283,0.0,-1.020449390860215,0.0,0.0,0.0,0.0,0.0,0.0,0.0,0.0,0.0,-3470.351606326156,0.0,0.0,0.0,0.0,0.0,0.0,-1.813304734237048,0.0,0.0,0.0,0.0,0.0,0.0,0.0,3.845283084490243,996.2385362310262,0.2497110944703918,1571.112839583982,0.0,-0.7645838459360921,-0.759448250754599,-4.010353995690302,0.0,-1.010947033396084,0.0,0.0,0.0,0.0,0.0,0.0,0.0,0.0,0.0,0.0,0.0,0.0,0.0,0.0,0.0,0.0,-1.634868286012154,0.0,0.0,0.0,0.0,0.0,0.0,0.0,0,0.0,0,4.915292092194024,1580.8100820990974,0.7735172013447684,1799.5190833811455,0.0,0.0,0.0,0.0,0.0,0,0.0,0.0,0.0,0.0,0.0,0.0,0.0,0.0,0.0,0.0,0.0,0.0,0.0,0.0,0.0,0.0,0.0,0.0,0.0,0.0,3.845283084490243,996.2385362310262,0.5219959163432247,1571.112839583982,0.0,0.0,0.0,0.0,0.0,0,0.0,0,0.0,0.0,0.0,0.0,0.0,0.0,0.0,0.0,0.0,0.0,0.0,0.0,0.0,0.0,0.0,0.0,0.0,0.0,0.0,0.0
"MATLAB 3-16 PM Thu, Oct 3, 2024 Run4 .csv",5.857853286485742,2295.044949615067,0.316939124189498,1191.282396248129,0.0,-0.7447535928408846,-0.7337159526132022,-4.145888675498625,0.0,-1.0210469149395562,0.0,0.0,0.0,0.0,0.0,0.0,0.0,0.0,0.0,-3477.5946483516545,0.0,0.0,0.0,0.0,0.0,0.0,-1.815494438494753,0.0,0.0,0.0,0.0,0.0,0.0,0.0,5.880982481419254,2705.7193578496776,0.0306460121337375,1061.7571481084196,0.0,-0.7657111040053954,-0.7608635842590267,-4.015818761227871,0.0,-1.0116859748891098,0.0,0.0,0.0,0.0,0.0,0.0,0.0,0.0,0.0,0.0,0.0,0.0,0.0,0.0,0.0,0.0,-1.637278265983093,0.0,0.0,0.0,0.0,0.0,0.0,0.0,0,0.0,0,5.857853286485742,2295.044949615067,0.316939124189498,1191.282396248129,0.0,0.0,0.0,0.0,0.0,0,0.0,0.0,0.0,0.0,0.0,0.0,0.0,0.0,0.0,0.0,0.0,0.0,0.0,0.0,0.0,0.0,0.0,0.0,0.0,0.0,5.880982481419254,2705.7193578496776,0.3027152516590022,1061.7571481084196,0.0,0.0,0.0,0.0,0.0,0,0.0,0,0.0,0.0,0.0,0.0,0.0,0.0,0.0,0.0,0.0,0.0,0.0,0.0,0.0,0.0,0.0,0.0,0.0,0.0,0.0,0.0
"MATLAB 3-17 PM Thu, Jun 27, 2024 Run1.csv",5.826731265841986,3036.492788454645,0.3655356284929015,1709.1586999373037,0.0,-0.7468352467319128,-0.7362939871462079,-4.15482915714531,0.0,-1.0222419630982384,0.0,0.0,0.0,0.0,0.0,0.0,0.0,0.0,0.0,-3492.080732402651,0.0,0.0,0.0,0.0,0.0,0.0,-1.8198738470101643,0.0,0.0,0.0,0.0,0.0,0.0,0.0,3.569099643649105,1126.2075720091057,-0.054355681078868,1796.9984880282027,0.0,-0.7679656201440022,-0.7636942512678819,-4.02674829230301,0.0,-1.0131638578751612,0.0,0.0,0.0,0.0,0.0,0.0,0.0,0.0,0.0,0.0,0.0,0.0,0.0,0.0,0.0,0.0,-1.64209822592497,0.0,0.0,0.0,0.0,0.0,0.0,0.0,0,0.0,0,5.826731265841986,3036.492788454645,0.3655356284929015,1709.1586999373037,0.0,0.0,0.0,0.0,0.0,0,0.0,0.0,0.0,0.0,0.0,0.0,0.0,0.0,0.0,0.0,0.0,0.0,0.0,0.0,0.0,0.0,0.0,0.0,0.0,0.0,3.569099643649105,1126.2075720091057,0.2172823937512603,1796.9984880282027,0.0,0.0,0.0,0.0,0.0,0,0.0,0,0.0,0.0,0.0,0.0,0.0,0.0,0.0,0.0,0.0,0.0,0.0,0.0,0.0,0.0,0.0,0.0,0.0,0.0,0.0,0.0
"MATLAB 3-18 PM Thu, Jun 27, 2024 Run2.csv",4.308201978022535,1316.740868669652,0.5349777464032988,1782.0338530615093,0.0,-0.748916900622941,-0.7388720216792135,-4.163769638791996,0.0,-1.0234370112569209,0.0,0.0,0.0,0.0,0.0,0.0,0.0,0.0,0.0,-3506.566816453648,0.0,0.0,0.0,0.0,0.0,0.0,-1.824253255525576,0.0,0.0,0.0,0.0,0.0,0.0,0.0,2.720093905685174,529.8452203754563,-0.0334356300119495,1267.5148834854112,0.0,-0.7702201362826088,-0.7665249182767372,-4.037677823378149,0.0,-1.0146417408612125,0.0,0.0,0.0,0.0,0.0,0.0,0.0,0.0,0.0,0.0,0.0,0.0,0.0,0.0,0.0,0.0,-1.6469181858668478,0.0,0.0,0.0,0.0,0.0,0.0,0.0,0,0.0,0,4.308201978022535,1316.740868669652,0.5349777464032988,1782.0338530615093,0.0,0.0,0.0,0.0,0.0,0,0.0,0.0,0.0,0.0,0.0,0.0,0.0,0.0,0.0,0.0,0.0,0.0,0.0,0.0,0.0,0.0,0.0,0.0,0.0,0.0,2.720093905685174,529.8452203754563,0.2377712801230425,1267.5148834854112,0.0,0.0,0.0,0.0,0.0,0,0.0,0,0.0,0.0,0.0,0.0,0.0,0.0,0.0,0.0,0.0,0.0,0.0,0.0,0.0,0.0,0.0,0.0,0.0,0.0,0.0,0.0
"MATLAB 3-19 PM Thu, Jun 27, 2024 Run3.csv",3.156624581235953,664.9559512425737,0.3552519790770098,1380.3123360235077,0.0,-0.7520393814594832,-0.742739073478722,-4.177180361262023,0.0,-1.0252295834949443,0.0,0.0,0.0,0.0,0.0,0.0,0.0,0.0,0.0,-3528.2959425301424,0.0,0.0,0.0,0.0,0.0,0.0,-1.830822368298693,0.0,0.0,0.0,0.0,0.0,0.0,0.0,2.314395255698675,359.3372346227954,-0.1143895089189087,1050.2862072744067,0.0,-0.7736019104905187,-0.77077091879002,-4.054072119990858,0.0,-1.0168585653402895,0.0,0.0,0.0,0.0,0.0,0.0,0.0,0.0,0.0,0.0,0.0,0.0,0.0,0.0,0.0,0.0,-1.6541481257796642,0.0,0.0,0.0,0.0,0.0,0.0,0.0,0,0.0,0,3.156624581235953,664.9559512425737,0.3552519790770098,1380.3123360235077,0.0,0.0,0.0,0.0,0.0,0,0.0,0.0,0.0,0.0,0.0,0.0,0.0,0.0,0.0,0.0,0.0,0.0,0.0,0.0,0.0,0.0,0.0,0.0,0.0,0.0,2.314395255698675,359.3372346227954,0.1561706541733788,1050.2862072744067,0.0,0.0,0.0,0.0,0.0,0,0.0,0,0.0,0.0,0.0,0.0,0.0,0.0,0.0,0.0,0.0,0.0,0.0,0.0,0.0,0.0,0.0,0.0,0.0,0.0,0.0,0.0
"MATLAB 3-21 PM Thu, Jun 27, 2024 Run4.csv",3.102763570789333,494.15247875985096,0.5214519185293436,1135.8573152628726,0.0,-0.7551618622960257,-0.7466061252782306,-4.19059108373205,0.0,-1.027022155732968,0.0,0.0,0.0,0.0,0.0,0.0,0.0,0.0,0.0,-3550.025068606637,0.0,0.0,0.0,0.0,0.0,0.0,-1.8373914810718104,0.0,0.0,0.0,0.0,0.0,0.0,0.0,2.2921506780678973,310.40799350562884,-0.0438824443325345,954.2489371174532,0.0,-0.7769836846984288,-0.7750169193033029,-4.070466416603567,0.0,-1.0190753898193663,0.0,0.0,0.0,0.0,0.0,0.0,0.0,0.0,0.0,0.0,0.0,0.0,0.0,0.0,0.0,0.0,-1.6613780656924804,0.0,0.0,0.0,0.0,0.0,0.0,0.0,0,0.0,0,3.102763570789333,494.15247875985096,0.5214519185293436,1135.8573152628726,0.0,0.0,0.0,0.0,0.0,0,0.0,0.0,0.0,0.0,0.0,0.0,0.0,0.0,0.0,0.0,0.0,0.0,0.0,0.0,0.0,0.0,0.0,0.0,0.0,0.0,2.2921506780678973,310.40799350562884,0.2260309717170485,954.2489371174532,0.0,0.0,0.0,0.0,0.0,0,0.0,0,0.0,0.0,0.0,0.0,0.0,0.0,0.0,0.0,0.0,0.0,0.0,0.0,0.0,0.0,0.0,0.0,0.0,0.0,0.0,0.0
"MATLAB 3-31 PM Thu, Oct 10, 2024 Run1 .csv",6.119596287430539,2473.333952798647,0.7469311528575505,1568.5468514995212,0.0,-0.7666109586966809,-0.7607853152097617,-4.239763732788818,0.0,-1.0335949206057211,0.0,0.0,0.0,0.0,0.0,0.0,0.0,0.0,0.0,-3629.698530887119,0.0,0.0,0.0,0.0,0.0,0.0,-1.8614782279065725,0.0,0.0,0.0,0.0,0.0,0.0,0.0,5.682804080330085,1940.1743161943275,0.3844849867157516,1550.2025007223644,0.0,-0.7893835234607653,-0.7905855878520067,-4.130578837516831,0.0,-1.0272037462426489,0.0,0.0,0.0,0.0,0.0,0.0,0.0,0.0,0.0,0.0,0.0,0.0,0.0,0.0,0.0,0.0,-1.6878878453728068,0.0,0.0,0.0,0.0,0.0,0.0,0.0,0,0.0,0,6.119596287430539,2473.333952798647,0.7469311528575505,1568.5468514995212,0.0,0.0,0.0,0.0,0.0,0,0.0,0.0,0.0,0.0,0.0,0.0,0.0,0.0,0.0,0.0,0.0,0.0,0.0,0.0,0.0,0.0,0.0,0.0,0.0,0.0,5.682804080330085,1940.1743161943275,0.6520269969420849,1550.2025007223644,0.0,0.0,0.0,0.0,0.0,0,0.0,0,0.0,0.0,0.0,0.0,0.0,0.0,0.0,0.0,0.0,0.0,0.0,0.0,0.0,0.0,0.0,0.0,0.0,0.0,0.0,0.0
"MATLAB 3-34 PM Thu, Oct 3, 2024 Run5 .csv",5.770296312522169,2335.2046436654527,0.2619192337227425,1196.375157553604,0.0,-0.7718150934242515,-0.767230401542276,-4.26211493690553,0.0,-1.036582541002427,0.0,0.0,0.0,0.0,0.0,0.0,0.0,0.0,0.0,-3665.9137410146095,0.0,0.0,0.0,0.0,0.0,0.0,-1.872426749195101,0.0,0.0,0.0,0.0,0.0,0.0,0.0,5.779892657178937,2820.7659957006736,-0.0037355026968489,1078.1871365574702,0.0,-0.795019813807282,-0.7976622553741448,-4.157902665204679,0.0,-1.0308984537077772,0.0,0.0,0.0,0.0,0.0,0.0,0.0,0.0,0.0,0.0,0.0,0.0,0.0,0.0,0.0,0.0,-1.6999377452275004,0.0,0.0,0.0,0.0,0.0,0.0,0.0,0,1.0,0,5.770296312522169,2335.2046436654527,0.2619192337227425,1196.375157553604,0.0,0.0,0.0,0.0,0.0,0,0.0,0.0,0.0,0.0,0.0,0.0,0.0,0.0,0.0,0.0,0.0,0.0,0.0,0.0,0.0,0.0,0.0,0.0,0.0,0.0,5.779892657178937,2820.7659957006736,0.2627285957916434,1078.1871365574702,0.0,0.0,0.0,0.0,0.0,0,0.0,0,1.0,0.0,0.0,0.0,0.0,0.0,0.0,0.0,0.0,0.0,0.0,0.0,0.0,0.0,0.0,0.0,0.0,0.0,0.0,0.0
"MATLAB 3-34 PM Tue, Oct 1, 2024 Run1 .csv",5.910565821546763,2512.7512595466283,0.4444234970491287,1482.5907671603616,0.0,-0.7728559203697656,-0.7685194188087787,-4.266585177728873,0.0,-1.0371800650817682,0.0,0.0,0.0,0.0,0.0,0.0,0.0,0.0,0.0,-3673.156783040109,0.0,0.0,0.0,0.0,0.0,0.0,-1.8746164534528065,0.0,0.0,0.0,0.0,0.0,0.0,0.0,5.87445715872255,2358.773797049388,0.1842808066271754,1393.327656623581,0.0,-0.7961470718765853,-0.7990775888785724,-4.163367430742248,0.0,-1.0316373952008029,0.0,0.0,0.0,0.0,0.0,0.0,0.0,0.0,0.0,0.0,0.0,0.0,0.0,0.0,0.0,0.0,-1.7023477251984391,0.0,0.0,0.0,0.0,0.0,0.0,0.0,0,1.0,0,5.910565821546763,2512.7512595466283,0.4444234970491287,1482.5907671603616,0.0,0.0,0.0,0.0,0.0,0,0.0,0.0,0.0,0.0,0.0,0.0,0.0,0.0,0.0,0.0,0.0,0.0,0.0,0.0,0.0,0.0,0.0,0.0,0.0,0.0,5.87445715872255,2358.773797049388,0.4505293227680997,1393.327656623581,0.0,0.0,0.0,0.0,0.0,0,0.0,0,1.0,0.0,0.0,0.0,0.0,0.0,0.0,0.0,0.0,0.0,0.0,0.0,0.0,0.0,0.0,0.0,0.0,0.0,0.0,0.0
"MATLAB 3-35 PM Thu, Mar 7, 2024 Run0 .csv",4.679219205564083,1750.3120722106553,0.1617565145018854,1068.6742558849,0.0,-0.7738967473152797,-0.7698084360752815,-4.271055418552216,0.0,-1.0377775891611094,0.0,0.0,0.0,0.0,0.0,0.0,0.0,0.0,0.0,-3680.399825065607,0.0,0.0,0.0,0.0,0.0,0.0,-1.876806157710512,0.0,0.0,0.0,0.0,0.0,0.0,0.0,5.104787319703531,2429.7257148045496,-0.0489668540423595,1332.8639582790026,0.0,-0.7972743299458886,-0.800492922383,-4.168832196279817,0.0,-1.0323763366938286,0.0,0.0,0.0,0.0,0.0,0.0,0.0,0.0,0.0,0.0,0.0,0.0,0.0,0.0,0.0,0.0,-1.704757705169378,0.0,0.0,0.0,0.0,0.0,0.0,0.0,0,0.0,0,4.679219205564083,1750.3120722106553,0.1617565145018854,1068.6742558849,0.0,0.0,0.0,0.0,0.0,0,0.0,0.0,0.0,0.0,0.0,0.0,0.0,0.0,0.0,0.0,0.0,0.0,0.0,0.0,0.0,0.0,0.0,0.0,0.0,0.0,5.104787319703531,2429.7257148045496,0.2170660797509965,1332.8639582790026,0.0,0.0,0.0,0.0,0.0,0,0.0,0,0.0,0.0,0.0,0.0,0.0,0.0,0.0,0.0,0.0,0.0,0.0,0.0,0.0,0.0,0.0,0.0,0.0,0.0,0.0,0.0
"MATLAB 3-37 PM Thu, Aug 29, 2024 Run0 .csv",6.081466692625344,2607.921486708081,0.5598454777517238,1445.409957667941,0.0,-0.777019228151822,-0.77367548787479,-4.284466141022243,0.0,-1.039570161399133,0.0,0.0,0.0,0.0,0.0,0.0,0.0,0.0,0.0,-3702.128951142102,0.0,0.0,0.0,0.0,0.0,0.0,-1.8833752704836293,0.0,0.0,0.0,0.0,0.0,0.0,0.0,5.812081145895672,1879.716661976852,0.2772235886108202,1376.8816049929217,0.0,-0.8006561041537987,-0.8047389228962829,-4.185226492892526,0.0,-1.0345931611729056,0.0,0.0,0.0,0.0,0.0,0.0,0.0,0.0,0.0,0.0,0.0,0.0,0.0,0.0,0.0,0.0,-1.711987645082194,0.0,0.0,0.0,0.0,0.0,0.0,0.0,0,-1.0,0,6.081466692625344,2607.921486708081,0.5598454777517238,1445.409957667941,0.0,0.0,0.0,0.0,0.0,0,0.0,0.0,0.0,0.0,0.0,0.0,0.0,0.0,0.0,0.0,0.0,0.0,0.0,0.0,0.0,0.0,0.0,0.0,0.0,0.0,5.812081145895672,1879.716661976852,0.5426097753614718,1376.8816049929217,0.0,0.0,0.0,0.0,0.0,0,0.0,0,-1.0,0.0,0.0,0.0,0.0,0.0,0.0,0.0,0.0,0.0,0.0,0.0,0.0,0.0,0.0,0.0,0.0,0.0,0.0,0.0
"MATLAB 3-41 PM Tue, Sep 17, 2024 Run1 .csv",5.995094708186523,3083.058072551915,0.2986567798082724,1036.9808320475915,0.0,-0.7863866706614491,-0.7852766432733156,-4.324698308432326,0.0,-1.0449478781132036,0.0,0.0,0.0,0.0,0.0,0.0,0.0,0.0,0.0,-3767.316329371587,0.0,0.0,0.0,0.0,0.0,0.0,-1.9030826088029804,0.0,0.0,0.0,0.0,0.0,0.0,0.0,5.956183508393466,3201.28202953904,-0.0191387144309845,1025.1342724785086,0.0,-0.8108014267775285,-0.8174769244361315,-4.234409382730652,0.0,-1.0412436346101366,0.0,0.0,0.0,0.0,0.0,0.0,0.0,0.0,0.0,0.0,0.0,0.0,0.0,0.0,0.0,0.0,-1.733677464820643,0.0,0.0,0.0,0.0,0.0,0.0,0.0,0,1.0,0,5.995094708186523,3083.058072551915,0.2986567798082724,1036.9808320475915,0.0,0.0,0.0,0.0,0.0,0,0.0,0.0,0.0,0.0,0.0,0.0,0.0,0.0,0.0,0.0,0.0,0.0,0.0,0.0,0.0,0.0,0.0,0.0,0.0,0.0,5.956183508393466,3201.28202953904,0.2443072311915535,1025.1342724785086,0.0,0.0,0.0,0.0,0.0,0,0.0,0,1.0,0.0,0.0,0.0,0.0,0.0,0.0,0.0,0.0,0.0,0.0,0.0,0.0,0.0,0.0,0.0,0.0,0.0,0.0,0.0
"MATLAB 3-45 PM Wed, Nov 6, 2024 Run3 .csv",4.848411995365462,2049.092399478054,0.5932869916259186,1847.839540213528,0.0,-0.7905499784435055,-0.7904327123393269,-4.342579271725695,0.0,-1.0473379744305684,0.0,0.0,0.0,0.0,0.0,0.0,0.0,0.0,0.0,-3796.28849747358,0.0,0.0,0.0,0.0,0.0,0.0,-1.911841425833803,0.0,0.0,0.0,0.0,0.0,0.0,0.0,3.8256191929499694,953.470683296286,0.2192157874152657,1457.9741561754804,0.0,-0.815310459054742,-0.8231382584538419,-4.25626844488093,0.0,-1.0441994005822393,0.0,0.0,0.0,0.0,0.0,0.0,0.0,0.0,0.0,0.0,0.0,0.0,0.0,0.0,0.0,0.0,-1.743317384704398,0.0,0.0,0.0,0.0,0.0,0.0,0.0,0,0.0,0,4.848411995365462,2049.092399478054,0.5932869916259186,1847.839540213528,0.0,0.0,0.0,0.0,0.0,0,0.0,0.0,0.0,0.0,0.0,0.0,0.0,0.0,0.0,0.0,0.0,0.0,0.0,0.0,0.0,0.0,0.0,0.0,0.0,0.0,3.8256191929499694,953.470683296286,0.4817994036475311,1457.9741561754804,0.0,0.0,0.0,0.0,0.0,0,0.0,0,0.0,0.0,0.0,0.0,0.0,0.0,0.0,0.0,0.0,0.0,0.0,0.0,0.0,0.0,0.0,0.0,0.0,0.0,0.0,0.0
"MATLAB 3-49 PM Wed, Nov 6, 2024 Run4 .csv",4.791126652956748,2661.880210239662,0.4646016213258212,1843.733743713844,0.0,-0.7957541131710761,-0.7968777986718412,-4.364930475842408,0.0,-1.0503255948272745,0.0,0.0,0.0,0.0,0.0,0.0,0.0,0.0,0.0,-3832.5037076010713,0.0,0.0,0.0,0.0,0.0,0.0,-1.9227899471223315,0.0,0.0,0.0,0.0,0.0,0.0,0.0,4.491768508287755,1476.0863164538746,0.2709124912396675,1748.5826509039102,0.0,-0.8209467494012586,-0.83021492597598,-4.283592272568777,0.0,-1.0478941080473678,0.0,0.0,0.0,0.0,0.0,0.0,0.0,0.0,0.0,0.0,0.0,0.0,0.0,0.0,0.0,0.0,-1.7553672845590915,0.0,0.0,0.0,0.0,0.0,0.0,0.0,0,0.0,0,4.791126652956748,2661.880210239662,0.4646016213258212,1843.733743713844,0.0,0.0,0.0,0.0,0.0,0,0.0,0.0,0.0,0.0,0.0,0.0,0.0,0.0,0.0,0.0,0.0,0.0,0.0,0.0,0.0,0.0,0.0,0.0,0.0,0.0,4.491768508287755,1476.0863164538746,0.5324181957340921,1748.5826509039102,0.0,0.0,0.0,0.0,0.0,0,0.0,0,0.0,0.0,0.0,0.0,0.0,0.0,0.0,0.0,0.0,0.0,0.0,0.0,0.0,0.0,0.0,0.0,0.0,0.0,0.0,0.0
"MATLAB 3-50 PM Thu, Mar 7, 2024 Run1 .csv",4.58721353272149,1438.095043151894,0.1546415130505352,834.0525698695318,0.0,-0.7978357670621044,-0.7994558332048467,-4.373870957489093,0.0,-1.0515206429859567,0.0,0.0,0.0,0.0,0.0,0.0,0.0,0.0,0.0,-3846.989791652069,0.0,0.0,0.0,0.0,0.0,0.0,-1.9271693556377427,0.0,0.0,0.0,0.0,0.0,0.0,0.0,5.073098075257833,1665.8567729202273,-0.0234910670651261,1024.4807006258416,0.0,-0.8232012655398653,-0.8330455929848353,-4.294521803643916,0.0,-1.0493719910334192,0.0,0.0,0.0,0.0,0.0,0.0,0.0,0.0,0.0,0.0,0.0,0.0,0.0,0.0,0.0,0.0,-1.7601872445009694,0.0,0.0,0.0,0.0,0.0,0.0,0.0,0,0.0,0,4.58721353272149,1438.095043151894,0.1546415130505352,834.0525698695318,0.0,0.0,0.0,0.0,0.0,0,0.0,0.0,0.0,0.0,0.0,0.0,0.0,0.0,0.0,0.0,0.0,0.0,0.0,0.0,0.0,0.0,0.0,0.0,0.0,0.0,5.073098075257833,1665.8567729202273,0.2375834727341622,1024.4807006258416,0.0,0.0,0.0,0.0,0.0,0,0.0,0,0.0,0.0,0.0,0.0,0.0,0.0,0.0,0.0,0.0,0.0,0.0,0.0,0.0,0.0,0.0,0.0,0.0,0.0,0.0,0.0
"MATLAB 3-52 PM Tue, Oct 1, 2024 Run2 .csv",5.104597343791326,1662.8418039307146,0.9334736052337612,1780.635570339425,0.0,-0.8030399017896749,-0.805900919537361,-4.396222161605805,0.0,-1.0545082633826626,0.0,0.0,0.0,0.0,0.0,0.0,0.0,0.0,0.0,-3883.20500177956,0.0,0.0,0.0,0.0,0.0,0.0,-1.9381178769262712,0.0,0.0,0.0,0.0,0.0,0.0,0.0,3.875053090117478,1199.787463104799,0.2543720343048923,1727.3351510173,0.0,-0.8288375558863819,-0.8401222605069734,-4.321845631331764,0.0,-1.0530666984985475,0.0,0.0,0.0,0.0,0.0,0.0,0.0,0.0,0.0,0.0,0.0,0.0,0.0,0.0,0.0,0.0,-1.772237144355663,0.0,0.0,0.0,0.0,0.0,0.0,0.0,0,0.0,0,5.104597343791326,1662.8418039307146,0.9334736052337612,1780.635570339425,0.0,0.0,0.0,0.0,0.0,0,0.0,0.0,0.0,0.0,0.0,0.0,0.0,0.0,0.0,0.0,0.0,0.0,0.0,0.0,0.0,0.0,0.0,0.0,0.0,0.0,3.875053090117478,1199.787463104799,0.5143686623663397,1727.3351510173,0.0,0.0,0.0,0.0,0.0,0,0.0,0,0.0,0.0,0.0,0.0,0.0,0.0,0.0,0.0,0.0,0.0,0.0,0.0,0.0,0.0,0.0,0.0,0.0,0.0,0.0,0.0
"MATLAB 3-53 PM Wed, Nov 6, 2024 Run5 .csv",5.604350306509021,2066.8031473833357,0.3217918148197507,1234.230508680393,0.0,-0.8072032095717313,-0.8110569886033723,-4.414103124899175,0.0,-1.0568983597000274,0.0,0.0,0.0,0.0,0.0,0.0,0.0,0.0,0.0,-3912.177169881553,0.0,0.0,0.0,0.0,0.0,0.0,-1.9468766939570936,0.0,0.0,0.0,0.0,0.0,0.0,0.0,5.587000422909912,2261.5557236919667,0.0818738810179737,1040.0117305001934,0.0,-0.8333465881635952,-0.8457835945246839,-4.343704693482042,0.0,-1.0560224644706502,0.0,0.0,0.0,0.0,0.0,0.0,0.0,0.0,0.0,0.0,0.0,0.0,0.0,0.0,0.0,0.0,-1.781877064239418,0.0,0.0,0.0,0.0,0.0,0.0,0.0,0,0.9999999999999998,0,5.604350306509021,2066.8031473833357,0.3217918148197507,1234.230508680393,0.0,0.0,0.0,0.0,0.0,0,0.0,0.0,0.0,0.0,0.0,0.0,0.0,0.0,0.0,0.0,0.0,0.0,0.0,0.0,0.0,0.0,0.0,0.0,0.0,0.0,5.587000422909912,2261.5557236919667,0.3410081796891485,1040.0117305001934,0.0,0.0,0.0,0.0,0.0,0,0.0,0,0.9999999999999998,0.0,0.0,0.0,0.0,0.0,0.0,0.0,0.0,0.0,0.0,0.0,0.0,0.0,0.0,0.0,0.0,0.0,0.0,0.0
"MATLAB 3-59 PM Tue, Oct 1, 2024 Run3 .csv",5.978937788358345,2494.508815815568,0.3236519194224164,1274.7315830996574,0.0,-0.8186523059723866,-0.8252361785349034,-4.463275773955942,0.0,-1.0634711245727806,0.0,0.0,0.0,0.0,0.0,0.0,0.0,0.0,0.0,-3991.8506321620334,0.0,0.0,0.0,0.0,0.0,0.0,-1.9709634407918564,0.0,0.0,0.0,0.0,0.0,0.0,0.0,5.84434085207481,2640.378591440563,0.0451610797419376,1114.4600965665427,0.0,-0.8457464269259318,-0.8613522630733876,-4.403817114395306,0.0,-1.0641508208939323,0.0,0.0,0.0,0.0,0.0,0.0,0.0,0.0,0.0,0.0,0.0,0.0,0.0,0.0,0.0,0.0,-1.8083868439197444,0.0,0.0,0.0,0.0,0.0,0.0,0.0,0,0.0,0,5.978937788358345,2494.508815815568,0.3236519194224164,1274.7315830996574,0.0,0.0,0.0,0.0,0.0,0,0.0,0.0,0.0,0.0,0.0,0.0,0.0,0.0,0.0,0.0,0.0,0.0,0.0,0.0,0.0,0.0,0.0,0.0,0.0,0.0,5.84434085207481,2640.378591440563,0.3019239725898626,1114.4600965665427,0.0,0.0,0.0,0.0,0.0,0,0.0,0,0.0,0.0,0.0,0.0,0.0,0.0,0.0,0.0,0.0,0.0,0.0,0.0,0.0,0.0,0.0,0.0,0.0,0.0,0.0,0.0
"MATLAB 4-05 PM Thu, Oct 10, 2024 Run3 .csv",6.1539903570383965,2873.8845860580764,0.5439835116354608,1368.7630400166595,0.0,-0.8269789215364995,-0.8355483166669262,-4.499037700542683,0.0,-1.06825131720751,0.0,0.0,0.0,0.0,0.0,0.0,0.0,0.0,0.0,-4049.794968366021,0.0,0.0,0.0,0.0,0.0,0.0,-1.9884810748535016,0.0,0.0,0.0,0.0,0.0,0.0,0.0,5.948301408832914,2781.317886497095,0.1939716734912487,1333.2998966215127,0.0,-0.8547644914803585,-0.8726749311088087,-4.447535238695862,0.0,-1.070062352838138,0.0,0.0,0.0,0.0,0.0,0.0,0.0,0.0,0.0,0.0,0.0,0.0,0.0,0.0,0.0,0.0,-1.8276666836872544,0.0,0.0,0.0,0.0,0.0,0.0,0.0,0,0.0,0,6.1539903570383965,2873.8845860580764,0.5439835116354608,1368.7630400166595,0.0,0.0,0.0,0.0,0.0,0,0.0,0.0,0.0,0.0,0.0,0.0,0.0,0.0,0.0,0.0,0.0,0.0,0.0,0.0,0.0,0.0,0.0,0.0,0.0,0.0,5.948301408832914,2781.317886497095,0.4490099075586283,1333.2998966215127,0.0,0.0,0.0,0.0,0.0,0,0.0,0,0.0,0.0,0.0,0.0,0.0,0.0,0.0,0.0,0.0,0.0,0.0,0.0,0.0,0.0,0.0,0.0,0.0,0.0,0.0,0.0
"MATLAB 4-08 PM Tue, Jun 4, 2024 Run4 .csv",4.688563435902581,1497.143579549393,0.2842377625476283,1467.4612263101535,0.0,-0.83218305626407,-0.8419934029994403,-4.5213889046593945,0.0,-1.071238937604216,0.0,0.0,0.0,0.0,0.0,0.0,0.0,0.0,0.0,-4086.010178493512,0.0,0.0,0.0,0.0,0.0,0.0,-1.99942959614203,0.0,0.0,0.0,0.0,0.0,0.0,0.0,4.785711205909409,1071.8545157230303,0.0256099433903707,1190.879320452004,0.0,-0.8604007818268751,-0.8797515986309468,-4.47485906638371,0.0,-1.0737570603032665,0.0,0.0,0.0,0.0,0.0,0.0,0.0,0.0,0.0,0.0,0.0,0.0,0.0,0.0,0.0,0.0,-1.839716583541948,0.0,0.0,0.0,0.0,0.0,0.0,0.0,0,0.0,0,4.688563435902581,1497.143579549393,0.2842377625476283,1467.4612263101535,0.0,0.0,0.0,0.0,0.0,0,0.0,0.0,0.0,0.0,0.0,0.0,0.0,0.0,0.0,0.0,0.0,0.0,0.0,0.0,0.0,0.0,0.0,0.0,0.0,0.0,4.785711205909409,1071.8545157230303,0.2795702657199095,1190.879320452004,0.0,0.0,0.0,0.0,0.0,0,0.0,0,0.0,0.0,0.0,0.0,0.0,0.0,0.0,0.0,0.0,0.0,0.0,0.0,0.0,0.0,0.0,0.0,0.0,0.0,0.0,0.0
"MATLAB 4-10 PM Wed, Jun 19, 2024 Run0 .csv",3.6918697077342735,664.151810789853,0.7366643904241971,1263.4120706966291,0.0,-0.8373871909916406,-0.8484384893319544,-4.543740108776108,0.0,-1.0742265580009218,0.0,0.0,0.0,0.0,0.0,0.0,0.0,0.0,0.0,-4122.225388621004,0.0,0.0,0.0,0.0,0.0,0.0,-2.0103781174305584,0.0,0.0,0.0,0.0,0.0,0.0,0.0,1.902753186725632,146.37803876183224,-0.1185895252598689,560.2854796144851,0.0,-0.8660370721733917,-0.8868282661530849,-4.502182894071558,0.0,-1.0774517677683946,0.0,0.0,0.0,0.0,0.0,0.0,0.0,0.0,0.0,0.0,0.0,0.0,0.0,0.0,0.0,0.0,-1.8517664833966416,0.0,0.0,0.0,0.0,0.0,0.0,0.0,0,0.0,0,3.6918697077342735,664.151810789853,0.7366643904241971,1263.4120706966291,0.0,0.0,0.0,0.0,0.0,0,0.0,0.0,0.0,0.0,0.0,0.0,0.0,0.0,0.0,0.0,0.0,0.0,0.0,0.0,0.0,0.0,0.0,0.0,0.0,0.0,1.902753186725632,146.37803876183224,0.134292885331829,560.2854796144851,0.0,0.0,0.0,0.0,0.0,0,0.0,0,0.0,0.0,0.0,0.0,0.0,0.0,0.0,0.0,0.0,0.0,0.0,0.0,0.0,0.0,0.0,0.0,0.0,0.0,0.0,0.0
"MATLAB 4-15 PM Wed, Jun 19, 2024 Run1 .csv",4.517784042523291,1461.0583666708692,0.4127909085825755,1046.387528705185,0.0,-0.8467546335012677,-0.86003964473048,-4.58397227618619,0.0,-1.0796042747149923,0.0,0.0,0.0,0.0,0.0,0.0,0.0,0.0,0.0,-4187.412766850489,0.0,0.0,0.0,0.0,0.0,0.0,-2.030085455749909,0.0,0.0,0.0,0.0,0.0,0.0,0.0,3.4686871550424367,1062.0214806791562,-0.1625411541597808,522.1531091416597,0.0,-0.8761823947971217,-0.8995662676929335,-4.551365783909683,0.0,-1.0841022412056258,0.0,0.0,0.0,0.0,0.0,0.0,0.0,0.0,0.0,0.0,0.0,0.0,0.0,0.0,0.0,0.0,-1.8734563031350908,0.0,0.0,0.0,0.0,0.0,0.0,0.0,0,0.0,0,4.517784042523291,1461.0583666708692,0.4127909085825755,1046.387528705185,0.0,0.0,0.0,0.0,0.0,0,0.0,0.0,0.0,0.0,0.0,0.0,0.0,0.0,0.0,0.0,0.0,0.0,0.0,0.0,0.0,0.0,0.0,0.0,0.0,0.0,3.4686871550424367,1062.0214806791562,0.0884010153038036,522.1531091416597,0.0,0.0,0.0,0.0,0.0,0,0.0,0,0.0,0.0,0.0,0.0,0.0,0.0,0.0,0.0,0.0,0.0,0.0,0.0,0.0,0.0,0.0,0.0,0.0,0.0,0.0,0.0
"MATLAB 4-20 PM Wed, Jun 19, 2024 Run2 .csv",4.931437514013876,1429.7263935409612,0.9119240147654256,1674.930646698141,0.0,-0.8550812490653805,-0.8703517828625027,-4.61973420277293,0.0,-1.084384467349722,0.0,0.0,0.0,0.0,0.0,0.0,0.0,0.0,0.0,-4245.357103054475,0.0,0.0,0.0,0.0,0.0,0.0,-2.047603089811555,0.0,0.0,0.0,0.0,0.0,0.0,0.0,2.277836145694383,252.68667534849075,-0.0317692647480583,786.1623897279559,0.0,-0.8852004593515483,-0.9108889357283544,-4.595083908210239,0.0,-1.0900137731498312,0.0,0.0,0.0,0.0,0.0,0.0,0.0,0.0,0.0,0.0,0.0,0.0,0.0,0.0,0.0,0.0,-1.8927361429026008,0.0,0.0,0.0,0.0,0.0,0.0,0.0,0,0.0,0,4.931437514013876,1429.7263935409612,0.9119240147654256,1674.930646698141,0.0,0.0,0.0,0.0,0.0,0,0.0,0.0,0.0,0.0,0.0,0.0,0.0,0.0,0.0,0.0,0.0,0.0,0.0,0.0,0.0,0.0,0.0,0.0,0.0,0.0,2.277836145694383,252.68667534849075,0.2174482459349808,786.1623897279559,0.0,0.0,0.0,0.0,0.0,0,0.0,0,0.0,0.0,0.0,0.0,0.0,0.0,0.0,0.0,0.0,0.0,0.0,0.0,0.0,0.0,0.0,0.0,0.0,0.0,0.0,0.0
"MATLAB 4-32 PM Wed, Nov 6, 2024 Run16 .csv",5.356959158534229,2237.3961809641683,0.2162822103143341,1368.6486073480305,0.0,-0.8758977879756629,-0.8961321281925594,-4.70913901923978,0.0,-1.096334948936546,0.0,0.0,0.0,0.0,0.0,0.0,0.0,0.0,0.0,-4390.217943564441,0.0,0.0,0.0,0.0,0.0,0.0,-2.0913971749656683,0.0,0.0,0.0,0.0,0.0,0.0,0.0,5.641511672527334,2397.3331844409904,0.0311833815784133,1247.7704821712657,0.0,-0.9077456207376148,-0.9391956058169066,-4.704379218961629,0.0,-1.1047926030103443,0.0,0.0,0.0,0.0,0.0,0.0,0.0,0.0,0.0,0.0,0.0,0.0,0.0,0.0,0.0,0.0,-1.940935742321376,0.0,0.0,0.0,0.0,0.0,0.0,0.0,0,1.0,0,5.356959158534229,2237.3961809641683,0.2162822103143341,1368.6486073480305,0.0,0.0,0.0,0.0,0.0,0,0.0,0.0,0.0,0.0,0.0,0.0,0.0,0.0,0.0,0.0,0.0,0.0,0.0,0.0,0.0,0.0,0.0,0.0,0.0,0.0,5.641511672527334,2397.3331844409904,0.2760892453100892,1247.7704821712657,0.0,0.0,0.0,0.0,0.0,0,0.0,0,1.0,0.0,0.0,0.0,0.0,0.0,0.0,0.0,0.0,0.0,0.0,0.0,0.0,0.0,0.0,0.0,0.0,0.0,0.0,0.0
"MATLAB 4-39 PM Thu, Oct 10, 2024 Run10.csv",5.659764932545629,2356.1716866311103,0.2280895161161992,1212.331563208072,0.0,-0.8842244035397757,-0.906444266324582,-4.74490094582652,0.0,-1.1011151415712754,0.0,0.0,0.0,0.0,0.0,0.0,0.0,0.0,0.0,-4448.162279768428,0.0,0.0,0.0,0.0,0.0,0.0,-2.108914809027314,0.0,0.0,0.0,0.0,0.0,0.0,0.0,5.832225229371329,2784.8698182537537,-0.0322081978702209,997.9579537739606,0.0,-0.9167636852920414,-0.9505182738523276,-4.748097343262185,0.0,-1.11070413495455,0.0,0.0,0.0,0.0,0.0,0.0,0.0,0.0,0.0,0.0,0.0,0.0,0.0,0.0,0.0,0.0,-1.9602155820888856,0.0,0.0,0.0,0.0,0.0,0.0,0.0,0,0.0,0,5.659764932545629,2356.1716866311103,0.2280895161161992,1212.331563208072,0.0,0.0,0.0,0.0,0.0,0,0.0,0.0,0.0,0.0,0.0,0.0,0.0,0.0,0.0,0.0,0.0,0.0,0.0,0.0,0.0,0.0,0.0,0.0,0.0,0.0,5.832225229371329,2784.8698182537537,0.2109730070809095,997.9579537739606,0.0,0.0,0.0,0.0,0.0,0,0.0,0,0.0,0.0,0.0,0.0,0.0,0.0,0.0,0.0,0.0,0.0,0.0,0.0,0.0,0.0,0.0,0.0,0.0,0.0,0.0,0.0
"MATLAB 4-40 PM Thu, Oct 17, 2024 Run24 .csv",5.560388627922858,2408.501730367306,0.3393525376750551,1366.4331799832926,0.0,-0.8852652304852898,-0.9077332835910848,-4.749371186649862,0.0,-1.1017126656506164,0.0,0.0,0.0,0.0,0.0,0.0,0.0,0.0,0.0,-4455.405321793926,0.0,0.0,0.0,0.0,0.0,0.0,-2.11110451328502,0.0,0.0,0.0,0.0,0.0,0.0,0.0,5.925093208651882,2413.4857678587987,0.1441590150308153,1221.4533450012748,0.0,-0.9178909433613448,-0.9519336073567553,-4.753562108799756,0.0,-1.1114430764475758,0.0,0.0,0.0,0.0,0.0,0.0,0.0,0.0,0.0,0.0,0.0,0.0,0.0,0.0,0.0,0.0,-1.9626255620598243,0.0,0.0,0.0,0.0,0.0,0.0,0.0,0,-1.0,0,5.560388627922858,2408.501730367306,0.3393525376750551,1366.4331799832926,0.0,0.0,0.0,0.0,0.0,0,0.0,0.0,0.0,0.0,0.0,0.0,0.0,0.0,0.0,0.0,0.0,0.0,0.0,0.0,0.0,0.0,0.0,0.0,0.0,0.0,5.925093208651882,2413.4857678587987,0.3871246376343776,1221.4533450012748,0.0,0.0,0.0,0.0,0.0,0,0.0,0,-1.0,0.0,0.0,0.0,0.0,0.0,0.0,0.0,0.0,0.0,0.0,0.0,0.0,0.0,0.0,0.0,0.0,0.0,0.0,0.0
"MATLAB 5-01 PM Tue, Oct 1, 2024 Run13 .csv",5.903335460294668,2454.876254949449,0.2617027017548717,1175.8750945674165,0.0,-0.895673499940431,-0.9206234562561132,-4.794073594883287,0.0,-1.1076879064440284,0.0,0.0,0.0,0.0,0.0,0.0,0.0,0.0,0.0,-4527.835742048909,0.0,0.0,0.0,0.0,0.0,0.0,-2.1330015558620765,0.0,0.0,0.0,0.0,0.0,0.0,0.0,5.910536623602611,2958.220356329303,0.0179075372391917,1032.9702299863332,0.0,-0.929163524054378,-0.9660869424010314,-4.80820976417545,0.0,-1.1188324913778325,0.0,0.0,0.0,0.0,0.0,0.0,0.0,0.0,0.0,0.0,0.0,0.0,0.0,0.0,0.0,0.0,-1.986725361769212,0.0,0.0,0.0,0.0,0.0,0.0,0.0,0,-1.0,0,5.903335460294668,2454.876254949449,0.2617027017548717,1175.8750945674165,0.0,0.0,0.0,0.0,0.0,0,0.0,0.0,0.0,0.0,0.0,0.0,0.0,0.0,0.0,0.0,0.0,0.0,0.0,0.0,0.0,0.0,0.0,0.0,0.0,0.0,5.910536623602611,2958.220356329303,0.2587173363670724,1032.9702299863332,0.0,0.0,0.0,0.0,0.0,0,0.0,0,-1.0,0.0,0.0,0.0,0.0,0.0,0.0,0.0,0.0,0.0,0.0,0.0,0.0,0.0,0.0,0.0,0.0,0.0,0.0,0.0
>>>>>>> e2518cd0aca053497d30d20f0f126dca53cf5cad
