file_name,a0_spectral_entropy_x,a0_spectral_centroid_x,a0_spectral_flatness_x,a0_spectral_bandwidth_x,a0_std_dev_time_diff_x,a0_mean_time_diff_x,a0_median_time_diff_x,a0_peaks_per_second_x,a0_percent_time_above_threshold_x,a0_num_boilings_x,a0_unused_peak_proportion_x,a0_skewness_x,a0_kurtosis_x,a0_crest_factor_x,a0_burstiness_x,a0_spectral_flux_x,a0_low_band_power_x,a0_mid_band_power_x,a0_high_band_power_x,a0_high_to_low_ratio_x,a0_mean_spectral_entropy_time_x,a0_var_spectral_centroid_time_x,a0_wavelet_energy_low_scale_x,a0_wavelet_energy_mid_scale_x,a0_wavelet_energy_high_scale_x,a0_regime_dominance_x,a0_rms_change_points_x,a0_skew_peak_magnitude_x,a0_kurtosis_peak_magnitude_x,a0_iqr_peak_magnitude_x,a0_mean_peak_magnitude,a0_max_peak_magnitude,a0_std_peak_magnitude,a0_max_to_mean_peak_ratio,a1_spectral_entropy_x,a1_spectral_centroid_x,a1_spectral_flatness_x,a1_spectral_bandwidth_x,a1_std_dev_time_diff_x,a1_mean_time_diff_x,a1_median_time_diff_x,a1_peaks_per_second_x,a1_percent_time_above_threshold_x,a1_num_boilings_x,a1_unused_peak_proportion_x,a1_skewness_x,a1_kurtosis_x,a1_crest_factor_x,a1_burstiness_x,a1_low_band_power_x,a1_mid_band_power_x,a1_high_band_power_x,a1_high_to_low_ratio_x,a1_mean_spectral_entropy_time_x,a1_var_spectral_centroid_time_x,a1_spectral_flux_x,a1_wavelet_energy_low_scale_x,a1_wavelet_energy_mid_scale_x,a1_wavelet_energy_high_scale_x,a1_regime_dominance_x,a1_rms_change_points_x,a1_skew_peak_magnitude_x,a1_kurtosis_peak_magnitude_x,a1_iqr_peak_magnitude_x,a1_mean_peak_magnitude,a1_max_peak_magnitude,a1_std_peak_magnitude,a1_max_to_mean_peak_ratio,num_peak_mag_high_diff_x,peak_mag_correlation_x,cluster,a0_spectral_entropy_y,a0_spectral_centroid_y,a0_spectral_flatness_y,a0_spectral_bandwidth_y,a0_std_dev_time_diff_y,a0_mean_time_diff_y,a0_median_time_diff_y,a0_peaks_per_second_y,a0_percent_time_above_threshold_y,a0_num_boilings_y,a0_unused_peak_proportion_y,a0_skewness_y,a0_kurtosis_y,a0_crest_factor_y,a0_burstiness_y,a0_spectral_flux_y,a0_low_band_power_y,a0_mid_band_power_y,a0_high_band_power_y,a0_high_to_low_ratio_y,a0_mean_spectral_entropy_time_y,a0_var_spectral_centroid_time_y,a0_wavelet_energy_low_scale_y,a0_wavelet_energy_mid_scale_y,a0_wavelet_energy_high_scale_y,a0_regime_dominance_y,a0_rms_change_points_y,a0_skew_peak_magnitude_y,a0_kurtosis_peak_magnitude_y,a0_iqr_peak_magnitude_y,a1_spectral_entropy_y,a1_spectral_centroid_y,a1_spectral_flatness_y,a1_spectral_bandwidth_y,a1_std_dev_time_diff_y,a1_mean_time_diff_y,a1_median_time_diff_y,a1_peaks_per_second_y,a1_percent_time_above_threshold_y,a1_num_boilings_y,a1_unused_peak_proportion_y,num_peak_mag_high_diff_y,peak_mag_correlation_y,a1_skewness_y,a1_kurtosis_y,a1_crest_factor_y,a1_burstiness_y,a1_spectral_flux_y,a1_low_band_power_y,a1_mid_band_power_y,a1_high_band_power_y,a1_high_to_low_ratio_y,a1_mean_spectral_entropy_time_y,a1_var_spectral_centroid_time_y,a1_wavelet_energy_low_scale_y,a1_wavelet_energy_mid_scale_y,a1_wavelet_energy_high_scale_y,a1_regime_dominance_y,a1_rms_change_points_y,a1_skew_peak_magnitude_y,a1_kurtosis_peak_magnitude_y,a1_iqr_peak_magnitude_y
"MATLAB 1-00 PM Fri, Jun 28, 2024 Run8 .csv",5.439864168409741,1910.8551324977448,0.2831755060803294,1009.3886347724484,0.015709584008901,-0.134366600161367,-0.0508448765319945,0.3683941297166528,0.00462,0.1546251643867532,0.0,-0.0875180732254218,33.72229074799876,12.370524718667596,0.051611092180599,2.0486961659128306e-12,0.0022832371976872,0.1546506349596722,0.8428797912125521,-978.9803159301456,4.180224957522514,349147.0799978815,6.513067391474481,15.56891581424103,0.4365614968249166,1.0,0.8282786132707158,-1.6918619311208725,3.0253604018525806,0.0119602036476134,0.0901452601328491,0.1052580165863037,0.0140274691613912,1.1676489305281552,4.93137952653345,1623.11680891039,-0.1430268405667253,815.8675751355787,0.0161541604113079,-0.1301681996413003,-0.0432555342231171,0.7908543099701499,0.00381,0.2055628240604383,0.0,0.2087149042448044,40.429871898667045,11.74116783906958,0.0531161405593685,0.0005941052617076,0.0820838077016965,0.91718555632386,1543.8098522937494,3.888325518398002,259564.5400842444,9.515793339179987e-11,29.869377617717813,32.05001037372243,0.3062146328714271,1.0,1.071255845472901,-2.207885803305541,4.406211679123996,0.014798936843872,0.1837740203365683,0.2083166253566742,0.0216455144677177,1.133547739637833,0,0.7139976015080887,-1,5.439864168409741,1910.8551324977448,0.2831755060803294,1009.3886347724484,0.015709584008901,0.3043838706983682,0.3038999997293743,3.200032003152586,0.00462,1,0.0,-0.0875180732254218,33.72229074799877,12.370524718667596,0.051611092180599,2.0486961659128306e-12,0.0022832371976872,0.1546506349596722,0.8428797912125521,369.1599769250052,4.180224957522514,349147.0799978815,6.513067391474481,15.56891581424103,0.4365614968249166,1.0,2.0,-1.6918619311208725,3.0253604018525806,0.0119602036476134,4.93137952653345,1623.11680891039,0.1924236091435802,815.8675751355787,0.0161541604113079,0.3041290319889166,0.3014999997341894,3.200032003152586,0.00381,1,0.0,0,0.7139976015080887,0.2087149042448044,40.429871898667045,11.74116783906958,0.0531161405593685,9.515793339179987e-11,0.0005941052617076,0.0820838077016965,0.91718555632386,1543.8098522937494,3.888325518398002,259564.5400842444,29.86937761771782,32.05001037372243,0.3062146328714271,1.0,2.0,-2.207885803305541,4.406211679123996,0.014798936843872
"MATLAB 1-21 PM Tue, Sep 10, 2024 Run13 .csv",5.951996662493393,2635.5047985254146,0.310693241837828,1215.4464815610152,0.2290576387059797,0.0692420821359103,0.2295406742621445,-1.047854633108431,0.003545,-0.8609104616761176,1.0,-1.2482661274517184,123.61867614552044,25.607061620750628,0.4281018659213921,8.836299759032255e-12,0.0002351701056642,0.0002203262054774,0.998619302104462,2709.9107017167566,4.197624873289049,447038.8896154097,15.79850525472803,0.1750465048017958,0.2904782440180539,0.0,3.771346302570368,-1.0832766279096089,0.0011723454390777,0.0407886379957199,0.1771470697302567,0.226193962097168,0.0442353867848936,1.2768710340035283,5.835825526474501,2484.4301268680047,-0.0967028856506747,1121.20199820188,0.2284716757295183,0.0574466896842335,0.2173957943968648,-0.6012518453791942,0.003645,-0.8136496547582291,1.0,0.8501352720385817,116.1120973780607,25.4678962354056,0.4384809942136282,9.33125112679344e-05,5.949239161896861e-06,0.9995057184438249,10711.379480227231,3.84309442202136,514306.9612007688,1.720563015834207e-11,19.53550227595055,0.0763440793938855,0.2071740776401675,0.0,4.008596366228494,-0.5211947229458077,-0.7921495687300495,0.1001642960309982,0.2261981468322949,0.3292962634563446,0.073152829635463,1.4557867430297182,1,0.3318961571293879,-1,5.951996662493393,2635.5047985254146,0.310693241837828,1215.4464815610152,0.2290576387059797,0.5350540535790125,0.6177999994525871,1.9000095017344067,0.003545,0,1.0,-1.2482661274517188,123.61867614552052,25.607061620750628,0.4281018659213921,8.836299759032255e-12,0.0002351701056642,0.0002203262054774,0.998619302104462,4246.370087234864,4.197624873289049,447038.8896154097,15.798505254728031,0.1750465048017958,0.2904782440180538,0.0,5.0,-1.0832766279096089,0.0011723454390777,0.0407886379957199,5.835825526474501,2484.4301268680047,0.2331424230228585,1121.20199820188,0.2284716757295183,0.521052631116337,0.5989499994692895,1.950009751780049,0.003645,0,1.0,1,0.3318961571293879,0.8501352720385812,116.11209737806064,25.467896235405597,0.4384809942136282,1.720563015834207e-11,9.33125112679344e-05,5.949239161896861e-06,0.9995057184438249,10711.379480227231,3.84309442202136,514306.9612007688,19.535502275950552,0.0763440793938855,0.2071740776401676,0.0,5.0,-0.5211947229458077,-0.7921495687300495,0.1001642960309982
"MATLAB 12-06 PM Thu, Nov 7, 2024 Run1 .csv",5.704583729082997,2535.654795270803,0.3302581612072471,1194.4633320827124,0.1372394527719493,0.2910658663903891,0.3211727589939983,-1.9347806473389328,0.000155,-0.8925792378812006,1.0,1.3759591588637297,183.74061087019965,30.07895211007944,0.1690054322669689,1.1061082026303482e-11,0.0020917229304052,0.0036874578114457,0.993941249755788,-1445.162358948861,4.119441109114203,984933.2518379812,18.17575524643463,1.1104646899550363,0.3767061064202091,0.0,0.6552919769119674,0.4996520119837327,-1.187231335261575,0.0468917858600616,0.2552633610725403,0.3059470725059509,0.0275104034131697,1.1985545877812342,5.931670903808861,2194.462273109722,0.1463239695563478,1211.9283382792182,0.1373008095763044,0.288686880173897,0.3207331185023995,-1.59088791950937,0.00013,-0.8528135538885899,1.0,1.310438473348453,148.27315469184686,29.562550302036097,0.1690818585326409,0.004744100798175,0.0090571926106497,0.9839573529170726,207.4065022597298,3.594201682008784,666528.9419144231,4.92716995225142e-12,23.827395101594576,1.9463973971861048,0.4630639619525908,0.0,0.8808674277687396,-0.3947645888649379,-1.2537083171274046,0.0601698350906372,0.215115706205368,0.2571238172054291,0.0360470205399121,1.1952814684761162,0,-0.553465584825373,-1,5.704583729082997,2535.654795270803,0.3302581612072471,1194.4633320827124,0.1372394527719493,0.8120416659457392,0.7777499993090911,1.250006251141057,0.000155,0,1.0,1.375959158863729,183.74061087019956,30.07895211007944,0.1690054322669689,1.1061082026303482e-11,0.0020917229304052,0.0036874578114457,0.993941249755788,475.1782539206564,4.119441109114203,984933.2518379812,18.17575524643463,1.1104646899550363,0.3767061064202091,0.0,2.0,0.4996520119837327,-1.187231335261575,0.0468917858600616,5.931670903808861,2194.462273109722,0.4647434138087682,1211.9283382792182,0.1373008095763044,0.8120374992790769,0.777299999309488,1.250006251141057,0.00013,0,1.0,0,-0.553465584825373,1.3104384733484529,148.27315469184683,29.562550302036097,0.1690818585326409,4.92716995225142e-12,0.004744100798175,0.0090571926106497,0.9839573529170726,207.4065022597298,3.594201682008784,666528.9419144231,23.827395101594576,1.9463973971861048,0.4630639619525908,0.0,2.0,-0.3947645888649379,-1.2537083171274046,0.0601698350906372
"MATLAB 12-47 PM Fri, Jun 28, 2024 Run5 .csv",5.453806605814791,1586.2763647443808,0.3112573190975634,1013.9115242107132,1.4383067818014232,1.6102210951548033,1.441218136367408,-2.945711567726246,0.00038,-0.9140901047374834,1.0,-0.6865238073507847,430.11944826877647,55.55638526459896,0.663221695238312,9.484898653839882e-15,0.022664904377218,0.2615521579070584,0.7156424151935149,-2149.515211405164,3.780218143175885,285177.64465545426,0.100977390852141,0.5423085650325411,0.0230855720871375,0.0,1.576462623634563,0.0511625795769015,-1.7680093885560095,0.0136666241288185,0.0289124462008476,0.0390149116516113,0.008079959381652,1.3494157976320778,5.164663053678911,1416.1158741480976,-0.0929942768715927,800.1230576458051,1.0155282454763324,0.7412966606733072,0.1694811124366555,-2.237617729214783,0.00112,0.1205845523624858,0.625,0.8781763358144707,241.6931816704357,38.17309537113014,0.7780462890600143,0.0134454420442047,0.1605888695296459,0.8258906930143136,61.42532839746139,3.2156745110152807,193238.7584356944,1.4315861216686858e-13,0.4441454589427045,1.1366942831847535,0.016615350817247,1.0,-1.2058918511850556,0.7043516215737089,-0.7724071757959661,0.0383630567789077,0.0447540616989135,0.0946747720241546,0.0260627674896878,2.1154453569172467,0,0.5944862252553662,-1,5.453806605814791,1586.2763647443808,0.3112573190975634,1013.9115242107132,1.4383067818014232,2.168666664748661,1.944199998276603,0.4000040003940732,0.00038,0,1.0,-0.6865238073507849,430.1194482687765,55.556385264598966,0.663221695238312,9.484898653839882e-15,0.022664904377218,0.2615521579070584,0.7156424151935149,31.574914382292874,3.780218143175885,285177.64465545426,0.100977390852141,0.542308565032541,0.0230855720871375,0.0,3.0,0.0511625795769015,-1.7680093885560095,0.0136666241288185,5.164663053678911,1416.1158741480976,0.2176642028683736,800.1230576458051,1.0155282454763324,1.305228570273407,0.6769999994031384,0.8000080007881465,0.00112,1,0.625,0,0.5944862252553662,0.8781763358144706,241.6931816704359,38.17309537113014,0.7780462890600143,1.4315861216686858e-13,0.0134454420442047,0.1605888695296459,0.8258906930143136,61.42532839746139,3.2156745110152807,193238.7584356944,0.4441454589427045,1.1366942831847535,0.016615350817247,1.0,0.0,0.7043516215737089,-0.7724071757959661,0.0383630567789077
"MATLAB 12-51 PM Fri, Jun 28, 2024 Run6 .csv",5.391117398961884,1591.955569292537,0.300254017610644,1090.4415644554515,4.806549995745562,4.373422772147826,4.428390099190512,-3.0546530494714497,9e-05,-0.9152851528961656,1.0,0.3384630043947655,169.64470708049095,34.060701158147644,0.974178903312778,8.305206089712633e-16,0.0422077070520735,0.2809792172527496,0.6766517060304158,-2179.5447370745906,3.887698927413228,309583.20697259245,0.0532354159056291,0.2610108637150125,0.0120042336162513,0.0,-0.4279167848808485,0.707069655988453,-1.5000000000000002,0.0044071686267853,0.0185851995150248,0.0244498586654663,0.0041469644468023,1.3155553506810806,4.952286750357126,1403.3033411141912,-0.0966805639114783,843.4977145026062,1.0212605975718594,0.6668135731699072,0.3741504452430129,-2.148546260191404,0.00091,0.1191066693764345,0.6666666666666666,0.3451792596359102,48.4873079163329,26.24405085130494,0.8282729914645786,0.0287501418687677,0.1781652133187161,0.7929610452991376,27.58111764869439,3.3372584272957413,233741.6543150372,1.642031810426484e-14,0.2115992105795655,0.5487378134624569,0.0084819320927834,1.0,-0.210711811126933,1.4762860088265106,1.396068201103537,0.0108903777599334,0.0266315609878963,0.0536975491046905,0.0109256343013201,2.0163124921252376,0,0.9252441993483324,-1,5.391117398961884,1591.955569292537,0.300254017610644,1090.4415644554515,4.806549995745562,4.933949995632712,4.933949995632712,0.3000030002955549,9e-05,0,1.0,0.3384630043947658,169.64470708049095,34.06070115814764,0.974178903312778,8.305206089712633e-16,0.0422077070520735,0.2809792172527496,0.6766517060304158,16.03147276386279,3.887698927413228,309583.20697259245,0.0532354159056291,0.2610108637150125,0.0120042336162513,0.0,1.0,0.707069655988453,-1.5000000000000002,0.0044071686267853,4.952286750357126,1403.3033411141912,0.2135467511333517,843.4977145026062,1.0212605975718594,1.2329999989086136,0.8844999992183509,0.9000090008866648,0.00091,1,0.6666666666666666,0,0.9252441993483324,0.3451792596359103,48.48730791633289,26.244050851304948,0.8282729914645786,1.642031810426484e-14,0.0287501418687677,0.1781652133187161,0.7929610452991376,27.58111764869439,3.3372584272957413,233741.6543150372,0.2115992105795656,0.5487378134624569,0.0084819320927834,1.0,1.0,1.4762860088265106,1.396068201103537,0.0108903777599334
"MATLAB 12-54 PM Fri, Jun 28, 2024 Run7 .csv",5.16088983664613,1767.1661101613672,0.177816929381863,819.2116984942593,0.0723922326564192,-0.3129445763381999,-0.2729269484523143,0.6319732317037001,0.00211,0.0829222748658106,0.1,0.342928431061612,28.39969966468796,11.225531058918298,0.2887544951264895,2.2185228827515347e-12,0.0021331902046413,0.1474241993865236,0.8503738466169692,-1818.66584996253,4.22078665319286,249313.7940927861,5.998589939992045,16.525461205536967,0.4400605329237173,1.0,-1.4344858976539654,-1.6022260876770191,2.205166088180845,0.0053401339054108,0.0839883519113063,0.0938169836997986,0.0075414437477047,1.1170237487082912,4.840243686611644,1581.2658665273907,-0.17893325113404,704.6307016519332,0.0665255648202927,-0.3122655685954078,-0.2775955546986191,0.8350894461514371,0.00255,0.1168898448973574,0.0,0.4293399286067239,40.55813645173164,11.481094755960523,0.2585498814020591,0.0006617656677765,0.0889327078957558,0.910353855754172,1375.643826934816,4.01409559598853,203313.156636515,6.310180932521249e-11,25.839666312290905,34.40070893763747,0.3161808335226306,1.0,-1.2179417510397492,-0.8300376533715942,0.095803415846043,0.019456695318222,0.1664434407613216,0.19297602891922,0.0155276158346014,1.1594090343034056,2,0.3715522386802022,-1,5.16088983664613,1767.1661101613672,0.177816929381863,819.2116984942593,0.0723922326564192,0.2507051279832289,0.2364999997893946,4.0000400039407324,0.00211,1,0.1,0.3429284310616122,28.399699664687983,11.225531058918298,0.2887544951264895,2.2185228827515347e-12,0.0021331902046413,0.1474241993865236,0.8503738466169692,398.63948595241794,4.22078665319286,249313.7940927861,5.998589939992045,16.525461205536967,0.4400605329237172,1.0,0.0,-1.6022260876770191,2.205166088180845,0.0053401339054108,4.840243686611644,1581.2658665273907,0.1306473168680856,704.6307016519332,0.0665255648202927,0.2573026313512086,0.2369999997900018,3.900039003842214,0.00255,1,0.0,2,0.3715522386802022,0.429339928606724,40.55813645173165,11.481094755960523,0.2585498814020591,6.310180932521249e-11,0.0006617656677765,0.0889327078957558,0.910353855754172,1375.643826934816,4.01409559598853,203313.156636515,25.839666312290905,34.40070893763747,0.3161808335226306,1.0,0.0,-0.8300376533715942,0.095803415846043,0.019456695318222
"MATLAB 12-54 PM Tue, Apr 2, 2024 Run5 .csv",4.46376954987619,1782.2040633462277,0.1250099066379989,563.6919212030302,0.0819383786422911,-0.4572074452650406,-0.4325549828451127,6.023180758197094,0.0048,2.0817272267071285,0.0425531914893617,-0.0018080587511825,0.2112910363720206,4.851960166036337,0.7550260252963156,2.297895418517784e-12,0.0014919697152383,0.0219087218411625,0.9765567818459384,-1577.2494598498502,4.059544736694776,6719.2425820067565,4.606503474245453,1.3651586088935896,0.1079945311742583,0.0884353741496598,-0.4388653061693768,1.3530879318440283,1.2852156204544285,0.0066666537523269,0.0376055112290889,0.0559419345855712,0.0059576743821545,1.4875993639543594,4.235723595699961,1866.343230693452,-0.1638530839153059,705.4757172336335,0.1168534220856126,-0.4284439283333691,-0.4084262215940273,3.724256919973395,0.00476,2.115411961911306,0.1470588235294117,0.0007530677425178,0.1298860446187961,4.506418155357022,0.8149979778588392,0.0008750149963793,0.0134214092515477,0.9855616664134444,1126.3368862151035,3.93349192807656,20111.14947881182,6.720533259749982e-13,2.00588772695569,0.3988259324018228,0.0364573249796807,0.1285714285714285,-0.2227617109816269,1.041966202481891,0.9842618636093264,0.0035235181450843,0.0261724843347773,0.036899676322937,0.003612927228606,1.4098652558521407,2,-0.1555329955479943,-1,4.46376954987619,1782.2040633462277,0.1250099066379989,563.6919212030302,0.0819383786422911,0.1085239129474163,0.0794499999296018,9.400188012080813,0.0048,3,0.0425531914893617,-0.0018080587511825,0.2112910363720206,4.851960166036337,0.7550260252963156,2.297895418517784e-12,0.0014919697152383,0.0219087218411625,0.9765567818459384,654.5419601160949,4.059544736694776,6719.2425820067565,4.606503474245453,1.36515860889359,0.1079945311742583,0.0884353741496598,1.0,1.3530879318440283,1.2852156204544285,0.0066666537523269,4.235723595699961,1866.343230693452,0.1452963193916833,705.4757172336335,0.1168534220856126,0.1433787877518539,0.1089999999034488,6.800136008739311,0.00476,3,0.1470588235294117,2,-0.1555329955479943,0.0007530677425178,0.1298860446187961,4.506418155357023,0.8149979778588392,6.720533259749982e-13,0.0008750149963793,0.0134214092515477,0.9855616664134444,1126.3368862151035,3.93349192807656,20111.14947881182,2.00588772695569,0.3988259324018228,0.0364573249796807,0.1285714285714285,1.0,1.041966202481891,0.9842618636093264,0.0035235181450843
"MATLAB 2-03 PM Thu, Oct 24, 2024 Run1 .csv",5.869338087854203,2823.269576607614,0.3528520555564775,1136.0180320343231,0.0033576185905083,-0.4406271435922614,-0.3891622073623559,3.764915621985319,0.00155,0.0739594136756928,0.0,0.752492669545376,37.48656572192231,13.44113515173637,0.0242191325445391,2.184835509879543e-12,0.0015218948771327,0.0076467984294093,0.990506813406998,-1675.1131007589747,4.620153497407537,723920.0890948593,13.321339186205051,1.5890375950139326,0.4666912580427277,1.0,3.5326685384804493,-0.0843338457322108,-1.602542066320037,0.0363446840643883,0.1158562893999947,0.1434183526039123,0.0178157101017064,1.2378987221725992,6.123406726467122,2644.5449820825984,0.1535861125610877,1164.345873186067,0.0032011636563909,-0.4478421060742871,-0.3960255571795266,4.053114965818168,0.001025,0.1058057225019724,0.0,0.1249392698934928,32.09729928993855,14.037070333852707,0.0230905937648971,0.0022364469734534,0.0147932959130897,0.9785314679247856,437.5384167565528,4.18176829860142,531045.7942295626,1.3904425667956109e-12,17.219893567006707,2.5715391401256382,0.2291901417492677,1.0,1.7459085493961692,-0.6419302104765915,-0.6864368501900158,0.0281071853637695,0.1190230962882439,0.1459191107749939,0.0188974741207248,1.2259730701477858,1,-0.2238943422414745,-1,5.869338087854203,2823.269576607614,0.3528520555564775,1136.0180320343231,0.0033576185905083,0.1386349649118791,0.1395999998768955,7.200036006572488,0.00155,1,0.0,0.7524926695453762,37.48656572192233,13.44113515173637,0.0242191325445391,2.184835509879543e-12,0.0015218948771327,0.0076467984294093,0.990506813406998,650.8378655384481,4.620153497407537,723920.0890948593,13.321339186205051,1.5890375950139324,0.4666912580427277,1.0,5.0,-0.0843338457322108,-1.602542066320037,0.0363446840643883,6.123406726467122,2644.5449820825984,0.4599329453496909,1164.345873186067,0.0032011636563909,0.1386349649118792,0.1397999998755086,7.200036006572488,0.001025,1,0.0,1,-0.2238943422414745,0.1249392698934928,32.097299289938576,14.037070333852707,0.0230905937648971,1.3904425667956109e-12,0.0022364469734534,0.0147932959130897,0.9785314679247856,437.5384167565528,4.18176829860142,531045.7942295626,17.219893567006707,2.5715391401256382,0.2291901417492677,1.0,3.0,-0.6419302104765915,-0.6864368501900158,0.0281071853637695
"MATLAB 2-04 PM Tue, Jun 11, 2024 Run1 .csv",5.8209612079059125,2262.706870586108,0.3399427611299477,1141.7494555892642,0.0439181640612558,-0.4474763702820099,-0.4093292591480122,3.951542900233158,0.00246,2.072166841437669,0.0,0.1954604781284908,10.21326838862262,13.598722289260552,0.3255410557466143,5.450976439242621e-15,0.0182666349102935,0.1401061952784943,0.8410941047150711,-2301.6347146212206,5.416446244109458,126109.71908958867,0.4689015696660747,2.5922793406530458,0.446430825627322,0.1880733944954128,-1.4739005742926676,1.8541558993848437,5.617842834326977,0.0047104465961456,0.0208578885084873,0.0419358897209167,0.0043939127718266,2.0105529715461103,5.803567556726952,1419.216006096336,-0.0611308494240638,976.6876946574464,0.0344309382194954,-0.5043010866491187,-0.4736215576269021,8.536801674159616,0.00441,2.1035888980228954,0.0,-0.0970362300098626,10.517100242726276,13.44534467423006,0.4024291753903665,0.009369429110818,0.1829597500587538,0.8076537710007379,86.20095861211158,5.275627301208013,103356.13781980844,4.4177118850813285e-14,3.87026441841308,8.758002165145982,0.4525552956033344,0.2075471698113207,-0.2613213905166469,1.582407264215162,1.991343907242895,0.0086170780658722,0.0308731470046898,0.0756402242183685,0.0108717877927641,2.450032845918757,2,0.073680996420088,-1,5.8209612079059125,2262.706870586108,0.3399427611299477,1141.7494555892642,0.0439181640612558,0.1349082190586728,0.1232999998907478,7.400074007290355,0.00246,3,0.0,0.1954604781284912,10.21326838862262,13.59872228926055,0.3255410557466143,5.450976439242621e-15,0.0182666349102935,0.1401061952784943,0.8410941047150711,46.0453777526971,5.416446244109458,126109.71908958867,0.4689015696660747,2.5922793406530453,0.446430825627322,0.1880733944954128,0.0,1.8541558993848437,5.617842834326977,0.0047104465961456,5.803567556726952,1419.216006096336,0.2445692363218347,976.6876946574464,0.0344309382194954,0.0855577585449576,0.0664499999414158,11.700117011526643,0.00441,3,0.0,2,0.073680996420088,-0.0970362300098626,10.517100242726269,13.44534467423006,0.4024291753903665,4.4177118850813285e-14,0.009369429110818,0.1829597500587538,0.8076537710007379,86.20095861211158,5.275627301208013,103356.13781980844,3.87026441841308,8.758002165145982,0.4525552956033344,0.2075471698113207,1.0,1.582407264215162,1.991343907242895,0.0086170780658722
"MATLAB 2-14 PM Tue, Oct 22, 2024 Run5 .csv",5.642366668346494,2378.933859132872,0.2736376748901819,1250.3943287904117,0.0006816512573715,-0.5405882244135678,-0.4953315698894182,13.472704743203192,0.0026,2.061411408009528,0.0,0.5514179318402405,13.406740178865896,9.0382496020527,0.0112611462339784,4.871714522818848e-12,0.0001321210484759,0.0008653541442494,0.998750801881478,5081.3069137473085,4.30626347531559,517946.4393501363,3.028505691595467,0.0487451242989726,0.025287710282162,0.125,-1.51331525093137,-0.1341545235682092,-1.0678414340820803,0.0237694108486175,0.1213264952687655,0.1461247229576111,0.0166323205830768,1.2043925165225602,5.688138769757296,2123.0323285225754,0.0464154417741101,1296.5733683965907,0.0007791973026286,-0.5496182404951672,-0.5050475607016223,13.740019068037276,0.0026,2.0902879511484334,0.0,0.680689891107435,6.924732445491328,7.600445386895608,0.0128726451761535,0.0002030220358437,0.0015305228106736,0.9953987544433786,4902.909924562953,3.9949528239886303,561021.9234408127,2.252721322476783e-12,4.074470323277428,0.0696739820434779,0.0125429175966325,0.125,-1.3047010299935446,-0.5018877488372478,-1.1628670721462449,0.0198152315616607,0.0943479091279646,0.108619133234024,0.0123462847571025,1.1512616891880791,0,-0.7374951825299614,-1,5.642366668346494,2378.933859132872,0.2736376748901819,1250.3943287904117,0.0006816512573715,0.060531249946369,0.0604999999463928,17.001700185080555,0.0026,3,0.0,0.5514179318402405,13.406740178865892,9.0382496020527,0.0112611462339784,4.871714522818848e-12,0.0001321210484759,0.0008653541442494,0.998750801881478,7559.361762580196,4.30626347531559,517946.4393501363,3.028505691595468,0.0487451242989726,0.025287710282162,0.125,0.0,-0.1341545235682092,-1.0678414340820803,0.0237694108486175,5.688138769757296,2123.0323285225754,0.3482350452637818,1296.5733683965907,0.0007791973026286,0.060531249946369,0.0604999999463928,17.001700185080555,0.0026,3,0.0,0,-0.7374951825299614,0.680689891107435,6.92473244549133,7.600445386895607,0.0128726451761535,2.252721322476783e-12,0.0002030220358437,0.0015305228106736,0.9953987544433786,4902.909924562953,3.9949528239886303,561021.9234408127,4.074470323277429,0.0696739820434779,0.0125429175966325,0.125,0.0,-0.5018877488372478,-1.1628670721462449,0.0198152315616607
"MATLAB 2-21 PM Mon, May 13, 2024 Run0 .csv",5.687182104067018,2015.6825947916832,0.2834764982765112,1028.3061379691228,0.0368246441501723,-0.4644519042250279,-0.4105607599082714,3.121898915666597,0.00256,1.054838643136775,0.0,-0.2364062884287521,13.31013817908979,12.542187357438706,0.2486191798093863,1.0696562811159712e-14,0.0021769355086588,0.1078154415627537,0.8898651964632759,-2148.958647095385,5.0535109591588,87659.92485202462,0.6568288263261091,1.6596820587525234,0.0396114472297968,0.8676470588235294,-1.5374019977661324,0.4302112508676431,1.988589460180056,0.0036775666475295,0.0240564719242835,0.0379733574390411,0.0041981763682222,1.578508999929839,4.778276710894897,1449.9858268610717,-0.1257548721357552,712.0062548386602,0.041920549583816,-0.4787537410958565,-0.421366229338268,3.57827546884122,0.00489,2.0821595947251508,0.0,-0.0735126118571499,6.954174893098633,10.094036678585343,0.2915287606204312,0.0020689107476396,0.1285456176036345,0.8693597513183599,420.2016700383035,4.320531752686607,43767.03749338735,2.3026714359494817e-13,2.739588566528932,5.363061070784577,0.0547403493053253,0.7073170731707317,-0.3312108096738708,0.420864505074112,-0.4928461549593375,0.0086511325836181,0.0324004757577094,0.0474238073825836,0.0066840592427719,1.46367626627518,2,-0.0145930173374517,-1,5.687182104067018,2015.6825947916832,0.2834764982765112,1028.3061379691228,0.0368246441501723,0.1481166665355642,0.1594499998590708,6.700067006600727,0.00256,2,0.0,-0.2364062884287521,13.310138179089783,12.542187357438708,0.2486191798093863,1.0696562811159712e-14,0.0021769355086588,0.1078154415627537,0.8898651964632759,408.76966401798336,5.0535109591588,87659.92485202462,0.6568288263261091,1.6596820587525234,0.0396114472297968,0.8676470588235294,0.0,0.4302112508676431,1.988589460180056,0.0036775666475295,4.778276710894897,1449.9858268610717,0.1736933255306665,712.0062548386602,0.041920549583816,0.1437955881080163,0.1597499998584509,6.900069006797764,0.00489,3,0.0,2,-0.0145930173374517,-0.0735126118571498,6.954174893098635,10.094036678585343,0.2915287606204312,2.3026714359494817e-13,0.0020689107476396,0.1285456176036345,0.8693597513183599,420.2016700383035,4.320531752686607,43767.03749338735,2.739588566528932,5.363061070784577,0.0547403493053253,0.7073170731707317,1.0,0.420864505074112,-0.4928461549593375,0.0086511325836181
"MATLAB 2-24 PM Tue, Jun 11, 2024 Run2 .csv",5.719739110265944,2098.610541984795,0.2483807821581178,939.6584343458128,0.0415860306156991,-0.4981346926062074,-0.4587228980065707,4.5861519905576325,0.00384,2.0500584505020454,0.0,0.726377928696286,23.254772805465365,15.274125784373265,0.3387574402483281,8.238559370045407e-13,0.0014066858823901,0.0725495426083286,0.9258958500181976,-1957.461840193163,5.341961415129508,55676.17344885626,6.795445959901008,4.818819373632649,0.3524684027290962,0.2857142857142857,0.4450803681722224,0.1420907566459468,-1.5235047710919298,0.0559020972251892,0.0829020484482369,0.1399685657024383,0.0303248455608196,1.688360762156957,4.796535254577773,1484.4903623303474,-0.0845352224720255,857.1816830488551,0.0754431794932881,-0.4507455757365379,-0.4377388973685276,2.234544343259925,0.00461,1.0762480627809454,0.0714285714285714,-0.2336143250648058,15.15366349006485,10.93941609231135,0.4172238744121508,0.0008919834033673,0.1262302803493759,0.872868326756486,978.5701431902024,4.546753110391342,70467.67640785036,1.2627237444181868e-11,26.785492789301,17.084094048339566,0.2059899903725321,0.8636363636363636,0.6495093505586191,-0.9957870536574832,-0.3812710621222095,0.0161177462339401,0.0968730553984641,0.1231925392150879,0.019224523102076,1.271690447961663,2,0.0940888681329156,-1,5.719739110265944,2098.610541984795,0.2483807821581178,939.6584343458128,0.0415860306156991,0.1227604937184974,0.1215999998927941,8.200082008078502,0.00384,3,0.0,0.7263779286962858,23.254772805465365,15.274125784373268,0.3387574402483281,8.238559370045407e-13,0.0014066858823901,0.0725495426083286,0.9258958500181976,658.2108071241922,5.341961415129508,55676.17344885626,6.795445959901008,4.818819373632649,0.3524684027290962,0.2857142857142857,2.0,0.1420907566459468,-1.5235047710919298,0.0559020972251892,4.796535254577773,1484.4903623303474,0.213188316413851,857.1816830488551,0.0754431794932881,0.1808218180217614,0.1546999998636122,5.600056005517025,0.00461,2,0.0714285714285714,2,0.0940888681329156,-0.2336143250648058,15.153663490064844,10.93941609231135,0.4172238744121508,1.2627237444181868e-11,0.0008919834033673,0.1262302803493759,0.872868326756486,978.5701431902024,4.546753110391342,70467.67640785036,26.785492789301,17.084094048339566,0.205989990372532,0.8636363636363636,2.0,-0.9957870536574832,-0.3812710621222095,0.0161177462339401
"MATLAB 2-30 PM Tue, Oct 22, 2024 Run7 .csv",5.5811826145953205,2324.691065609896,0.2653485384398057,1231.3083081900588,0.0003954761482168,-0.5777498156025208,-0.5402911051465603,14.334227288566668,0.0018,2.042888161549951,0.0,0.7811953999190997,11.475396646452811,8.511489008113164,0.007108368075326,6.318677053734177e-12,0.0001476430792517,0.0003718361923116,0.9992622077539852,4065.50463792802,4.50933352767976,362007.5201546119,2.988707231042985,0.0221092298162166,0.0273619450162576,0.1296296296296296,-1.5811960829202458,-0.4378282103112408,-1.1131643600786203,0.0254926979541779,0.1280448439386155,0.1469073343276977,0.0156755031989257,1.1473115965382,5.731115090609198,2210.671116004877,0.0243812954856626,1192.2450420768776,0.0007339988585175,-0.5895591965214971,-0.5539228993344483,14.570711347259714,0.002,2.0673807648646374,0.0,0.5056376115607468,6.436326321769945,7.030398282641647,0.013216799709621,0.0002033495844978,0.0004799243525102,0.998170497814498,4908.642917956266,4.288014332455588,465049.24113890337,3.336987896970057e-12,3.398587039912436,0.0217009167418258,0.0138226291451816,0.1296296296296296,-1.379410409092646,0.444377967096051,-0.8597998304647052,0.0132849565148353,0.0923397172821892,0.1101335954666137,0.0098436017249603,1.1927001588064925,0,-0.8189284708529782,-1,5.5811826145953205,2324.691065609896,0.2653485384398057,1231.3083081900588,0.0003954761482168,0.0556352940683536,0.0554999999508386,18.001800195967647,0.0018,3,0.0,0.7811953999190995,11.475396646452811,8.511489008113164,0.007108368075326,6.318677053734177e-12,0.0001476430792517,0.0003718361923116,0.9992622077539852,6768.093789551355,4.50933352767976,362007.5201546119,2.988707231042985,0.0221092298162166,0.0273619450162577,0.1296296296296296,0.0,-0.4378282103112408,-1.1131643600786203,0.0254926979541779,5.731115090609198,2210.671116004877,0.3195178462007211,1192.2450420768776,0.0007339988585175,0.0555352940684422,0.0554999999508232,18.001800195967647,0.002,3,0.0,0,-0.8189284708529782,0.5056376115607468,6.436326321769943,7.030398282641647,0.013216799709621,3.336987896970057e-12,0.0002033495844978,0.0004799243525102,0.998170497814498,4908.642917956266,4.288014332455588,465049.24113890337,3.398587039912436,0.0217009167418258,0.0138226291451816,0.1296296296296296,0.0,0.444377967096051,-0.8597998304647052,0.0132849565148353
"MATLAB 2-31 PM Fri, Jun 14, 2024 Run12 .csv",5.59877744866326,1821.6395352501752,0.2195310450130061,706.7574207700059,0.1637710867125024,1.9353407277776635,1.8898198754342936,-3.2720391478302484,6e-05,-0.9577093625293902,1.0,0.343100718940318,51.32381827162532,25.883989033051943,0.0637299444271215,1.2538471894106952e-16,0.0131506202272503,0.0460125640537851,0.9407911378942037,-2638.292515547209,5.420011217750996,7456.807444326671,0.0493261595469444,0.0754687997917809,0.0117271904474454,0.0,2.4166142128220485,-0.501473898849544,-1.3057480687571443,0.0042126402258872,0.021469927728176,0.0245880043506622,0.0030214054304764,1.1452299542859716,4.992672755855373,1288.0747081712866,-0.1475924567252089,584.0169504171208,0.9325224549985178,0.4551068217953511,0.291161766411067,-2.636545613457357,0.00037,-0.9333581766283884,1.0,-0.7959443482694897,1.362529929228632,9.332634249795545,0.8467250192316375,0.0278583985038657,0.0797765248219646,0.8923602678068826,32.03200168462859,4.860155636487857,4631.272298510825,2.1889806094235823e-15,0.2375259642628523,0.3126105086529546,0.0281425195617161,0.0,-0.3818203890635847,-0.4580197864299948,-1.554915251499129,0.0112733304500579,0.0246377207338809,0.0316148006916046,0.0061597590516494,1.2831869081188585,0,0.1206971748251962,-1,5.59877744866326,1821.6395352501752,0.2195310450130061,706.7574207700059,0.1637710867125024,2.569766664394052,2.486899997798196,0.4000040003940732,6e-05,0,1.0,0.3431007189403181,51.323818271625306,25.883989033051943,0.0637299444271215,1.2538471894106952e-16,0.0131506202272503,0.0460125640537851,0.9407911378942037,71.5396781016248,5.420011217750996,7456.807444326671,0.0493261595469444,0.0754687997917809,0.0117271904474454,0.0,4.0,-0.501473898849544,-1.3057480687571443,0.0042126402258872,4.992672755855373,1288.0747081712866,0.1473285116422813,584.0169504171208,0.9325224549985178,1.101328570454594,0.901999999200766,0.8000080007881465,0.00037,0,1.0,0,0.1206971748251962,-0.7959443482694897,1.3625299292286297,9.332634249795545,0.8467250192316375,2.1889806094235823e-15,0.0278583985038657,0.0797765248219646,0.8923602678068826,32.03200168462859,4.860155636487857,4631.272298510825,0.2375259642628523,0.3126105086529546,0.0281425195617161,0.0,1.0,-0.4580197864299948,-1.554915251499129,0.0112733304500579
"MATLAB 2-33 PM Tue, Oct 15, 2024 Run3 .csv",3.7912542555321096,1236.9309228982236,0.1790040785566462,1325.4444379238132,0.0,-0.6396300713439591,-0.6035252086964159,-3.694394352341034,0.0,-0.960696982926096,0.0,0.0,0.0,0.0,0.0,0.0,0.0,0.0,0.0,-2746.047403776325,0.0,0.0,0.0,0.0,0.0,0.0,-1.5943343084664798,0.0,0.0,0.0,0.0,0.0,0.0,0.0,2.681185354814592,783.3237538715993,-0.185875027674475,975.681373680536,8.559599992401358,7.982041953329434,8.015985092023357,-3.313876691796424,0.00043,-0.9370528840935168,1.0,1.527591594893119,28.238572969063306,30.12185813046549,0.9913943872410156,0.0075725515266052,0.167748835290741,0.8240156509369018,108.81611673975686,3.633589028090945,473073.80815362826,9.214378915371336e-15,1.7985911084077997,0.3612521982852329,0.0033869077680846,0.0,0.6061297110817216,0.3699496081396358,-1.5000000000000009,0.021356680393219,0.0350144696235656,0.0586598706245422,0.0177355109592633,1.6753037031599816,0,1.0,-1,3.7912542555321096,1236.9309228982236,0.1790040785566462,1325.4444379238132,0.0,0.0,0.0,0.0,0.0,0,0.0,0.0,0.0,0.0,0.0,0.0,0.0,0.0,0.0,0.0,0.0,0.0,0.0,0.0,0.0,0.0,0.0,0.0,0.0,0.0,2.681185354814592,783.3237538715993,0.1079680289551744,975.681373680536,8.559599992401358,8.633899992335193,8.633899992335193,0.1500007501369268,0.00043,0,1.0,0,1.0,1.5275915948931191,28.238572969063306,30.12185813046549,0.9913943872410156,9.214378915371336e-15,0.0075725515266052,0.167748835290741,0.8240156509369018,108.81611673975686,3.633589028090945,473073.80815362826,1.7985911084077997,0.3612521982852329,0.0033869077680846,0.0,2.0,0.3699496081396358,-1.5000000000000009,0.021356680393219
"MATLAB 2-34 PM Fri, Jun 14, 2024 Run13 .csv",5.489959545824956,1888.671439398767,0.1930917768451219,741.1634891448365,0.5386150354037782,0.9113541003385924,0.6869857728981952,-3.198859592671785,9e-05,0.0387054929945627,0.4,0.9478113170095332,70.39172491924462,27.62979312395081,0.3470401803320788,6.56313086399534e-16,0.0068911699323738,0.0492456132078654,0.9438170344818042,-2616.330097451122,5.27759382329632,8436.148022366504,0.0958387435401669,0.1348828877058941,0.0138155574590765,1.0,-1.5965240127241855,-0.7101498268296342,-0.7723037870634935,0.0046571159362793,0.0310467970371245,0.0351230585575103,0.0039972082157853,1.1312941079078611,4.534011041677633,1291.8446309641013,-0.1573610005849557,573.6688198924094,0.5668281971048115,0.7498947016845028,0.6365697650764996,-2.8693362068798107,0.00059,0.0622081744134576,0.5,-0.0352501813976381,15.907788344773024,17.2318543567001,0.4040461034486229,0.0129337373765819,0.0766812063976882,0.910380114412784,70.3880160781008,4.394012394600359,3236.606851038988,1.680393117331963e-14,0.4753727592527332,0.5098951825283172,0.0222979152052015,1.0,0.6037197311107827,-1.636298097474272,0.9210871302820304,0.0035917878150939,0.03711246351401,0.0440639758110046,0.0094659587298049,1.187309373692488,0,-0.2154498961297355,-1,5.489959545824956,1888.671439398767,0.1930917768451219,741.1634891448365,0.5386150354037782,1.5520249986280656,1.291799998861114,0.5000050004925916,9e-05,1,0.4,0.9478113170095334,70.39172491924462,27.62979312395081,0.3470401803320788,6.56313086399534e-16,0.0068911699323738,0.0492456132078654,0.9438170344818042,136.9603483507011,5.27759382329632,8436.148022366504,0.0958387435401669,0.1348828877058941,0.0138155574590765,1.0,0.0,-0.7101498268296342,-0.7723037870634935,0.0046571159362793,4.534011041677633,1291.8446309641013,0.1362664736971256,573.6688198924094,0.5668281971048115,1.4028799987595657,1.2558999988927644,0.6000060005911099,0.00059,1,0.5,0,-0.2154498961297355,-0.0352501813976383,15.907788344773016,17.231854356700097,0.4040461034486229,1.680393117331963e-14,0.0129337373765819,0.0766812063976882,0.910380114412784,70.3880160781008,4.394012394600359,3236.606851038988,0.4753727592527332,0.5098951825283172,0.0222979152052015,1.0,2.0,-1.636298097474272,0.9210871302820304,0.0035917878150939
"MATLAB 2-36 PM Fri, Jun 14, 2024 Run14 .csv",5.564788653685494,2037.9183353871745,0.2123940293627958,774.4091438683789,0.6040215621300015,0.5740903038859061,0.5667077384637434,-2.907797074022915,0.00017,0.0375104448358802,0.625,1.3005980716275347,91.52695044250233,29.15917818913685,0.4963841954766243,2.6557826845555797e-15,0.0046950359578807,0.0436674209904292,0.9515685037986248,-2565.101084481333,5.252590198702725,13116.2361277949,0.1579143428986683,0.1927838349087241,0.0194825386341955,1.0,-0.600903421239597,-1.322721737414472,0.9350369562507828,0.0054678383469581,0.0424869464337825,0.0492672491073608,0.0062335416977869,1.159585549037882,4.548556245935582,1354.867326514524,-0.1276714330165692,645.9767924017793,0.5199844943498729,0.4094976858444384,0.3769390982896093,-2.5802627376593947,0.00121,0.0607302914274062,0.6666666666666666,0.5422593234136442,29.98430608644981,17.478416592939578,0.4883687245070861,0.0097869802894223,0.0763536599932292,0.913853251909507,93.37438360810692,4.346827080565234,8508.467857643882,5.3769286662602124e-14,0.7252131938694325,0.6940201380908837,0.025140184633014,1.0,-0.4011002288310947,-1.8280653071650557,2.386495742023871,0.0055078363418578,0.0453341307904984,0.0551830971240997,0.0105131748459635,1.217252788613418,0,0.1482099162120105,-1,5.564788653685494,2037.9183353871745,0.2123940293627958,774.4091438683789,0.6040215621300015,1.2168428560664075,1.174099998959668,0.8000080007881465,0.00017,1,0.625,1.300598071627534,91.52695044250224,29.15917818913685,0.4963841954766243,2.6557826845555797e-15,0.0046950359578807,0.0436674209904292,0.9515685037986248,202.67544537148703,5.252590198702725,13116.2361277949,0.1579143428986683,0.1927838349087241,0.0194825386341955,1.0,1.0,-1.322721737414472,0.9350369562507828,0.0054678383469581,4.548556245935582,1354.867326514524,0.1655248765703757,645.9767924017793,0.5199844943498729,1.0647374990581078,0.9990999991147294,0.9000090008866648,0.00121,1,0.6666666666666666,0,0.1482099162120105,0.5422593234136441,29.9843060864498,17.478416592939578,0.4883687245070861,5.3769286662602124e-14,0.0097869802894223,0.0763536599932292,0.913853251909507,93.37438360810692,4.346827080565234,8508.467857643882,0.7252131938694327,0.6940201380908837,0.025140184633014,1.0,1.0,-1.8280653071650557,2.386495742023871,0.0055078363418578
"MATLAB 2-40 PM Fri, Jun 14, 2024 Run15 .csv",5.503511525588197,2241.6377782773293,0.1890779558273291,758.1163194064256,0.3761431297673881,0.3043097202992328,0.330895600527316,-2.7435570004126184,0.00018,0.0327302522011507,0.6,1.195470953658256,83.1571534625293,28.86624351943666,0.3937068292028587,9.112902799460196e-15,0.0026772968291213,0.0378975479388098,0.959380139520428,-2467.3817648091917,5.132948329599788,5551.281662196139,0.2628573958579805,0.2566030025058562,0.0236550920815676,1.0,0.3815789446987576,-0.6131204133741486,-1.029977671108075,0.0146277004480362,0.055404965519905,0.067453646659851,0.0105741030800239,1.2174657276091485,4.807175105446354,1455.8864204875092,-0.0925147024339113,783.3170159700621,0.3760512018555556,0.2911421213868534,0.313516430296147,-2.5239798618614326,0.00046,0.0548187594832009,0.6,0.0739533222236227,33.717093767125654,17.416643307015672,0.3936060311787446,0.0071914964450686,0.0973168370368523,0.8954830301444294,124.51970698789331,4.681670696509135,10355.076278554969,7.755995549495125e-14,0.9776284854702698,0.9241828200284542,0.0248411266109649,1.0,-0.4203800685986048,-1.759794219720819,2.4452740926638468,0.0040905579924583,0.0502931253910064,0.0571704673767089,0.0069361657549442,1.1367451700850617,0,0.7326174906220244,-1,5.503511525588197,2241.6377782773293,0.1890779558273291,758.1163194064256,0.3761431297673881,0.9553888880438473,0.9485999991552632,1.0000100009851831,0.00018,1,0.6,1.195470953658256,83.15715346252931,28.86624351943666,0.3937068292028587,9.112902799460196e-15,0.0026772968291213,0.0378975479388098,0.959380139520428,358.3391012476155,5.132948329599788,5551.281662196139,0.2628573958579805,0.2566030025058562,0.0236550920815676,1.0,2.0,-0.6131204133741486,-1.029977671108075,0.0146277004480362,4.807175105446354,1455.8864204875092,0.1989569483724884,783.3170159700621,0.3760512018555556,0.9553999991549494,0.946999999156688,1.0000100009851831,0.00046,1,0.6,0,0.7326174906220244,0.0739533222236226,33.71709376712566,17.416643307015672,0.3936060311787446,7.755995549495125e-14,0.0071914964450686,0.0973168370368523,0.8954830301444294,124.51970698789331,4.681670696509135,10355.076278554969,0.9776284854702698,0.9241828200284542,0.0248411266109649,1.0,1.0,-1.759794219720819,2.4452740926638468,0.0040905579924583
"MATLAB 2-47 PM Tue, Oct 22, 2024 Run9 .csv",5.470520487056213,2308.4385252552825,0.2427422363110921,1267.1212715391694,0.0008021597138156,-0.6085154509147869,-0.5786506404095688,14.19564982304305,0.0021,2.0243649150903744,0.0,0.7780165473660685,10.048682747269734,8.352008769980502,0.0140396531936048,9.586322124691379e-12,0.0001193329295349,0.0001887369260111,0.9992653417709872,5446.6367948764655,4.66920071493108,180809.95173339325,2.858961166466188,0.0139808688570979,0.0232357099106912,0.1296296296296296,-1.6490769149091218,-0.0978095417650142,-1.6562345619316974,0.0341939485073089,0.1242355212900373,0.1459981429576874,0.0170364974442488,1.1751722972759422,5.740796514225915,2343.757638117161,0.0075689333555524,1176.5167160389094,0.00090679861908,-0.622974784906549,-0.5961982379731062,14.401303615595058,0.0018,2.044473578580841,0.0,0.5623313505770954,8.31166194202723,6.627099839157715,0.0158907087290174,0.0001565515922945,0.0001899740215095,0.9985752594293184,6378.569804328715,5.059575164483004,224243.62477167777,4.42208134206294e-12,2.713787404192133,0.0115861377485407,0.0130792534282587,0.1296296296296296,-1.4541197881917474,-1.5046293123697496,3.180142632769442,0.0041045331954956,0.0975342449214723,0.1030650341510772,0.0040751157372772,1.056706126489808,0,-0.7127013841917326,-1,5.470520487056213,2308.4385252552825,0.2427422363110921,1267.1212715391694,0.0008021597138156,0.0571352940670249,0.0570999999494179,18.001800195967647,0.0021,3,0.0,0.7780165473660685,10.048682747269734,8.352008769980502,0.0140396531936048,9.586322124691379e-12,0.0001193329295349,0.0001887369260111,0.9992653417709872,8373.760249290248,4.66920071493108,180809.95173339325,2.858961166466188,0.0139808688570979,0.0232357099106912,0.1296296296296296,0.0,-0.0978095417650142,-1.6562345619316974,0.0341939485073089,5.740796514225915,2343.757638117161,0.2960224312959978,1176.5167160389094,0.00090679861908,0.0570647058317934,0.0570999999494214,18.001800195967647,0.0018,3,0.0,0,-0.7127013841917326,0.5623313505770954,8.311661942027229,6.627099839157715,0.0158907087290174,4.42208134206294e-12,0.0001565515922945,0.0001899740215095,0.9985752594293184,6378.569804328715,5.059575164483004,224243.62477167777,2.713787404192133,0.0115861377485407,0.0130792534282587,0.1296296296296296,0.0,-1.5046293123697496,3.180142632769442,0.0041045331954956
"MATLAB 2-48 PM Fri, Jun 14, 2024 Run16 .csv",5.628323346346543,2236.6621305443864,0.2006060475800855,825.5196566443814,0.1158594058425193,-0.4070468353150486,-0.3756896578559029,0.0894183900942753,0.00475,0.0237673910110329,0.3846153846153846,1.3501136485180718,72.74974354904633,21.7191382115587,0.4462228172009124,6.857673236507525e-14,0.0013422927655202,0.0446577403273899,0.95391731918697,-2223.703857341144,5.158146183769365,39151.9774390944,0.8953049017625325,0.6410818759176965,0.0490688296152135,1.0,1.3487333808331723,-0.3465492750145079,-1.601971982231888,0.0571145665645599,0.0521371865883851,0.0853952372074127,0.0274577094399367,1.6378949996208012,4.740077371546308,1468.0961119213437,-0.0951215958462577,824.156692048748,0.0465753822189164,-0.2700625825048726,-0.2437635717910676,-1.1059363434472005,0.00051,0.0437346370878157,0.16,0.0442606173498198,43.38845797485564,14.517988189351238,0.1132933841021067,0.0024747690813391,0.1093669056392198,0.8881525858173963,358.88301357668803,4.525486855313336,69957.78177866702,5.179911667406169e-13,3.2530458865853897,2.3006119924663846,0.0365728758651795,1.0,-0.4565297681626861,-0.138503883266852,-0.4847887806537874,0.0049218416213988,0.0622178609371185,0.0694153153896331,0.0041065928400599,1.1156814834857278,1,0.058961832256203,-1,5.628323346346543,2236.6621305443864,0.2006060475800855,825.5196566443814,0.1158594058425193,0.2596447366122775,0.2613499997695867,3.900039003842214,0.00475,1,0.3846153846153846,1.3501136485180716,72.74974354904633,21.7191382115587,0.4462228172009124,6.857673236507525e-14,0.0013422927655202,0.0446577403273899,0.95391731918697,710.6626390981372,5.158146183769365,39151.9774390944,0.8953049017625323,0.6410818759176966,0.0490688296152135,1.0,3.0,-0.3465492750145079,-1.601971982231888,0.0571145665645599,4.740077371546308,1468.0961119213437,0.1931163197466193,824.156692048748,0.0465753822189164,0.4111041663027732,0.4109499996358875,2.500025002462958,0.00051,1,0.16,1,0.058961832256203,0.0442606173498198,43.38845797485564,14.517988189351238,0.1132933841021067,5.179911667406169e-13,0.0024747690813391,0.1093669056392198,0.8881525858173963,358.88301357668803,4.525486855313336,69957.78177866702,3.2530458865853897,2.3006119924663846,0.0365728758651795,1.0,1.0,-0.138503883266852,-0.4847887806537874,0.0049218416213988
"MATLAB 2-48 PM Tue, Jun 11, 2024 Run3 .csv",5.470563111852253,2152.3079383726217,0.1610482677091287,782.8357871538103,0.0498705323203405,-0.5417719272294709,-0.5099176922734179,3.980516912289804,0.00459,2.0225723428523508,0.0512820512820512,0.5571317547952581,21.924796627877857,13.849962523624637,0.3926773416843292,1.2501276570720914e-11,0.0005480769865963,0.0132202298864175,0.9861776817305276,-1149.5110539378716,5.008759166028911,42542.18608171168,21.346135268697758,3.024163709078842,0.6173471467404741,0.22,0.3443539723177611,0.1171857549079277,-1.2938561574674865,0.0841018080711365,0.1420286580843803,0.23085364818573,0.0459509479541262,1.6254018822636351,4.722460377041385,1605.3916245333817,-0.1340593747441878,750.9546631363486,0.077116959516201,-0.5214979317562448,-0.5080442385679521,2.48317012902432,0.00437,2.042256754101764,0.0491803278688524,-0.1635030172241234,12.81090307084702,10.956792684468237,0.4762560033624596,0.000249021319696,0.0234496707640567,0.976290913328024,3920.511362318708,4.324278872813291,53000.69620757014,1.11818813432242e-10,73.90116957225572,9.243099455625016,0.2994141867872595,0.34375,0.5386502718954365,0.4892201780166215,1.1923348838434622,0.0384359848499297,0.1454717041429925,0.2502152478694916,0.0292026821017857,1.7200269244357005,3,0.1717989902759956,-1,5.470563111852253,2152.3079383726217,0.1610482677091287,782.8357871538103,0.0498705323203405,0.1270012985888834,0.1296999998850774,7.800078007684428,0.00459,3,0.0512820512820512,0.5571317547952582,21.924796627877857,13.849962523624637,0.3926773416843292,1.2501276570720914e-11,0.0005480769865963,0.0132202298864175,0.9861776817305276,1799.341526552406,5.008759166028911,42542.18608171168,21.34613526869776,3.024163709078842,0.6173471467404741,0.22,2.0,0.1171857549079277,-1.2938561574674865,0.0841018080711365,4.722460377041385,1605.3916245333817,0.153747376153553,750.9546631363486,0.077116959516201,0.1619233331900077,0.1494999998678583,6.100061006009617,0.00437,3,0.0491803278688524,3,0.1717989902759956,-0.1635030172241234,12.81090307084702,10.956792684468237,0.4762560033624596,1.11818813432242e-10,0.000249021319696,0.0234496707640567,0.976290913328024,3920.511362318708,4.324278872813291,53000.69620757014,73.90116957225574,9.243099455625016,0.2994141867872595,0.34375,2.0,0.4892201780166215,1.1923348838434622,0.0384359848499297
"MATLAB 2-50 PM Fri, Jun 14, 2024 Run17 .csv",5.837472982339367,2370.34321931259,0.2458024279295873,959.1107495013798,0.0658430007872815,-0.5277708218650168,-0.4863957268302422,3.171568429854973,0.00394,0.0213772946936682,0.0142857142857142,1.0976850049205782,46.9599802370142,17.18734406243017,0.4601700691134979,1.380606586305039e-13,0.0011830947151504,0.0522030195841312,0.9464122963049408,-2163.3923168944084,4.876450334289082,206314.91433425772,1.5977550858174756,1.1927848127571552,0.0850210959115855,1.0,-1.66002543619765,-0.0213931492580969,-1.2072509727333158,0.0315749633312226,0.0605816010236739,0.0882808756828308,0.0178785845524019,1.457222559178199,4.847783256483006,1567.0552647022305,-0.0572525638562067,962.770728918065,0.0698567709712432,-0.534877319679874,-0.5022749055847531,2.9722455984417726,0.00496,0.0407788711157131,0.0303030303030303,0.180127397989959,27.264807821619563,12.218442731716603,0.4632459132566044,0.0014657268391068,0.1221309170190992,0.8763854996511887,597.918709181309,3.770274866075591,219072.0558357317,1.2783747259837377e-12,6.006059696663114,4.305610441592769,0.0488737104463515,1.0,-0.466169688046441,-0.3822476448385827,-1.434503262178779,0.0238476398587227,0.0559103333950042,0.0745871043205261,0.0127925497411053,1.3340486416629147,4,0.3875969783459336,-1,5.837472982339367,2370.34321931259,0.2458024279295873,959.1107495013798,0.0658430007872815,0.1430840578443658,0.1557999998612587,7.000070006896282,0.00394,1,0.0142857142857142,1.0976850049205782,46.9599802370142,17.18734406243017,0.4601700691134979,1.380606586305039e-13,0.0011830947151504,0.0522030195841312,0.9464122963049408,799.9463476468657,4.876450334289082,206314.91433425772,1.5977550858174756,1.1927848127571552,0.0850210959115855,1.0,0.0,-0.0213931492580969,-1.2072509727333158,0.0315749633312226,4.847783256483006,1567.0552647022305,0.2301230223463977,962.770728918065,0.0698567709712432,0.1507984614049852,0.1580999998599126,6.6000660065022085,0.00496,1,0.0303030303030303,4,0.3875969783459336,0.1801273979899589,27.264807821619563,12.218442731716603,0.4632459132566044,1.2783747259837377e-12,0.0014657268391068,0.1221309170190992,0.8763854996511887,597.918709181309,3.770274866075591,219072.0558357317,6.006059696663114,4.305610441592769,0.0488737104463515,1.0,1.0,-0.3822476448385827,-1.434503262178779,0.0238476398587227
"MATLAB 2-50 PM Tue, Oct 22, 2024 Run10 .csv",5.482464984613989,2226.164464605561,0.2388061853615058,1302.7504607835465,0.0006457079639984,-0.6063630748915455,-0.5784627785508935,11.159587863795036,0.0018,2.0195847224556447,0.0,0.9218473901524878,12.91942392758052,9.096014184028254,0.00954987481934,4.802664592366177e-12,0.0001222779396634,0.0001826006305636,0.9992446620255564,5186.845023547659,4.401508573838336,323382.1058843227,3.022919591943924,0.0113588908554285,0.0194439064155618,0.1333333333333333,-1.6665945489707672,-0.6752988919423362,-0.5860625006782736,0.017656946182251,0.1306838049093882,0.1468045282363891,0.0126185547031791,1.123356703136846,5.464840969932133,2125.91691086777,-0.0199269041111503,1237.3448070112613,0.0008669969274088,-0.6215361267811647,-0.5970209060178467,11.357285458633228,0.0015,2.038562046636636,0.0,0.6434734715155997,8.946801143656065,7.190951281860125,0.0128403226430535,0.0001646620967264,0.0001593087748501,0.9988865234679384,6066.280846207933,4.129619418470954,372825.03693774814,3.679567933290597e-12,3.456520711880901,0.0095424620677443,0.0110844952007735,0.1333333333333333,-1.4733996279592574,-0.4973438400833196,-1.0838534413654366,0.0087761062383651,0.1005642331441243,0.1087463557720184,0.0056451468533127,1.081362154039079,0,0.0420552079363794,-1,5.482464984613989,2226.164464605561,0.2388061853615058,1302.7504607835465,0.0006457079639984,0.0676142856543793,0.067599999940116,15.001500163306371,0.0018,3,0.0,0.9218473901524876,12.91942392758052,9.096014184028256,0.00954987481934,4.802664592366177e-12,0.0001222779396634,0.0001826006305636,0.9992446620255564,8171.912814165429,4.401508573838336,323382.1058843227,3.0229195919439245,0.0113588908554286,0.0194439064155618,0.1333333333333333,0.0,-0.6752988919423362,-0.5860625006782736,0.017656946182251,5.464840969932133,2125.91691086777,0.2668019350487496,1237.3448070112613,0.0008669969274088,0.0675214285116044,0.0675999999401018,15.001500163306371,0.0015,3,0.0,0,0.0420552079363794,0.6434734715156,8.946801143656065,7.190951281860125,0.0128403226430535,3.679567933290597e-12,0.0001646620967264,0.0001593087748501,0.9988865234679384,6066.280846207933,4.129619418470954,372825.03693774814,3.456520711880901,0.0095424620677443,0.0110844952007735,0.1333333333333333,0.0,-0.4973438400833196,-1.0838534413654366,0.0087761062383651
"MATLAB 2-51 PM Mon, May 13, 2024 Run1 .csv",5.837293700207608,2060.145065300704,0.3573321058086842,1283.2599255531686,0.0307333474215537,-0.5621284148640895,-0.5303517958609212,5.053706468433452,0.00485,2.0189871983763035,0.0,0.0217319665393395,3.7778925072683167,7.935397006164405,0.2722420880676665,3.590947244057949e-14,0.0019360930748243,0.1678762502510209,0.8295025373019592,-2563.8693759342705,5.305859983125124,134546.97087162416,3.293396615418009,3.5338141811018478,0.1137472216353684,0.5405405405405406,0.3312157467715271,1.0038476373843843,2.107958305093259,0.0049668192863463,0.0252657953808816,0.0405422246456146,0.0042939590982797,1.6046288681769547,4.679808640997599,1454.7932680224592,-0.0782029461147823,818.9220843424542,0.037185055227804,-0.5810001980741009,-0.554336239560854,5.550412538852971,0.0047,2.03782310514361,0.0,-0.1067301740150715,2.432102811619393,7.991919020131007,0.3405704652594999,0.0009628625942734,0.1514438073003055,0.8475350707949794,880.2243184392405,4.377095156498278,39928.51516278952,1.4381764734405533e-12,12.976471749307914,10.320967968121256,0.1059331786347701,0.6122448979591837,-0.4758096079301961,1.1994315286052444,1.621301599631093,0.0077440294623374,0.0372235434469968,0.0616187584400177,0.006471161884843,1.655370572867612,4,-0.053061195830504,-1,5.837293700207608,2060.145065300704,0.3573321058086842,1283.2599255531686,0.0307333474215537,0.1128897726273494,0.1169999998965911,8.90008900876813,0.00485,3,0.0,0.0217319665393395,3.7778925072683167,7.935397006164406,0.2722420880676665,3.590947244057949e-14,0.0019360930748243,0.1678762502510209,0.8295025373019592,428.4414567089968,5.305859983125124,134546.97087162416,3.293396615418009,3.5338141811018478,0.1137472216353684,0.5405405405405406,2.0,1.0038476373843843,2.107958305093259,0.0049668192863463,4.679808640997599,1454.7932680224592,0.2083103106975495,818.9220843424542,0.037185055227804,0.1091846152879716,0.1116999999015222,9.200092009063685,0.0047,3,0.0,4,-0.053061195830504,-0.1067301740150716,2.432102811619393,7.991919020131007,0.3405704652594999,1.4381764734405533e-12,0.0009628625942734,0.1514438073003055,0.8475350707949794,880.2243184392405,4.377095156498278,39928.51516278952,12.976471749307914,10.320967968121256,0.1059331786347701,0.6122448979591837,1.0,1.1994315286052444,1.621301599631093,0.0077440294623374
"MATLAB 2-52 PM Tue, Oct 22, 2024 Run11 .csv",5.49012532734166,2335.2758877786714,0.2381438322189424,1288.1890884863362,7.378202337253875e-05,-0.6081016107678068,-0.5818858994213895,10.128196167144548,0.0013,2.0154020539002566,0.0,0.8572613259817372,13.330475007971444,9.15559979581927,0.0010084810269086,6.770699027612862e-12,0.0001361807170809,0.0001712336279456,0.99934372355027,4302.595295793661,4.343660792456624,377043.9949382372,2.2422647185067084,0.0111181231693847,0.020054519812505,0.2058823529411764,-1.681922478774707,-0.3909856870746737,-1.0148822703825535,0.0169258984923362,0.1280140531063079,0.1417252647876739,0.0107766532304451,1.1071070819855973,5.710376304118723,2304.429201424587,0.0122789444124592,1184.4964476885264,0.0009144468362201,-0.6236868233812642,-0.6013282405537839,10.31893208898315,0.0018,2.033389456185456,0.0,0.5961973900651617,11.203170611916088,7.500627517753421,0.0124819496864702,0.0002007091964705,0.00016224074835,0.9983100702397242,4973.912943676163,4.187063379053551,514478.61339982337,2.664650305767964e-12,2.1655187328820986,0.0084337274523454,0.011038984141751,0.2058823529411764,-1.490269487755829,-0.650816999080759,-0.7699756013723666,0.011723589003086,0.0935970520973205,0.1028080189228057,0.0074362804688281,1.098410864648897,0,-0.633208119970608,-1,5.49012532734166,2335.2758877786714,0.2381438322189424,1288.1890884863362,7.378202337253875e-05,0.0731615383967168,0.0731999999351398,14.00140015241928,0.0013,3,0.0,0.8572613259817371,13.330475007971444,9.15559979581927,0.0010084810269086,6.770699027612862e-12,0.0001361807170809,0.0001712336279456,0.99934372355027,7338.364380589918,4.343660792456624,377043.9949382372,2.2422647185067084,0.0111181231693847,0.020054519812505,0.2058823529411764,0.0,-0.3909856870746737,-1.0148822703825535,0.0169258984923362,5.710376304118723,2304.429201424587,0.2974987071393821,1184.4964476885264,0.0009144468362201,0.0732615383966282,0.073199999935158,14.00140015241928,0.0018,3,0.0,0,-0.633208119970608,0.5961973900651615,11.203170611916091,7.500627517753421,0.0124819496864702,2.664650305767964e-12,0.0002007091964705,0.00016224074835,0.9983100702397242,4973.912943676163,4.187063379053551,514478.61339982337,2.165518732882099,0.0084337274523454,0.011038984141751,0.2058823529411764,0.0,-0.650816999080759,-0.7699756013723666,0.011723589003086
"MATLAB 2-53 PM Thu, Oct 24, 2024 Run12 .csv",5.523639871939713,2075.6616876089365,0.2591717040222105,1290.069460528208,0.0237305073955564,-0.6083655146370887,-0.57762491669281,9.623000819615688,0.0024,2.014804529820915,0.0,0.6171587142463287,10.0815024398454,7.592488285689712,0.3209494344731314,4.568879184138925e-11,0.0001428971732422,0.0002477657655232,0.999365425094005,3950.586153809158,4.327955110164377,319300.10670580296,17.793037483120788,0.0774396890619597,0.109623730881577,0.2745098039215686,-1.6841121830324126,0.3586945074712988,-0.6951423052647754,0.0171808254718779,0.1776830516921148,0.2033016157150269,0.0120087807980169,1.1441812473330506,5.346026428572886,2105.805273154277,-0.0415097858393359,1124.7426118951869,0.0204094100139853,-0.6282006199091075,-0.5987435740617638,10.81279222012627,0.00585,2.0326505146924307,0.0,0.4193242481296332,6.211408796672881,7.120474775703912,0.2920845800653858,0.0001014571275191,0.0001496029973741,0.999094878227494,9847.458750875889,4.01186309413174,422251.39191980334,5.84736977265477e-11,20.44650419196808,0.0651343799804953,0.0807742677338307,0.2063492063492063,-1.4926794677267674,-0.7445854373325911,-0.2573094980346009,0.0289848923683166,0.1586813570302107,0.200395416021347,0.0258506955229035,1.2628793941004326,2,0.0823252937535899,-1,5.523639871939713,2075.6616876089365,0.2591717040222105,1290.069460528208,0.0237305073955564,0.0739384614729491,0.0787499999302221,13.500675045713765,0.0024,3,0.0,0.6171587142463287,10.0815024398454,7.592488285689711,0.3209494344731314,4.568879184138925e-11,0.0001428971732422,0.0002477657655232,0.999365425094005,6993.598280630914,4.327955110164377,319300.10670580296,17.793037483120788,0.0774396890619597,0.109623730881577,0.2745098039215686,0.0,0.3586945074712988,-0.6951423052647754,0.0171808254718779,5.346026428572886,2105.805273154277,0.2434943945400187,1124.7426118951869,0.0204094100139853,0.0698749999380882,0.0771999999316056,14.50072504909997,0.00585,3,0.0,2,0.0823252937535899,0.4193242481296333,6.211408796672881,7.120474775703912,0.2920845800653858,5.84736977265477e-11,0.0001014571275191,0.0001496029973741,0.999094878227494,9847.458750875889,4.01186309413174,422251.39191980334,20.44650419196808,0.0651343799804953,0.0807742677338306,0.2063492063492063,0.0,-0.7445854373325911,-0.2573094980346009,0.0289848923683166
"MATLAB 2-54 PM Fri, Jun 14, 2024 Run18 .csv",5.802957388129247,2343.3779294585765,0.2302564446196741,946.0488595879076,0.0416250143232149,-0.5737507986383169,-0.5535529512498992,5.113475301121887,0.00409,0.0136094816622327,0.0,0.9430220806326494,31.84111247617268,14.578293780299097,0.3762378792510195,1.999611258140105e-13,0.0008780902805186,0.0528170801595598,0.9461193123681264,-1980.0243640955027,4.618658318789426,378135.28101732425,2.495384134688844,1.487709547775138,0.096570928730815,1.0,0.311508408452176,0.0142990462199629,-1.38752413459946,0.03213348954916,0.0620990128119786,0.0901949965953827,0.0174901598209955,1.452438493160466,4.821138981628408,1557.1534225053165,-0.0611373181451009,964.4692355366666,0.0503391737552535,-0.5654232867901428,-0.5485742411175909,3.7012116472415153,0.00485,2.0311726317063794,0.0,0.1850099201662815,16.029247792652207,12.76574998068307,0.3731402375445374,0.0011158880760254,0.1318777513588564,0.8669886471411131,776.9494681125652,3.617313084824479,242120.7207224609,1.6479318983724477e-12,9.03786542038822,5.451818756641835,0.0525298315012604,0.4015151515151515,-1.4974994276686449,-0.2221248687244611,-1.027555088791416,0.0248239764571189,0.0576426373462418,0.0852031183242797,0.0131176399153892,1.4781266480312194,1,0.049694891405617,-1,5.802957388129247,2343.3779294585765,0.2302564446196741,946.0488595879076,0.0416250143232149,0.1106348313627491,0.1053999999061385,9.000090008866648,0.00409,1,0.0,0.9430220806326494,31.84111247617267,14.578293780299097,0.3762378792510195,1.999611258140105e-13,0.0008780902805186,0.0528170801595598,0.9461193123681264,1077.47384677725,4.618658318789426,378135.28101732425,2.495384134688844,1.487709547775138,0.096570928730815,1.0,2.0,0.0142990462199629,-1.38752413459946,0.03213348954916,4.821138981628408,1557.1534225053165,0.2234356975391173,964.4692355366666,0.0503391737552535,0.1349068491956597,0.1301999998846339,7.400074007290355,0.00485,3,0.0,1,0.049694891405617,0.1850099201662804,16.029247792652196,12.76574998068307,0.3731402375445374,1.6479318983724477e-12,0.0011158880760254,0.1318777513588564,0.8669886471411131,776.9494681125652,3.617313084824479,242120.7207224609,9.037865420388222,5.451818756641835,0.0525298315012604,0.4015151515151515,0.0,-0.2221248687244611,-1.027555088791416,0.0248239764571189
"MATLAB 2-55 PM Wed, Apr 3, 2024 Run3.csv",4.476610277868261,1614.3673860695424,0.0892170467246756,568.7903706797086,0.1484487976632714,-0.5215181109845386,-0.5616200030450342,2.300098577753406,0.0049,2.0118169094242093,0.3548387096774194,0.0126305572824982,0.5437247767056341,5.009371486317659,0.8943237411571463,4.988477453943099e-13,0.0055894429909476,0.0334006806864256,0.960984039777225,-2907.2989281017867,4.106305830283693,15559.789565890802,2.8548547623794374,0.6200999161152858,0.0325241038282879,0.2142857142857142,0.3049392956790591,0.8497487849630094,-0.4524674829719077,0.0073641288280486,0.0263442474411379,0.0383273959159851,0.0047219722534313,1.454867746805886,4.959670561884386,1891.9618860750309,-0.085053073598983,737.6710926255117,0.7618262342516209,-0.0185452441340455,-0.2565702418933464,-2.3152286548622785,0.00034,-0.9710441927726976,1.0,0.0357765493823295,0.524165295926101,5.563717960429701,1.1118845559618604,0.0034364705896379,0.044840773750731,0.951532517048734,276.8923790350215,4.480145412240258,22810.95207727586,2.0508526023386718e-14,0.6418722881381166,0.2167313223609122,0.0135879418374715,0.0,-0.5047293675814613,0.6761820515573048,-0.7621774263608594,0.0018081021308899,0.0166210830211639,0.0190782403945922,0.0013047125898891,1.1478337705370678,0,0.6023339427506369,-1,4.476610277868261,1614.3673860695424,0.0892170467246756,568.7903706797086,0.1484487976632714,0.1659899998530696,0.1011999999105121,6.200124007968195,0.0049,3,0.3548387096774194,0.0126305572824982,0.5437247767056332,5.009371486317659,0.8943237411571463,4.988477453943099e-13,0.0055894429909476,0.0334006806864256,0.960984039777225,171.92840884746036,4.106305830283693,15559.789565890802,2.8548547623794374,0.6200999161152858,0.0325241038282879,0.2142857142857142,2.0,0.8497487849630094,-0.4524674829719077,0.0073641288280486,4.959670561884386,1891.9618860750309,0.1988731950425308,737.6710926255117,0.7618262342516209,0.6851666660596668,0.4264499996221611,1.40002800179927,0.00034,0,1.0,0,0.6023339427506369,0.0357765493823296,0.5241652959261018,5.563717960429701,1.1118845559618604,2.0508526023386718e-14,0.0034364705896379,0.044840773750731,0.951532517048734,276.8923790350215,4.480145412240258,22810.95207727586,0.6418722881381168,0.2167313223609122,0.0135879418374715,0.0,1.0,0.6761820515573048,-0.7621774263608594,0.0018081021308899
"MATLAB 2-58 PM Fri, Jun 14, 2024 Run19 .csv",5.754405354300305,2300.8570029721222,0.2178090575583865,929.5070674365268,0.0471951095735433,-0.5734892758671317,-0.5614760721159265,4.5821786148658985,0.00271,2.0094268131068445,0.0,0.8286854988012737,32.47366857492574,14.17527925807294,0.399342138112755,2.742693578649745e-13,0.0008407809498402,0.0514062700620911,0.9476111507876612,-1981.1388229940123,3.991287619391717,499202.0573282346,2.958069002499069,1.3906055751008992,0.0939585178694495,0.3583815028901734,0.2961804786482362,0.0361303528917359,-1.6703444194992216,0.034161821603775,0.0656808538857628,0.0921393167972564,0.0181666612142844,1.402833723165539,4.746771343927434,1533.2655607329557,-0.0689732284991712,943.288422775426,0.0564009352158764,-0.5643238411490221,-0.5461815756594828,3.2629542880844555,0.00497,2.0260000412551995,0.1,0.1737521767344845,16.934177932483827,10.434812480281142,0.3919532408766542,0.0011436802371417,0.1325977842528743,0.8662418804460821,757.4161486002245,3.065053612054178,273404.4253364259,2.1367968463120158e-12,10.373484335523102,5.081206123982394,0.0506337983769513,0.2015503875968992,0.4856307125347836,-0.428178212006998,-1.2300348505027097,0.0268898969888686,0.0584831726551055,0.0825185942649841,0.012863239640105,1.4109801250288407,3,-0.0214910575384869,-1,5.754405354300305,2300.8570029721222,0.2178090575583865,929.5070674365268,0.0471951095735433,0.1181821427525329,0.106499999905631,8.500085008374057,0.00271,3,0.0,0.8286854988012738,32.47366857492574,14.17527925807294,0.399342138112755,2.742693578649745e-13,0.0008407809498402,0.0514062700620911,0.9476111507876612,1127.0606820572282,3.991287619391717,499202.0573282346,2.958069002499069,1.390605575100899,0.0939585178694495,0.3583815028901734,2.0,0.0361303528917359,-1.6703444194992216,0.034161821603775,4.746771343927434,1533.2655607329557,0.2140907107520699,943.288422775426,0.0564009352158764,0.1438971013219037,0.1424999998737353,7.000070006896282,0.00497,3,0.1,3,-0.0214910575384869,0.1737521767344845,16.93417793248382,10.434812480281142,0.3919532408766542,2.1367968463120158e-12,0.0011436802371417,0.1325977842528743,0.8662418804460821,757.4161486002245,3.065053612054178,273404.4253364259,10.3734843355231,5.081206123982393,0.0506337983769513,0.2015503875968992,2.0,-0.428178212006998,-1.2300348505027097,0.0268898969888686
"MATLAB 2-58 PM Tue, Apr 30, 2024 Run3 .csv",5.662385719392876,2029.4371977426376,0.2934879622594301,1230.0154537466074,0.020783585104485,-0.613241045635522,-0.5986650893503034,8.677749378081806,0.00494,2.0088292890275032,0.0,0.0574583184617475,4.539794673947118,8.45358271141653,0.2615234842670223,1.1466293860112102e-13,0.0019360460463291,0.2111935343292323,0.7862117021854667,-2709.351119821613,4.941997872219154,274519.2106921818,3.019824783240358,19.50708261079954,0.2326770449517748,0.1666666666666666,-0.7060092256094694,1.344724936177041,3.395973711006836,0.0070520159602164,0.0362925390402475,0.0617646145820617,0.006032558577203,1.7018543264103467,5.054152046420414,1549.026706176662,-0.0307648730861824,1017.3600863029534,0.0305963629069745,-0.6190427460747076,-0.6024969091150705,7.357530526586137,0.00494,2.025261099762174,0.0,0.1152413296822924,2.566424566663767,6.947887618850442,0.3388096886069732,0.0017979508396959,0.2897869638812191,0.7081374070228776,393.8580473883382,4.403758198626242,200667.4155367184,1.2754760644390278e-12,9.887400699446037,65.67900591666067,0.368088400926331,0.2479338842975206,-0.5167792674361551,1.2895732975280507,2.079934829736197,0.0084885704517364,0.0514744715755049,0.0793945741653442,0.0081831509635079,1.5424067840868425,4,0.0964200350247013,-1,5.662385719392876,2029.4371977426376,0.2934879622594301,1230.0154537466074,0.020783585104485,0.0794711999296568,0.0705999999377571,12.600126012413307,0.00494,3,0.0,0.0574583184617475,4.539794673947118,8.453582711416528,0.2615234842670223,1.1466293860112102e-13,0.0019360460463291,0.2111935343292323,0.7862117021854667,406.0914272551265,4.941997872219154,274519.2106921818,3.019824783240358,19.507082610799536,0.2326770449517748,0.1666666666666666,1.0,1.344724936177041,3.395973711006836,0.0070520159602164,5.054152046420414,1549.026706176662,0.2520834838174906,1017.3600863029534,0.0305963629069745,0.0903054544655215,0.0875999999225751,11.100111010935532,0.00494,3,0.0,4,0.0964200350247013,0.1152413296822924,2.566424566663767,6.947887618850442,0.3388096886069732,1.2754760644390278e-12,0.0017979508396959,0.2897869638812191,0.7081374070228776,393.8580473883382,4.403758198626242,200667.4155367184,9.887400699446037,65.67900591666067,0.368088400926331,0.2479338842975206,1.0,1.2895732975280507,2.079934829736197,0.0084885704517364
"MATLAB 3-05 PM Fri, Jun 14, 2024 Run20 .csv",5.601247384914483,2277.7686629255813,0.178872258366886,882.2634241336049,0.0524562437649566,-0.5846163614659288,-0.5792174001857107,3.89723803863128,0.00485,0.9980738555993618,0.0,0.6570220300811441,28.27903925884269,13.46064248785269,0.4135924123896486,5.339963706039503e-13,0.0004938260481036,0.0441895872543485,0.9552128338484884,-1311.5069577843308,3.6274866046726415,592320.89211523,4.384264241447972,1.3836689067387051,0.0929580691517406,0.8620689655172413,1.2545760977518283,-0.256466139396595,-1.5785971556789344,0.037720518708229,0.071429623440851,0.1012408685684204,0.0194512734159531,1.4173512849644965,4.6285863265134095,1513.5517091086483,-0.0961337827319039,932.2129200245624,0.0418138084359466,-0.5370800224287147,-0.5073729123008976,1.3591057410973049,0.00446,0.0119601528877117,0.0192307692307692,0.0498500561745915,13.457832885380707,10.159755751154144,0.217148234012606,0.000772260670313,0.1277913739027807,0.871423507832938,1128.4059143911998,2.823721591479685,273535.4719193996,2.3888973481910975e-12,14.621797295552378,5.083553362186263,0.0461773926316311,1.0,0.4398410930869474,-0.9244621428228436,0.9622632712362872,0.0102232626080513,0.0642701670756706,0.0795346474647522,0.0088713870353563,1.2375049122108144,0,0.3135306623817538,-1,5.601247384914483,2277.7686629255813,0.178872258366886,882.2634241336049,0.0524562437649566,0.126830769118504,0.1132499998994007,7.900079007782947,0.00485,2,0.0,0.6570220300811441,28.27903925884269,13.46064248785269,0.4135924123896486,5.339963706039503e-13,0.0004938260481036,0.0441895872543485,0.9552128338484884,1934.3103457513776,3.6274866046726415,592320.89211523,4.384264241447972,1.3836689067387051,0.0929580691517406,0.8620689655172413,3.0,-0.256466139396595,-1.5785971556789344,0.037720518708229,4.6285863265134095,1513.5517091086483,0.182834091915542,932.2129200245624,0.0418138084359466,0.1925588233589742,0.2081999998164452,5.200052005122952,0.00446,1,0.0192307692307692,0,0.3135306623817538,0.0498500561745916,13.457832885380714,10.159755751154144,0.217148234012606,2.3888973481910975e-12,0.000772260670313,0.1277913739027807,0.871423507832938,1128.4059143911998,2.823721591479685,273535.4719193996,14.621797295552378,5.083553362186263,0.0461773926316311,1.0,2.0,-0.9244621428228436,0.9622632712362872,0.0102232626080513
"MATLAB 3-05 PM Wed, Apr 3, 2024 Run4.csv",4.469366514242672,1414.1158816158372,0.0516546429195004,482.9412534512364,0.0469097427392715,-0.6266457960418151,-0.629001503747217,6.9705576000454,0.00496,1.9944887111233147,0.0,0.0105860849059174,0.0655232574183779,4.400261001015879,0.5152295556113038,2.8086462595568878e-12,0.0016598153796574,0.0454163388716718,0.9528933391424984,-2715.179574400013,4.008922753706831,12769.461819513346,9.431974278410069,4.741539981845309,0.0824363484476412,0.1098901098901098,0.2414378722055943,1.1630062132072103,1.3014138886268958,0.0048948550224304,0.0418373594284057,0.0567939400672912,0.0051790967344904,1.3574934183998866,4.713237131741534,1590.4596885819697,-0.1291855129509306,619.285417959248,0.0482688488662174,-0.613337394312445,-0.6058149132484094,4.326429153287517,0.00444,2.007526503929558,0.0,0.0096827065152382,0.0219895276638064,4.390698702930952,0.3922223939295871,0.001562766100146,0.0739026527881594,0.924328488394057,591.4695028947074,4.288011827162197,10301.764331988556,9.601473514210362e-14,1.6006199441984788,1.5132454108773452,0.0262214531545464,0.0759493670886076,-0.5746187867386852,1.0492959453140611,0.8827771500099031,0.0027391397953034,0.018740735519223,0.0258525192737579,0.0024083397707284,1.379482638087499,1,-0.1423827606638815,-1,4.469366514242672,1414.1158816158372,0.0516546429195004,482.9412534512364,0.0469097427392715,0.0910462962157024,0.0711999999369115,11.00022001413712,0.00496,3,0.0,0.0105860849059174,0.065523257418377,4.400261001015879,0.5152295556113038,2.8086462595568878e-12,0.0016598153796574,0.0454163388716718,0.9528933391424984,574.0959812886856,4.008922753706831,12769.461819513346,9.431974278410069,4.741539981845309,0.0824363484476412,0.1098901098901098,2.0,1.1630062132072103,1.3014138886268958,0.0048948550224304,4.713237131741534,1590.4596885819697,0.1484888676111064,619.285417959248,0.0482688488662174,0.1230649998910638,0.1182499998954991,8.20016401053858,0.00444,3,0.0,1,-0.1423827606638815,0.0096827065152382,0.021989527663806,4.390698702930951,0.3922223939295871,9.601473514210362e-14,0.001562766100146,0.0739026527881594,0.924328488394057,591.4695028947074,4.288011827162197,10301.764331988556,1.600619944198479,1.5132454108773452,0.0262214531545465,0.0759493670886076,1.0,1.0492959453140611,0.8827771500099031,0.0027391397953034
"MATLAB 3-31 PM Thu, Oct 17, 2024 Run7 .csv",5.330553304025216,2331.153378047693,0.2413350085312497,1230.8988392097472,0.0006324555314742,-0.7163851190209469,-0.7109743325215322,15.759766844270167,0.0022,1.9658075553149377,0.0,0.0715194327188479,7.303780773240668,6.232114186274303,0.0123365838498292,8.548272790015226e-12,0.0001552337313774,0.000751524187446,0.9987409811185476,2796.8468328452045,4.754804868299607,286786.1129900728,1.973616238601912,0.0351489445150289,0.0158578220749064,0.2857142857142857,-1.8636679321642784,0.147965358765892,-1.2382949052590373,0.011153657734394,0.108634361386299,0.1194780266284942,0.0066758170425733,1.099818005130398,5.613638501944161,2177.9435247112638,0.0370057687250109,1273.4729079504027,0.0008350352982846,-0.7394330037975422,-0.7409009214017124,15.867957214827928,0.0024,1.9720573122643252,0.0,0.477549729481284,6.25511849247494,7.742934107526331,0.0163483090955408,0.0002275708617843,0.001354539764191,0.9964068041777924,4378.446328167841,4.658217552020242,504071.8656601383,4.111100923816685e-12,2.462465025978363,0.0489971535452147,0.0090240953831329,0.2352941176470588,-1.6902978253437455,-0.0483816396605188,-1.215062035257488,0.0238137459754943,0.108365394949913,0.132089763879776,0.0172465806359812,1.2189293818458238,0,-0.9026462938559888,-1,5.330553304025216,2331.153378047693,0.2413350085312497,1230.8988392097472,0.0006324555314742,0.051266666621248,0.0510999999547323,20.00400081788233,0.0022,3,0.0,0.0715194327188479,7.303780773240668,6.232114186274303,0.0123365838498292,8.548272790015226e-12,0.0001552337313774,0.000751524187446,0.9987409811185476,6433.788405757822,4.754804868299607,286786.1129900728,1.973616238601912,0.0351489445150289,0.0158578220749064,0.2857142857142857,0.0,0.147965358765892,-1.2382949052590373,0.011153657734394,5.613638501944161,2177.9435247112638,0.3043321966037761,1273.4729079504027,0.0008350352982846,0.0510777777325265,0.0510999999547219,20.00400081788233,0.0024,3,0.0,0,-0.9026462938559888,0.477549729481284,6.25511849247494,7.742934107526331,0.0163483090955408,4.111100923816685e-12,0.0002275708617843,0.001354539764191,0.9964068041777924,4378.446328167841,4.658217552020242,504071.8656601383,2.462465025978363,0.0489971535452146,0.0090240953831329,0.2352941176470588,0.0,-0.0483816396605188,-1.215062035257488,0.0238137459754943
"MATLAB 3-38 PM Thu, Oct 17, 2024 Run8 .csv",5.583368082248123,2385.9560990525483,0.2732328807250582,1206.7184600699577,0.0007381734207019,-0.7318908820846755,-0.7290535224496182,17.71099427700163,0.0032,1.9592347904421847,0.0,0.2102590502196863,6.585025503198036,6.074346670904352,0.0156359546993425,7.420604089628309e-12,0.0001142336837185,0.0006309686787296,0.9990435519079248,5028.997636891508,4.997038190235935,211474.0589050413,1.743043632384916,0.022488975678887,0.0166539172396351,0.2222222222222222,-1.8877546789990407,-0.08600745030318,-1.0777374701633904,0.0100958794355393,0.1066506302356719,0.1178716814517975,0.0072480047777712,1.105213173061704,5.8389294619578616,2323.3420275937897,0.0824061574296535,1226.1002518307448,0.0007912016170931,-0.7557106203342215,-0.7603695899469555,17.808244875702897,0.002,1.963928955841043,0.0,0.4600150445313848,6.7265381091930845,7.290482351491716,0.0167627461397054,0.0001950618412846,0.0009321061812098,0.9964888011674696,5108.578872243451,4.974082843807089,393874.6745810758,3.5010192649155774e-12,2.006404847850774,0.0264212308871368,0.0110889615234059,0.2222222222222222,-1.7168076050240717,0.0095191300424336,-1.5004590634001818,0.0273586285114288,0.1040980601310729,0.1259483850002289,0.0155281581373674,1.2099013645561072,0,-0.6732604289574808,-1,5.583368082248123,2385.9560990525483,0.2732328807250582,1206.7184600699577,0.0007381734207019,0.0472099999581748,0.0471999999581775,22.00440089967056,0.0032,3,0.0,0.2102590502196863,6.585025503198036,6.074346670904352,0.0156359546993425,7.420604089628309e-12,0.0001142336837185,0.0006309686787296,0.9990435519079248,8745.612672084606,4.997038190235935,211474.0589050413,1.743043632384916,0.022488975678887,0.0166539172396351,0.2222222222222222,0.0,-0.08600745030318,-1.0777374701633904,0.0100958794355393,5.8389294619578616,2323.3420275937897,0.3473611794851687,1226.1002518307448,0.0007912016170931,0.0471999999581837,0.0471999999581825,22.00440089967056,0.002,3,0.0,0,-0.6732604289574808,0.4600150445313848,6.7265381091930845,7.290482351491716,0.0167627461397054,3.5010192649155774e-12,0.0001950618412846,0.0009321061812098,0.9964888011674696,5108.578872243451,4.974082843807089,393874.6745810758,2.006404847850774,0.0264212308871368,0.0110889615234059,0.2222222222222222,0.0,0.0095191300424336,-1.5004590634001818,0.0273586285114288
"MATLAB 3-55 PM Thu, Sep 5, 2024 Run0 .csv",5.650971697233727,2504.4082705646947,0.2373891538853932,1305.3091528926109,0.1031743695724346,-0.4100181971494401,-0.3778350235225263,-1.9230186040829027,0.0029,-1.05809340785871,1.0,1.7402267579939326,131.4386338342933,26.9836289693518,0.2584096752306135,2.0719906051071696e-11,0.000163819435474,7.285251560691381e-05,0.9991609237511412,2172.4965976448784,4.1582948868042,535586.7651701622,8.375605039071003,0.0675233647499747,0.1277517623322842,0.0,0.0487438975274947,-1.2100680711131686,1.223835275618388,0.0694191706180573,0.2547279469490051,0.3329176080226899,0.0602034707831647,1.3069536028935915,5.901391126252175,3039.142302450693,-0.048067747936689,1294.3320908549315,0.0779079568688481,-0.4189750177143898,-0.4127142619197761,-1.9546102221927413,0.00181,-0.0575003474567015,0.8333333333333334,0.3722794383562831,114.76738454280752,21.4569001194158,0.1869973085625005,0.0001152660165039,2.226890387238949e-05,0.9988532428442964,8665.63513809255,3.665954450365785,744382.2085123227,3.0704560640828715e-11,8.536660244642734,0.0776821313743695,0.1659945844204038,1.0,1.2133029758187044,-1.397671627460918,1.475814679390023,0.0647344255447387,0.2696420919398467,0.3141400754451752,0.0472212051368482,1.1650261025094528,1,0.2515448576012098,-1,5.650971697233727,2504.4082705646947,0.2373891538853932,1305.3091528926109,0.1031743695724346,0.3992666663133195,0.4357999996138516,2.500025002462958,0.0029,0,1.0,1.7402267579939328,131.43863383429337,26.9836289693518,0.2584096752306135,2.0719906051071696e-11,0.000163819435474,7.285251560691381e-05,0.9991609237511412,6099.1598515774285,4.1582948868042,535586.7651701622,8.375605039071,0.0675233647499748,0.1277517623322842,0.0,2.0,-1.2100680711131686,1.223835275618388,0.0694191706180573,5.901391126252175,3039.142302450693,0.2106353860393494,1294.3320908549315,0.0779079568688481,0.416626086587812,0.4358999996137629,2.4000240023644395,0.00181,1,0.8333333333333334,1,0.2515448576012098,0.3722794383562831,114.76738454280752,21.4569001194158,0.1869973085625005,3.0704560640828715e-11,0.0001152660165039,2.226890387238949e-05,0.9988532428442964,8665.63513809255,3.665954450365785,744382.2085123227,8.536660244642734,0.0776821313743695,0.1659945844204038,1.0,3.0,-1.397671627460918,1.475814679390023,0.0647344255447387
"MATLAB 3-58 PM Thu, Sep 5, 2024 Run1 .csv",5.53541547189896,2495.4767273814864,0.2192507212260697,1313.1803262091523,0.149547756908195,-0.2709170350663265,-0.2213971618002481,-2.5587865312607523,0.00163,-0.0628736004934393,0.1578947368421052,2.4155365869903247,185.53880759978105,30.911294592524108,0.2735490703450201,1.9283717117453204e-11,0.0001876566133117,6.157950788380432e-05,0.9991120580765304,1339.5429444182082,4.077880596950688,632344.4628074013,7.312242188682422,0.0575644573277545,0.1089856915184544,1.0,2.0312262634658493,-1.1699946533119605,1.022832968075753,0.0977926880121231,0.2851680338382721,0.3567107927799225,0.0691093804162576,1.2508793078196998,5.827192618641472,3037.652497793757,-0.0560316799855109,1301.3573646304435,0.1494693612768647,-0.2982191693402649,-0.2577369301018284,-2.4983333469858886,0.00365,-0.0634118794009068,0.1052631578947368,0.4868277584058594,144.82194789208094,24.31907784519625,0.2735530040431275,0.0001386101773156,2.057245776253189e-05,0.9988329927344878,7206.058112602192,3.514824553078505,911710.3935482216,2.7111723296555064e-11,7.354489592054565,0.0671222939199178,0.1467498812747065,1.0,3.1940231360511944,-1.5545017381207265,2.4014654630688046,0.0714110386371613,0.2719857227802276,0.3354222214221954,0.0612654425309322,1.2332346639136875,0,0.4685789848774197,-1,5.53541547189896,2495.4767273814864,0.2192507212260697,1313.1803262091523,0.149547756908195,0.546694443960546,0.6025499994681525,1.900019001871848,0.00163,1,0.1578947368421052,2.415536586990325,185.53880759978108,30.911294592524108,0.2735490703450201,1.9283717117453204e-11,0.0001876566133117,6.157950788380432e-05,0.9991120580765304,5324.150534554745,4.077880596950688,632344.4628074013,7.312242188682422,0.0575644573277545,0.1089856915184544,1.0,4.0,-1.1699946533119605,1.022832968075753,0.0977926880121231,5.827192618641472,3037.652497793757,0.2009467952099821,1301.3573646304435,0.1494693612768647,0.5463999995163635,0.6021999994671317,1.900019001871848,0.00365,1,0.1052631578947368,0,0.4685789848774197,0.4868277584058594,144.82194789208097,24.31907784519625,0.2735530040431275,2.7111723296555064e-11,0.0001386101773156,2.057245776253189e-05,0.9988329927344878,7206.058112602192,3.514824553078505,911710.3935482216,7.354489592054563,0.0671222939199178,0.1467498812747064,1.0,5.0,-1.5545017381207265,2.4014654630688046,0.0714110386371613
"MATLAB 4-01 PM Thu, Oct 17, 2024 Run11 .csv",4.889458573882262,2102.007311070673,0.2056983355876836,1170.1628537283812,0.0101856241139947,-0.7617707264692469,-0.7736812649188001,11.517573676233209,0.0036,1.9335412550305136,0.0,0.4415017408446878,2.644598722964288,4.918095441563636,0.1640574525106529,4.983234824376438e-12,7.283821909080038e-05,0.0002614993595546,0.9994667868341808,9693.66979746084,4.51811160003938,12117.74342086086,2.929009718256125,0.018115883265869,0.0226447063823371,0.25,-1.981911962080385,-1.9117301049316704,2.277471907494875,0.0039310479164123,0.1212049280107021,0.1265530133247375,0.0067438628915113,1.0441243223506818,5.770145014938655,2326.4527818870333,0.0506163755653172,1075.1466356507074,0.013187099435752,-0.7853255744738277,-0.810528930646813,11.57205971222271,0.0022,1.9321544716409391,0.0,0.5643866192263788,3.2974429646435475,5.439971680843038,0.1996316957872929,0.0001756219267835,0.0003012787747281,0.9984718937650802,5685.348703614273,5.495900498582075,11495.93456638799,2.0500953812121778e-12,2.0761016423763747,0.0147201982898667,0.0170737791429713,0.2,-1.8204367437744384,0.2102867458754672,-1.2843469258147595,0.0123421925306319,0.1048675943911075,0.1174559593200683,0.0086849842228247,1.120040561643972,0,-0.5386699810842746,-1,4.889458573882262,2102.007311070673,0.2056983355876836,1170.1628537283812,0.0101856241139947,0.0620857142307101,0.0579999999486176,16.003200654305864,0.0036,3,0.0,0.4415017408446878,2.644598722964288,4.918095441563636,0.1640574525106529,4.983234824376438e-12,7.283821909080038e-05,0.0002614993595546,0.9994667868341808,13721.735639750364,4.51811160003938,12117.74342086086,2.929009718256125,0.018115883265869,0.0226447063823371,0.25,0.0,-1.9117301049316704,2.277471907494875,0.0039310479164123,5.770145014938655,2326.4527818870333,0.3063013566754013,1075.1466356507074,0.013187099435752,0.0660571427986207,0.0578999999487127,16.003200654305864,0.0022,3,0.0,0,-0.5386699810842746,0.5643866192263788,3.2974429646435475,5.439971680843038,0.1996316957872929,2.0500953812121778e-12,0.0001756219267835,0.0003012787747281,0.9984718937650802,5685.348703614273,5.495900498582075,11495.93456638799,2.0761016423763747,0.0147201982898667,0.0170737791429713,0.2,0.0,0.2102867458754672,-1.2843469258147595,0.0123421925306319
"MATLAB 4-02 PM Thu, Sep 5, 2024 Run2 .csv",5.604987264821114,2474.054242767244,0.242215259764244,1297.214145815338,0.4475092552381926,0.576345588257119,0.4733297167086088,-3.6900892181078513,0.00108,-1.0670562690488277,1.0,4.330638887931303,471.8844410352999,48.19334475721372,0.3193659495590691,9.223211476516346e-12,0.0002149172357849,7.445533111012184e-05,0.9989790767093568,612.8947511940114,4.205415484156744,477135.7421481545,3.086681231875568,0.0244634914402639,0.048416295570081,0.0,2.0158983336619096,-1.3597576212245508,0.6947678139170899,0.105880314707756,0.2902283424139023,0.3645503997802735,0.0929926751747207,1.2560813211701376,5.863346614441898,3039.0019100541185,-0.0385273902165016,1315.9911876835356,0.446922201208362,0.5494900234173101,0.4364557347425766,-3.636597706832577,0.00238,-1.0685844698520863,1.0,0.8276921376860431,294.15409216605497,35.83766924872844,0.3187747515006717,0.0001970162064618,2.440785409765289e-05,0.9990691803315664,5070.999986618832,3.574681668634493,780652.5497908789,1.1921573664307156e-11,3.062714238239092,0.0287556570388495,0.0628472154187416,0.0,2.1771532762546237,-1.607816640579766,1.6049592863175732,0.057087740600109,0.2521561947464943,0.3322378027439118,0.0794499479550759,1.3175873116182122,0,0.6763547257060081,-1,5.604987264821114,2474.054242767244,0.242215259764244,1297.214145815338,0.4475092552381926,1.4012428559025902,1.3062999988425292,0.8000080007881465,0.00108,0,1.0,4.330638887931302,471.8844410352997,48.19334475721372,0.3193659495590691,9.223211476516346e-12,0.0002149172357849,7.445533111012184e-05,0.9989790767093568,4648.203635509036,4.205415484156744,477135.7421481545,3.0866812318755668,0.024463491440264,0.048416295570081,0.0,4.0,-1.3597576212245508,0.6947678139170899,0.105880314707756,5.863346614441898,3039.0019100541185,0.2169420085460143,1315.9911876835356,0.446922201208362,1.401999998759062,1.30629999884253,0.8000080007881465,0.00238,0,1.0,0,0.6763547257060081,0.8276921376860432,294.15409216605497,35.83766924872844,0.3187747515006717,1.1921573664307156e-11,0.0001970162064618,2.440785409765289e-05,0.9990691803315664,5070.999986618832,3.574681668634493,780652.5497908789,3.062714238239092,0.0287556570388495,0.0628472154187415,0.0,4.0,-1.607816640579766,1.6049592863175732,0.057087740600109
"MATLAB 4-08 PM Thu, Sep 5, 2024 Run3 .csv",5.557880930259843,2485.9377554360613,0.2287116006390279,1320.7822502391705,0.424482412501929,-0.0117876845888459,0.0607956134722746,-3.3169066626538326,0.00246,-1.0706414135248747,1.0,4.443951101794812,370.4605405545326,42.01868663265173,0.5180692720047803,1.5309111704817995e-11,0.0003031637998822,6.653869774239157e-05,0.998904854225146,-783.8326666758239,3.638849826018252,690128.0578619768,4.186933789660485,0.032571336877657,0.0632350625669045,0.0,0.0027601081156756,-0.9185544612472296,-0.818749468304266,0.156598575413227,0.2767881594101587,0.3720944392681122,0.1172637003654445,1.3443293241338543,5.880188985958217,3023.213541677529,-0.0447835091932869,1310.0270104363065,0.4240494184265684,-0.0401371608458495,0.025463734076667,-3.269382299663921,0.00467,-1.0730181188102406,1.0,0.5649034886150898,248.06672858989415,32.800811479305494,0.5176786645378945,0.0002609767132947,2.3390027955223583e-05,0.9988837407892268,3827.482261457297,3.206313081180061,799197.8638042206,1.929715400262457e-11,4.208023829221371,0.0384441285491396,0.0853900607031733,0.0,0.1626933964289905,-0.9340786559899968,-0.6462155344119216,0.0827430006861686,0.2209649872779846,0.3245459794998169,0.0962082934771518,1.4687665385264064,0,0.8564675110467698,-1,5.557880930259843,2485.9377554360613,0.2287116006390279,1320.7822502391705,0.424482412501929,0.81935454472971,0.9014999992052122,1.2000120011822195,0.00246,0,1.0,4.443951101794814,370.4605405545329,42.01868663265173,0.5180692720047803,1.5309111704817995e-11,0.0003031637998822,6.653869774239157e-05,0.998904854225146,3294.9344697921906,3.638849826018252,690128.0578619768,4.186933789660485,0.032571336877657,0.0632350625669045,0.0,2.0,-0.9185544612472296,-0.818749468304266,0.156598575413227,5.880188985958217,3023.213541677529,0.20939239548382,1310.0270104363065,0.4240494184265684,0.8191363629117222,0.9037999992031862,1.2000120011822195,0.00467,0,1.0,0,0.8564675110467698,0.5649034886150898,248.06672858989415,32.800811479305494,0.5176786645378945,1.929715400262457e-11,0.0002609767132947,2.3390027955223583e-05,0.9988837407892268,3827.482261457297,3.206313081180061,799197.8638042206,4.208023829221371,0.0384441285491396,0.0853900607031733,0.0,2.0,-0.9340786559899968,-0.6462155344119216,0.0827430006861686
"MATLAB 4-09 PM Thu, Sep 5, 2024 Run4 .csv",5.46021449116536,2416.602410588899,0.2219247666298871,1303.500811439866,0.1879264842402192,-0.2847305375894353,-0.2106104553646437,-2.684790375440658,0.003545,-0.0730315098422393,0.7837837837837838,2.7335073727163985,196.33049260104636,32.60319346456878,0.3413276745349281,2.792486141580296e-11,0.0001619311582914,6.366566915577591e-05,0.9989042235614934,2060.9575299444823,4.239020993951497,500453.1104515946,15.808031983846837,0.1139731523678773,0.2180038411344934,1.0,2.994001291084853,-0.9521417787099936,-0.2324786323793986,0.105999505519867,0.2821173846399462,0.3842968797683716,0.09589709508891,1.3621878717571148,5.809360466852501,2950.809907555588,-0.0520403372545013,1321.390758764437,0.1867910474714566,-0.2975454136803706,-0.2437975997143333,-2.691244361353297,0.00366,-0.0759738847823432,0.4166666666666667,0.280451700650229,143.9462206953587,25.52039234535406,0.3298813050213896,0.0001143846334572,2.240649876728293e-05,0.9990497644128572,8734.125679447783,3.718077330209532,798754.9782662165,3.4394303242656004e-11,15.797990482342968,0.1331582039326118,0.2944125610887944,1.0,4.153053476545235,-0.9803916662183276,0.1196431369366073,0.0591271564364433,0.252703190975719,0.3449144363403321,0.0738714768584059,1.3648994102867231,0,0.5788916663672786,-1,5.46021449116536,2416.602410588899,0.2219247666298871,1303.500811439866,0.1879264842402192,0.550574999511177,0.635249999434305,1.8500092516887643,0.003545,1,0.7837837837837838,2.733507372716398,196.33049260104627,32.60319346456879,0.3413276745349281,2.792486141580296e-11,0.0001619311582914,6.366566915577591e-05,0.9989042235614934,6168.69683451449,4.239020993951497,500453.1104515946,15.808031983846837,0.1139731523678772,0.2180038411344933,1.0,5.0,-0.9521417787099936,-0.2324786323793986,0.105999505519867,5.809360466852501,2950.809907555588,0.2012732380323329,1321.390758764437,0.1867910474714566,0.5662371423544145,0.6401999994298961,1.800009001643122,0.00366,1,0.4166666666666667,0,0.5788916663672786,0.280451700650229,143.94622069535868,25.520392345354065,0.3298813050213896,3.4394303242656004e-11,0.0001143846334572,2.240649876728293e-05,0.9990497644128572,8734.125679447783,3.718077330209532,798754.9782662165,15.797990482342962,0.1331582039326118,0.2944125610887944,1.0,6.0,-0.9803916662183276,0.1196431369366073,0.0591271564364433
"MATLAB 4-14 PM Thu, Oct 17, 2024 Run12 .csv",5.36686783693772,2258.8226069051902,0.2340034049102115,1265.3054844082296,0.0001376841169748,-0.7985416765141996,-0.8110725929709331,17.431638685799854,0.0038,1.9221882975230309,0.0,0.2969905483418186,5.474496661391793,6.219351482716285,0.0030535077189077,4.158084513668858e-12,0.0001228251793528,0.0001608177165238,0.9994736871216728,3971.6843841549135,5.16946700715004,42048.78713561083,3.569923525016377,0.0145622706453259,0.0250257548577035,0.081081081081081,-2.0235163429767926,-0.5507701246955082,-0.8665052985344399,0.0132862415909767,0.0993723094463348,0.1095373201370239,0.0082692395038898,1.102292185291101,5.752880500111569,2336.74324269407,0.025879493693304,1206.254933425397,0.0008892402925646,-0.8277149063434436,-0.8502202672196122,17.46722875221904,0.0032,1.9181145832734512,0.0,0.2070557282546147,6.676748756072694,6.225799594544351,0.0197233271656136,0.0001244457743746,0.0001207215529279,0.9982887392265296,8021.877353752933,5.5303606501970926,87251.61982783656,2.704003933133028e-12,3.657404083810842,0.0134671225073546,0.0197428168444082,0.081081081081081,-1.8662263632222744,-0.0562991656422184,-1.222212842137265,0.014139050245285,0.0963870483636855,0.1100153684616088,0.0089747631582548,1.1413916115213028,0,-0.8495139571596024,-1,5.36686783693772,2258.8226069051902,0.2340034049102115,1265.3054844082296,0.0001376841169748,0.0450904761505256,0.0450999999600383,22.00220023951601,0.0038,3,0.0,0.2969905483418187,5.474496661391795,6.219351482716285,0.0030535077189077,4.158084513668858e-12,0.0001228251793528,0.0001608177165238,0.9994736871216728,8137.368024928908,5.16946700715004,42048.78713561083,3.569923525016377,0.0145622706453259,0.0250257548577035,0.081081081081081,0.0,-0.5507701246955082,-0.8665052985344399,0.0132862415909767,5.752880500111569,2336.74324269407,0.2774684101995929,1206.254933425397,0.0008892402925646,0.0450857142457679,0.0450999999600383,22.00220023951601,0.0032,3,0.0,0,-0.8495139571596024,0.2070557282546148,6.676748756072694,6.225799594544351,0.0197233271656136,2.704003933133028e-12,0.0001244457743746,0.0001207215529279,0.9982887392265296,8021.877353752933,5.5303606501970926,87251.61982783656,3.657404083810842,0.0134671225073546,0.0197428168444082,0.081081081081081,0.0,-0.0562991656422184,-1.222212842137265,0.014139050245285
"MATLAB 4-20 PM Thu, Oct 17, 2024 Run13 .csv",5.397038111216833,2285.7829903838506,0.2357586550928686,1291.837140921667,0.0035746138724183,-0.7393265914730949,-0.7543737484304807,4.189235620125721,0.0048833333333333,1.9168105808089604,0.0,0.478210755301043,19.526671156042607,9.668987473431764,0.0314464627134575,4.4201220324174815e-12,0.0001262492151227,0.0001596559394414,0.9994820955376892,3685.868063815952,3.8399971001920696,328848.13759373984,45.100457635791685,0.1782462053243211,0.3210483792108055,0.0650246305418719,7.956776318703856,-0.7455725067309235,2.5786448425978143,0.0135100054740905,0.1061558491488297,0.118538635969162,0.0083657734831507,1.1166472400684364,5.66681599862174,2244.879395942536,0.0139362090418083,1163.9872768109822,0.0034560885521685,-0.7692238059094302,-0.7944082688207064,4.182541519642426,0.0012966666666666,1.91146410983622,0.0,0.4229118624445002,19.46316948216825,10.270368026997163,0.0303906401525377,0.0001961548587429,0.0001065106787031,0.9980701838690484,5088.174671100186,3.767934585099772,472349.0492195272,2.8686633812905308e-12,48.74766883490355,0.1452356725783889,0.2351846311911118,0.0654437283093703,1.1120838170392768,-0.024980540733864,-1.1366113460386598,0.0178837621212005,0.103458401821412,0.1229368090629577,0.0109072698992806,1.188272841051314,2,0.0922177339317164,-1,5.397038111216833,2285.7829903838506,0.2357586550928686,1291.837140921667,0.0035746138724183,0.1136730037012574,0.1133999998990162,8.800029341251966,0.0048833333333333,3,0.0,0.4782107553010428,19.5266711560426,9.668987473431766,0.0314464627134575,4.4201220324174815e-12,0.0001262492151227,0.0001596559394414,0.9994820955376892,7916.739082819431,3.8399971001920696,328848.13759373984,45.10045763579168,0.1782462053243212,0.3210483792108056,0.0650246305418719,10.0,-0.7455725067309235,2.5786448425978143,0.0135100054740905,5.66681599862174,2244.879395942536,0.2635848844199838,1163.9872768109822,0.0034560885521685,0.1137221373035114,0.1136499998987927,8.766695896777525,0.0012966666666666,3,0.0,2,0.0922177339317165,0.4229118624445003,19.463169482168265,10.270368026997163,0.0303906401525377,2.8686633812905308e-12,0.0001961548587429,0.0001065106787031,0.9980701838690484,5088.174671100186,3.767934585099772,472349.0492195272,48.74766883490355,0.1452356725783889,0.2351846311911118,0.0654437283093703,3.0,-0.024980540733864,-1.1366113460386598,0.0178837621212005
"MATLAB 4-22 PM Thu, Sep 5, 2024 Run6 .csv",5.556291407906935,2478.0041434962613,0.2302763936834148,1315.21498530481,0.2864597937852952,0.0548162692903126,0.1083811644698765,-3.533133924159256,0.00059,-1.0861770395877457,1.0,4.909557234016385,388.121222881521,43.28984410262797,0.3137497470359149,2.257619873196565e-11,0.0002158731585182,6.471308963826048e-05,0.9992559097390186,361.8167646358597,3.663429515788532,441002.50755811343,5.520459308420826,0.0416023680940702,0.0811029355207108,0.0,-0.054172202584672,-0.8866052161228289,-0.777243403155695,0.1561145836114884,0.3384371268749237,0.4337748813629151,0.1110693229561836,1.2817000468250204,5.851492896211156,3054.383590059321,-0.0463687352419458,1332.8701737225906,0.2870847051914805,0.0244477656327692,0.0680650628870718,-3.5114672037392465,0.00277,-1.0922305976289082,1.0,0.7142442114360357,215.76458722940905,30.678422797426464,0.3144307475608348,0.0001880138496727,2.446945824996159e-05,0.9994452923131945,5315.806756005911,3.1915716599672974,850974.2236571565,2.538684023091422e-11,5.377958803997495,0.0504911126796386,0.1148408207787732,0.0,0.1000339171845827,-1.1590649422549233,0.3332802988122476,0.0236772066354751,0.2585149705410003,0.3706879234313965,0.0820523114761544,1.4339127929637852,0,0.6899355510530055,-1,5.556291407906935,2478.0041434962613,0.2302763936834148,1315.21498530481,0.2864597937852952,0.9130199991922356,0.9825999991318876,1.1000110010837014,0.00059,0,1.0,4.909557234016387,388.12122288152113,43.28984410262797,0.3137497470359149,2.257619873196565e-11,0.0002158731585182,6.471308963826048e-05,0.9992559097390186,4628.90299376683,3.663429515788532,441002.50755811343,5.520459308420826,0.0416023680940702,0.0811029355207108,0.0,2.0,-0.8866052161228289,-0.777243403155695,0.1561145836114884,5.851492896211156,3054.383590059321,0.2022020283983888,1332.8701737225906,0.2870847051914805,0.9130299991922276,0.983199999128709,1.1000110010837014,0.00277,0,1.0,0,0.6899355510530055,0.7142442114360353,215.76458722940905,30.678422797426464,0.3144307475608348,2.538684023091422e-11,0.0001880138496727,2.446945824996159e-05,0.9994452923131945,5315.806756005911,3.1915716599672974,850974.2236571565,5.377958803997497,0.0504911126796386,0.1148408207787732,0.0,2.0,-1.1590649422549233,0.3332802988122476,0.0236772066354751
"MATLAB 4-25 PM Thu, Sep 5, 2024 Run7 .csv",4.553069771037421,1833.9089209793344,0.1427096563777062,998.4470496566288,0.5327796308503783,1.3273179731541338,1.0804470600062577,-4.259962369788939,0.00038,-1.0897621840637928,1.0,3.2888745327066884,869.6394724265848,68.78782836630506,0.2430822766967391,8.061462229321677e-11,0.0003377440697883,6.118603527722562e-05,0.9995707004679673,-1350.9937744594731,3.618173618211452,467077.2647945639,4.173867727119505,0.0188822160142599,0.0367766055413329,0.0,0.9326895718690942,0.0112175350091127,-1.0171542452458011,0.1118727853894233,0.3248956808447838,0.51224227309227,0.1324077870325505,1.5766361429008635,5.13848664886314,2202.091341704575,-0.0699075887189814,1214.9538319378423,0.5320336221052907,1.297187549419852,1.038673060999164,-4.244262797654292,0.0007,-1.0966642465870622,1.0,-0.2534445332610198,638.6265687893515,57.99465685003993,0.2426570280538232,0.0004398960958732,2.823968188069736e-05,0.9993687994589756,2271.829208838939,2.906688382437509,923870.9486405468,7.47210739504028e-11,3.958162757828996,0.0163213718251007,0.0334664172826918,0.0,2.0855740373589504,-0.882046046695003,-0.8269060146344902,0.0798877221345901,0.2784743934869766,0.3794322240352631,0.1012154392700736,1.3625390086467966,0,0.7141099084789294,-1,4.553069771037421,1833.9089209793344,0.1427096563777062,998.4470496566288,0.5327796308503783,2.1917666647291414,1.9623999982672855,0.4000040003940732,0.00038,0,1.0,3.2888745327066884,869.6394724265846,68.78782836630506,0.2430822766967391,8.061462229321677e-11,0.0003377440697883,6.118603527722562e-05,0.9995707004679673,2959.5507068244874,3.618173618211452,467077.2647945639,4.173867727119504,0.0188822160142599,0.0367766055413328,0.0,3.0,0.0112175350091127,-1.0171542452458011,0.1118727853894233,5.13848664886314,2202.091341704575,0.1773696808359442,1214.9538319378423,0.5320336221052907,2.19253333139513,1.9622999982673668,0.4000040003940732,0.0007,0,1.0,0,0.7141099084789294,-0.25344453326102,638.6265687893515,57.99465685003993,0.2426570280538232,7.47210739504028e-11,0.0004398960958732,2.823968188069736e-05,0.9993687994589756,2271.829208838939,2.906688382437509,923870.9486405468,3.958162757828995,0.0163213718251007,0.0334664172826918,0.0,4.0,-0.882046046695003,-0.8269060146344902,0.0798877221345901
"MATLAB 4-38 PM Thu, Oct 10, 2024 Run9 .csv",5.63388961447748,2299.5137752199303,0.2301317926880115,1253.0341196764284,0.1167450085277911,-0.6622496501696474,-0.7185272146877412,-0.2314452189231683,0.00494,-1.0993225693332518,1.0,-0.6965961557770785,23.23044645549317,16.813965698340517,0.5334420665422837,3.972097205440728e-11,0.0001153335716461,9.219586456141944e-05,0.9975808665236962,4223.094059292619,5.256153068867807,70294.27903497485,38.31499416739736,0.1865951404103241,0.3551638944452007,0.0,-0.1023456962541971,-0.1637157256689738,-1.8033352697315987,0.1377196824550627,0.1545006636248694,0.235943192243576,0.0654995793933999,1.5271338433629686,5.865229551123196,2747.734122458863,-0.0261105673567291,1103.5928677810964,0.1035389077014197,-0.7646000930340026,-0.8210722734502515,1.96836395995125,0.00492,-0.1084873104754731,0.8656716417910447,0.1192368005392087,16.089221232311303,12.933617920060003,0.6959110263495673,8.627471718427232e-05,3.832597989050208e-06,0.9994646847130664,11584.676453686092,5.516663118139616,96453.79005193803,2.8641271451881897e-11,29.619246418233917,0.1371792856306388,0.4616129422554437,1.0,0.0470143578239303,0.7734604655624261,-1.0198608315753304,0.1106948524713516,0.1442992243482105,0.3025422632694244,0.0706642682339973,2.0966312510409293,2,0.1682439175779578,-1,5.63388961447748,2299.5137752199303,0.2301317926880115,1253.0341196764284,0.1167450085277911,0.2188522725335858,0.1840499998373324,4.500045004433324,0.00494,0,1.0,-0.6965961557770782,23.23044645549317,16.813965698340517,0.5334420665422837,3.972097205440728e-11,0.0001153335716461,9.219586456141944e-05,0.9975808665236962,8649.527212984553,5.256153068867807,70294.27903497485,38.31499416739736,0.1865951404103241,0.3551638944452007,0.0,2.0,-0.1637157256689738,-1.8033352697315987,0.1377196824550627,5.865229551123196,2747.734122458863,0.2177173846371058,1103.5928677810964,0.1035389077014197,0.1487818180501289,0.1251999998887932,6.700067006600727,0.00492,1,0.8656716417910447,2,0.1682439175779578,0.1192368005392087,16.089221232311285,12.933617920060003,0.6959110263495673,2.8641271451881897e-11,8.627471718427232e-05,3.832597989050208e-06,0.9994646847130664,11584.676453686092,5.516663118139616,96453.79005193803,29.619246418233917,0.1371792856306389,0.4616129422554437,1.0,2.0,0.7734604655624261,-1.0198608315753304,0.1106948524713516
