file_name,a0_spectral_entropy,a0_spectral_centroid,a0_spectral_flatness,a0_spectral_bandwidth,a0_std_dev_time_diff,a0_mean_time_diff,a0_median_time_diff,a0_peaks_per_second,a0_percent_time_above_threshold,a0_num_boilings,a0_unused_peak_proportion,a0_skewness,a0_kurtosis,a0_crest_factor,a0_burstiness,a0_spectral_flux,a0_low_band_power,a0_mid_band_power,a0_high_band_power,a0_high_to_low_ratio,a0_mean_spectral_entropy_time,a0_var_spectral_centroid_time,a0_wavelet_energy_low_scale,a0_wavelet_energy_mid_scale,a0_wavelet_energy_high_scale,a0_regime_dominance,a0_rms_change_points,a0_skew_peak_magnitude,a0_kurtosis_peak_magnitude,a0_iqr_peak_magnitude,a1_spectral_entropy,a1_spectral_centroid,a1_spectral_flatness,a1_spectral_bandwidth,a1_std_dev_time_diff,a1_mean_time_diff,a1_median_time_diff,a1_peaks_per_second,a1_percent_time_above_threshold,a1_num_boilings,a1_unused_peak_proportion,a1_skewness,a1_kurtosis,a1_crest_factor,a1_burstiness,a1_low_band_power,a1_mid_band_power,a1_high_band_power,a1_high_to_low_ratio,a1_mean_spectral_entropy_time,a1_var_spectral_centroid_time,a1_spectral_flux,a1_wavelet_energy_low_scale,a1_wavelet_energy_mid_scale,a1_wavelet_energy_high_scale,a1_regime_dominance,a1_rms_change_points,a1_skew_peak_magnitude,a1_kurtosis_peak_magnitude,a1_iqr_peak_magnitude,num_peak_mag_high_diff,peak_mag_correlation
Boiling_at_Heater_T85_RefVideo1.csv,4.1264156782260955,2201.3717315729104,0.09293957279535038,2969.4094335875707,1.2170761835270267,0.9673669969084687,0.6589602098710948,-2.109285269170244,3.2e-05,-0.8423872152165408,1.0,-0.004765319985569593,0.017369201770527365,4.740627211048741,0.8687733600803167,3.905026007148242e-16,0.008842765779108456,0.10038439154138715,0.8907428058219922,-1211.1938377673523,3.682474312309492,295858.65892291773,19.939497518514106,57.84164174974809,17.166440007342057,0.0,0.8392271345592441,-0.16046638430462618,-1.7864526436118093,0.0020699363946914996,4.823646506517053,3032.7111446470763,-0.15940608237347084,3606.446928683538,0.0,-0.42866094128370036,-0.3376788664351685,-2.3818538654945876,0.0,-0.7907424684744334,0.0,0.0,0.0,0.0,0.0,0.0,0.0,0.0,0.0,0.0,0.0,0.0,0.0,0.0,0.0,0.0,-0.916694254672405,0.0,0.0,0.0,0,0.0
Boiling_at_Heater_T93_RefVideo2.csv,3.8101807076855163,1665.9502697008563,0.043837044750726285,1867.0128565197451,0.6924692948568345,0.04580738227938702,-0.1723088072315921,-0.8280276837738212,0.00011583382149015247,-0.842984739295882,1.0,0.0035861995545903094,0.07360744293045896,4.866841680089705,1.4414595285259508,7.77822956012777e-16,0.01513062927149213,0.1460986636409966,0.8387605642732648,-1263.7335126677508,3.354057414810408,131302.31999992888,15.07565428748766,39.178524895388556,17.88992203479856,0.0,-1.1629625696984616,2.5191406522500457,5.190377407282128,0.0007254254817962488,4.233152072280111,1986.6813837188702,-0.24770109066323337,2472.60507514269,0.0,-0.42978819935300366,-0.3390941999395961,-2.3873186310321572,0.0,-0.7914814099674591,0.0,0.0,0.0,0.0,0.0,0.0,0.0,0.0,0.0,0.0,0.0,0.0,0.0,0.0,0.0,0.0,-0.9191042346433437,0.0,0.0,0.0,0,0.0
Boiling_at_Heater_T98_RefVideo3.csv,3.616228482115903,1387.868379064046,0.04741916396356502,2011.2917842414747,0.0,-0.43562799002319286,-0.35087782446186044,-2.818227150965906,0.0,-0.8435822633752231,0.0,0.0,0.0,0.0,0.0,0.0,0.0,0.0,0.0,-1326.4111667786558,0.0,0.0,0.0,0.0,0.0,0.0,-1.1651522739561673,0.0,0.0,0.0,4.068988025840774,1820.0064977330717,-0.24005098602719208,2650.682144267246,0.0,-0.430915457422307,-0.34050953344402374,-2.3927833965697265,0.0,-0.7922203514604848,0.0,0.0,0.0,0.0,0.0,0.0,0.0,0.0,0.0,0.0,0.0,0.0,0.0,0.0,0.0,0.0,-0.9215142146142825,0.0,0.0,0.0,0,0.0
Calm_to_Boiling_50V_on_StartT65.csv,3.840602864492288,1960.6718728902304,0.05159462888895936,2179.760527211787,0.043059234866438825,-0.40123508071232683,-0.3303568417330637,20.424135708383606,0.004982177473240803,2.1558202125454358,0.0,-0.04558037972993154,0.7057357854512674,5.298585535743604,1.215204475048426,9.32999308713889e-15,0.006817611955048945,0.05924440392888977,0.9339118668569167,-1196.669019119768,3.3770993942135874,111148.51220787919,66.67232587527603,185.86980883450096,52.285255685189234,0.022054556006964595,-1.167341978213873,0.8232669624889766,0.1513812846948417,0.00500312268733975,4.361142267440104,2425.287461405203,-0.24390924997284458,2664.815448758566,0.07167215983503052,-0.36974930641371717,-0.30758486695585135,8.907588700818298,0.001097552610117301,2.2070407070464895,0.011235955056179775,-0.016292346846558656,0.6914501025401032,7.021836763948618,1.1505576736924121,0.005776131732733603,0.05199507057445468,0.9422077119154724,163.12088357956554,3.729321439500029,183202.82090138493,1.0153167838733904e-15,27.882221940607515,51.915212684811635,15.914282617927716,0.04044117647058824,-0.9239241945852212,2.525236229073597,9.673339479679074,0.0026530396938324007,6,0.14034978414237323
Calm_to_Boiling_50V_on_StartT80.csv,3.670039547831636,1446.4364415985656,0.04385437977038084,1929.2287110171658,0.0,-0.4377096439142211,-0.35345585899486615,-2.8271676326125905,0.0,-0.8447773115339056,0.0,0.0,0.0,0.0,0.0,0.0,0.0,0.0,0.0,-1340.8972508296524,0.0,0.0,0.0,0.0,0.0,0.0,-1.1695316824715785,0.0,0.0,0.0,3.970610397723297,1707.3236414974008,-0.24840726100132846,2489.575904338299,0.0,-0.4331699735609137,-0.34334020045287894,-2.4037129276448654,0.0,-0.7936982344465361,0.0,0.0,0.0,0.0,0.0,0.0,0.0,0.0,0.0,0.0,0.0,0.0,0.0,0.0,0.0,0.0,-0.92633417455616,0.0,0.0,0.0,0,0.0
"MATLAB 1-00 PM Fri, Jun 28, 2024 Run8 .csv",5.439864168409741,1910.8551324977448,0.2831755060803294,1009.3886347724485,0.01570958400890101,-0.13436660016136703,-0.050844876531994654,0.36839412971665286,0.00462,0.15462516438675322,0.0,-0.08751807322542184,33.72229074799877,12.370524718667596,0.051611092180599005,2.0486961659128306e-12,0.0022832371976872854,0.15465063495967218,0.8428797912125521,-978.9803159301453,4.180224957522514,349147.0799978815,6.513067391474481,15.56891581424103,0.43656149682491663,1.0,0.8282786132707158,-1.6918619311208725,3.0253604018525806,0.01196020364761348,4.9313795265334495,1623.1168089103896,-0.14302684056672607,815.8675751355788,0.01615416041130799,-0.13016819964130039,-0.043255534223117176,0.7908543099701508,0.00381,0.20556282406043824,0.0,0.2087149042448044,40.429871898667045,11.741167839069579,0.05311614055936855,0.0005941052617076719,0.08208380770169656,0.9171855563238595,1543.809852293748,3.888325518398002,259564.54008424442,9.515793339179989e-11,29.86937761771782,32.05001037372243,0.30621463287142714,1.0,1.0712558454729013,-2.207885803305541,4.406211679123996,0.01479893684387204,0,0.7139976015080887
"MATLAB 1-00 PM Thu, Aug 22, 2024 Run1.csv",6.022721529631733,2857.411087814228,0.3969592870269997,1263.5407849708793,0.903641581450596,0.7784587011179369,0.7575661054869973,-2.1361011135696475,0.00035,-0.8459723596925879,1.0,1.548618201056956,191.66659379102478,49.0494372816913,0.7417538126405309,2.2315285252180874e-15,0.005212425839248056,0.0022309387020708928,0.9882656335017871,-1165.7853120060724,4.988478748478457,493530.7365779571,0.08953681228722432,0.004015941129085704,0.004276917170593203,0.0,0.8260889090130101,1.5803320654654236,1.011454420990221,0.013970384001731898,5.694182894525903,1811.798504255628,0.10286505236048143,1253.3633358443972,0.4655781958931742,0.6808005093122262,0.8093291315160099,-1.9146374582274133,0.00016,-0.7951761174325874,1.0,-0.7208507942030963,9.902886251924208,21.03364167321845,0.4171006708373091,0.01710911745356806,0.0023747958212591096,0.9802181216193772,57.292149889061356,3.8538350926615075,421229.0623167931,1.7264746967136524e-15,0.14619060209989337,0.0030939428607725996,0.002948907830237513,0.0,0.06884586550196248,0.6330940798309221,-1.302265146431665,0.012589248418807895,0,-0.4319848937971969
"MATLAB 1-02 PM Mon, Mar 11, 2024 Run4 .csv",4.807220506399118,1190.9354735825236,0.15743568913522943,719.5554015117594,0.15938781087257464,-0.2924221248823953,-0.23977291089879116,3.8927998734110476,0.004206666666666667,1.153430116228071,0.8415841584158416,-0.05156755360517183,0.12169584976139669,4.883086427564687,1.0739694832824151,6.513669509860549e-14,0.006050164199360227,0.032770081183563234,0.9611622921828237,-1203.7608882166896,4.3605056169097915,25919.0457138004,12.534577294321009,1.4792812966210702,0.15006539838454871,0.5,-0.17610079524469557,1.051865271135677,1.5091380954841487,0.002787330150604301,5.061525607748599,1352.8009345265434,-0.1198179489672686,896.8798141319595,0.0,-0.43655174776882366,-0.34758620096616183,-2.420107224257574,0.0,-0.7959150589256131,0.0,0.0,0.0,0.0,0.0,0.0,0.0,0.0,0.0,0.0,0.0,0.0,0.0,0.0,0.0,0.0,-0.9335641144689762,0.0,0.0,0.0,0,0.0
"MATLAB 1-02 PM Thu, Nov 7, 2024 Run8 .csv",5.700523466214685,2294.8718454381756,0.2601321043988069,1356.9178434613618,0.0009449338594950527,-0.20606295190503723,-0.12301192826961455,1.3550354094918493,0.0004,0.15283259214872968,0.0,1.5285514573324797,58.057355177889825,17.777887562975184,0.004007183157336801,1.676217318918616e-11,0.0001796046586576511,0.00017208235140298077,0.9991079887529378,4192.9483621892905,2.5738513181212137,457622.5399895293,14.752301235465987,0.05639307594782732,0.10656064467506202,1.0,-0.17829049950240128,-0.40525634216350664,-1.058759462362168,0.03877331733703612,5.308989046859168,2144.0924624139006,-0.0944571182326501,1207.4333525905374,0.0012130436916114808,-0.20193400604682965,-0.11340153467880384,1.774512015602666,0.00052,0.20334599958136124,0.0,0.5924224765027378,32.97700477799756,12.948236092615607,0.005145575484889929,0.00018611165810550903,9.598499436098653e-05,0.9990280117854176,5367.895928470295,2.4186048812789545,430587.02158378414,2.3631795163982756e-11,17.91751299450009,0.04669367139170392,0.06986483677906057,1.0,0.06402590556008503,-0.32707514933573156,-0.923031762092128,0.018076523542404216,0,-0.5879004306974205
"MATLAB 1-04 PM Thu, Aug 22, 2024 Run2.csv",5.897196068948194,2799.6570092984284,0.32028309598531485,1269.3191380948647,0.3621314856407515,0.13286122084866764,0.20574905417295292,-1.1495018350544917,0.00121,0.15223506806938847,0.5882352941176471,-1.1890736950480223,187.92017291443636,40.73933747361801,0.628946178561461,2.976954838411713e-14,0.0013470907155534242,0.0007926719730785467,0.9960294522587426,-637.71945589917,4.52442625557835,802036.3709575521,0.41512525761380137,0.007616585740990801,0.009658786461965049,1.0,-0.18048020376010698,1.2510205411828201,0.8410472818761932,0.014401848316192598,5.499477000671673,1864.7241584502835,0.04677304452941716,1288.9060239090065,0.3199215714662812,0.269778350850113,0.35018313140420365,-1.0310227539534567,0.00095,0.20260705808833557,0.5,-0.48366205600582973,134.21227503517562,33.53674074976419,0.45149381570435154,0.0031409219087742716,0.0007428442593590236,0.9958755668178012,317.06473313958844,3.868334251249195,692070.8236508941,1.5935066382832627e-14,0.6584311454918915,0.0042308488911480605,0.003488478010294568,1.0,-0.9383840744108537,2.1795963605056006,4.551326017769425,0.009011435806751223,1,0.5254259993104917
"MATLAB 1-04 PM Tue, Sep 10, 2024 Run9 .csv",5.99774079384499,2741.4131040181096,0.3585779251120977,1278.543154718842,1.4454026948099954,0.9450025360367276,0.6203600365388048,-2.1039853268680115,0.0015,-0.8483624560099526,1.0,-1.9306524558114104,293.25888324289156,44.41930712978111,1.0406388012231704,1.0873075054524595e-12,0.0074390961977515895,0.0004621734225502291,0.991447141964401,-1251.0802884123484,3.5876428832037197,763757.0173391572,3.1812739218721098,0.0662314316151265,0.10002059762225332,0.0,0.8173300919821873,-0.027063843586927625,-1.3387714060151163,0.07112575173377991,5.892992896932553,2380.5959804653617,-0.011951695351218816,1139.2081785762418,1.4462343794004193,0.9491236196472116,0.62971779765325,-1.6864977701856485,0.001495,-0.7981318834046901,1.0,1.794388359533354,281.58657266203494,52.39068338596273,1.0411626246776489,0.010306973455353379,8.5345854592545e-05,0.9893104293291249,95.98457137922318,3.2378411243204166,584681.4360719152,1.8117269640066754e-12,4.103149209539619,0.0255506211743329,0.058915148188516536,0.0,1.0592059456182075,0.7839958763601601,0.2739894475228595,0.07992113411426545,1,0.8439407537831554
"MATLAB 1-05 PM Mon, Mar 11, 2024 Run5 .csv",4.835682762886271,1189.2693048168414,0.1563461013785876,707.0828910986536,0.10696655395734551,-0.29128409246296566,-0.24057897996785632,3.6749175765980637,0.00264,2.151040019910706,0.2653061224489796,-0.020758502203260164,0.09257278594972052,5.328227593989039,0.6958924039614416,5.476479268923988e-14,0.006675985289867571,0.03706562241186743,0.9562433057996607,-1248.362263878074,4.388930085132691,22413.547234380727,11.502073436312035,1.5080900623510907,0.16097913288186547,0.15463917525773196,-0.1848596122755184,1.0737353517966859,0.9933262734471593,0.0031163096427916787,5.112286729547943,1336.4323784745795,-0.10994890171619504,894.1639995314172,0.0,-0.441060780046037,-0.3532475349838723,-2.441966286407852,0.0,-0.7988708248977158,0.0,0.0,0.0,0.0,0.0,0.0,0.0,0.0,0.0,0.0,0.0,0.0,0.0,0.0,0.0,0.0,-0.9432040343527313,0.0,0.0,0.0,0,0.0
"MATLAB 1-05 PM Thu, Aug 22, 2024 Run3 .csv",5.853611594465465,2703.8846625365486,0.3151131862537649,1313.2269038099798,0.5264018897845787,0.2268252783879916,0.2162320023591917,-1.4629155578200743,0.00137,-0.8495575041686351,1.0,1.4484806498103677,123.83478677555135,40.07067486095676,0.7823331549813695,3.768301170200435e-14,0.0015781481682651222,0.0009047517893121668,0.9954237534763491,-768.0872805032003,4.854742693921681,627764.5464382399,0.5123285002966599,0.009374022512175988,0.01114065971262217,0.0,0.8129506834667759,1.4196615174047278,1.7005167067407765,0.0343849429488182,5.389015821268444,1790.6504659977836,0.024208125415150716,1276.7235555146208,0.6883669298142934,0.4325019611109097,0.4206871308268461,-1.3474200508617202,0.00139,0.20039023360925856,0.7272727272727273,0.06453525840624263,75.0789908276495,34.56571523839658,0.786983880487055,0.003156542951364554,0.000740680426158267,0.9958791879765868,315.49679612186947,4.243514822773737,551438.2421212497,3.0642793848747954e-14,0.8204022367303548,0.005051361607292861,0.004094787370643979,1.0,2.05438598567633,1.4309912803317324,1.9159377442193009,0.017169581055641203,1,0.23129528097933555
"MATLAB 1-07 PM Fri, Jun 14, 2024 Run1 .csv",6.293300161279161,3570.627824108374,0.49225863385335783,1350.8318198719219,0.6139868807183617,0.031949228941770436,-0.18955701454889706,-0.867379798052307,0.00021,-0.8501550282479763,1.0,0.008041919761982652,0.02496645238573425,4.442871960997719,1.2817393554876708,7.742864362303984e-15,0.012306918081303336,0.0066457260361842425,0.9741443933879032,-1326.9304178299406,5.69848606968985,25877.51747761851,1.0455354286538752,0.6549830500418095,0.5622436140954454,0.0,-0.18923902079092958,0.6443834324282782,-0.5784276818748371,0.0018206316232680774,5.883305123394594,3687.9001603924967,-0.04238902824437557,883.5986678386022,0.041134520068404054,-0.3580742706190708,-0.28477820205558757,9.34722219414217,0.00492,2.199651292116233,0.0,0.011405867463087131,0.017818060758093335,4.507369371922605,0.48256716522915094,0.005052679406185201,0.0023811621041513378,0.9915824282257345,196.24883126602018,5.30707955007694,9817.763845866904,1.0389724939467783e-12,4.179404015868068,2.372230243155955,2.1871539264781665,0.044571428571428574,0.05197600570539118,1.0453078309506203,1.5798163849430074,0.006638542711734752,0,-0.21329534315844073
"MATLAB 1-07 PM Fri, May 31, 2024 Run3 .csv",5.485897646398795,897.3989643991853,0.29056812177174907,958.97179104149,0.06196788189345402,-0.30940382898509866,-0.23774603177441572,4.328201966247303,0.00463,2.149247447672683,0.0,-0.5541475211670756,13.471339945849188,18.988148209477405,0.4467310018915712,1.3821598957626229e-13,0.3946957568413072,0.09500197243439279,0.5102578292906245,-1412.034883360303,4.537721861030125,176567.70614274553,3.1594042827968543,7.578514639708122,6.446920460306357,0.0821256038647343,0.8085712749513647,1.6625248907736059,3.44267355991345,0.02284736871719358,6.145383250281501,1433.3210791735517,0.3245332661196912,1373.6804230506264,0.2691142525994269,-0.1737481100491015,-0.19944353563719797,1.241676420624617,0.00065,-0.8010876493767929,1.0,-2.2540386066253246,579.7635534790518,76.56138836174257,0.9941624527608599,0.3082644015711792,0.04551723830364901,0.64602465190443,2.0956836034642197,4.6018968798267,369457.22294516006,1.9606827708229125e-12,6.319069389209892,9.9110478200874,11.495649716312064,0.0,0.04956602573445246,4.915948636869114,24.76467234544862,0.0202913522720337,1,0.2248212723435166
"MATLAB 1-08 PM Mon, Mar 11, 2024 Run6 .csv",4.83628964457591,1198.9761378089909,0.1679754794990038,723.8563762192028,0.0816528843446618,-0.28645087529063085,-0.21413504906240877,3.1236997239190574,0.0019333333333333333,2.148649923593341,0.15555555555555556,-0.013567368098322801,0.1524377342632497,5.136240661345706,0.5018373532987755,5.0302329530146235e-14,0.005596606285284788,0.04269680901250357,0.9516815840918829,-1250.5245216183098,4.39682925416212,23776.047092056062,11.1165730764574,1.6164797135289746,0.15775698712882022,0.12878787878787878,-1.193618429306341,1.8715552604443668,4.367429925586172,0.0021436676383018473,5.123959378670019,1348.483902611964,-0.10040041444700903,907.6803029786847,0.0,-0.44556981232325027,-0.35890886900158275,-2.4638253485581303,0.0,-0.8018265908698186,0.0,0.0,0.0,0.0,0.0,0.0,0.0,0.0,0.0,0.0,0.0,0.0,0.0,0.0,0.0,0.0,-0.9528439542364863,0.0,0.0,0.0,0,0.0
"MATLAB 1-10 PM Thu, Aug 22, 2024 Run4 .csv",5.973586549939025,2742.147128190927,0.33372388126322033,1223.7486769377574,0.29860969360533535,0.12448866752507237,0.13527593336258342,-1.080792520719371,0.00401,0.14805239951400018,0.7777777777777778,2.9385722745969116,274.7474230707114,37.439650495286,0.5196029351754686,5.345500539017776e-13,0.0007810232080549374,0.0009223105612778819,0.9968047967454675,-151.53311908652768,4.638948261871,693758.3934468942,1.8854446574795887,0.0388980700313785,0.04513681272454654,1.0,0.8041918664359533,0.5224374672711698,-1.1850838402358195,0.09009925842285157,5.77785187488046,1974.0807911825823,0.031641168894055494,1216.7037349452585,0.31366120094919137,0.20455626236435814,0.2683757969397106,-0.8692741125194066,0.00348,0.19743446763715577,0.75,-0.7479648261087817,159.63975037288768,31.818928174909733,0.4816270185081252,0.0007356908917246021,0.0006499030559437205,0.9984483784691159,1357.1574552575462,4.025411507198032,469511.73151561164,3.6155211352927387e-13,2.858073495450914,0.01711520596924068,0.011119710202216762,1.0,1.044746065792575,0.3794395095472116,-1.2117101820138239,0.06372033983469011,2,0.03202405188122128
"MATLAB 1-11 PM Thu, Oct 31, 2024 Run0 .csv",5.117713706607439,2285.2461579381156,0.6994351970008276,1928.6225968880506,0.0,-0.45124039420590456,-0.37021308345940296,-2.885280763316043,0.0,-0.852545124565341,0.0,0.0,0.0,0.0,0.0,0.0,0.0,0.0,0.0,-1435.0567971611304,0.0,0.0,0.0,0.0,0.0,0.0,-1.1979978378217524,0.0,0.0,0.0,4.202090406535041,1450.7149429730744,0.19472459469411701,1806.1342072196326,0.0,-0.44782432846185694,-0.361739536010438,-2.4747548796332692,0.0,-0.8033044738558699,0.0,0.0,0.0,0.0,0.0,0.0,0.0,0.0,0.0,0.0,0.0,0.0,0.0,0.0,0.0,0.0,-0.9576639141783638,0.0,0.0,0.0,0,0.0
"MATLAB 1-12 PM Thu, Nov 7, 2024 Run9 .csv",5.632734954703723,2219.356500154379,0.24226425922024833,1361.1591295752792,0.001526229011616064,-0.2344562213444213,-0.15400210091862565,1.6104740110985358,0.0004,0.14685735135531786,0.0,0.7014451415491838,49.50016549623467,15.546696880720159,0.00700667514274473,1.9569957070510973e-11,0.0001473785950866062,0.00016038121211890108,0.99910955564306,5336.904122256612,2.371240132687473,341763.19337257947,6.075090090592648,0.019751436752448382,0.03832511378977173,1.0,-1.200187542079458,-0.22116359744772346,-1.8491075866065616,0.04860157966613768,5.512061504986173,2229.4356448898766,-0.07761597753124067,1230.437858798969,0.0010243900615248605,-0.23117658672411862,-0.14530486970789563,2.0200053700670826,0.00045,0.19595658465110444,0.0,0.06834014893133962,31.576606288259683,12.40336216729875,0.004703891917954383,0.00014767933386902494,7.50542077684034e-05,0.9990274036146608,6764.842293375229,2.114355601251618,371843.63077761134,2.2644998975762363e-11,6.707033520078976,0.01647559681688943,0.030453082588937204,1.0,-0.9600738941493026,0.14991094542726457,-1.4177103729972167,0.017676864862441993,0,-0.9613666164854772
"MATLAB 1-12 PM Tue, Oct 29, 2024 Run3 .csv",4.758882781680749,2231.4792159018084,0.5003051344906332,1959.53454003124,0.0,-0.4533220480969328,-0.37279111799240866,-2.894221244962728,0.0,-0.8537401727240234,0.0,0.0,0.0,0.0,0.0,0.0,0.0,0.0,0.0,-1449.542881212127,0.0,0.0,0.0,0.0,0.0,0.0,-1.2023772463371638,0.0,0.0,0.0,3.4234716510019396,1130.3240258866279,-0.037807891276340155,1707.5610364783795,0.0,-0.4500788446004636,-0.36457020301929327,-2.485684410708408,0.0,-0.8047823568419212,0.0,0.0,0.0,0.0,0.0,0.0,0.0,0.0,0.0,0.0,0.0,0.0,0.0,0.0,0.0,0.0,-0.9624838741202413,0.0,0.0,0.0,0,0.0
"MATLAB 1-14 PM Tue, Sep 10, 2024 Run10 .csv",5.988049510811789,2713.0729027229568,0.33045820354536215,1234.7686248814493,0.02409179730577441,-0.3132465631109982,-0.22968013538750098,4.201344020695133,0.004445,0.14566230319663542,0.0,-0.3989299407635113,24.90044224810656,14.494819923681902,0.1707229800441333,1.7804131322817677e-11,0.0013189330667350758,0.00022151953812114342,0.997609256221978,-700.4099695347676,3.978603670133119,828593.5774228338,42.93836893751371,0.505078123883627,0.8661716801536337,1.0,0.7954330494051307,0.1789788142901393,0.45289946996374253,0.02570553869009015,5.806306039062129,2408.459308935671,-0.07646112361527918,1088.8915590549932,0.025355068349736127,-0.31108356758290584,-0.22198553665195414,4.6588865802808686,0.003415,2.1944787016650533,0.0,0.3959666653145773,24.858890857147884,14.778743110233926,0.180949255121731,0.0010187773337796803,1.1850737279697458e-05,0.9986333229337385,980.2272683362446,3.912011406497307,721896.8399635219,3.427955817340361e-11,55.529134186161855,0.22265576370508358,0.6194235399669556,0.0994236311239193,1.03510614590882,0.09833226540891819,0.045429055748420044,0.052340508699417115,0,-0.06401381695906844
"MATLAB 1-15 PM Thu, Aug 22, 2024 Run5 .csv",6.019454854656343,2751.038240358195,0.34950598422751333,1233.450643923265,0.4476188039029502,0.05188050808939654,-0.027369152835309662,-0.9031417246390467,0.00263,0.1450647791172942,0.8,4.57644646161737,433.8665363005421,53.831582026943046,0.8823826860975847,2.329760962356695e-12,0.0008122495981550772,0.0009328749750266391,0.997058496912935,-236.50173819200177,4.608940420661343,634564.7387891067,3.068600210109099,0.07482621598013191,0.08829050680011108,1.0,-1.206756654852575,1.4831313559209973,0.7767790405502386,0.05775469511747357,5.878498256606731,1992.5582734449172,0.0511570273948202,1175.4982539131586,0.43682824572486606,0.027946638835872617,-0.008700870345933587,-0.3965929397146626,0.00317,0.19373976017202743,0.8095238095238095,0.5197754851879443,196.8091938200605,35.45341067253673,0.9095282878976171,0.0006467423241686111,0.0005736787500605838,0.9986030523906675,1544.0508763275611,3.8895194033641336,509697.66993805324,1.60740655710345e-12,4.4612178170346715,0.029692716914176277,0.022289613020563336,1.0,-0.9673038340621188,1.2501968922384026,0.3286210552517943,0.0540342390537262,1,0.19763659250890456
"MATLAB 1-16 PM Mon, Mar 11, 2024 Run7 .csv",4.889535320517122,1207.072189506606,0.16269278755113492,719.7815548255314,0.12665394683725023,-0.29685850756964505,-0.257458169898064,3.3590764828484785,0.003533333333333333,2.144467255037953,0.32978723404255317,-0.012210770828056668,0.10520864422441534,4.3265767846013,0.7936406068329751,5.1753026465601097e-14,0.0069464044257070735,0.06304090718235397,0.9299907526203285,-1337.3911250902515,4.438088875760747,22209.12951568454,11.337610082879252,2.150176160265587,0.18273376790332774,0.14691943127962084,-0.2089463591102807,0.890977795719339,-0.018576403480835335,0.002979449033737199,5.141476006633923,1322.0650845430475,-0.11518319897751325,880.2310511669583,0.0,-0.4534606188083736,-0.3688162035325761,-2.502078707321117,0.0,-0.8069991813209982,0.0,0.0,0.0,0.0,0.0,0.0,0.0,0.0,0.0,0.0,0.0,0.0,0.0,0.0,0.0,0.0,-0.9697138140330576,0.0,0.0,0.0,0,0.0
"MATLAB 1-17 PM Tue, Sep 10, 2024 Run11 .csv",5.968856521020376,2598.534220024597,0.3391543446318617,1233.1860991820956,0.0963450457881872,-0.246967270959512,-0.12454718728351055,1.8379215460799183,0.005075,0.14386973095861189,0.3263157894736842,-0.6438752742427393,29.500221296623316,13.449113105326651,0.4576568603359611,4.0155273204746994e-11,0.0009918176835685224,0.00034621520720557554,0.9978154245426972,-472.4678280621305,3.800468182842667,855300.695499447,71.002855821061,1.052627827942372,1.4993885287197406,1.0,6.788863936632014,0.546991495613493,2.8244802009052457,0.0321660983562469,5.787063791581461,2402.265935531891,-0.05694472185867977,1089.5998042304984,0.09858462532108976,-0.2605751319518893,-0.14093153724018226,2.6424822818424687,0.00527,-0.8077381228140239,1.0,0.45273851693456624,28.55933986755394,12.364137507081946,0.5081347895923005,0.000735678499582612,5.169982043130167e-05,0.9988724861628123,1357.756801006858,3.7741305214783427,728346.730293468,8.166289824501977e-11,88.98291153144889,0.49873948231931403,0.9718564206378297,0.0,7.027876205996003,-0.9052964821095999,-0.4364633539401197,0.07321849822998056,1,-0.0453966280383336
"MATLAB 1-18 PM Fri, May 31, 2024 Run4 .csv",4.214147572747791,1383.826301201915,0.3469765053723482,1624.0075376504385,0.0,-0.45852618282450336,-0.37923620432492283,-2.9165724490794407,0.0,-0.8567277931207293,0.0,0.0,0.0,0.0,0.0,0.0,0.0,0.0,0.0,-1485.7580913396187,0.0,0.0,0.0,0.0,0.0,0.0,-1.213325767625692,0.0,0.0,0.0,4.069108968773936,1088.147978099925,-0.05408412914213567,1443.8719634813472,0.0,-0.45571513494698024,-0.37164687054143136,-2.5130082383962558,0.0,-0.8084770643070496,0.0,0.0,0.0,0.0,0.0,0.0,0.0,0.0,0.0,0.0,0.0,0.0,0.0,0.0,0.0,0.0,-0.9745337739749351,0.0,0.0,0.0,0,0.0
"MATLAB 1-19 PM Tue, Oct 29, 2024 Run4 .csv",5.534398459706222,2987.1984202269564,0.6132780227799011,1684.1936324169887,0.0,-0.45956700977001746,-0.38052522159142566,-2.921042689902783,0.0,-0.8573253172000705,0.0,0.0,0.0,0.0,0.0,0.0,0.0,0.0,0.0,-1493.0011333651169,0.0,0.0,0.0,0.0,0.0,0.0,-1.2155154718833978,0.0,0.0,0.0,4.838041775802782,2374.245989004593,0.13875894782293036,1847.4529459797184,0.0,-0.45684239301628354,-0.373062204045859,-2.5184730039338254,0.0,-0.8092160058000752,0.0,0.0,0.0,0.0,0.0,0.0,0.0,0.0,0.0,0.0,0.0,0.0,0.0,0.0,0.0,0.0,-0.9769437539458738,0.0,0.0,0.0,0,0.0
"MATLAB 1-19 PM Tue, Sep 10, 2024 Run12 .csv",5.962456590772573,2603.7027815089427,0.3351846125041344,1220.9347556522332,0.07138184786230584,-0.199476258000008,-0.09716423910888367,0.9245063227883303,0.004055,0.14207715872058835,0.025974025974025976,-1.1498893015298872,56.025063114174266,17.60857138456694,0.27335586225697023,2.2919865525585074e-11,0.0019921404450408214,0.0002824307266135464,0.9967511244038693,-999.902381274064,3.451940235190866,875821.3426028661,38.70979761789985,0.5035509388983721,0.7960550141200107,1.0,0.7822948238588965,-1.2091205971076036,3.1650223337551315,0.03015816688537601,5.836837231475611,2451.691130540047,-0.05753874148387328,1109.3324093481535,0.08436994384997852,-0.21291903401920356,-0.09067753780049237,1.5760827342712722,0.00414,0.1900450527068991,0.573170731707317,0.7211051664449383,54.589689329874226,16.73729264516978,0.344295986110996,0.002462574338042607,2.2451584222011923e-05,0.9971924152632947,404.9390103106165,3.3628849847596296,828139.5384349199,4.499078851681412e-11,47.37350661486993,0.21596821085571405,0.5755504741572668,1.0,1.0206462660831874,-0.6006065171605028,-0.6490857798097798,0.10607628881931314,0,0.10527884446960269
"MATLAB 1-20 PM Thu, Aug 22, 2024 Run6 .csv",5.96475386184289,2638.1668596131494,0.3395340456933749,1283.1843149925353,0.4423330433668458,-0.07610866400225752,-0.11970325635778067,-0.3299571689879919,0.00264,-0.8585203653587529,1.0,2.93297459458843,188.8448329706559,45.21905107643735,1.1473077858544398,2.1205676893587823e-12,0.0007612891495547697,0.0007513381962653339,0.997024163591728,-197.83481507355418,3.8770839290706753,633949.8022338146,4.985363028294109,0.09200628664097119,0.11337064758996984,0.0,0.7801051196011908,1.30723682124061,1.3046738097008799,0.075767928659916,5.692852438453372,1915.271713027896,0.01223926641729911,1156.6446247419617,0.4537803559759916,-0.04003169213446828,-0.0927928713055603,-0.12937853264452492,0.00413,0.18930611121387342,0.8333333333333334,1.0823781320137769,114.69375952367234,28.277343790398618,1.082839466378041,0.0005618916997912719,0.00037766894814848193,0.9988735418717222,1777.6976279286162,3.3977863825799113,415317.9259703728,1.868916559136411e-12,7.358109097858431,0.03327732934508411,0.026458110143491267,1.0,1.0182362861122487,0.9016364943191119,0.3792282849066302,0.058414742350578294,2,0.3965105797184322
"MATLAB 1-21 PM Fri, Jun 14, 2024 Run2 .csv",6.385400336663244,3347.1986097132653,0.577860757343406,1531.206244712009,0.6776161900848157,0.5364855085102794,0.5948577257424421,-2.434448411880219,5e-05,0.14088211056190592,0.4,0.01579579790687267,0.0189726705467943,4.799051712471095,0.6781756856243939,3.62896615349327e-15,0.03673587144920617,0.028222354685805643,0.929291074786215,-1489.4337022040595,5.794642890447643,42032.31681391158,0.9673974655725944,0.8592877216582975,1.9790191546465354,1.0,1.777915415343485,0.16039481206476733,-1.4731179050127234,0.0015048241615294982,6.1569258040719825,3385.7811082832354,0.1052059342150557,1071.43258709403,0.0586521787226097,-0.3605391673124318,-0.29660820463028914,7.565233709403817,0.00496,2.188567169720848,0.0,0.019818645542678415,0.019897548642394014,4.596681407900155,0.588375169529286,0.023095000324341884,0.010585964617204006,0.9642459108769582,41.751283712287,5.565561078561935,11443.348852333855,2.471946158534759e-13,3.282728498101725,3.0692482798620397,8.691824279006934,0.05571847507331378,0.015826306141309865,1.112065135940581,1.2531691583830655,0.005687747001647904,0,0.18635036044403666
"MATLAB 1-21 PM Thu, Nov 7, 2024 Run10 .csv",5.381934030771023,2139.310338336899,0.22337932383599524,1338.2130763177965,0.0010924602444239483,-0.3307588890984642,-0.25278129077519557,4.561451372200382,0.00075,2.1402845864825646,0.0,0.2316090313685962,21.39657282890687,9.652680265982069,0.008215751738013996,3.920944070024574e-11,0.0001241922648279096,9.723163965974003e-05,0.9991456692917853,6523.178871868957,3.058056247299001,402870.96350303484,9.067314704504472,0.026118930559396743,0.05061025175276141,0.20512820512820512,-1.2242742889142204,0.5437164624947242,-1.1632514109633112,0.01669217526912689,5.382569160598576,2276.4005155998366,-0.11400692842730759,1134.841833423479,0.004568168476350742,-0.32849428255407154,-0.24582353818130948,4.960042959312432,0.0014,2.187828228227822,0.0,0.000562934658512445,15.323513627592074,8.50431059393826,0.034384063830955304,0.00014252396125131501,3.6540403638884936e-05,0.9991869723656636,7010.659566245002,2.7801962844189037,553619.5318114264,4.7362127483072856e-11,8.907428834343937,0.029375857600955506,0.05001247570545651,0.6842105263157895,-0.9865836738296289,-0.17259806593851504,-1.5553837088804188,0.02899163901805879,0,-0.7434722301006569
"MATLAB 1-21 PM Tue, Oct 29, 2024 Run5 .csv",5.033327802055983,2945.115815149079,0.5754356235065301,1778.0441761331517,0.0,-0.46477114449758805,-0.3869703079239398,-2.9433938940194952,0.0,-0.8603129375967764,0.0,0.0,0.0,0.0,0.0,0.0,0.0,0.0,0.0,-1529.2163434926085,0.0,0.0,0.0,0.0,0.0,0.0,-1.2264639931719261,0.0,0.0,0.0,4.204908423855236,2260.878385852183,0.08328706839215011,1953.8599767248488,0.0,-0.4624786833628002,-0.3801388715679971,-2.545796831621673,0.0,-0.8129107132652036,0.0,0.0,0.0,0.0,0.0,0.0,0.0,0.0,0.0,0.0,0.0,0.0,0.0,0.0,0.0,0.0,-0.9889936538005676,0.0,0.0,0.0,0,0.0
"MATLAB 1-21 PM Tue, Sep 10, 2024 Run13 .csv",5.951996662493395,2635.504798525415,0.310693241837828,1215.4464815610154,0.22905763870597978,0.06924208213591032,0.22954067426214447,-1.047854633108431,0.003545,-0.8609104616761176,1.0,-1.2482661274517188,123.61867614552051,25.607061620750628,0.42810186592139216,8.836299759032255e-12,0.0002351701056642332,0.00022032620547742033,0.998619302104462,2709.910701716757,4.197624873289049,447038.8896154097,15.798505254728033,0.17504650480179587,0.29047824401805383,0.0,3.771346302570368,-1.0832766279096089,0.0011723454390777377,0.04078863799571991,5.835825526474501,2484.4301268680056,-0.09670288565067384,1121.2019982018803,0.22847167572951835,0.0574466896842335,0.21739579439686485,-0.6012518453791933,0.003645,-0.8136496547582293,1.0,0.8501352720385812,116.11209737806065,25.467896235405593,0.43848099421362824,9.331251126793458e-05,5.949239161896863e-06,0.9995057184438251,10711.379480227213,3.8430944220213603,514306.9612007688,1.720563015834207e-11,19.535502275950552,0.07634407939388556,0.20717407764016763,0.0,4.008596366228494,-0.5211947229458077,-0.7921495687300495,0.10016429603099825,1,0.33189615712938797
"MATLAB 1-22 PM Tue, Sep 10, 2024 Run14 .csv",5.961049990948084,2632.619794615924,0.32284471659853775,1228.778505486577,1.8794920786544809,1.00134720030769,0.49050165676295165,-2.302331125072831,0.00169,-0.8615079857554588,1.0,-2.433520263502553,515.0901759938188,56.30006755553249,1.2801335515075487,1.17007030296392e-12,0.00047509820667220157,0.00024357070891080403,0.9981033676276255,557.133470404282,4.077978433336263,364864.3846212183,2.817757307113256,0.03296170655758487,0.05486888738532608,0.0,3.7691565983126623,0.7289356570148404,-0.9714529273598194,0.09128731131553659,5.864159633410786,2487.088670161158,-0.06650233838737674,1146.4458364883747,1.8802389627526916,1.0034667991949013,0.4971304606430041,-1.9067231121034625,0.00154,-0.8143885962512549,1.0,1.6118812738696044,404.90632846233774,54.5959594152439,1.280642258835482,0.0004396667999415882,1.201631565995994e-05,0.9991851588119245,2272.5963364635923,3.5442593074474593,438389.2497361173,2.4280712342486794e-12,3.487124520145413,0.014459750555890197,0.04025532257187887,0.0,4.006186386257555,0.7186762021901927,-0.880337338186377,0.1477150046825409,1,0.9337818072425286
"MATLAB 1-23 PM Tue, Sep 10, 2024 Run15 .csv",5.991510121210723,2686.758673564269,0.33635672900104685,1212.3532130771453,1.2866501205139433,1.0965730399437714,0.6922126393120859,-2.3068013658961735,0.00189,-0.8621055098348,1.0,-1.2737726367269742,387.6939678678994,54.180550887363964,0.8224209240568198,6.325340573634621e-13,0.0004973196443177385,0.000251510323434749,0.9982395714159039,456.29390418490584,4.347848873546375,277248.0733364205,2.1006581530330366,0.026553551020711066,0.04477211886188125,0.0,1.7669668940549568,0.23413855394570096,-1.1687648924194527,0.0725226294994354,5.888298288716662,2510.854179441869,-0.05434962801574872,1143.5919146363863,1.287471991082957,1.0985312077072589,0.6986651269542552,-1.9121878776410317,0.001155,-0.8151275377442806,1.0,0.8783977469198109,303.82073096648423,44.652727802298045,0.8229857136538711,0.0004305614849899131,1.5409781372024478e-05,0.9990781725465951,2320.4076708579746,3.7899689003205084,321063.8635945558,1.116576513299673e-12,2.622268959357319,0.011801774301015358,0.03288549848635496,0.0,2.003776406286616,-0.11011214706236172,-1.2883063779976442,0.10361440420150761,1,0.7771502798742156
"MATLAB 1-25 PM Thu, Nov 7, 2024 Run11 .csv",5.257913498427458,2052.796226337274,0.21767626444499907,1299.798760222984,0.020926787834068022,-0.3971462170490757,-0.3239263770502247,10.839001160422795,0.0044,2.137296966085859,0.0,0.028879076657900703,8.117323897422063,9.530536463003578,0.2915072054196006,1.252270330917215e-10,0.0001142275375226177,8.499538004076848e-05,0.9992470764168802,7189.676478658065,4.203266851904787,299788.21001942,46.146475241770794,0.12001490695306259,0.2345829453297315,0.12318840579710146,-0.23522281020274893,0.9537975882061596,1.09886847518802,0.04633149266242981,5.5127576848602695,2305.2997797821004,-0.09686621212365981,1142.8376260128935,0.022969553229440186,-0.39317256419020513,-0.3177002056460488,10.832612123449632,0.00696,2.1841335207626935,0.0,-0.0009253776539106099,6.067946681433044,7.756751269639556,0.31117667278727523,0.00011231759610028806,3.200614306125861e-05,0.9990936811594988,8895.255203533834,4.350856046209212,462909.0487274608,7.712324671258554e-11,41.98001130225275,0.13464010848840596,0.2591220551327095,0.09749303621169916,0.0013664263156774048,-0.43359620709439856,-0.47289682441651726,0.03358289480209353,4,0.3239405361118686
"MATLAB 1-27 PM Fri, Sep 13, 2024 Run0 .csv",2.2860915293552453,1332.4584952359485,0.10285828040829383,602.6900435294292,0.0,-0.46997527922515864,-0.393415394256454,-2.9657450981362077,0.0,-0.8633005579934824,0.0,0.0,0.0,0.0,0.0,0.0,0.0,0.0,0.0,-1565.4315536201,0.0,0.0,0.0,0.0,0.0,0.0,-1.2374125144604546,0.0,0.0,0.0,2.0074950708753074,1277.912178111972,-0.27461063574609235,390.7514018204949,0.0,-0.4681149737093169,-0.3872155390901352,-2.57312065930952,0.0,-0.8166054207303319,0.0,0.0,0.0,0.0,0.0,0.0,0.0,0.0,0.0,0.0,0.0,0.0,0.0,0.0,0.0,0.0,-1.0010435536552613,0.0,0.0,0.0,0,0.0
"MATLAB 1-28 PM Tue, Oct 29, 2024 Run6 .csv",4.819871886439123,2436.9044926215056,0.5462613221678451,1902.3931726232497,0.0,-0.47101610617067274,-0.3947044115229568,-2.9702153389595503,0.0,-0.8638980820728236,0.0,0.0,0.0,0.0,0.0,0.0,0.0,0.0,0.0,-1572.6745956455984,0.0,0.0,0.0,0.0,0.0,0.0,-1.2396022187181601,0.0,0.0,0.0,3.7850763350037813,1706.485084177225,0.034148252817682245,1935.8390651940651,0.0,-0.4692422317786202,-0.38863087259456275,-2.57858542484709,0.0,-0.8173443622233576,0.0,0.0,0.0,0.0,0.0,0.0,0.0,0.0,0.0,0.0,0.0,0.0,0.0,0.0,0.0,0.0,-1.0034535336262,0.0,0.0,0.0,0,0.0
"MATLAB 1-29 PM Thu, Nov 7, 2024 Run12 .csv",5.281036348782035,2103.271139742919,0.2118538538391066,1326.2743370409603,0.021586844028522817,-0.4096631831714679,-0.3374934288412881,14.027014605297662,0.0094,2.1355043938478353,0.0,-0.07967682164425842,4.8003357919981005,6.00912057567984,0.3459776667959343,1.265787134774853e-10,0.00012367321699979954,7.110206990506321e-05,0.9990466456193231,6498.198787657619,4.5622296712967625,192123.43014359678,11.998591743501228,0.031609066974125966,0.06277837454216496,0.20512820512820512,-1.2417919229758658,-0.29091158336565387,-1.1386661340755064,0.044463634490966894,5.577481925476137,2370.9350095239865,-0.09980711449488469,1155.699355941651,0.007414513723298084,-0.41848527936757735,-0.3405462061428396,17.417950027357172,0.0066,2.1819166962836167,0.0,-0.029824004953052992,4.069315401016897,6.902329813281178,0.14290501203842584,0.00011668357650097168,2.5094996189604604e-05,0.9990135109330283,8561.732001115932,4.941593279108992,274994.2709195808,1.1129614133433298e-10,10.743771096848345,0.04102089663089131,0.07583150486951715,0.11864406779661017,-1.005863513597139,-0.023743716845166983,-0.023771104784493957,0.024988144934177448,0,0.25939280567785467
"MATLAB 1-30 PM Thu, Oct 31, 2024 Run1 .csv",4.8965905035187784,1708.6227782349442,0.7013477192967466,1674.7003618382298,0.0,-0.47309776006170096,-0.39728244605596247,-2.9791558206062354,0.0,-0.8650931302315059,0.0,0.0,0.0,0.0,0.0,0.0,0.0,0.0,0.0,-1587.1606796965948,0.0,0.0,0.0,0.0,0.0,0.0,-1.2439816272335715,0.0,0.0,0.0,3.949429513231306,1463.72055762861,0.16357514035327775,1837.674067722152,0.0,-0.47149674791722684,-0.391461539603418,-2.589514955922229,0.0,-0.818822245209409,0.0,0.0,0.0,0.0,0.0,0.0,0.0,0.0,0.0,0.0,0.0,0.0,0.0,0.0,0.0,0.0,-1.0082734935680777,0.0,0.0,0.0,0,0.0
"MATLAB 1-30 PM Tue, Sep 10, 2024 Run16 .csv",5.943819102279006,2604.5772640142254,0.30497504186051283,1189.5986872644967,0.19921561514725436,0.07191141250799143,0.20227853614247232,-1.1336168097408135,0.00324,0.13430934568915287,0.16216216216216217,-1.4463426815353364,127.19479552856117,29.332484926385018,0.3648303549567288,1.2344392872372239e-11,0.0002106828892019034,0.000220145424794926,0.9983494892966459,3144.2321166154916,4.30108918805649,559703.9874465184,16.184783098759006,0.17633441815794407,0.3009312055261215,1.0,0.7538286685087228,-0.6809848311619182,1.5903196830935151,0.029385193586349417,5.866089096450061,2528.2264303292213,-0.09986826031025375,1132.1876032933303,0.19879599712160836,0.07340099352869872,0.20797312635709203,-0.744970469771034,0.002535,1.1804388132975654,0.32432432432432434,0.9647709519305921,116.82155641975483,24.348076394994976,0.3640785628828408,9.062232113470944e-05,4.676227387767763e-06,0.9994691375240018,11028.950980391442,3.9337209309566243,674470.4288976527,2.4045238640857024e-11,19.924043819515123,0.0801760332656687,0.22513396619584428,0.7666666666666667,0.9893165264609836,-0.47078353732795186,-0.6042175358151978,0.08932435750961312,0,0.34003317679427997
"MATLAB 1-31 PM Tue, Oct 29, 2024 Run7 .csv",5.7024668299712165,2228.0870504441787,0.2685828859481679,1288.6824700317752,0.015080536671745687,-0.11684929378925996,-0.035860480913113446,-0.18808696640002198,0.00038666666666666667,0.13371182160981165,0.0,0.6108894868643309,93.14314502131334,19.15870305860564,0.042085595999761305,3.137912549009662e-11,0.00017937253420334724,0.00015491411834535422,0.9993542230529475,3969.7425656801843,4.339070827553885,527620.2615312,60.0129268082407,0.28822742845059307,0.48593672216498784,1.0,9.751638964251017,-0.5869362930339933,0.05930944451237208,0.011862216591835062,5.8723817031464005,2535.182632841466,-0.04595222995539017,1115.7030388091737,0.015396892327995878,-0.11546813184412985,-0.03039220693632949,0.19956484885553039,0.0005533333333333333,0.1796998718045396,0.0,-0.4160986713497284,65.88189100303155,17.02883079739847,0.0429740921180127,0.00016550775027259962,3.991447266395643e-05,0.9994296029382086,6038.5667818703205,3.8717441563888317,657073.0789447617,2.9756719110698494e-11,53.79359099908057,0.24807935538453388,0.5481666556533531,1.0,6.986906546490045,-0.3310628856529078,-1.3037201374802043,0.0636366492509842,6,0.553570067064734
"MATLAB 1-32 PM Thu, Nov 7, 2024 Run13 .csv",5.50295986404006,2239.8501904755717,0.232702978872454,1347.7797218593541,0.021817511334005883,-0.3902929682471026,-0.3023494979430145,9.008633587568836,0.0038,2.1331142975304704,0.08333333333333333,-0.1314144056381244,4.344174568734618,6.316085576180012,0.25390671274513266,8.778922747966142e-11,7.50173673934009e-05,7.683773984553082e-05,0.9989702273142327,11707.629582004169,4.943861133414779,140709.79759994213,9.954327577215327,0.031228437461950052,0.06402476144473479,0.2727272727272727,-1.2505507400066886,-0.4227540756008033,-0.11180962508051229,0.007091050148010258,5.704498160478998,2492.183645318192,-0.08581593757000408,1122.6611113551128,0.019460598585041733,-0.4072499507564846,-0.33065754017433957,12.395590910771435,0.0052,2.178960930311514,0.0,-0.004984520702643584,3.3559640332657885,5.403691353772816,0.2877570558005649,9.477424117214788e-05,2.5220095452232394e-05,0.9990859382626283,10541.7455830418,5.154707176296375,175874.46637695865,7.542242769903977e-11,8.67446848757896,0.037972914014831056,0.07730089324589631,0.15555555555555556,-1.015503433480894,0.011072504696267511,-0.4284178264956702,0.018741550445556615,1,-0.5194959566929782
"MATLAB 1-32 PM Tue, Jun 4, 2024 Run1.csv",6.026158636246176,1211.671184972443,0.45541527302390106,1215.9504479435495,0.0,-0.47726106784375744,-0.4024385151219738,-2.9970367838996053,0.0,-0.8674832265488707,0.0,0.0,0.0,0.0,0.0,0.0,0.0,0.0,0.0,-1616.132847798588,0.0,0.0,0.0,0.0,0.0,0.0,-1.2527404442643943,0.0,0.0,0.0,5.621818082607664,900.1363367781094,-0.004719522649797081,1059.6952380844705,1.6916668693392107,0.7816192186927604,-0.06322287391846948,-2.1113690175799156,5e-05,0.17822198881848828,0.4,-0.009582872510046808,-0.017753809400011367,4.187271129207449,1.3451282145600387,0.3414811705278454,0.10946554905242438,0.5474429390528412,1.6031423876362787,5.103650384717247,22664.825686384604,7.671597190743047e-15,1.7165803847344414,5.63330154296855,9.6955683390105,1.0,0.9820865865481674,1.0114590642740084,-0.5030099079654162,0.0004581296443938992,0,0.0
"MATLAB 1-33 PM Tue, Oct 29, 2024 Run8 .csv",5.694731198323868,2206.7600741458973,0.25354645247776103,1297.0085103296335,0.0011499999989607046,-0.06985189515116574,0.004722467249629159,-0.0012069920616730734,0.0002,0.13191924937178812,0.0,1.0229536857531747,74.48515286446592,14.939810675699851,0.0028155220956778693,3.696486440253231e-11,0.0001424362518474446,0.00015636934461963958,0.9994465266712584,5393.42294971368,4.542748842048409,395843.38087940926,2.250052828767522,0.010814097430115046,0.018508582828133762,1.0,-1.2549301485221,-0.23076616956789212,-1.4999999999999996,0.010210251212120047,5.9478254135153605,2548.6429928286207,-0.050479911434320235,1130.6819237612901,0.003099999997233177,-0.0706330386239103,0.007961792514277088,0.3834612490511984,0.0002,0.1774830473254626,0.0,-0.5894659944299752,59.87983832424672,14.66175314979709,0.007626076260713006,0.00012819332957100807,3.814315101916572e-05,0.9997374281249941,7798.6696458432,4.075771739766416,469408.5307202943,3.033548134003166e-11,1.9959803901415172,0.00935408608461237,0.021408721474823027,1.0,-1.0203233934227713,-0.18605815299267264,-1.5000000000000002,0.026486383080482456,0,0.9997566773873351
"MATLAB 1-34 PM Tue, Jun 11, 2024 Run0 .csv",5.873512804774864,1247.7500824094486,0.4844797138558909,1447.7592866459831,0.0,-0.47934272173478565,-0.4050165496549795,-3.0059772655462904,0.0,-0.8686782747075531,0.0,0.0,0.0,0.0,0.0,0.0,0.0,0.0,0.0,-1630.618931849585,0.0,0.0,0.0,0.0,0.0,0.0,-1.2571198527798058,0.0,0.0,0.0,4.85471431089678,650.9149115173443,-0.10234908299938264,1002.1880311045724,0.0,-0.4782602963330468,-0.39995354062998373,-2.622303549147646,0.0,-0.8232558941675631,0.0,0.0,0.0,0.0,0.0,0.0,0.0,0.0,0.0,0.0,0.0,0.0,0.0,0.0,0.0,0.0,-1.0227333733937103,0.0,0.0,0.0,0,0.0
"MATLAB 1-36 PM Thu, Nov 7, 2024 Run14 .csv",5.490895081965969,2250.8606306610395,0.2279427332192682,1348.083717982733,0.030496416155868806,-0.3864235487635517,-0.29730556701806254,7.490077529185516,0.0018,1.1307242012131056,0.0,0.24998254155360378,16.256094027109615,11.141869017777891,0.32456807346625943,5.1590526229927103e-11,0.00011732256845815185,8.845954190070523e-05,0.9993919107656504,6880.4642433192375,3.653966606008023,470252.8995838498,8.433575933599466,0.028000802986702347,0.054232162694873506,0.75,-1.2593095570375112,1.3658670871783851,0.7219448849450805,0.02653682231903079,5.850087900730117,2538.3767121656706,-0.05615981304488343,1195.1898032112917,0.030520937049004257,-0.3854075544856198,-0.2923188742310354,7.872756720869934,0.00245,0.17600516433941127,0.0,-0.5225410360484407,15.265965062369183,9.482775436312636,0.3247599178127996,0.00014635397464414927,2.882761106873351e-05,0.9994312678770831,6828.863174417635,3.620226211584405,703908.6964492719,2.222290220451149e-11,7.142698106782017,0.023680412139668844,0.06265045229786144,1.0,-1.025143353364649,0.44919081594158555,-0.4723127857081595,0.02370130181312559,2,0.2533820940410081
"MATLAB 1-36 PM Tue, Oct 29, 2024 Run9 .csv",5.756141170144572,2226.4199560616003,0.27079951638058664,1305.1112644067607,0.0010374794623959145,-0.04692437601045829,0.02680541542710685,-0.6148697441085127,0.00032,0.13012667713376458,0.0,0.551432580400495,105.01528966762059,20.81411186202709,0.002387754806247068,2.6338507723531373e-11,0.00017487574446780946,0.00015033278441015964,0.9993516659170499,4069.533506201649,3.909396109074581,556196.1454039322,9.057437696073478,0.040663239295050696,0.06988513549214785,1.0,-0.26149926129521694,-0.08188117686019232,-1.21361462997972,0.01776569575071338,5.957091289222628,2567.115448712631,-0.03876502609114324,1142.191297529095,0.0027132670657816285,-0.04551481285673964,0.03161579197625303,-0.2331850771383226,0.00036,0.1752662228463856,0.0,-0.4390134036991746,77.584754885142,18.14016858372383,0.006237395559042675,0.00017393889284591656,3.3607821759248144e-05,0.9994253031649281,5745.8414665791115,3.398795611230695,533588.7179162635,2.525940206764751e-11,8.106236764395621,0.03558369892443497,0.08383307518733332,1.0,-0.027553333335587737,-0.14444480401089327,-1.4309779720269802,0.05804656803607941,0,0.8610182120493796
"MATLAB 1-36 PM Tue, Sep 10, 2024 Run18 .csv",5.972785380299631,2609.641295678107,0.3410627373381815,1201.5418571965713,0.9078203310673476,0.6472785464257221,0.5616663976812294,-2.169383737240399,0.001615,-0.8704708469455766,1.0,-1.928894844346979,260.1204865889552,38.001083136056074,0.803563048588037,3.46640566428995e-12,0.0037280621941943874,0.00033340295738684347,0.9947951870653248,-1385.5083070725416,3.145669656338151,1194309.535082809,5.977617775179293,0.10656930912542452,0.2087871040587938,0.0,3.7363110344470774,-0.14155507584862007,-1.5381380368118653,0.10685343861579889,5.90722966619249,2511.710902900141,-0.04182827066525502,1152.7678154665484,0.9081916041161694,0.6481079284560884,0.5663504579924508,-1.7886935949844358,0.00105,-0.8254727186466401,1.0,1.384628932392796,256.1724906181126,35.49598508270554,0.803887236045525,0.0032303993445855716,3.945665646233444e-05,0.9963019681920167,308.41449056814133,3.064083003665669,1106196.6902816033,7.686982679160654e-12,7.541371061270927,0.04428223612221597,0.1297796590552495,0.0,2.9700366866934735,-0.5872360353435058,-0.8773568499281934,0.09321428298950188,0,0.8421395117641586
"MATLAB 1-37 PM Fri, May 31, 2024 Run5 .csv",5.4953091590389285,2688.7319308988394,0.24024032817869517,900.146687073602,2.2936318520118264,1.9520689683274797,1.9985273791470408,-2.5238532283470687,5e-05,0.12893162897508215,0.4,0.016003141443352895,1.474247861390955,8.372370145073388,0.9417208889243295,1.8631920526620674e-15,0.008736994022022642,0.00015437362296748431,0.9896407656900889,-1546.3209336683485,4.777222707734191,419309.8682113163,0.17019684016734832,0.004117062213641754,0.03487393259763912,1.0,-0.26587866981062835,0.4227673717654255,-1.2901771377919344,0.0009355354309082027,5.566939309724695,2236.838068297629,-0.01799261101325833,1222.7093773464696,1.70904842638215,1.1400640032867384,0.7336851243428129,-1.9441556106082958,0.00013,0.17378833986033426,0.42857142857142855,-0.14999704960978386,0.8959749137927657,8.492672526911825,1.053126277844177,0.010862920133545135,9.265128017243297e-05,0.9878775881597179,90.94033427615031,4.6727896389616115,423780.17696263,5.11370623212913e-15,0.3208058242717972,0.002876402724754536,0.012640488890555737,1.0,-1.0323732932774652,1.3676215126428877,0.46753257187089536,0.004082686901092598,0,0.41907924591309226
"MATLAB 1-38 PM Fri, Sep 13, 2024 Run1 .csv",4.989857433153853,1238.2712120412307,0.9767257957491275,1592.9869493898293,0.0,-0.4845468564623562,-0.41146163598749363,-3.028328469663003,0.0,-0.8716658951042591,0.0,0.0,0.0,0.0,0.0,0.0,0.0,0.0,0.0,-1666.8341419770763,0.0,0.0,0.0,0.0,0.0,0.0,-1.268068374068334,0.0,0.0,0.0,4.606751094611831,1077.408199168216,0.5430273229331009,1493.5849507946882,0.0,-0.4838965866795635,-0.4070302081521218,-2.6496273768354937,0.0,-0.8269506016326914,0.0,0.0,0.0,0.0,0.0,0.0,0.0,0.0,0.0,0.0,0.0,0.0,0.0,0.0,0.0,0.0,-1.034783273248404,0.0,0.0,0.0,0,0.0
"MATLAB 1-38 PM Thu, Nov 7, 2024 Run15 .csv",5.457528128673019,2276.863175665613,0.2293719941063673,1374.3260153817116,0.012256755496026546,-0.3357043502073404,-0.2588006533904068,3.467526311523986,0.0013,0.12773658081639983,0.0,-0.2832071813123131,25.68581311791783,12.053395803285765,0.08177530639532915,1.9972506006000454e-11,0.00012561500774954226,8.456500974963024e-05,0.9991156563714221,6279.714916727227,3.2222459213380263,420422.8303939978,5.559470457367472,0.017895783346745537,0.03531170523119997,1.0,-1.2702580783260398,1.4930274510652601,0.7019569066795475,0.02384523034095759,5.8958496732031325,2587.6043965363638,-0.04579632265516803,1222.8926872729771,0.006975846218871585,-0.33376551154955514,-0.2538455417935146,3.8452328796372686,0.00135,0.17231045687428292,0.0,0.08753767418441108,25.045379558052534,13.063619742152168,0.0461187563774062,0.000241234008634166,2.5139148133440255e-05,0.9988844468800663,4140.728135869455,3.058161188291464,724238.1146667135,1.17752793926276e-11,4.716183416447734,0.01605758409423916,0.042975061986187404,1.0,-1.0371932532193426,-0.5789953079551114,1.726865836863423,0.011847116947173997,0,0.39599582896750685
"MATLAB 1-38 PM Tue, Sep 10, 2024 Run19 .csv",5.977135193196546,2699.6718055467854,0.3147675591334799,1177.1156983594706,1.2996047605037304,1.1748442154445935,1.3982603278737205,-2.4372659507619803,0.00126,-0.8728609432629414,1.0,-3.381695844172478,557.9502546653883,55.006024856214836,0.7822004781207297,1.6950140047489745e-12,0.00034365120368694567,0.00019149891550233598,0.9983571509445892,1223.8264466256853,4.33424978867527,274794.91212349624,2.7867101313182934,0.032138134859702135,0.06103147598987793,0.0,4.727552217416255,-0.06200812563450274,-1.56890620718737,0.10810686975717544,5.933641040967824,2618.286084742677,-0.06913271993448072,1146.4477326677818,1.299238858540717,1.175248895707146,1.4015391232340406,-2.0605539073629253,0.000805,-0.8284284846187427,1.0,2.7266095238376504,483.93423392152647,54.66096529408768,0.7820144815781517,0.00027022498781587484,9.084614445961994e-06,0.999104417849912,3697.305811447308,3.7932432208179563,355531.8879205828,2.928825374119088e-12,3.4459971074956055,0.015994734229999332,0.046368167678596514,0.0,3.9603967668097186,0.36037444754687686,-1.3217395085483576,0.1569198444485665,0,0.8539962127166041
"MATLAB 1-41 PM Thu, Nov 7, 2024 Run16 .csv",5.455778429296464,2306.531959134146,0.21909041904696863,1388.533771104347,0.0019354465516186671,-0.30748785597690986,-0.23522868794578322,2.5583728150640495,0.00086,0.1265415326577174,0.0,-0.41949881337437184,34.236956481326395,13.707757353851036,0.010741650792402895,1.2979849392954874e-11,0.00010232732482369379,6.434963576295526e-05,0.9990532389595725,8074.745219497574,3.719733089046087,447756.6710612326,9.388298519644572,0.02827990617039869,0.058838394828037044,1.0,-0.27463748684145095,0.5055506412792073,-1.328371185636916,0.016453633010387436,5.822461833580812,2626.4397596723543,-0.06624837732310179,1220.8670999329504,0.0008810456431479038,-0.30718576845429535,-0.23117620882418577,2.9340903337488777,0.00102,0.1708325738882316,0.0,-0.23888931570506383,33.172418243679175,13.306397912404385,0.004892181467568182,0.0001229646882713598,1.863400276700756e-05,0.99890616268345,8123.520473447247,3.2943076411256085,616439.2877423312,7.81657297257817e-12,7.967217163588456,0.02549302158995803,0.07377350238772477,1.0,-0.04201321316122031,-0.7626771490105619,-1.0904136005641858,0.04796980410814283,0,-0.9478396710046565
"MATLAB 1-41 PM Tue, Oct 29, 2024 Run10 .csv",5.445027475842302,2044.1154501474234,0.23222077197992222,1253.466133869605,0.05397342510033465,-0.32618349772161215,-0.25586770519558627,3.153914575011822,0.00132,2.1259440085783763,0.25806451612903225,0.0798307701239103,45.68336599320634,16.63044331156662,0.33208965799321816,4.694909000784619e-10,0.00016812344909564118,0.00012709089675682624,0.9992185332450724,4247.555776649488,3.3052264036169605,425857.47363197856,29.879336155181914,0.12028209512391938,0.19492087466037694,0.1794871794871795,-0.27682719109915666,2.7110488552502408,6.227391710768494,0.0217383480072022,5.885980327680798,2488.1841375182903,-0.04740004530153846,1149.3637841814457,0.05445214254811826,-0.32605561910048675,-0.2519415423119138,3.528637568982423,0.00124,2.170093632395206,0.12903225806451613,-0.1173331989460667,26.519460009308727,13.877188057281543,0.3353997080155131,9.670297833529854e-05,3.079540213588853e-05,0.999382055228168,10334.553003765897,3.279008031362307,578533.4457161567,8.830585624165905e-11,22.14876684920528,0.09233625253392222,0.21063659499496734,0.1746031746031746,-0.04442319313215903,0.6768019521140842,0.6084570491351342,0.055780014991760274,2,0.4222049900744404
"MATLAB 1-43 PM Fri, Jun 14, 2024 Run3 .csv",6.185301599460113,1986.0242011958683,0.5632680981165268,1805.061942745773,0.0,-0.48975099118992677,-0.4179067223200078,-3.0506796737797153,0.0,-0.8746535155009649,0.0,0.0,0.0,0.0,0.0,0.0,0.0,0.0,0.0,-1703.0493521045678,0.0,0.0,0.0,0.0,0.0,0.0,-1.2790168953568624,0.0,0.0,0.0,5.361807701870195,1235.9902461022502,0.10187255734322376,1446.4004801920387,0.06330934833535369,-0.3635203771377358,-0.3096068757668539,-0.9769342028485299,0.00216,2.16935469090218,0.0,0.1412061680468814,-0.19559790863857573,3.814013874766894,0.5024053041678411,0.45850860459237747,0.06824901754714363,0.47301551517840185,1.0316393420771706,5.069460024920234,133691.28441162538,7.929146999309978e-15,0.9237529024405878,1.4391496871774323,3.714798149156611,0.39285714285714285,-0.04683317310309776,0.11581268286983191,-1.3947809863120668,0.0026273381710053,0,0.0
"MATLAB 1-43 PM Thu, Oct 31, 2024 Run2 .csv",5.720618072966664,2501.673763823273,0.6399971287936604,1647.3006309372945,0.0,-0.49079181813544087,-0.4191957395865107,-3.055149914603058,0.0,-0.8752510395803061,0.0,0.0,0.0,0.0,0.0,0.0,0.0,0.0,0.0,-1710.2923941300662,0.0,0.0,0.0,0.0,0.0,0.0,-1.281206599614568,0.0,0.0,0.0,4.904640452581611,1929.718487897952,0.1652029723059461,1836.1253407203153,0.0,-0.4906601350953834,-0.41552220917868754,-2.6824159700609105,0.0,-0.8313842505908454,0.0,0.0,0.0,0.0,0.0,0.0,0.0,0.0,0.0,0.0,0.0,0.0,0.0,0.0,0.0,0.0,-1.0492431530740365,0.0,0.0,0.0,0,0.0
"MATLAB 1-43 PM Tue, Oct 29, 2024 Run11 .csv",5.580144545962247,2148.9234294218354,0.24498759878114845,1313.2175172915095,0.05592870768615121,-0.32928874278624376,-0.2653847569897539,3.140410850233242,0.00417,2.1241514363403526,0.18548387096774194,0.06992766667987367,40.5318384023922,17.183939466620032,0.34408370228952584,2.3315981699961003e-10,0.00015780025600297266,0.00012994454183930257,0.9990279202142669,4613.429706229547,3.416674347524641,418356.44193684385,114.27278754939464,0.4961101380292895,0.7864941192447513,0.11834319526627218,2.7166036961277262,2.9595883553939757,11.871715472606816,0.02280817389488224,5.8662629450339985,2497.334793538696,-0.050575631637215734,1169.8222314749617,0.057323676503900294,-0.33184419330669085,-0.26313754282007545,3.612150770152448,0.006545,2.167876807916129,0.11904761904761904,-0.10943340047497203,24.385431048520154,12.375696121345916,0.3584002105422086,0.00010676064434610984,2.828827177949026e-05,0.999286165476956,9360.0612060503,3.347422708299493,588772.3213571894,7.069372193068567e-11,92.35936589310424,0.36901262118923855,0.875001120826389,0.14054054054054055,3.948346866955025,-0.22679459189553755,-0.5572091715355336,0.05754587024450303,6,0.145045680269313
"MATLAB 1-44 PM Thu, Nov 7, 2024 Run17 .csv",5.444256113964105,2334.7845180519394,0.21589265712559577,1415.603556245973,0.0016408583104951008,-0.2981014721988776,-0.226873774292211,2.1360136104332597,0.0007,0.12355391226101142,0.0,-0.2344881353269805,35.30729736433494,14.302075103595227,0.008424508204195458,1.1792082346281312e-11,0.00013248656569196093,6.126842063742102e-05,0.999345646229455,5818.217606063377,3.8415616241817836,553835.0515883862,8.444641614828054,0.026467746728037683,0.05548839996412881,1.0,-0.2855860081299795,-0.06171605265639978,-1.103793761360205,0.012297054231166824,5.861032263244305,2621.399863188087,-0.05465296928675217,1243.949931294659,0.0007177074606463412,-0.2980786514064554,-0.22365287635919562,2.506758505546953,0.00084,0.16713786642310324,0.0,-0.48157182334975335,37.44805392085112,14.496469806085825,0.0036836491268638387,0.00017922103329300103,1.8134884269036046e-05,0.9991449945274478,5574.931558920247,3.4331847830178424,665637.9662194757,6.135925767249444e-12,7.059588938215602,0.022178606905768925,0.06626301756054027,1.0,-0.05406311301591393,-0.3010651705910252,-1.3491058343054845,0.05536429286003111,0,-0.9004791594517875
"MATLAB 1-45 PM Thu, Oct 31, 2024 Run3 .csv",5.490287146389974,2294.8267703610213,0.25596270994833725,1309.5507627432146,0.7553088735850362,6.639419028026744,6.7563372022362405,-2.935226859175328,1e-05,-0.8770436118183297,1.0,-1.055159335739386,1390.0801594944178,76.32296344658545,0.10588442162464097,3.3954828676812053e-12,0.0007233468412014468,0.00016173614534690392,0.9984598185015541,-351.6881011193125,4.140722036536616,401607.33640190144,3.4339845844506893,0.023919047108761197,0.03829192309251811,0.0,5.712224287612315,-0.5404353820209236,-1.0850747804762517,0.009051594436168653,6.026204713425923,2732.741336363603,0.026453395644851274,1111.3689799748652,0.7546082965253376,6.63929141769544,6.758031783931722,-2.565476488775862,1.3333333333333333e-05,-0.8336010750699224,1.0,-0.18256071275650937,642.1651580636956,65.60550562288164,0.10578620988721274,0.0015352508937162479,4.017839907533705e-05,0.9974857410216036,649.7216481711839,3.3202386147959513,653416.5182683461,1.1053864930539311e-12,2.1049018576636733,0.011578479381073965,0.03862061120432693,0.0,4.943526907013148,0.07856278408489062,-1.8100791513427166,0.05593615174293523,0,-0.4125885636838921
"MATLAB 1-45 PM Tue, Oct 22, 2024 Run0 .csv",4.917852723395592,2856.936574895504,0.3023231439473672,1257.8500806126506,0.0,-0.49495512591749735,-0.424351808652522,-3.0730308778964277,0.0,-0.8776411358976709,0.0,0.0,0.0,0.0,0.0,0.0,0.0,0.0,0.0,-1739.2645622320595,0.0,0.0,0.0,0.0,0.0,0.0,-1.2899654166453909,0.0,0.0,0.0,4.957411861287682,2206.2918166947593,-0.04555325215434364,1401.2743632405939,0.0,-0.49516916737259675,-0.42118354319639806,-2.704275032211189,0.0,-0.8343400165629481,0.0,0.0,0.0,0.0,0.0,0.0,0.0,0.0,0.0,0.0,0.0,0.0,0.0,0.0,0.0,0.0,-1.0588830729577916,0.0,0.0,0.0,0,1.0
"MATLAB 1-45 PM Tue, Oct 29, 2024 Run12 .csv",5.565582953036417,2140.1069689656492,0.24931273108713117,1313.852111070098,0.05970586070606608,-0.33434879853498356,-0.27534082605286836,3.1225298869398723,0.00254,1.1217613400229878,0.8306451612903226,0.04881879037477118,39.75460465236528,18.018206965894937,0.36935918206704693,1.9539559273505782e-10,0.0003180108482234675,0.00013792352042514612,0.9987581810223684,1394.1342530936006,3.5186482737245046,496771.93189423514,115.85680871149944,0.5017888585319448,0.8393869881236411,0.5217391304347826,3.7078448790969034,3.372971048738331,13.158126501859797,0.02039480090141299,5.890918774390852,2498.288275268972,-0.025502009751583066,1181.0570882165612,0.059084114730388174,-0.33595287719716266,-0.2685988768372761,3.540291457956527,0.00218,2.164921041944026,0.208,-0.059270248719037404,23.687159977335426,11.108370275353135,0.3684845157611595,0.0005379795172081468,3.12700899667919e-05,0.9987621893202682,1856.505977222628,3.5087821949116687,643202.3436119158,6.223761723260185e-11,92.52113840167578,0.35748389001876624,0.9842514413775278,0.2080536912751678,2.9387069470712697,-0.3704833123018631,-1.0698393549639993,0.061972154378891,5,-0.13965886133220037
"MATLAB 1-48 PM Thu, Nov 7, 2024 Run18 .csv",5.441869789264736,2360.071326280172,0.22445020770664284,1405.2653067049903,0.03167817660975448,0.7159382191177641,0.7833201557421081,-2.0819513582579203,0.0001,0.12116381594364667,0.0,-0.7945466842596275,204.36705625716243,33.35866099711631,0.026116100198104335,1.5503370769590795e-12,0.0004116445811491156,5.6945625701195484e-05,0.9988407608687806,672.7133632284817,3.8450987042552156,667154.0814775785,1.4026019483266667,0.004748528418649248,0.010485279035990313,1.0,-1.294344825160802,0.553049778495335,-1.2779533496539637,0.007223412990570097,5.893904213542322,2718.724948354087,-0.03621212259747103,1223.831598593659,0.03163577876894962,0.714726315415813,0.7874857887212752,-1.715184562001135,0.00014,0.16418210045100057,0.0,0.25471975837862393,167.5976307160028,29.946280289593208,0.02609889765866709,0.0007289373260343316,1.9151196799598082e-05,0.9982233249547894,1369.4227052214019,3.290925609117349,618818.5041169947,8.610920314787236e-13,1.1246899968842026,0.004663520033939877,0.013938133915334293,1.0,-0.06370303289966905,-0.8418449037117091,-0.8864701070168386,0.0351281988620758,0,-0.0941743755697961
"MATLAB 1-50 PM Thu, Nov 7, 2024 Run19 .csv",5.526035120055369,2471.3407034859683,0.2653869805162074,1424.6576620831554,0.6989600951792623,8.466155718614187,8.684381131433119,-2.9531078224686977,1.3333333333333333e-05,-0.8794337081356944,1.0,1.3582456232998183,715.7417692545115,71.44440799988007,0.07797209976688674,1.292932429450729e-13,0.0026305054091087694,0.0001006455710887502,0.996582727412002,-1382.1376996604831,4.021081163919588,459511.8720983203,0.8125252885977888,0.004736239602572622,0.015522907767607558,0.0,5.7034654705814924,0.9095971382744619,-0.8952928148262678,0.004567963778972672,5.9627249345271895,2779.3858907355343,0.018371380037647822,1217.0492983819008,0.6970227648060707,8.465682383787726,8.687170448175468,-2.5873355509261398,1.3333333333333333e-05,-0.8365568410420252,1.0,-2.4766999974781347,361.4890039489923,62.57659895791364,0.0777559819682001,0.005981759192095561,7.222027776099351e-05,0.9932141594068548,166.04047864703605,3.207058948867919,673397.5221516066,7.61942812407294e-14,0.6451659991884466,0.004244921189686141,0.011544075074651328,0.0,0.9338869871293922,0.010255458391040433,-1.9851775207998417,0.037587352693080944,0,0.4680455349753827
"MATLAB 1-51 PM Tue, Oct 15, 2024 Run0 .csv",5.823920065280073,2433.3073234322637,0.3876433708051533,1256.0171189488808,0.0,-0.4991184336995538,-0.4295078777185333,-3.0909118411897976,0.0,-0.8800312322150357,0.0,0.0,0.0,0.0,0.0,0.0,0.0,0.0,0.0,-1768.2367303340527,0.0,0.0,0.0,0.0,0.0,0.0,-1.2987242336762135,0.0,0.0,0.0,5.812698828153014,2021.0805007444762,0.09623912374898308,1341.996293977003,0.0,-0.49967819964981003,-0.4268448772141085,-2.7261340943614667,0.0,-0.8372957825350509,0.0,0.0,0.0,0.0,0.0,0.0,0.0,0.0,0.0,0.0,0.0,0.0,0.0,0.0,0.0,0.0,-1.0685229928415465,0.0,0.0,0.0,0,1.0
"MATLAB 1-51 PM Tue, Oct 29, 2024 Run13 .csv",5.629095667631356,2154.0332285775585,0.24446173073543498,1311.166884465953,0.06607293642549388,-0.3227898914331711,-0.24409689515046507,2.5046459230987956,0.001575,1.1193712437056231,0.05357142857142857,-0.23352305001319915,46.78776595212256,19.141702988820576,0.37251604783325876,1.4451125909695685e-10,0.0001596074073897758,0.00010919170985825248,0.9991697867648638,4484.692002279957,3.5847329047459424,416761.2181148822,102.71921712051281,0.40168444834371425,0.6762284783393762,0.7204301075268817,1.6990860620660808,3.83094111223123,17.479582635282366,0.014176959991455101,5.909881929913928,2539.288495974113,-0.04975864584287204,1199.2481352739505,0.06726353385641536,-0.32344870111981794,-0.23786021088809084,2.8684291452128994,0.0018,1.1619652759719235,0.026785714285714284,0.057726093237978074,28.182558015063133,15.14832490999192,0.3792555476664743,0.00013038164940516058,1.8267968064216303e-05,0.9993207023099083,7664.580919700765,3.452343455900933,587525.0104216643,5.202777960759448e-11,83.58742349232628,0.2999461149468078,0.8138504361208008,0.7263157894736842,1.9290670271875148,0.04996163436720586,-0.012684479498338952,0.06302414983510973,2,0.4978667402484103
"MATLAB 1-52 PM Fri, Jun 14, 2024 Run4 .csv",5.670817902903311,1400.3912347001008,0.4765485033704354,1623.6837712609508,0.0,-0.501200087590582,-0.43208591225153903,-3.0998523228364827,0.0,-0.8812262803737181,0.0,0.0,0.0,0.0,0.0,0.0,0.0,0.0,0.0,-1782.7228143850493,0.0,0.0,0.0,0.0,0.0,0.0,-1.303103642191625,0.0,0.0,0.0,4.40369756801583,718.3402932688499,-0.03433761921815309,1187.951512674885,0.14387710055272435,-0.29920271596786385,-0.2878255443486527,-1.6370526243529042,0.00023,2.161226334478898,0.09090909090909091,0.16757158617758144,-0.6327957750806497,3.332624048286953,0.7096981240076833,0.6493188859661673,0.05295376768427347,0.2975836121425927,0.458301180782378,4.355962971412901,107175.72212718424,1.0889359254726293e-14,0.6113721899393395,0.9796536947573593,3.1109403504140056,0.375,0.926657047216576,-0.043173462269110764,-1.7005511901176449,0.0017756539583207009,0,0.0
"MATLAB 1-53 PM Tue, Oct 29, 2024 Run14 .csv",4.902515817291889,1812.088977896544,0.18706914230011126,1072.146497731243,0.02110242852037765,-0.19798778980538406,-0.1296249297865147,0.19571043959127898,0.00254,1.118176195546941,0.0,-0.529292005325064,81.07647588308909,19.054045431621827,0.0693581324400693,9.093422247834987e-10,0.00018239809361698473,0.00013274450150547394,0.9993753037298938,3689.122679615867,3.8314958720739076,483569.8402090831,54.09164964266667,0.21606164830006244,0.33408565888005665,0.53125,-0.3052933464493306,0.48684299560584055,-1.382703355474848,0.12798651576042178,6.0693677246822775,2528.494699525648,-0.004900780619153389,1124.161301699733,0.02185482259480271,-0.19873184912707437,-0.12899087799373093,0.5575046122769289,0.00143,0.1604873929858721,0.0,0.12388858070301494,51.79631603572137,17.355179642384826,0.07181335150717978,0.0001621038941073024,3.706875965746994e-05,0.9993656712722725,6164.970167902051,3.47397505517909,645850.5760597594,5.851926317864137e-11,24.63425392429237,0.1138333259258109,0.28916907475766557,1.0,0.9242470672456373,0.07576932246219936,0.21194157662656732,0.05028438687324521,1,0.3102124386945363
"MATLAB 1-54 PM Tue, Oct 29, 2024 Run15 .csv",5.564215288361853,2029.1234445106043,0.24506185461907345,1287.1845622983524,0.006199999994486199,-0.17518174177230894,-0.10656394707524341,-0.10849277182189265,0.0007,0.1175786714675996,0.0,-0.6747575489175724,80.55782287643245,18.999428636101484,0.01889667784205864,3.9449329281748105e-11,0.0001934195940438586,0.00010450897976611708,0.9990207016917059,3367.8350394866766,3.5368689356667335,411509.54019626795,3.5341727718502787,0.011280385371597321,0.01962914504379816,1.0,-1.3074830507070363,0.6893558936981833,-1.5000000000000004,0.036572945713996885,5.772652970067892,2421.980568380241,-0.05813568555296622,1227.8776634855137,0.008349999992580764,-0.17373723221980397,-0.10205621152459965,0.2523068761495302,0.0004,0.15974845149284644,0.0,-0.014917446857392462,52.60679785803528,13.17678703901888,0.02526857315775129,0.00021404327125868657,1.4795288448717467e-05,0.9992793161377247,4668.585516664171,3.2272378260710464,517796.89238954993,3.639018263815582e-11,3.037057234970415,0.008428142881512916,0.02393563893159417,1.0,-1.0781629127253016,-0.39597849429452875,-1.5000000000000013,0.02660107612609866,0,0.7979682832260699
"MATLAB 1-55 PM Fri, Jun 14, 2024 Run5 .csv",5.147878876711308,911.4557646079132,0.3727797775700419,1326.7911908865776,0.0,-0.5043225684271244,-0.4359529640510475,-3.11326304530651,0.0,-0.8830188526117416,0.0,0.0,0.0,0.0,0.0,0.0,0.0,0.0,0.0,-1804.4519404615442,0.0,0.0,0.0,0.0,0.0,0.0,-1.3096727549647418,0.0,0.0,0.0,3.886983806517808,491.34986104015815,-0.104009793980358,977.2125835354403,0.0,-0.5053144899963267,-0.4339215447362466,-2.7534579220493143,0.0,-0.8409904900001792,0.0,0.0,0.0,0.0,0.0,0.0,0.0,0.0,0.0,0.0,0.0,0.0,0.0,0.0,0.0,0.0,-1.0805728926962404,0.0,0.0,0.0,0,0.0
"MATLAB 1-55 PM Mon, Oct 28, 2024 Run0 .csv",5.993953420271032,2491.0759486572224,0.4630812478372638,1429.328686395303,0.0,-0.5053633953726385,-0.4372419813175503,-3.1177332861298526,0.0,-0.8836163766910828,0.0,0.0,0.0,0.0,0.0,0.0,0.0,0.0,0.0,-1811.6949824870426,0.0,0.0,0.0,0.0,0.0,0.0,-1.3118624592224475,0.0,0.0,0.0,6.188424671360297,2288.2961714093453,0.2411106865872632,1375.508847272243,0.0,-0.50644174806563,-0.43533687824067424,-2.7589226875868835,0.0,-0.8417294314932049,0.0,0.0,0.0,0.0,0.0,0.0,0.0,0.0,0.0,0.0,0.0,0.0,0.0,0.0,0.0,0.0,-1.082982872667179,0.0,0.0,0.0,0,0.0
"MATLAB 1-56 PM Thu, Oct 24, 2024 Run0 .csv",5.4708641195204555,2448.9271971370435,0.3031194726049525,1213.7397925720895,0.0,-0.5064042223181526,-0.4385309985840532,-3.122203526953195,0.0,-0.8842139007704239,0.0,0.0,0.0,0.0,0.0,0.0,0.0,0.0,0.0,-1818.9380245125408,0.0,0.0,0.0,0.0,0.0,0.0,-1.3140521634801532,0.0,0.0,0.0,5.916657543844849,2239.3201075350025,0.11796806539294935,1245.3035295308946,0.0,-0.5075690061349334,-0.4367522117451018,-2.764387453124453,0.0,-0.8424683729862306,0.0,0.0,0.0,0.0,0.0,0.0,0.0,0.0,0.0,0.0,0.0,0.0,0.0,0.0,0.0,0.0,-1.0853928526381178,0.0,0.0,0.0,0,0.0
"MATLAB 1-59 PM Tue, Oct 22, 2024 Run1 .csv",5.831079117998855,2857.58343345251,0.5962020620757638,1530.195833615521,0.0,-0.5074450492636667,-0.439820015850556,-3.1266737677765377,0.0,-0.8848114248497652,0.0,0.0,0.0,0.0,0.0,0.0,0.0,0.0,0.0,-1826.181066538039,0.0,0.0,0.0,0.0,0.0,0.0,-1.316241867737859,0.0,0.0,0.0,5.567552138958831,2043.327505939375,0.26475425114611445,1573.1551403424537,0.0,-0.5086962642042366,-0.43816754524952944,-2.769852218662023,0.0,-0.8432073144792562,0.0,0.0,0.0,0.0,0.0,0.0,0.0,0.0,0.0,0.0,0.0,0.0,0.0,0.0,0.0,0.0,-1.0878028326090565,0.0,0.0,0.0,0,0.0
"MATLAB 1-59 PM Tue, Oct 29, 2024 Run16 .csv",5.547537368796647,2114.786941742135,0.2348560011703558,1262.5422760303393,0.007365063921575257,-0.10648587656496233,-0.04145903347029134,-0.6311190061369221,0.00064,0.11459105107089362,0.0,-0.8819611479429887,104.59271722386309,20.391458194432282,0.018321054547496392,6.005459029408855e-11,0.00015851597623820285,9.465836089962376e-05,0.9991897022194481,4469.976507144498,4.139603209225781,539939.0743502462,23.081501502591447,0.08921642352805888,0.15795429085055412,1.0,3.6815684280044354,0.33981889956276423,-0.5592194313786099,0.030172945261001505,5.936943642373537,2626.722129836289,-0.04381199894177884,1172.775495274946,0.00794957086692056,-0.10746102262964369,-0.03878287910909317,-0.2752919817366344,0.00061,0.1560537440277181,0.0,0.5145706023458682,64.97303231258255,17.150680162446378,0.01975723600970812,0.00017843706012530189,1.3651070560528183e-05,0.9992737088310836,5600.146674291622,3.415362432516726,661601.8562047665,2.5477999510248856e-11,16.716144068541865,0.06971958365937395,0.19610946556462622,1.0,2.9097871874200045,-0.8116260488475697,-0.49193390382584967,0.04569088220596321,0,0.5501264755074604
"MATLAB 10-49 AM Tue, Jun 4, 2024 Run0 .csv",4.202819720269091,457.2808420221177,0.22686694914461233,758.7821099477292,0.0,-0.509526703154695,-0.44239805038356167,-3.1356142494232224,0.0,-0.8860064730084476,0.0,0.0,0.0,0.0,0.0,0.0,0.0,0.0,0.0,-1840.6671505890358,0.0,0.0,0.0,0.0,0.0,0.0,-1.3206212762532703,0.0,0.0,0.0,3.4480882957974885,300.0662153737163,-0.20261594724300858,593.169465982149,0.0,-0.5109507803428434,-0.4409982122583847,-2.780781749737162,0.0,-0.8446851974653076,0.0,0.0,0.0,0.0,0.0,0.0,0.0,0.0,0.0,0.0,0.0,0.0,0.0,0.0,0.0,0.0,-1.0926227925509342,0.0,0.0,0.0,0,0.0
"MATLAB 11-16 AM Wed, Mar 6, 2024 Run0 .csv",1.5774415319689736,191.0636079204779,0.10432193801965414,780.2046091525422,0.0,-0.510567530100209,-0.4436870676500645,-3.140084490246565,0.0,-0.8866039970877887,0.0,0.0,0.0,0.0,0.0,0.0,0.0,0.0,0.0,-1847.910192614534,0.0,0.0,0.0,0.0,0.0,0.0,-1.322810980510976,0.0,0.0,0.0,2.7077199093830813,622.604929038888,0.1302458879612643,1633.6894476719908,0.0,-0.5120780384121466,-0.44241354576281233,-2.786246515274731,0.0,-0.8454241389583332,0.0,0.0,0.0,0.0,0.0,0.0,0.0,0.0,0.0,0.0,0.0,0.0,0.0,0.0,0.0,0.0,-1.095032772521873,0.0,0.0,0.0,0,0.0
"MATLAB 11-23 AM Wed, Mar 6, 2024 Run1.csv",2.5894721609150126,520.7118714966764,0.3833874601812124,1459.8475193257204,0.0,-0.5116083570457232,-0.44497608491656737,-3.1445547310699076,0.0,-0.8872015211671299,0.0,0.0,0.0,0.0,0.0,0.0,0.0,0.0,0.0,-1855.1532346400322,0.0,0.0,0.0,0.0,0.0,0.0,-1.3250006847686817,0.0,0.0,0.0,4.292387272899895,1380.4788591489362,0.7346497502140217,2310.83089047554,0.0,-0.51320529648145,-0.4438288792672399,-2.791711280812301,0.0,-0.8461630804513589,0.0,0.0,0.0,0.0,0.0,0.0,0.0,0.0,0.0,0.0,0.0,0.0,0.0,0.0,0.0,0.0,-1.0974427524928116,0.0,0.0,0.0,0,0.0
"MATLAB 11-25 AM Wed, Mar 6, 2024 Run2.csv",2.555908126581922,514.5508416287204,0.3740105188666104,1450.9462838959212,0.0,-0.5126491839912373,-0.4462651021830702,-3.14902497189325,0.0,-0.8877990452464711,0.0,0.0,0.0,0.0,0.0,0.0,0.0,0.0,0.0,-1862.3962766655306,0.0,0.0,0.0,0.0,0.0,0.0,-1.3271903890263874,0.0,0.0,0.0,4.2681095642515565,1371.352353142004,0.7093988880202892,2299.830298707792,0.0,-0.5143325545507533,-0.44524421277166754,-2.79717604634987,0.0,-0.8469020219443846,0.0,0.0,0.0,0.0,0.0,0.0,0.0,0.0,0.0,0.0,0.0,0.0,0.0,0.0,0.0,0.0,-1.0998527324637504,0.0,0.0,0.0,0,0.0
"MATLAB 11-27 AM Wed, Mar 6, 2024 Run3.csv",2.618988882795157,546.7557107083994,0.382878762655004,1498.8187564809737,0.0,-0.5136900109367514,-0.447554119449573,-3.1534952127165923,0.0,-0.8883965693258123,0.0,0.0,0.0,0.0,0.0,0.0,0.0,0.0,0.0,-1869.639318691029,0.0,0.0,0.0,0.0,0.0,0.0,-1.329380093284093,0.0,0.0,0.0,4.395045251096308,1467.8351536106359,0.7148123553662593,2346.2626018125925,0.0,-0.5154598126200567,-0.44665954627609517,-2.8026408118874397,0.0,-0.8476409634374102,0.0,0.0,0.0,0.0,0.0,0.0,0.0,0.0,0.0,0.0,0.0,0.0,0.0,0.0,0.0,0.0,-1.102262712434689,0.0,0.0,0.0,0,0.0
"MATLAB 11-34 AM Tue, Mar 5, 2024 Run0 .csv",5.095417592007711,2340.6284176582417,0.2151704157190583,1413.0081644698141,0.024624715880595813,-0.46575498207000404,-0.4054931367546794,15.375398785221416,0.004946666666666667,2.1110059065948468,0.0,0.0034067478419526416,0.21440270197232403,4.895125789899886,0.5027929675183104,1.9570370525436513e-13,0.0006295387822765495,0.004934922479957257,0.994403906169629,-297.30706819261377,4.478189077388057,54035.22647972996,126.90582762179395,76.71597178896435,3.5798167028819043,0.006717806726884844,-1.3315697975417986,0.8010580706282965,0.40537385832694195,0.006147964894771603,5.8148149364867425,3093.701957120534,0.033302204631881605,1898.2968701080451,0.025811572723789436,-0.4615925055209097,-0.3997498798235562,14.091922604323202,0.004938333333333334,2.151620095069564,0.0,0.0026237707247147857,0.22429384314004652,4.992347630715253,0.46934770089967426,0.00043768655097171656,0.004762372776079707,0.9947668134384223,2272.783596457147,5.10362033556965,83096.83076710503,1.816897682403109e-14,36.64723276493321,30.94191976426677,1.4837501030273534,0.00763016157989228,-1.1046726924056278,0.6856217717794101,0.17432795602611817,0.004219226241111752,22,0.07404905450850531
"MATLAB 11-35 AM Fri, May 31, 2024 Run0 .csv",4.699278639579816,858.3322023151673,0.09129943676806672,431.95004166612205,0.0,-0.5157716648277796,-0.45013215398257866,-3.1624356943632774,0.0,-0.8895916174844947,0.0,0.0,0.0,0.0,0.0,0.0,0.0,0.0,0.0,-1884.1254027420255,0.0,0.0,0.0,0.0,0.0,0.0,-1.3337595017995043,0.0,0.0,0.0,4.857887392881021,882.4410243545689,-0.2695475009593207,376.0685154215708,0.0,-0.5177143287586633,-0.4494902132849504,-2.8135703429625787,0.0,-0.8491188464234616,0.0,0.0,0.0,0.0,0.0,0.0,0.0,0.0,0.0,0.0,0.0,0.0,0.0,0.0,0.0,0.0,-1.1070826723765665,0.0,0.0,0.0,0,0.0
"MATLAB 11-51 AM Tue, Mar 5, 2024 Run1 .csv",5.227292042509224,2787.2883225671567,0.23935475068079207,1813.4147113066367,0.1972120512758362,-0.37061234440702173,-0.3741711713123844,3.6331008706980783,0.001092,2.1098108584361643,0.0,0.03370271675899002,0.11437355429821583,5.715849587523167,1.3489182796906847,5.225651458857986e-15,0.003004423582152288,0.0023089663120682944,0.9945984115030339,-1560.3237753635744,4.498577104870459,191135.78504845218,36.39786325155816,11.066743346133032,0.5257467404071141,0.265625,-1.33594920605721,1.1893726234995852,1.1561700872390057,0.0022779580950737267,5.596431359853221,3799.95037679038,0.02430363744438202,2294.012733664506,0.0,-0.5188415868279667,-0.450905546789378,-2.8190351085001484,0.0,-0.8498577879164873,0.0,0.0,0.0,0.0,0.0,0.0,0.0,0.0,0.0,0.0,0.0,0.0,0.0,0.0,0.0,0.0,-1.1094926523475053,0.0,0.0,0.0,0,0.0
"MATLAB 11-55 AM Tue, Sep 10, 2024 Run0 .csv",5.823825525637499,2653.2703206584156,0.37678541431217505,1481.3617320915234,0.8830394740256958,0.7407940485841092,0.6612898104973357,-2.3713729752864596,0.000732,2.1092133343568227,0.25,0.03562641192097654,12.77553003760695,27.36184221225443,0.701578136152551,1.335275596123135e-14,0.10725174974288516,0.0008875144619878183,0.8914471377732829,-1890.2997609712027,3.2449414869371354,1192763.3748777232,0.27143883418188336,0.00854609745626582,0.020798051604357166,0.5263157894736842,2.6618610896850843,1.1411468257232245,0.39272417140597904,0.024502064883708926,5.882110702828433,2013.6851662033,0.11651432376807702,1379.020646646588,1.097451180938943,0.7384574697742645,0.6616791187191144,-2.024496673314215,0.000676,1.149403270590487,0.65,0.6731796277626707,17.962581261209493,26.464286608370916,0.8720821935652163,0.12297865203013464,0.000481505768348191,0.8759646782912268,7.122900306929537,2.9976801380343057,775237.0333130015,1.0164932838791455e-14,0.39467598072506116,0.0048212011164540545,0.017624194277811478,0.5,2.8880973676815556,0.9538040998055849,0.0900397485029627,0.026548869907856,2,0.5019609050696615
"MATLAB 12-00 PM Tue, Sep 10, 2024 Run1 .csv",5.831550434576443,2883.478764230578,0.37377690497394683,1298.4667203607878,2.1073944818483787,2.5854058515793183,2.803500791321791,-2.825844666513809,0.000235,-0.8913841897225182,1.0,0.4280986407305711,57.641430198814234,40.113089246503506,0.6788630234576457,3.781576382303773e-15,0.0036789247588863844,0.0006293673728829136,0.9953844923044151,-1635.2905576744847,4.917651925549888,253181.80680539273,0.13556749702342114,0.003151512462223354,0.0055353352413519364,0.0,1.6596713854273786,0.5437766035690587,-1.1071897584821009,0.033990585207939156,5.832764397648157,2201.3474667231617,0.09571392333451395,1243.541433927964,2.1993138922687514,2.1399610375277716,1.6721637843180746,-2.429962639210149,0.00026,0.1486643290974614,0.625,-0.15852846567089768,13.252561066228385,23.316271716278916,0.8264812727246377,0.004750937292665351,0.00031983055066633453,0.994214158570273,209.2669503563376,4.49432565980427,272126.7079799376,3.710767299908446e-15,0.19701463937071764,0.0016635860160323205,0.0028092301046837432,1.0,0.8856873877106171,0.7144760354804804,-0.9944770119668296,0.0224573481082916,0,0.4135766524386384
"MATLAB 12-04 PM Thu, Nov 7, 2024 Run0 .csv",5.633234971408024,2545.5399976762797,0.289777408929829,1185.196240739115,0.0679438595277998,0.5279816931265888,0.5853617760282981,-2.2303119067894444,9.5e-05,0.10801828619814058,0.10526315789473684,2.334393341745036,251.69059878737968,34.645080672861134,0.06483708270833936,8.701201310366623e-12,0.0003667129449156318,0.0040314521738401094,0.9954611523522415,801.4538682421125,4.174799972082886,483667.3141270217,13.427097600002293,0.8966438937258422,0.20452268072746393,1.0,0.6574816811696729,-0.35316336615871274,-1.6186300689507465,0.06401703178882595,5.834152494788426,2173.2808389957936,0.07998614340718058,1204.667893235441,0.06797667281888893,0.5256933047005488,0.5854984517742239,-1.8854246542456536,9.5e-05,0.14792538760443574,0.10526315789473684,1.316589818373717,185.6107540964575,33.884208480072594,0.06486839559051978,0.0005457658179767901,0.010244887091112834,0.9871552500828236,1808.7524311110385,3.463441115871929,398031.11975168926,3.694071425113625e-12,17.65914871980288,1.503753946961785,0.07349826703475658,1.0,1.8832774077396783,-0.486340602287847,-1.2995893993359693,0.06857583940029138,0,-0.5572220717920899
"MATLAB 12-06 PM Thu, Nov 7, 2024 Run1 .csv",5.704583729082996,2535.654795270802,0.330258161207247,1194.4633320827127,0.1372394527719493,0.291065866390389,0.3211727589939982,-1.9347806473389328,0.000155,-0.8925792378812006,1.0,1.375959158863729,183.74061087019953,30.078952110079438,0.16900543226696899,1.1061082026303482e-11,0.0020917229304052974,0.003687457811445767,0.9939412497557879,-1445.1623589488609,4.119441109114203,984933.2518379813,18.17575524643463,1.1104646899550363,0.3767061064202091,0.0,0.6552919769119674,0.4996520119837327,-1.1872313352615753,0.0468917858600616,5.931670903808861,2194.4622731097215,0.1463239695563477,1211.9283382792182,0.1373008095763044,0.2886868801738969,0.3207331185023995,-1.5908879195093693,0.00013,-0.8528135538885899,1.0,1.3104384733484529,148.27315469184683,29.562550302036097,0.16908185853264093,0.004744100798175017,0.009057192610649722,0.9839573529170724,207.40650225972976,3.594201682008784,666528.9419144231,4.92716995225142e-12,23.827395101594576,1.9463973971861048,0.4630639619525908,0.0,0.8808674277687396,-0.3947645888649379,-1.2537083171274046,0.0601698350906372,0,-0.553465584825373
"MATLAB 12-11 PM Tue, Apr 2, 2024 Run0 .csv",3.334795410264523,530.9827582920097,0.22298088475790714,1058.3312056508482,0.0,-0.5220166265008643,-0.4578662575815957,-3.1892571393033324,0.0,-0.8931767619605419,0.0,0.0,0.0,0.0,0.0,0.0,0.0,0.0,0.0,-1927.5836548950156,0.0,0.0,0.0,0.0,0.0,0.0,-1.3468977273457383,0.0,0.0,0.0,5.038598341240877,1429.7691106789696,0.17645393380995927,1602.9205655391825,0.0,-0.5244778771744832,-0.45798221431151614,-2.846358936187996,0.0,-0.8535524953816156,0.0,0.0,0.0,0.0,0.0,0.0,0.0,0.0,0.0,0.0,0.0,0.0,0.0,0.0,0.0,0.0,-1.1215425522021991,0.0,0.0,0.0,0,0.0
"MATLAB 12-12 PM Tue, Sep 10, 2024 Run2 .csv",5.120181539608436,1610.1097254969275,0.27766281607632237,1805.0968286649643,1.2092108832911712,1.8977425444035627,1.728344723203913,-2.7937253797615367,0.000345,-0.893774286039883,1.0,0.4276247530338986,2.225336067417242,10.820446830628565,0.4995087922856678,6.194225286370021e-15,0.45133881639841156,0.10303468288861575,0.44478809861686047,-1933.8412108899388,3.628554436956431,1561760.5241277672,0.054747035827158494,1.1294362883979538,0.5294825923315097,0.0,0.650912568396556,0.6684206435840847,-0.7471175758699187,0.009552452862262702,5.143749136986266,1402.9683222163117,0.01185612108902745,1635.09408748121,2.448530446077843,2.8643948617453505,1.7448024502211963,-2.5518222014517113,0.0002,0.14570856312535874,0.5,-0.08442339553117972,2.334974056044259,11.602428566183802,0.7222803682160857,0.45351907167062944,0.0982943705135732,0.44766461281179853,0.9870910415359936,3.5942523200918965,1272740.4295284094,4.670524110770842e-15,0.06984838546847845,0.9873360195652803,0.5447971876525496,1.0,0.8760474678268622,0.5796144477925923,-0.9858303426131201,0.009643532633781402,0,0.3326228190203151
"MATLAB 12-13 PM Fri, Mar 8, 2024 Run0 .csv",4.684719191058633,1139.790967973211,0.1453535919946298,685.1828184364082,0.18431679821172245,-0.3134228959632969,-0.3161442922431018,1.2018317164814873,0.0017666666666666666,1.1056281898807758,0.803030303030303,-0.04176833841423663,0.12508964804542444,5.129641691898723,0.874885306186272,4.3934721517446713e-14,0.01082413769422703,0.03927960587852144,0.9498790746633068,-1854.3141041327262,4.28320444790206,22067.931014540663,10.051193942897493,1.3436927630645297,0.11306072516749835,0.5294117647058824,1.6487228641388503,1.4571344312358325,2.183187297516289,0.0021587672829628014,4.987181160898572,1266.2206735775933,-0.11780275857636721,858.8064918448829,0.0,-0.52673239331309,-0.46081288132037135,-2.857288467263135,0.0,-0.8550303783676669,0.0,0.0,0.0,0.0,0.0,0.0,0.0,0.0,0.0,0.0,0.0,0.0,0.0,0.0,0.0,0.0,-1.1263625121440766,0.0,0.0,0.0,0,0.0
"MATLAB 12-14 PM Thu, Nov 7, 2024 Run2 .csv",5.614784529593889,2454.3594363189986,0.3022765219074509,1202.4161119420473,0.005894296096424275,0.03352946359517606,0.09726669012109951,-1.402658860130238,0.000215,0.10503066580143461,0.0,1.4119998315005238,137.31811396106139,26.516953025981664,0.010550613374553996,1.9733355312156926e-11,0.0006047235594236624,0.001630350446430837,0.9975987578280582,-299.6354328972443,4.087427560077612,692154.9809441007,27.19899014426253,0.9730044159783747,0.42899784982916805,1.0,5.646533159881145,-0.032016614103395555,-1.423800712601094,0.06842660993337629,5.85364328116581,2182.041654331767,0.08202831145837586,1194.739861584424,0.005994319755190757,0.03080891955018983,0.09707178468210692,-1.0627442311575825,0.00038,0.1442306801393074,0.0,1.6459020863073373,103.62177816302894,24.2230069287148,0.010729652726274658,0.0006764223233298428,0.003323794217811034,0.9938837985223509,1469.3243617829341,3.648941893783101,461068.21459639235,9.031220111130093e-12,34.19959372439026,1.4620014701794581,0.19291469030208921,1.0,3.8712275078849845,-0.26752122277015594,-1.4397220934581534,0.06656405270099641,0,-0.5577332987466158
"MATLAB 12-14 PM Tue, Apr 2, 2024 Run1 .csv",4.502636519985092,1288.3882806041104,0.12092001482661438,830.2725778150428,0.0,-0.5261799342829208,-0.463022326647607,-3.2071381025967023,0.0,-0.8955668582779066,0.0,0.0,0.0,0.0,0.0,0.0,0.0,0.0,0.0,-1956.5558229970088,0.0,0.0,0.0,0.0,0.0,0.0,-1.3556565443765611,0.0,0.0,0.0,3.43667913424552,1484.9154637214062,-0.20513805193771767,573.8363800014885,0.0,-0.5289869094516966,-0.4636435483292266,-2.868217998338274,0.0,-0.8565082613537184,0.0,0.0,0.0,0.0,0.0,0.0,0.0,0.0,0.0,0.0,0.0,0.0,0.0,0.0,0.0,0.0,-1.1311824720859542,0.0,0.0,0.0,0,0.0
"MATLAB 12-16 PM Fri, Mar 8, 2024 Run1 .csv",4.704495990426936,1154.411717088331,0.1513912883394313,697.2299466168739,0.501510566464104,-0.19779187263173004,-0.34001134402480016,-0.14492122945263253,0.0017533333333333333,-0.8961643823572477,1.0,0.08103476696994626,-0.009078296811933395,5.403967160997478,1.5223636536565737,4.2016288923996325e-14,0.004736516797434005,0.045406347779609585,0.9498427854563808,-1763.2627271646288,4.29841929391192,21175.129815402077,9.864276778597779,1.4388467758151893,0.12695341062754878,0.0,0.6421537513657332,0.7243938479885345,-0.20194025418615613,0.002821545302867875,5.044396248076201,1299.7494887019373,-0.1134477476400996,888.1565269413917,0.0,-0.5301141675209999,-0.46505888183365424,-2.8736827638758435,0.0,-0.857247202846744,0.0,0.0,0.0,0.0,0.0,0.0,0.0,0.0,0.0,0.0,0.0,0.0,0.0,0.0,0.0,0.0,-1.133592452056893,0.0,0.0,0.0,0,0.0
"MATLAB 12-18 PM Fri, Mar 8, 2024 Run2 .csv",4.7105085483591695,1119.4449489691194,0.14738432195405338,684.5038920273413,0.2268528094554272,-0.3246410404093433,-0.3293003613007776,1.717287642573754,0.0028933333333333333,-0.8967619064365889,1.0,0.007134674700271248,0.043698242739317994,4.833730258678086,1.1140958608837406,3.6441533445188997e-14,0.007198990518201536,0.052106567385038556,0.9406820692080542,-1840.373299160596,4.304993639677477,22726.41049237665,9.727117581107198,1.534466312461808,0.1250605802591068,0.0,-0.36003595289197254,0.9069725676008737,0.5023278219560732,0.0032228103280067984,5.0340300379503935,1270.2328624895067,-0.1214834600833351,857.3628301084843,0.0,-0.5312414255903033,-0.46647421533808187,-2.879147529413413,0.0,-0.8579861443397697,0.0,0.0,0.0,0.0,0.0,0.0,0.0,0.0,0.0,0.0,0.0,0.0,0.0,0.0,0.0,0.0,-1.1360024320278317,0.0,0.0,0.0,0,0.0
"MATLAB 12-18 PM Tue, Sep 10, 2024 Run3 .csv",6.0359121032422465,2315.5575794835745,0.4358270518256199,1610.935444370925,1.2450339186657795,2.672080915371823,2.8222106186307583,-2.870547074747234,0.00029,-0.8973594305159301,1.0,-0.36220220421663435,83.71459769216813,37.254360678414166,0.38890497954667486,6.583250675222521e-15,0.1605273169003792,0.03529673460397589,0.8038590678227007,-1973.2773336511293,4.176697000085841,1230647.4813459527,0.16156263417956346,0.34704336819476195,0.25546008749938176,0.0,-0.36222565714967825,0.7096344633026916,-0.3531593915539535,0.01759172856807715,5.777580249868138,1810.445562948805,0.1014808625614731,1362.831794344108,1.2444880123156474,2.668997980165026,2.819660448236742,-2.5346105446314864,0.000285,-0.8587250858327954,1.0,0.6111085548711208,33.13611391280625,34.27493336905704,0.3887364813216594,0.17596765751633506,0.02507508840295256,0.7987183371496043,4.539006476661538,3.9041596007062846,939365.1679456745,1.3256241875721461e-14,0.2305262042133625,0.289869865094714,0.28436553091962197,0.0,-1.1384124119987704,1.4115216483952693,0.9229872231676737,0.016426485776901204,1,0.9621041338288322
"MATLAB 12-19 PM Tue, Sep 10, 2024 Run4 .csv",6.110271394726324,2624.710363407664,0.45318409862080306,1506.2300056651472,6.581969122684259,5.607990085818143,1.0406216029427817,-3.0250180657075036,0.00015,-0.8979569545952714,1.0,0.13648622375328645,34.15256429168333,35.913602972066364,1.0722730049190947,1.4459903352820808e-14,0.09405198921912916,0.0017027958354615268,0.9036562908062147,-1975.919940293178,3.993550541027249,799651.3362507462,0.19204280611065278,0.015184387387133775,0.04347839420407525,0.0,2.6355846385926163,0.002447063739641897,-1.9642977545690787,0.0465893110632897,5.764271301284559,2039.0407804605147,0.07870556627444569,1333.5565683803575,6.582575146446974,5.6039707194883155,1.0352951163132067,-2.690076060305983,0.00017,-0.8594640273258211,1.0,1.0264581421370038,101.35625977251082,43.392490125598776,1.072523161395303,0.12472709172894662,0.00077402593354725,0.8739621232294668,7.0069951212262405,3.579570279142362,687262.0276711265,3.599418326228684e-14,0.2787789947832402,0.011532944180700958,0.05095705299772033,0.0,2.859177608030291,0.4747550919587063,-1.3424698351358344,0.04424999058246613,0,0.8572374272128955
"MATLAB 12-20 PM Fri, Mar 8, 2024 Run3 .csv",4.649511424025752,1094.7358258521099,0.14414697629219883,661.9119707729126,0.19005361560548434,-0.3491484759516094,-0.34146741309296946,0.7705373636788622,0.0018866666666666667,2.1014455213253873,0.5,-0.09635074158067973,-0.04560590974540801,4.425307640671525,1.0429006343677132,3.889698726414176e-14,0.007286966818500523,0.061250249825752404,0.9314501165215376,-1864.9469137451276,4.243428539731428,20229.47074684697,9.472710580809263,1.643225895776984,0.13542876476920856,0.25,-0.36660506566508944,0.6290728915483468,-0.5340822448688134,0.002394578754901875,5.041078707087193,1246.3836356089448,-0.11574730511445311,860.5175827817404,0.0,-0.5346231997982133,-0.4707202158513647,-2.8955418260261214,0.0,-0.8602029688188467,0.0,0.0,0.0,0.0,0.0,0.0,0.0,0.0,0.0,0.0,0.0,0.0,0.0,0.0,0.0,0.0,-1.1432323719406479,0.0,0.0,0.0,0,0.0
"MATLAB 12-21 PM Thu, Nov 7, 2024 Run3 .csv",5.697376391439709,2472.265856794587,0.2983746322613317,1211.553789075104,0.001111850231316205,0.0633188535167839,0.1248935692269122,-1.533942545861946,0.00021,0.10084799724604632,0.0,1.7421972748490453,160.5154346753563,28.63936086288706,0.001866322948919146,1.538818372502513e-11,0.00030309942402027216,0.0008673622764374651,0.9986308301314425,1294.7161387373471,4.119732201521848,416407.54075180495,12.28881109868756,0.21357781876057375,0.1582111350485007,1.0,3.631205230077205,-0.03720093232095658,-1.2912210439981313,0.08338409304618838,5.793480354196829,2208.130025836805,0.03362253092850154,1159.9802434213834,0.0018227618965375827,0.06010579160517304,0.12376445011752218,-1.2009895898888798,0.00025,0.1390580896881276,0.0,1.6628285408394772,111.45851549730916,23.273823844602312,0.0030590631518099516,0.00027823401820577703,0.0013414443741704596,0.9965652962381959,3581.7521619558165,3.5963543757628678,323348.9431741909,1.0429140608327598e-11,15.596130073071238,0.263488797185407,0.06363468819832156,1.0,1.8543576480884134,-0.16781331131512264,-1.4517225466742185,0.05545874595642089,0,-0.4343225616949029
"MATLAB 12-23 PM Fri, Mar 8, 2024 Run4 .csv",4.669124557955286,1123.1988399353288,0.14795795898750094,662.0045366245814,0.5445989110865174,-0.24121972316073303,-0.338795447631789,0.1615928814733354,0.002213333333333333,-0.8997495268332949,1.0,-0.028381063353847432,-0.08388557659686269,4.446898588791646,1.8634948350689502,3.9557308384623684e-14,0.008209979298056596,0.06894577077334725,0.9228290386294737,-1894.853783972462,4.270332556971839,17442.265464919918,8.913722116415002,1.777448509704732,0.1449290696128108,0.0,-0.37098447418050085,-0.06699133863168054,-0.9434290185924206,0.002624768018722551,5.09078038007005,1284.5564621042997,-0.11182161005751212,864.2510445309374,0.0,-0.5368777159368199,-0.47355088286021996,-2.9064713571012604,0.0,-0.8616808518048981,0.0,0.0,0.0,0.0,0.0,0.0,0.0,0.0,0.0,0.0,0.0,0.0,0.0,0.0,0.0,0.0,-1.1480523318825255,0.0,0.0,0.0,0,0.0
"MATLAB 12-24 PM Tue, Apr 2, 2024 Run2 .csv",2.582165738352991,265.5327459541967,0.09956376350742463,663.285934551972,0.0,-0.5345065498470336,-0.4733344647796297,-3.2429000291834424,0.0,-0.9003470509126361,0.0,0.0,0.0,0.0,0.0,0.0,0.0,0.0,0.0,-2014.5001592009953,0.0,0.0,0.0,0.0,0.0,0.0,-1.3731741784382065,0.0,0.0,0.0,3.7129553056926152,603.0997778172201,-0.03216485714893891,1044.031575520706,0.0,-0.5380049740061232,-0.47496621636464753,-2.91193612263883,0.0,-0.8624197932979237,0.0,0.0,0.0,0.0,0.0,0.0,0.0,0.0,0.0,0.0,0.0,0.0,0.0,0.0,0.0,0.0,-1.1504623118534643,0.0,0.0,0.0,0,0.0
"MATLAB 12-25 PM Fri, Sep 6, 2024 Run0 .csv",5.785486945087604,2732.2210378594027,0.22052071795200623,1002.0438479612534,0.04830843740652059,-0.3411748279449897,-0.2621234822353657,1.9526817351161672,0.0044,0.09905542500802278,0.019230769230769232,-0.8323272617453195,51.908269992238104,16.84846772020625,0.24853528799690627,2.298990153126463e-11,0.00011851122464335529,4.4495918512113536e-05,0.9984877224119205,6403.515464496896,3.0327716674678924,591086.6522900857,14.457604260104818,0.10306435571242381,0.26060227534247826,1.0,-0.37536388269591225,-2.44342012204029,5.711909899180322,0.015826194584369707,6.138582997222975,2936.6285088635327,-0.08818494584127887,1103.8372158846362,0.04838773881540904,-0.3447400753847485,-0.2638815500583084,2.2826511169465524,0.00286,2.1368412652090507,0.5576923076923077,0.5060044261947395,58.645280414637114,19.03065561439087,0.24891816439078285,8.287990366583977e-05,3.81301716168922e-06,0.9992602131467626,12056.72507988958,3.1145739858322714,786884.8085221677,4.116357735401759e-11,19.96672087444367,0.1374867750264582,0.39385689739091023,0.4,-0.15287229182440298,-0.49759818913434156,-0.8728106573071202,0.11830603718757635,0,0.6749739711353322
"MATLAB 12-26 PM Thu, Nov 7, 2024 Run4 .csv",5.735299003756472,2467.649790672325,0.2965126128013683,1220.258636267303,0.00150707180606546,-0.028327093076721543,0.03213750023945394,-1.3518215089582792,0.00019,0.09845790092868156,0.0,2.6961571614752535,157.56411204164976,28.08132995540988,0.002965152702917768,1.531377038970579e-11,0.0002551939104191543,0.0006316107236657399,0.9988455809663138,1885.0788663962617,4.352566655261935,475465.7145901479,13.38886706048054,0.1659298494444424,0.16625791540911025,1.0,-0.37755358695361796,-0.5475390516717042,-1.2374558351798906,0.07413218736648558,5.758670529777054,2210.776427367787,0.0209215542001972,1143.5329375991214,0.001681645650335583,-0.03199837948338968,0.030203116175246625,-1.022846651842121,0.00023,0.13610232371602493,0.0,1.2466427372722473,99.18859195561859,20.9775354755052,0.0033086254585708045,0.0002588853248920246,0.0008430888017060828,0.9977108079766676,3853.871625951725,3.844766206366169,429465.7922329437,1.1430219956311654e-11,16.889536623579822,0.17711171067373918,0.06967146029106197,1.0,-0.1552822717953417,0.5613363742903207,-1.2412674430040103,0.031120046377181965,0,-0.48822603418563515
"MATLAB 12-27 PM Fri, Mar 8, 2024 Run5 .csv",4.77425433357644,1128.8477252703315,0.1531299896351995,679.9154388402819,0.2465703892018675,-0.3378479497796849,-0.35145151669000285,1.7437225863368764,0.00326,-0.9021396231506597,1.0,0.014802440721447634,-0.04418135540660595,4.495894148927907,1.2342028989245748,3.7475691924926456e-14,0.016136547391755404,0.07321269036726116,0.9106388812132834,-1979.7959690850466,4.36168357640568,16722.930940534636,9.068385580536425,1.8926343241954524,0.1517569243986986,0.0,-1.3797432912113234,0.9963809614245837,0.4947944114456577,0.0025232470035552977,5.141335984312883,1313.388024279609,-0.10714980048278466,869.500367137329,0.0,-0.5413867482140332,-0.4792122168779304,-2.9283304192515383,0.0,-0.8646366177770007,0.0,0.0,0.0,0.0,0.0,0.0,0.0,0.0,0.0,0.0,0.0,0.0,0.0,0.0,0.0,0.0,-1.1576922517662804,0.0,0.0,0.0,0,0.0
"MATLAB 12-27 PM Fri, Sep 6, 2024 Run1 .csv",5.755415712600472,2592.9576969631353,0.30101485675188744,1091.901553139556,0.0,-0.5386698576290901,-0.478490533845641,-3.2607809924768123,0.0,-0.9027371472300009,0.0,0.0,0.0,0.0,0.0,0.0,0.0,0.0,0.0,-2043.4723273029886,0.0,0.0,0.0,0.0,0.0,0.0,-1.3819329954690291,0.0,0.0,0.0,6.093958802182487,2746.6739019176916,0.008931268748649912,1146.4957082983763,0.0,-0.5425140062833366,-0.48062755038235805,-2.933795184789108,0.0,-0.8653755592700264,0.0,0.0,0.0,0.0,0.0,0.0,0.0,0.0,0.0,0.0,0.0,0.0,0.0,0.0,0.0,0.0,-1.1601022317372192,0.0,0.0,0.0,0,0.0
"MATLAB 12-28 PM Thu, Nov 7, 2024 Run5 .csv",5.806787933916547,2468.5090856964634,0.3140875125090975,1230.3655050217958,0.0013556456518569555,-0.06577897767828178,-0.005979551534065264,-1.1652407313831792,0.000265,0.09666532869065803,0.0,2.8722152561254517,139.94854980029885,27.037562784310726,0.0028604240487195703,1.4830490736530895e-11,0.0004441002232764575,0.0006267492846357369,0.9986298003115959,197.94326214879902,3.9203621839458345,734128.267644492,29.410982530682634,0.32976939393312404,0.4444217145163567,1.0,2.615877300273265,-0.649401976816722,-0.7642730499540549,0.05378862887620928,5.812782589692128,2231.881099660107,0.039427925552066645,1158.4523925500946,0.0018305523939126183,-0.0696339477002868,-0.007642884307136333,-0.839249448409702,0.00031,0.13388549923694792,0.0,1.5515109906658475,94.7459914854283,20.424363199311944,0.003861865270014775,0.00042217317614428386,0.0007806715859135332,0.9969696443216143,2361.5182125661277,3.539715411086882,535323.9080674739,1.1879554846495856e-11,37.08441740490044,0.3269339711598204,0.18478433549214351,1.0,1.837487788291842,-0.3504102946125796,-1.5516152986774348,0.03789191573858261,0,-0.458008321392173
"MATLAB 12-29 PM Fri, Sep 6, 2024 Run2 .csv",5.795777136564452,2716.9772531935914,0.21691410552626741,1012.2998740354241,0.02472646887226717,-0.20674806353986602,-0.14806856867368562,-0.2696914711679481,0.00029,0.09606780461131681,0.03333333333333333,-0.8508425559042403,86.24652508530247,18.72413384494597,0.074030579689492,1.259073419636702e-11,7.865778051441165e-05,3.965703790311978e-05,0.9984419526496435,10635.534160136885,3.541757306307382,433970.79710630106,9.218417597526505,0.06184463956057321,0.15874726518273047,1.0,0.6136875960155594,0.0196063579424584,-0.9866147622538524,0.012839195728302,6.091700865714515,2950.8145080972604,-0.10026739725595371,1115.1262046871627,0.024749050573085095,-0.2107650744416904,-0.15045821768626377,0.055305287091302446,0.00063,1.1331465577439221,0.16666666666666666,0.29087102608670967,99.74667998402825,20.97430731006526,0.07409818887423081,6.747508909923586e-05,4.271489248222088e-06,0.999418260590564,14811.662702967551,3.21650045804849,607180.3981208093,2.5107635167560903e-11,12.790199562475257,0.08861835806727653,0.2686805648787193,0.7407407407407407,0.8350778083209032,-0.7014563048969435,-0.9123910614051014,0.08582059741020198,0,0.38356906755202835
"MATLAB 12-29 PM Fri, Sep 6, 2024 Run3 .csv",5.827929995443653,2703.90370478398,0.22218971830900644,1026.2420980446075,0.007954231745610201,-0.2788707170767158,-0.2207575858757832,0.5258462887968562,0.00037,0.0954702805319756,0.0,-0.82259450797807,69.02146259160165,16.7470776820432,0.03025324316650326,1.8191676776401186e-11,7.279933883676815e-05,4.3282194174809386e-05,0.998823990406639,11655.032910921796,3.2725136404424884,455750.8217320698,12.121474198682758,0.0800647385232084,0.2029434807282398,1.0,1.6114978917578537,-0.5850595885076192,0.7546600628621425,0.009244677126407613,6.091336450186704,2952.534234053535,-0.10153198648926731,1118.003065292533,0.007919082179238762,-0.2830011861293326,-0.2229735511288652,0.8498485223418792,0.00096,1.1324076162508967,0.07894736842105263,-0.19747123411911557,71.47749631731104,18.98523163712317,0.03012265124149702,6.10197663258788e-05,4.151135931899622e-06,0.9995431340507338,16380.645063644277,3.151055802330679,669997.0912398531,4.212599308922737e-11,16.98046042656373,0.11740105059301827,0.3555138473179917,0.8157894736842105,1.8326678283499644,-0.16743246205902118,-1.1938513863505742,0.09563938230276109,0,0.3741911799517657
"MATLAB 12-29 PM Tue, Apr 2, 2024 Run3 .csv",3.6789354310143394,528.0461598394033,0.1840271288377999,881.2204077257613,0.0,-0.5428331654111466,-0.4836466029116524,-3.278661955770182,0.0,-0.9051272435473656,0.0,0.0,0.0,0.0,0.0,0.0,0.0,0.0,0.0,-2072.444495404982,0.0,0.0,0.0,0.0,0.0,0.0,-1.390691812499852,0.0,0.0,0.0,4.466174855737426,870.1407738773161,0.053014103904229004,1136.7950140437915,0.0,-0.5470230385605499,-0.4862888844000685,-2.9556542469393863,0.0,-0.8683313252421291,0.0,0.0,0.0,0.0,0.0,0.0,0.0,0.0,0.0,0.0,0.0,0.0,0.0,0.0,0.0,0.0,-1.1697421516209743,0.0,0.0,0.0,0,0.0
"MATLAB 12-31 PM Fri, Jun 28, 2024 Run0 .csv",4.911798684361679,1619.0460438125128,0.5718758862556934,1778.0214404998555,0.0,-0.5438739923566607,-0.48493562017815517,-3.2831321965935247,0.0,-0.9057247676267067,0.0,0.0,0.0,0.0,0.0,0.0,0.0,0.0,0.0,-2079.68753743048,0.0,0.0,0.0,0.0,0.0,0.0,-1.3928815167575577,0.0,0.0,0.0,3.48806193011521,757.528006284857,0.013244085188112653,1383.9217133943234,0.0,-0.5481502966298532,-0.48770421790449614,-2.9611190124769555,0.0,-0.8690702667351548,0.0,0.0,0.0,0.0,0.0,0.0,0.0,0.0,0.0,0.0,0.0,0.0,0.0,0.0,0.0,0.0,-1.172152131591913,0.0,0.0,0.0,0,0.0
"MATLAB 12-31 PM Fri, Mar 8, 2024 Run6 .csv",4.899440211730049,1114.1083119127666,0.178528471540524,716.6473763371907,1.4640399320410151,0.11704518011178477,-0.24712463765757875,-2.2209286586455934,0.00020666666666666666,0.09367770829395206,0.1875,0.0259511192786169,-0.02520633124037941,4.457454798006316,2.2116743207099305,2.2354908053776765e-14,0.02085840120749166,0.09852822845772922,0.8805963724598711,-2044.7127525142091,4.457666159646112,16913.03549189422,7.386377964756044,1.9528522979621248,0.16196901806043676,1.0,-0.3950712210152634,0.7939344858262053,-0.35979939793644977,0.001181145608425152,5.189807944981576,1334.251883428469,-0.08910501914834304,903.7229454197083,0.0,-0.5492775546991565,-0.48911955140892377,-2.966583778014525,0.0,-0.8698092082281804,0.0,0.0,0.0,0.0,0.0,0.0,0.0,0.0,0.0,0.0,0.0,0.0,0.0,0.0,0.0,0.0,-1.1745621115628517,0.0,0.0,0.0,0,0.0
"MATLAB 12-31 PM Fri, Sep 6, 2024 Run4 .csv",5.803688899286319,2780.7634660798076,0.22972810850917416,984.5838117565512,1.0401334561770428,0.745944352609416,0.4891863444234574,-2.4920646774520634,0.00189,-0.9069198157853892,1.0,-1.513123600536412,362.18220574921787,36.464949320203395,0.805119171063712,7.281808729026063e-12,0.000140497849274451,5.3580656112072115e-05,0.9979155642872093,5008.536985410898,4.345951819124988,296296.1675238724,2.405179800086334,0.020498419379910097,0.04965358233648741,0.0,-1.397260925272969,-1.1602345318441794,-0.3902468945768178,0.053344795703887976,6.054224087926949,2954.6903091383247,-0.08784342861837086,1064.3010741429866,1.0404729476641017,0.7416523289456504,0.4861651142212675,-2.172040542763948,0.00093,-0.8705481497212061,1.0,2.2966295237116,426.77403832629415,43.01626647575783,0.805284003371365,0.00019105904734162282,7.109605744084233e-06,0.999264457279503,5230.134197690046,3.1279198425324344,414533.60997867316,1.8543747616396316e-11,3.492088908781346,0.028478361899244627,0.08636820388827085,0.0,-0.17697209153379045,-0.9181525929427705,-0.7056011059028506,0.15408175379037858,0,0.883582127086378
"MATLAB 12-34 PM Fri, Jun 28, 2024 Run1 .csv",2.9494599195019586,450.04454496218347,0.43169849119813386,1081.7218887408487,0.0,-0.546996473193203,-0.4888026719776637,-3.296542919063552,0.0,-0.9075173398647304,0.0,0.0,0.0,0.0,0.0,0.0,0.0,0.0,0.0,-2101.416663506975,0.0,0.0,0.0,0.0,0.0,0.0,-1.3994506295306746,0.0,0.0,0.0,2.0144534423492253,183.98169715152991,-0.14082878758440798,642.7800359024452,0.0,-0.5515320708377631,-0.491950218417779,-2.977513309089664,0.0,-0.8712870912142318,0.0,0.0,0.0,0.0,0.0,0.0,0.0,0.0,0.0,0.0,0.0,0.0,0.0,0.0,0.0,0.0,-1.1793820715047292,0.0,0.0,0.0,0,0.0
"MATLAB 12-34 PM Tue, Sep 10, 2024 Run5 .csv",5.9702744083181845,2914.460763211922,0.3380090613160194,1320.30152029365,2.8049499981979613,2.651802697022373,1.7554083087662087,-3.0010116596130407,0.00033,-0.9081148639440715,1.0,-0.3932008130887607,140.02773734185539,38.99298589959211,0.8765907047497761,1.6570114327398282e-14,0.0028333499253765425,0.000310899710356704,0.9966623423836249,-1756.8985857861462,4.129491920295982,189243.6697282095,0.27160179492658076,0.003988301439126056,0.009217966896393707,0.0,0.5983596662116197,-0.44475875574999557,-0.9440001806206544,0.0197840684652328,5.766939063779704,2337.5151059090613,0.015922957738251697,1165.1728621865593,2.8013708437881557,2.6474006682538302,1.7532344460871945,-2.6829765743533796,0.000195,-0.8720260327072574,1.0,1.5907047673518002,103.56906823387162,40.187490866238406,0.8754119754859412,0.003586580717336482,9.205406467487118e-05,0.9961331787095759,277.7389545130155,3.5226416377016263,219280.40989725725,3.580806446714046e-14,0.38133607055187263,0.002447800497912044,0.005713595824984074,0.0,1.818207948524332,0.17306716014647783,-0.95421517377918,0.028166138231754283,0,0.7962974758946345
"MATLAB 12-36 PM Tue, Oct 29, 2024 Run0 .csv",6.112774019947322,2658.4159082929236,0.7120127416239167,1489.254653088882,0.0,-0.5490781270842312,-0.49138070651066934,-3.305483400710237,0.0,-0.9087123880234127,0.0,0.0,0.0,0.0,0.0,0.0,0.0,0.0,0.0,-2115.9027475579715,0.0,0.0,0.0,0.0,0.0,0.0,-1.403830038046086,0.0,0.0,0.0,5.718779943059423,1968.1994847605981,0.3076334356739638,1475.4407813853404,0.0,-0.5537865869763698,-0.49478088542663423,-2.988442840164803,0.0,-0.8727649742002832,0.0,0.0,0.0,0.0,0.0,0.0,0.0,0.0,0.0,0.0,0.0,0.0,0.0,0.0,0.0,0.0,-1.1842020314466069,0.0,0.0,0.0,0,0.0
"MATLAB 12-37 PM Fri, May 31, 2024 Run1 .csv",5.744489985119733,961.706418171158,0.25977503905210647,878.0545996552933,0.0,-0.5501189540297453,-0.4926697237771722,-3.3099536415335797,0.0,-0.9093099121027539,0.0,0.0,0.0,0.0,0.0,0.0,0.0,0.0,0.0,-2123.1457895834697,0.0,0.0,0.0,0.0,0.0,0.0,-1.4060197423037917,0.0,0.0,0.0,5.212874407352852,824.5566343664225,-0.02122459574656771,1026.386064470248,0.0,-0.5549138450456732,-0.49619621893106186,-2.993907605702373,0.0,-0.8735039156933089,0.0,0.0,0.0,0.0,0.0,0.0,0.0,0.0,0.0,0.0,0.0,0.0,0.0,0.0,0.0,0.0,-1.1866120114175456,0.0,0.0,0.0,0,0.0
"MATLAB 12-38 PM Fri, Jun 28, 2024 Run2 .csv",5.46948659277753,1473.4249013305714,0.36658027855354103,1085.0945842573522,0.0,-0.5511597809752595,-0.49395874104367504,-3.3144238823569223,0.0,-0.9099074361820951,0.0,0.0,0.0,0.0,0.0,0.0,0.0,0.0,0.0,-2130.388831608968,0.0,0.0,0.0,0.0,0.0,0.0,-1.4082094465614974,0.0,0.0,0.0,4.726697591854679,1277.6432882874337,-0.11940985318339992,771.457762955218,1.4891215138308662,1.872133894735934,1.975738445372826,-2.4993673707473505,0.00016,-0.8742428571863345,1.0,1.0361192706330025,44.225671728558964,25.413782096451264,0.6132677896563606,0.08753719653938763,0.10282417017328734,0.8095445501500614,9.248006357912141,2.5218048710929466,177202.4395373606,3.559372541749197e-15,0.05562820036915431,0.12444638761356155,0.005279760598853887,0.0,-0.1890219913884843,0.6786320263833306,-0.7626659128349851,0.005381256341934201,0,0.0
"MATLAB 12-39 PM Tue, Oct 29, 2024 Run1 .csv",5.501384143650874,2336.2349665757692,0.2901035184696823,1234.9464843453077,0.0,-0.5522006079207736,-0.49524775831017787,-3.3188941231802644,0.0,-0.9105049602614362,0.0,0.0,0.0,0.0,0.0,0.0,0.0,0.0,0.0,-2137.6318736344665,0.0,0.0,0.0,0.0,0.0,0.0,-1.410399150819203,0.0,0.0,0.0,5.941739983514028,2401.434243542754,0.09101890887813713,1157.5289041595004,0.0,-0.5571683611842798,-0.49902688593991706,-3.0048371367775117,0.0,-0.8749817986793602,0.0,0.0,0.0,0.0,0.0,0.0,0.0,0.0,0.0,0.0,0.0,0.0,0.0,0.0,0.0,0.0,-1.191431971359423,0.0,0.0,0.0,0,0.0
"MATLAB 12-40 PM Fri, Jun 28, 2024 Run3 .csv",5.354229072175055,1334.9501650228706,0.3595734556939264,1093.306801551636,0.0,-0.5532414348662877,-0.49653677557668074,-3.3233643640036075,0.0,-0.9111024843407775,0.0,0.0,0.0,0.0,0.0,0.0,0.0,0.0,0.0,-2144.8749156599647,0.0,0.0,0.0,0.0,0.0,0.0,-1.4125888550769088,0.0,0.0,0.0,4.8298573171222134,1179.1705537870948,-0.10514092654385712,817.7210343173174,0.16911671168615575,0.09637104683300424,0.07555778004528002,-2.610297901921008,0.00013,0.12427925982761412,0.25,-0.4908662237834638,1.3760268090774597,11.325985312321516,0.25832491624644305,0.11928447408049064,0.15000293425024694,0.7306185959298753,6.125009994484859,2.495387344062512,135298.04995005002,1.0739682746607305e-15,0.04690336252982547,0.13955146173573485,0.004618622485735176,1.0,-0.19384195133036175,0.44034449123833436,-1.2608796183750282,0.004572622179985025,0,0.0
"MATLAB 12-41 PM Tue, Apr 2, 2024 Run4 .csv",2.6309196520815656,271.97927729587394,0.08361815994081942,660.152806306386,0.0,-0.5542822618118018,-0.4978257928431835,-3.3278346048269496,0.0,-0.9117000084201187,0.0,0.0,0.0,0.0,0.0,0.0,0.0,0.0,0.0,-2152.117957685463,0.0,0.0,0.0,0.0,0.0,0.0,-1.4147785593346143,0.0,0.0,0.0,3.566127928648758,570.3303443152512,-0.09122515792655783,1006.6284102320462,0.0,-0.5594228773228864,-0.5018575529487723,-3.0157666678526507,0.0,-0.8764596816654115,0.0,0.0,0.0,0.0,0.0,0.0,0.0,0.0,0.0,0.0,0.0,0.0,0.0,0.0,0.0,0.0,-1.1962519313013005,0.0,0.0,0.0,0,0.0
"MATLAB 12-42 PM Fri, Jun 28, 2024 Run4 .csv",5.549271425386869,1454.055560002842,0.40781804091020946,1123.1738961538622,0.0,-0.555323088757316,-0.4991148101096864,-3.332304845650292,0.0,-0.9122975324994599,0.0,0.0,0.0,0.0,0.0,0.0,0.0,0.0,0.0,-2159.3609997109616,0.0,0.0,0.0,0.0,0.0,0.0,-1.4169682635923202,0.0,0.0,0.0,5.001561689621582,1240.76969458423,-0.07673038144823899,821.8828959574387,1.8994499983183464,1.4874998627938287,1.5447771117328186,-2.721228433094665,0.00019,-0.8771986231584372,1.0,-0.024303689783876804,13.272479468678103,22.566072532443822,0.9274431776571427,0.12438621628957039,0.11053106211443156,0.7648939231886898,6.149346334388218,2.704911534021029,177895.50503608678,2.8822611905550782e-15,0.04037677212607539,0.09164557398227104,0.004611524525404177,0.0,-1.1986619112722394,0.5594832086961997,-1.4999999999999991,0.011170203089714052,0,0.0
"MATLAB 12-44 PM Fri, Mar 8, 2024 Run7 .csv",4.8176229037176475,1136.9702907319129,0.16247062899946232,669.0101897020475,0.4253236172883413,-0.2915850697838503,-0.35300382750677795,0.19658180570620987,0.0012866666666666666,-0.912895056578801,1.0,-0.001975661075816399,-0.0614468510379087,4.386897545214143,1.6063353392607767,3.868253912334802e-14,0.007706527924562999,0.09237306525236182,0.8999066722641896,-2049.832042585465,4.401510058331526,14497.12853220771,9.274671269422125,2.424653770521321,0.18148745976111136,0.0,0.5808420321499743,1.3923629432078883,1.715392615464749,0.0023799610137940005,5.17239059956782,1300.1856744646552,-0.08932168092807735,850.2334469756955,0.0,-0.5616773934614931,-0.5046882199576276,-3.0266961989277896,0.0,-0.8779375646514629,0.0,0.0,0.0,0.0,0.0,0.0,0.0,0.0,0.0,0.0,0.0,0.0,0.0,0.0,0.0,0.0,-1.2010718912431781,0.0,0.0,0.0,0,0.0
"MATLAB 12-46 PM Tue, Sep 10, 2024 Run6 .csv",5.905265693761559,2667.458097302963,0.34859469040017693,1370.0057410138725,1.9174481486180628,2.0770452550144674,1.735807153373099,-2.9912435769774812,0.000785,-0.9134925806581422,1.0,-3.3406965299984925,339.5211007862483,62.346587092149385,0.7278362277967519,8.071597468316013e-14,0.0017933997509280847,0.0003649272504049633,0.9973773197089623,-1617.7093240723966,4.356365052689129,220992.02173928684,0.5036214085337749,0.007058201842102742,0.012246386554975149,0.0,0.5786523278922686,0.9429941615473504,0.16168762274757587,0.0185542505979538,5.662138058385628,2231.001665314748,-0.007008505734768411,1138.65626008376,1.9169802950293753,2.071478679465498,1.7311464445539624,-2.6821592141458632,0.000535,-0.8786765061444886,1.0,1.2884978641140084,119.2681335253668,54.470632484482806,0.7277046749198262,0.002125880828134343,6.471368538035539e-05,0.9975690032514112,469.24972935894544,3.6597642658512313,281617.029512426,1.6976220693491116e-13,0.6836460565613081,0.0038803201498629073,0.008951524836176344,0.0,2.796518128785883,1.3718309796509676,0.6895959074708715,0.038536220788955744,1,0.9872169002168563
"MATLAB 12-47 PM Fri, Jun 28, 2024 Run5 .csv",5.4538066058147905,1586.2763647443812,0.31125731909756355,1013.9115242107134,1.4383067818014232,1.6102210951548033,1.4412181363674081,-2.9457115677262466,0.00038,-0.9140901047374834,1.0,-0.6865238073507849,430.1194482687765,55.556385264598966,0.663221695238312,9.484898653839882e-15,0.022664904377218055,0.2615521579070585,0.7156424151935149,-2149.5152114051634,3.7802181431758846,285177.64465545426,0.10097739085214104,0.542308565032541,0.023085572087137598,0.0,1.576462623634563,0.051162579576901505,-1.7680093885560095,0.0136666241288185,5.164663053678912,1416.1158741480979,-0.09299427687159281,800.1230576458051,1.0155282454763324,0.7412966606733072,0.16948111243665553,-2.237617729214782,0.00112,0.12058455236248578,0.625,0.8781763358144706,241.6931816704359,38.17309537113014,0.7780462890600143,0.013445442044204794,0.16058886952964588,0.8258906930143137,61.425328397461364,3.2156745110152807,193238.75843569436,1.4315861216686858e-13,0.4441454589427045,1.1366942831847535,0.016615350817247056,1.0,-1.2058918511850556,0.7043516215737089,-0.7724071757959661,0.03836305677890778,0,0.5944862252553662
"MATLAB 12-47 PM Thu, Nov 7, 2024 Run6 .csv",5.899154286286931,2528.130251774044,0.29667463700671837,1277.947955629359,0.0008475163847737411,-0.18381716610264465,-0.1287708795067487,-0.6501588062836676,0.0003,0.08531237118317536,0.0,3.6475057684838235,126.69976200533875,25.526468141877164,0.0022560175710650446,1.2926960779051628e-11,0.0002455309865187248,0.0002815503524355486,0.9990208180570957,1880.4845086105788,3.9455906964910086,454381.70234192756,14.788310925636413,0.10640014413202688,0.18510657193009633,1.0,1.5742729193768572,-0.3762773960542808,-1.2535520995266265,0.05888861417770386,5.621279368852726,2318.2223461105405,-0.010724408693899734,1119.5393922866958,0.000997489451218047,-0.18945532184800157,-0.13328422080292812,-0.34306349288050386,0.00028,0.1198456108694601,0.0,1.9429882609027211,63.16757391240516,17.392466646413105,0.00265569552153188,0.00031162015883729437,0.00022631613968014685,0.998446460621549,3204.0496492489947,3.1544336978575114,477089.6884725351,1.8131206009991125e-11,17.52968741305133,0.08997129999935947,0.09576149742147318,1.0,3.7916981688440057,0.013889019065259516,-0.8630069906319866,0.01496953070163723,0,-0.7813808611647152
"MATLAB 12-51 PM Fri, Jun 28, 2024 Run6 .csv",5.3911173989618835,1591.9555692925367,0.300254017610644,1090.4415644554517,4.806549995745562,4.373422772147826,4.428390099190512,-3.0546530494714497,9e-05,-0.9152851528961657,1.0,0.3384630043947658,169.64470708049095,34.06070115814764,0.9741789033127781,8.305206089712632e-16,0.04220770705207352,0.28097921725274977,0.6766517060304158,-2179.54473707459,3.8876989274132283,309583.20697259245,0.053235415905629156,0.2610108637150125,0.012004233616251369,0.0,-0.4279167848808485,0.707069655988453,-1.5000000000000002,0.0044071686267853,4.952286750357126,1403.303341114191,-0.09668056391147853,843.4977145026061,1.0212605975718594,0.6668135731699072,0.3741504452430129,-2.148546260191403,0.00091,0.11910666937643444,0.6666666666666666,0.34517925963591034,48.48730791633289,26.244050851304948,0.8282729914645786,0.02875014186876774,0.17816521331871618,0.7929610452991377,27.5811176486944,3.3372584272957413,233741.6543150372,1.642031810426484e-14,0.21159921057956563,0.5487378134624569,0.008481932092783416,1.0,-0.21071181112693305,1.4762860088265106,1.396068201103537,0.010890377759933498,0,0.9252441993483324
"MATLAB 12-52 PM Fri, Jun 14, 2024 Run0 .csv",6.282742093068396,2274.409762374118,0.6096600240840954,1425.8389497141518,0.0,-0.5615680504304006,-0.5068489137087033,-3.359126290590347,0.0,-0.915882676975507,0.0,0.0,0.0,0.0,0.0,0.0,0.0,0.0,0.0,-2202.819251863951,0.0,0.0,0.0,0.0,0.0,0.0,-1.430106489138554,0.0,0.0,0.0,6.01359350419404,3330.275233633743,0.09917600365008705,1106.7126455197188,0.08415908684858844,-0.44794862367270166,-0.41096488756908134,5.346063981659901,0.00491,2.1183677278834088,0.10714285714285714,0.053807359463236025,0.03160935703499046,5.210799901856617,0.7050562933004738,0.004196699606284007,0.0520412097476957,0.9423473475306754,224.54486523639525,5.443987127638116,20713.936596898773,1.0770666875418375e-13,2.2095476738582187,4.179122108721408,0.18516237487227502,0.07641196013289037,-1.2131217910978718,1.2811236255692753,2.1031880688763414,0.0062494859099388005,0,0.0
"MATLAB 12-53 PM Mon, Mar 11, 2024 Run0 .csv",4.680033821619596,1153.756996612839,0.14452669294271034,712.9305780674221,0.13717067904384675,-0.40049239400321723,-0.39343793107632885,2.769777696521135,0.0028866666666666667,0.08351979894515182,0.9021739130434783,-0.006198092468234677,0.08201693904439677,5.027964585082575,0.846124195332429,7.453010537306806e-14,0.00832128241316202,0.01877128816139117,0.9728943047511428,-2093.1459033085594,4.250238914652645,29891.173631971946,13.483144098990184,1.1307358257966176,0.1218679568288642,1.0,0.5677038066037401,0.8352650437256964,0.2714813237799274,0.0028287738561630534,4.819397539196549,1284.2394864536523,-0.12041140972000972,866.0045536359684,0.0,-0.5684409418773131,-0.5131802209841932,-3.059484792153207,0.0,-0.8823712136096169,0.0,0.0,0.0,0.0,0.0,0.0,0.0,0.0,0.0,0.0,0.0,0.0,0.0,0.0,0.0,0.0,-1.2155317710688105,0.0,0.0,0.0,0,0.0
"MATLAB 12-54 PM Fri, Jun 28, 2024 Run7 .csv",5.16088983664613,1767.1661101613672,0.17781692938186303,819.2116984942593,0.0723922326564192,-0.3129445763381999,-0.27292694845231447,0.6319732317037001,0.00211,0.08292227486581061,0.1,0.3429284310616122,28.399699664687983,11.225531058918298,0.2887544951264895,2.2185228827515347e-12,0.0021331902046413716,0.14742419938652376,0.8503738466169692,-1818.6658499625303,4.22078665319286,249313.79409278612,5.998589939992045,16.525461205536967,0.4400605329237172,1.0,-1.4344858976539654,-1.6022260876770191,2.205166088180845,0.005340133905410813,4.840243686611644,1581.265866527391,-0.17893325113404007,704.6307016519332,0.06652556482029272,-0.3122655685954078,-0.2775955546986191,0.835089446151438,0.00255,0.11688984489735743,0.0,0.429339928606724,40.55813645173165,11.481094755960525,0.2585498814020591,0.0006617656677765246,0.0889327078957559,0.9103538557541719,1375.6438269348153,4.01409559598853,203313.156636515,6.310180932521249e-11,25.839666312290905,34.40070893763747,0.31618083352263066,1.0,-1.2179417510397492,-0.8300376533715942,0.09580341584604302,0.019456695318222084,2,0.3715522386802022
"MATLAB 12-54 PM Thu, Nov 7, 2024 Run7 .csv",5.8695579918253635,2465.2865727818844,0.285761172957808,1319.3281242627668,0.0008652002238134222,-0.21639053157524674,-0.16246596581601191,-0.3724770092047964,0.0003,0.0823247507864695,0.0,2.6735787626682246,101.11670851898228,23.238030843245326,0.002484066105596524,1.3023044314531756e-11,0.00021312196539911328,0.000229569224261987,0.9990446480169931,2463.117889335586,2.963604117978609,459600.7376529009,8.68097245770123,0.05030137651507018,0.09155649660823974,1.0,0.5633243980883289,0.008340185649845101,-1.0340562509973512,0.0454354733228684,5.529402304699866,2287.254751909458,-0.03125403120981873,1163.7041014097051,0.0007337352015706299,-0.22248117260986267,-0.16776088830162172,-0.07035431937276782,0.00028,0.11615090340433176,0.0,1.5771520188641441,59.27669176194254,16.256381865405437,0.002107136990991085,0.00028000952430983097,0.00015865192861867877,0.9984556925567873,3565.791895892779,2.5377249955526393,409900.44939936197,1.899127995434728e-11,10.267595020956243,0.041599653136490715,0.05080585999618924,1.0,-0.22035173101068817,0.36946019542871145,-0.6509718091932597,0.008440701365470898,0,-0.5875198754205649
"MATLAB 12-54 PM Tue, Apr 2, 2024 Run5 .csv",4.463769549876189,1782.2040633462275,0.12500990663799885,563.6919212030301,0.08193837864229113,-0.45720744526504065,-0.43255498284511285,6.023180758197094,0.0048,2.0817272267071285,0.0425531914893617,-0.0018080587511825972,0.21129103637202062,4.851960166036337,0.7550260252963156,2.297895418517784e-12,0.0014919697152383144,0.021908721841162576,0.9765567818459384,-1577.2494598498495,4.059544736694776,6719.2425820067565,4.606503474245453,1.3651586088935899,0.10799453117425838,0.08843537414965986,-0.4388653061693768,1.3530879318440285,1.2852156204544283,0.006666653752326959,4.235723595699961,1866.343230693452,-0.16385308391530556,705.4757172336335,0.11685342208561264,-0.42844392833336914,-0.4084262215940273,3.7242569199733957,0.00476,2.115411961911306,0.14705882352941177,0.0007530677425178903,0.12988604461879616,4.506418155357023,0.8149979778588392,0.0008750149963793563,0.01342140925154774,0.9855616664134442,1126.3368862151035,3.9334919280765597,20111.14947881182,6.720533259749982e-13,2.00588772695569,0.3988259324018228,0.03645732497968073,0.12857142857142856,-0.2227617109816269,1.041966202481891,0.9842618636093263,0.003523518145084375,2,-0.15553299554799432
"MATLAB 12-54 PM Tue, Sep 10, 2024 Run7 .csv",6.017299760921917,2785.5003479223597,0.3670430742015231,1344.3780685411928,3.2841709944645894,3.4463278112784135,2.4879059972861866,-3.131476244478848,0.000265,-0.9188702973722129,1.0,-0.9872686863668163,395.4033183942563,52.751879596469216,0.8183626117916123,1.3376643743706597e-13,0.023707328311716507,0.00046824915585464566,0.9751072522775794,-2197.9034142640753,3.1280226767817205,1476265.769226396,0.8322688023910002,0.017965252327194273,0.03582837140687796,0.0,0.5589449895729175,-0.6517425841067837,-1.313282200985697,0.040416929721832306,5.898910352449503,2311.1411713398156,0.0372085902020195,1181.9270364315873,3.3130801238327225,2.6375900229945284,1.3428584433402357,-2.781342354029631,0.000945,-0.8853269795817196,1.0,0.70231534470119,281.1812823468939,56.08705103126515,1.0319385918800958,0.03469136861016908,0.0001793793402532526,0.9647800265038843,27.81037661976467,2.9936672142072562,1212288.886328917,2.338392235220929e-13,1.0988771714663406,0.011013226905090392,0.02664133445326513,0.0,0.7748283090474344,0.07232333079616281,-0.1890980201291259,0.02252995491027833,0,0.8023790662314333
"MATLAB 12-55 PM Tue, Sep 10, 2024 Run8 .csv",6.057773741453369,2804.850995016898,0.3741604087901569,1286.460940914072,1.7900225370648575,1.9013203190382304,0.9943669813536007,-3.035945985210906,0.000695,0.08053217854844585,0.5714285714285714,-2.2585134792074824,467.7174822791201,67.04369699492537,0.7249598531145985,6.583367778260377e-13,0.008061413413711482,0.0003155507563614724,0.9910873524337204,-2123.3353719650104,2.9395194023973743,782450.1838763987,1.2751499361598815,0.021419005022465794,0.03827212560435158,1.0,1.5567552853152118,-0.1568472691123892,-1.6757216642395978,0.09453983902931216,5.846666082251689,2372.225249033325,0.01164509651023643,1126.301039766894,1.789606922353646,1.895456098917531,0.989893110153919,-2.7368068695215584,0.000335,-0.8860659210747452,1.0,4.079670842398122,639.9199619271077,73.46990350909512,0.7246741316613577,0.010937797260104453,4.7293819808615866e-05,0.9885122118116082,90.37580312602798,2.6440766783801815,633887.5774282054,1.297581841015849e-12,1.7007861159612419,0.008942009695492113,0.021296967951256834,0.0,-0.22758167092350434,0.4238004890481498,-1.4832071678000165,0.17122129619121554,0,0.9359895744297152
"MATLAB 12-56 PM Mon, Mar 11, 2024 Run1 .csv",4.741736176140531,1181.8903883408827,0.15503978518215927,723.0245113063695,0.058677680463292844,-0.44160255711058205,-0.4057720346722665,4.4763011420844,0.004053333333333333,2.079934654469105,0.00847457627118644,-0.0010671443776760301,0.10937728198247187,4.5381287200006835,0.461116615639987,7.859139404076425e-14,0.009197250198905639,0.022043954172154212,0.9687412091695128,-2148.1911064579012,4.321850542247581,29403.657631290134,13.757918396686394,1.2803381968097591,0.1367464651918404,0.03135313531353135,-1.445434418942494,0.5768754362353091,-0.20356476746656016,0.003183776140213028,4.923798189220804,1304.6838618097656,-0.09946861306898555,891.1329694960039,0.0,-0.575204490293133,-0.521672222010759,-3.0922733853786237,0.0,-0.8868048625677709,0.0,0.0,0.0,0.0,0.0,0.0,0.0,0.0,0.0,0.0,0.0,0.0,0.0,0.0,0.0,0.0,-1.229991650894443,0.0,0.0,0.0,0,0.0
"MATLAB 12-56 PM Tue, Oct 29, 2024 Run2 .csv",4.735946718222817,1824.140010547516,0.6143345510136324,1881.5297665984388,0.0,-0.5698946659945135,-0.517161051840726,-3.394888217177087,0.0,-0.9206628696102365,0.0,0.0,0.0,0.0,0.0,0.0,0.0,0.0,0.0,-2260.7635880679377,0.0,0.0,0.0,0.0,0.0,0.0,-1.4476241232001996,0.0,0.0,0.0,2.960205833505592,660.9361476400352,-0.006093224812877496,1339.55614163952,0.0,-0.5763317483624364,-0.5230875555151866,-3.0977381509161934,0.0,-0.8875438040607966,0.0,0.0,0.0,0.0,0.0,0.0,0.0,0.0,0.0,0.0,0.0,0.0,0.0,0.0,0.0,0.0,-1.232401630865382,0.0,0.0,0.0,0,0.0
"MATLAB 12-58 PM Mon, Mar 11, 2024 Run2 .csv",4.772648946249544,1200.7857700330378,0.15177082875938333,712.049496114013,0.07960745131043588,-0.4299185119330261,-0.3976500692139827,3.7340224375324644,0.0033066666666666665,2.0787396063104224,0.17757009345794392,-0.0019398755679051684,0.13221740587109254,5.142441877927241,0.5645238661468958,7.118434070750729e-14,0.005176154219442597,0.02484726740983205,0.9699571419837504,-2080.617093216731,4.325222500627482,27023.32552542188,12.833569492821642,1.2996797726968699,0.13399603133441224,0.0972972972972973,0.5501861725420949,1.1574519010205035,1.1455751740522757,0.0026983386278152492,4.993020227053079,1323.4927002580864,-0.10052709652245226,881.1345449664351,0.0,-0.5774590064317398,-0.5245028890196143,-3.1032029164537627,0.0,-0.8882827455538223,0.0,0.0,0.0,0.0,0.0,0.0,0.0,0.0,0.0,0.0,0.0,0.0,0.0,0.0,0.0,0.0,-1.2348116108363207,0.0,0.0,0.0,0,0.0
"MATLAB 12-59 PM Fri, May 31, 2024 Run2 .csv",5.108469151821551,669.3815937705682,0.29129963268548537,877.2245379716436,0.0,-0.5719763198855418,-0.5197390863737317,-3.403828698823772,0.0,-0.9218579177689189,0.0,0.0,0.0,0.0,0.0,0.0,0.0,0.0,0.0,-2275.2496721189345,0.0,0.0,0.0,0.0,0.0,0.0,-1.452003531715611,0.0,0.0,0.0,4.49572979915154,737.6878820637984,0.0018981659214957203,1302.640693386172,0.0,-0.578586264501043,-0.5259182225240419,-3.1086676819913324,0.0,-0.8890216870468479,0.0,0.0,0.0,0.0,0.0,0.0,0.0,0.0,0.0,0.0,0.0,0.0,0.0,0.0,0.0,0.0,-1.2372215908072595,0.0,0.0,0.0,0,0.0
"MATLAB 12-59 PM Mon, Mar 11, 2024 Run3 .csv",4.733470928505087,1191.8725594659818,0.1456055990331768,704.6092669192223,0.0804679067904977,-0.42911522388176604,-0.39752810374994263,3.59174773353937,0.00306,2.07754455815174,0.45714285714285713,-0.013900093168150272,0.1242076994463388,4.609681108995181,0.5591857644519047,7.457909432401944e-14,0.004608481546887629,0.027275569522930723,0.9681000948129406,-2072.4235004645484,4.292303072724428,26065.377887998897,13.155122617496556,1.3963274543857114,0.14355806066883622,0.30434782608695654,0.5458067640266835,0.8268526570170072,0.026435301126140676,0.0031118118762969993,5.021738046840727,1318.530680175549,-0.09767898674877451,887.9376293259352,0.0,-0.5797135225703464,-0.5273335560284695,-3.1141324475289016,0.0,-0.8897606285398736,0.0,0.0,0.0,0.0,0.0,0.0,0.0,0.0,0.0,0.0,0.0,0.0,0.0,0.0,0.0,0.0,-1.2396315707781982,0.0,0.0,0.0,0,0.0
"MATLAB 12-59 PM Thu, Aug 22, 2024 Run0.csv",6.088266022681551,2870.731692825565,0.40533541303724796,1192.2913541231135,0.9655184493062436,0.8395620249734715,1.3247828774566315,-2.8127631798793473,0.00032,0.07694703407239878,0.5,-0.10088981353170857,124.43319789944114,44.49379285410944,0.683011311498125,1.2512179231225722e-14,0.004680776519867491,0.0021450017838822457,0.9915090928209146,-2077.9099856781186,4.725839396350657,388368.23471308,0.12960937177903245,0.006247304646750148,0.0057971520618688805,1.0,-0.4563829402310222,1.0396765403387889,-0.19970304728557764,0.015366137325763696,5.943488984979146,1928.2708695447636,0.1366157934061885,1208.4480846439587,1.0894148956098442,1.1861842177979018,1.3197511088333378,-2.6195922125738798,0.00041,0.10950042996710074,0.4,0.8263773665990026,44.30880278478194,31.2650532767746,0.6165248915964022,0.00942574711458512,0.002289749824904193,0.9881724313915361,104.83757089795752,3.822603162903739,364619.8947732682,1.1049787351586823e-14,0.21180534194962664,0.004498686283999466,0.002940537870286128,1.0,-1.242041550749137,1.328524570934729,0.028646540906009488,0.0096746957302093,0,-0.3307333840857541
"MATLAB 2-00 PM Fri, Sep 13, 2024 Run2 .csv",5.775448878536723,2710.545623868217,0.6093604270208753,1663.435488164422,0.0,-0.5750988007220841,-0.5236061381732402,-3.4172394212937993,0.0,-0.9236504900069424,0.0,0.0,0.0,0.0,0.0,0.0,0.0,0.0,0.0,-2296.978798195429,0.0,0.0,0.0,0.0,0.0,0.0,-1.458572644488728,0.0,0.0,0.0,5.606965006447343,2011.5248703970897,0.36473247586386437,1616.095992069833,0.0,-0.581968038708953,-0.5301642230373247,-3.125061978604041,0.0,-0.8912385115259249,0.0,0.0,0.0,0.0,0.0,0.0,0.0,0.0,0.0,0.0,0.0,0.0,0.0,0.0,0.0,0.0,-1.2444515307200756,0.0,0.0,0.0,0,0.0
"MATLAB 2-00 PM Tue, Jun 4, 2024 Run2 .csv",5.795213964335172,1068.2310564739098,0.37122454764835,1108.5890754822497,0.0,-0.5761396276675982,-0.5248951554397431,-3.421709662117142,0.0,-0.9242480140862837,0.0,0.0,0.0,0.0,0.0,0.0,0.0,0.0,0.0,-2304.2218402209273,0.0,0.0,0.0,0.0,0.0,0.0,-1.4607623487464336,0.0,0.0,0.0,5.184393321064784,822.3739912123611,-0.013144723146371107,1049.9431870754847,0.0,-0.5830952967782563,-0.5315795565417524,-3.1305267441416103,0.0,-0.8919774530189506,0.0,0.0,0.0,0.0,0.0,0.0,0.0,0.0,0.0,0.0,0.0,0.0,0.0,0.0,0.0,0.0,-1.2468615106910144,0.0,0.0,0.0,0,0.0
"MATLAB 2-01 PM Mon, Oct 28, 2024 Run1 .csv",5.424039306670874,2292.565500970767,0.2854210711820743,1319.4728369489633,0.0,-0.5771804546131123,-0.526184172706246,-3.4261799029404845,0.0,-0.9248455381656248,0.0,0.0,0.0,0.0,0.0,0.0,0.0,0.0,0.0,-2311.464882246426,0.0,0.0,0.0,0.0,0.0,0.0,-1.4629520530041393,0.0,0.0,0.0,5.945379818808108,2385.5609394339704,0.08079855119277712,1147.0650436706114,0.0,-0.5842225548475597,-0.53299489004618,-3.13599150967918,0.0,-0.8927163945119763,0.0,0.0,0.0,0.0,0.0,0.0,0.0,0.0,0.0,0.0,0.0,0.0,0.0,0.0,0.0,0.0,-1.249271490661953,0.0,0.0,0.0,0,1.0
"MATLAB 2-02 PM Tue, Oct 29, 2024 Run17 .csv",5.655419155609541,2145.87485406047,0.26990411084979116,1283.1040402640926,0.009571127928334025,-0.12341663079961068,-0.07637319037445733,-1.2306391417555664,0.00043,0.07455693775503403,0.0,-1.1126268497516336,110.68075482529467,22.479897030268962,0.02104448121267215,3.168328311837472e-11,0.0014907767205381555,0.00011762597752265691,0.9979674213245202,-1649.2800967671697,3.478990428651341,815564.5217380417,39.30080651133743,0.19699103042620777,0.8950737163226411,1.0,2.534858242738155,0.06409646928128657,-0.7279663995806911,0.026389038562774636,5.86420994873774,2560.6807413668307,-0.01233769604462559,1191.0847597941643,0.010526295580833865,-0.13069167378562452,-0.08261022395048645,-0.941445273208489,0.00034,0.10654466399499796,0.0,0.043928001718322035,72.16546000736304,18.052022674956554,0.023152110728618048,0.0015390855956001408,2.245873071540685e-05,0.9980686013412357,648.481542673431,3.0970822735740766,967643.1460046639,2.255973642291843e-11,32.11005198346928,0.1401977423049506,0.584564680056725,1.0,3.748318529367108,0.12479207501958067,-1.4786539669388088,0.06290238887071614,1,0.2808754363702641
"MATLAB 2-03 PM Thu, Oct 24, 2024 Run1 .csv",5.869338087854204,2823.2695766076135,0.3528520555564776,1136.0180320343231,0.0033576185905083394,-0.4406271435922614,-0.38916220736235607,3.7649156219853186,0.00155,0.07395941367569281,0.0,0.7524926695453762,37.48656572192233,13.44113515173637,0.024219132544539182,2.184835509879543e-12,0.0015218948771327807,0.007646798429409353,0.9905068134069981,-1675.113100758974,4.620153497407537,723920.0890948593,13.321339186205053,1.5890375950139324,0.4666912580427277,1.0,3.5326685384804493,-0.08433384573221084,-1.602542066320037,0.036344684064388316,6.123406726467122,2644.544982082599,0.15358611256108778,1164.3458731860667,0.0032011636563909728,-0.4478421060742871,-0.3960255571795266,4.053114965818169,0.001025,0.10580572250197229,0.0,0.12493926989349288,32.097299289938576,14.037070333852707,0.023090593764897145,0.0022364469734534012,0.014793295913089703,0.9785314679247856,437.53841675655286,4.18176829860142,531045.7942295626,1.3904425667956109e-12,17.219893567006707,2.5715391401256382,0.22919014174926775,1.0,1.7459085493961692,-0.6419302104765915,-0.6864368501900158,0.02810718536376955,1,-0.22389434224147453
"MATLAB 2-03 PM Tue, Oct 8, 2024 Run0 .csv",6.173114810925075,2626.7905426492584,0.5736261288636456,1500.7123661956473,0.0,-0.5803029354496546,-0.5300512245057544,-3.4395906254105117,0.0,-0.9266381104036484,0.0,0.0,0.0,0.0,0.0,0.0,0.0,0.0,0.0,-2333.194008322921,0.0,0.0,0.0,0.0,0.0,0.0,-1.4695211657772562,0.0,0.0,0.0,6.031915989291738,2305.808589753408,0.2267422761339289,1490.9692161298715,0.0,-0.5876043290554697,-0.5372408905594628,-3.152385806291888,0.0,-0.8949332189910534,0.0,0.0,0.0,0.0,0.0,0.0,0.0,0.0,0.0,0.0,0.0,0.0,0.0,0.0,0.0,0.0,-1.2565014305747695,0.0,0.0,0.0,0,0.0
"MATLAB 2-04 PM Mon, Oct 28, 2024 Run2 .csv",4.901963708332087,2238.8571693217737,0.60615348810371,1860.5651987245067,0.0,-0.5813437623951687,-0.5313402417722572,-3.4440608662338548,0.0,-0.9272356344829895,0.0,0.0,0.0,0.0,0.0,0.0,0.0,0.0,0.0,-2340.437050348419,0.0,0.0,0.0,0.0,0.0,0.0,-1.471710870034962,0.0,0.0,0.0,3.95336328667059,1381.5847440937544,0.1414748355592494,1809.4618123537339,0.0,-0.588731587124773,-0.5386562240638905,-3.157850571829458,0.0,-0.895672160484079,0.0,0.0,0.0,0.0,0.0,0.0,0.0,0.0,0.0,0.0,0.0,0.0,0.0,0.0,0.0,0.0,-1.2589114105457082,0.0,0.0,0.0,0,0.0
"MATLAB 2-04 PM Tue, Jun 11, 2024 Run1 .csv",5.820961207905913,2262.706870586108,0.33994276112994765,1141.7494555892645,0.04391816406125588,-0.44747637028201004,-0.4093292591480122,3.951542900233158,0.00246,2.072166841437669,0.0,0.19546047812849124,10.21326838862262,13.59872228926055,0.3255410557466143,5.450976439242621e-15,0.01826663491029357,0.1401061952784944,0.8410941047150712,-2301.63471462122,5.416446244109458,126109.71908958867,0.4689015696660747,2.5922793406530453,0.44643082562732206,0.18807339449541285,-1.4739005742926676,1.8541558993848433,5.617842834326977,0.004710446596145626,5.803567556726951,1419.216006096336,-0.06113084942406402,976.6876946574463,0.0344309382194954,-0.5043010866491187,-0.47362155762690217,8.536801674159616,0.00441,2.1035888980228954,0.0,-0.09703623000986267,10.517100242726269,13.44534467423006,0.40242917539036654,0.009369429110818025,0.1829597500587539,0.8076537710007375,86.20095861211153,5.275627301208013,103356.13781980843,4.4177118850813285e-14,3.8702644184130794,8.758002165145982,0.4525552956033344,0.20754716981132076,-0.26132139051664693,1.582407264215162,1.9913439072428947,0.008617078065872204,2,0.07368099642008802
"MATLAB 2-04 PM Tue, Oct 22, 2024 Run2 .csv",5.584172553274458,2297.0076327335764,0.30303782985406646,1217.5215726106799,0.0,-0.5834254162861969,-0.5339182763052629,-3.4530013478805395,0.0,-0.928430682641672,0.0,0.0,0.0,0.0,0.0,0.0,0.0,0.0,0.0,-2354.9231343994156,0.0,0.0,0.0,0.0,0.0,0.0,-1.4760902785503733,0.0,0.0,0.0,5.5913728658102455,1926.5837950343152,0.0715300046254908,1234.145481677064,0.0,-0.5909861032633796,-0.5414868910727457,-3.1687801029045968,0.0,-0.8971500434701304,0.0,0.0,0.0,0.0,0.0,0.0,0.0,0.0,0.0,0.0,0.0,0.0,0.0,0.0,0.0,0.0,-1.2637313704875857,0.0,0.0,0.0,0,0.0
"MATLAB 2-04 PM Wed, Sep 18, 2024 Run0 .csv",4.842488350600201,1044.0553980430163,1.0795732841513699,1454.9395152625514,0.0,-0.5844662432317111,-0.5352072935717658,-3.457471588703882,0.0,-0.9290282067210132,0.0,0.0,0.0,0.0,0.0,0.0,0.0,0.0,0.0,-2362.166176424914,0.0,0.0,0.0,0.0,0.0,0.0,-1.478279982808079,0.0,0.0,0.0,3.469728196777842,609.5280740858561,0.2864713102897216,1145.3170411600686,0.0,-0.592113361332683,-0.5429022245771733,-3.1742448684421665,0.0,-0.8978889849631561,0.0,0.0,0.0,0.0,0.0,0.0,0.0,0.0,0.0,0.0,0.0,0.0,0.0,0.0,0.0,0.0,-1.2661413504585244,0.0,0.0,0.0,0,0.0
"MATLAB 2-06 PM Thu, Oct 31, 2024 Run4 .csv",4.7379900944678575,2366.7884686270163,0.6182184639854987,1919.0927485603406,0.0,-0.5855070701772253,-0.5364963108382685,-3.461941829527224,0.0,-0.9296257308003543,0.0,0.0,0.0,0.0,0.0,0.0,0.0,0.0,0.0,-2369.4092184504125,0.0,0.0,0.0,0.0,0.0,0.0,-1.4804696870657847,0.0,0.0,0.0,3.74259051446096,2578.049117897607,-0.005232987892708152,2045.660002879824,0.0,-0.5932406194019864,-0.5443175580816009,-3.179709633979736,0.0,-0.8986279264561817,0.0,0.0,0.0,0.0,0.0,0.0,0.0,0.0,0.0,0.0,0.0,0.0,0.0,0.0,0.0,0.0,-1.2685513304294633,0.0,0.0,0.0,0,0.0
"MATLAB 2-06 PM Tue, Oct 29, 2024 Run18 .csv",5.798874834649419,2286.082401314314,0.27097240116622884,1327.9081174000007,0.05557004224225482,2.945432099742578,3.002114668750366,-3.1664105700767133,3.5e-05,2.0697767451203046,0.0,-3.1477743706324235,883.6644502993333,63.57565342044951,0.015733396647652033,2.5713564232099436e-12,0.0003044493714935855,0.00010057307097050825,0.9989770219511747,904.6060224705602,4.22333368546714,449787.0814451595,4.374746866845901,0.018819435532794415,0.03513375275563013,0.25,9.517340608676509,-0.41001933177692884,-1.4122906381753144,0.024663984477519968,5.899099799609443,2648.527218918435,-0.016373594172152228,1203.2438596235206,0.057004933071977924,2.9371721193944196,2.9941671052691112,-2.8851728992434515,2.5e-05,2.1006331320507927,0.0,0.734766823930179,447.54426914475994,47.32278391522222,0.01614166429449209,0.000649645849948168,1.7666875711076902e-05,0.998834133447681,1537.5056017480495,3.6109128899113694,702517.5693304737,1.9047337435312108e-12,3.6548815415320597,0.014803739370755329,0.045166641191519266,0.25,6.729038689599598,0.089832870016114,-0.4644191844675212,0.015444848239421827,0,-0.10515394619059826
"MATLAB 2-07 PM Thu, Oct 31, 2024 Run5 .csv",5.884375151787591,2397.472532743234,0.2768009808399013,1318.5647680875002,0.42792655873215896,2.1940112734623307,2.22212565217753,-3.1208805608544132,3e-05,-0.9308207789590367,1.0,-1.9980255214852984,646.9358682228952,59.29510479344286,0.15384187486053297,1.8966041065357323e-12,0.0003579616451517931,9.187589348600791e-05,0.9987579307477356,406.23024383809843,3.903163287310085,574900.2377372358,4.268581451393899,0.02220224808560035,0.04459724828695743,0.0,7.515150904418804,-1.0552512146921895,-0.13772330887954798,0.015460751056671135,6.031762250084108,2838.1269408399226,-0.008951513458923588,1125.0690404241748,0.42863848624390954,2.1865715286562395,2.2140517724583204,-2.840637414735379,5e-05,-0.9001058094422331,1.0,1.0125436109611174,357.7222312279996,41.074103724000864,0.15407196806610496,0.0006299028824656688,1.2613216589172852e-05,0.9988056784378487,1585.6502744171614,3.0656790496184927,727648.1648241287,2.4349425539665487e-12,3.317581993459229,0.020741208681805266,0.05974763914410719,0.0,6.72662870962866,1.1437585080259163,-0.3629317242938588,0.02544611394405366,0,-0.2433966675483312
"MATLAB 2-08 PM Thu, Oct 24, 2024 Run2 .csv",5.8047247756514295,2568.8589467485763,0.31290419781963635,1235.3581247603129,0.10740094134493544,-0.31369621792402946,-0.3326633628218135,0.5250474915511139,0.0003,-0.9314183030383779,1.0,-0.0935981556722611,61.6556664007434,14.32266900897511,0.39064357943778255,2.7143146029875068e-12,0.00032384070887723414,0.0025531277643488933,0.9968667737886491,687.1243521081678,4.403414586304091,509826.62656054995,1.0448457333056749,0.04871191536467807,0.014152679924166581,0.0,-1.4870387998389019,0.17848948733298398,-0.9994214103794423,0.004812610149383556,5.914637890897433,2334.2950710852997,0.1012709791633396,1291.16659764621,0.10865661498075115,-0.32182239385337325,-0.34126355877856573,0.8042961129559214,0.0004,-0.9008447509352587,1.0,0.06925300538561856,63.59352948266587,16.78506737436129,0.3954025293923673,0.00040988239049415007,0.004150193797159375,0.9936147599962549,2424.1460063662726,4.061476840056603,339801.8934566306,2.6425031529356413e-12,1.5542719965381213,0.07653534837887356,0.007111466854381649,0.0,-1.2757812703422795,-0.004663257703621294,-1.992339442134845,0.04791342139244083,0,-0.6928713184499852
"MATLAB 2-08 PM Tue, Oct 29, 2024 Run19 .csv",5.716859557313619,2253.8719785147255,0.2608740653986986,1325.7702465358855,0.13279999990801006,7.458829614899729,7.506847612954731,-3.3298220426836678,1e-05,-0.932015827117719,1.0,-4.72723764047566,1413.7613399360948,84.69062236343078,0.016499968941521545,1.0260185737412368e-12,0.000571332703405607,9.537837860795744e-05,0.9985804350304892,-650.5723970124425,4.302745210057014,363795.25066963746,2.058350980021911,0.009192709668660934,0.01886378705832452,0.0,3.5107714959033927,0.5215491720383746,-1.5000000000000029,0.00849499583244323,5.874470840106243,2664.4765446002066,-0.007717067194638716,1215.2910688976365,0.13739999990391372,7.44965034118079,7.497421100760679,-3.0515679459930873,1e-05,-0.9015836924282844,1.0,1.5186106052706774,832.0352536822079,63.50828079581796,0.01707383751594566,0.0013443357210249534,2.453106708302158e-05,0.9979798951208748,742.3591291318148,3.4079928871778344,610722.0925082281,1.0073163473733325e-12,1.6941785414221373,0.007330220804486675,0.022592730765707243,0.0,3.7218087496867818,-0.6150841984931477,-1.5000000000000013,0.0359525752067566,0,0.5636057592361531
"MATLAB 2-09 PM Tue, Oct 22, 2024 Run3 .csv",5.107882720283426,1931.3672158088687,0.2255164828588305,1365.8887808485915,0.0013331216130328255,-0.5337247030543009,-0.4860413972214527,14.082432204385555,0.0028666666666666667,2.0673866488029398,0.0,0.24928117160483831,7.636304770666625,8.199651610368965,0.02339363831333764,4.754791568571228e-12,0.0003395982082447943,0.0010405367977001504,0.9984662174004169,534.5153988992997,4.235907523169045,533476.7880330691,245.7518581111327,4.861989451472989,0.7288039096686642,0.011200203640066183,-0.49141820835431305,0.01997076350096738,-1.2314798251607577,0.028226697444915794,4.170336376401265,1380.8259142255508,-0.09892257521919379,1266.2534918777462,0.004561277346627722,-0.5415635254782154,-0.4942942256540799,14.25969144293859,0.004946666666666667,2.09767736607869,0.0,0.3361444347728642,2.666123886191535,6.84200293763552,0.0795848544751245,0.00044640345829401727,0.0015392061795179112,0.9962540781570375,2231.7346777830494,3.77449119013937,507752.31316720915,4.471662117156666e-12,423.72911894318105,8.520669311636308,0.3342014016066163,0.010903714655331732,-0.28060123028415696,0.14971292772642855,-0.9822589135087356,0.025183637142181386,3,-0.20946908318031696
"MATLAB 2-10 PM Thu, Oct 24, 2024 Run3 .csv",5.720020408993147,2383.355952373687,0.30268935630989185,1294.8031516507792,0.052747249078167656,-0.3654282225268579,-0.3315304146257523,0.9113247311875687,0.00048,0.06678912472359855,0.0,0.6310865886369122,51.58628642142003,15.483298821634856,0.23306098123677135,4.774690000725492e-12,0.0003708140865381104,0.0020421993571089663,0.9974605547531104,277.053411489615,4.5136492529938135,242386.05135835233,8.255772594672774,0.253370188812093,0.08213462165676609,1.0,0.5063920873879812,-0.10952796767416932,-1.6815046985268258,0.027634116709232354,5.750844532432335,2191.3751925876295,0.08669666908450585,1358.8166318752212,0.05246467201056798,-0.3736803584943549,-0.3399095592958651,1.1875897784496954,0.00046,0.09693842458566426,0.0,0.7821767765500816,50.45206261429264,17.25989258617965,0.23181242913593736,0.0004141649733465013,0.003225835535806709,0.9936365292663739,2399.1322135179007,3.8755620142427336,258395.92226470067,4.65061243552935e-12,12.147483351037911,0.38330171445434785,0.041893963654014904,1.0,-1.2830112102550957,-0.21528447916551,-1.5781543795360182,0.049661446213722205,1,0.15782142078159828
"MATLAB 2-11 PM Thu, Oct 31, 2024 Run6 .csv",5.860577920932447,2447.0817277864594,0.2647297112270498,1331.4471314606935,0.07025323149179535,1.2773960284326857,1.326280566629357,-2.993231014834199,4.5e-05,1.0661916006442573,0.3,-3.0269036155712206,550.9194115405418,49.93513583134438,0.03756477860153782,7.264211571801829e-12,0.0003142411724827669,7.796702932075633e-05,0.9987046351244852,758.0364731205705,3.800865900978791,550493.9575221824,6.906418628126648,0.036331914882046075,0.0737821875200432,0.6666666666666666,8.504202383130275,-0.027767146883466945,-1.1780690784142238,0.008881321847438783,5.996320286036689,2869.3791274148193,-0.017831874955981097,1123.3467811843195,0.0710231643070793,1.2690574613414016,1.3116751057258051,-2.7179604922863,8e-05,0.0961994830926386,0.3,2.0199569756020987,254.3870780392951,34.57722637578623,0.03797646579556499,0.000752298951508138,9.75153755772464e-06,0.9984138950002719,1327.1504539501827,2.8852172967188165,794658.7477778714,6.423791177760823e-12,5.126855764998804,0.03257949650950759,0.09795276037955014,1.0,6.714578809773966,-0.016647471807246173,-1.42400474120314,0.0416173514723778,0,-0.1526372513161494
"MATLAB 2-11 PM Tue, Oct 22, 2024 Run4 .csv",5.40709291028811,2149.9621699300264,0.24898252929118217,1336.2178230673962,0.0005040112739018556,-0.5332702711608017,-0.48620844902398697,13.102628265220236,0.0022,2.065594076564916,0.0,0.38476245475315646,10.111019823364735,8.269523113922272,0.008322041902568562,4.513248587207774e-12,0.00023209103980395985,0.0009513288915109533,0.9986431424317369,1875.4542714265217,4.129557006177679,545668.1391749623,26.900366195279027,0.43054348556562,0.12126112356478962,0.1728395061728395,-1.4979873211274302,-0.27786282660786277,-1.4712848838800674,0.02715944170951845,4.812557105888871,1658.6305069852945,-0.04346813578857678,1321.7146726106364,0.00020393219511953664,-0.5416952693758766,-0.49504022617071763,13.376904263053909,0.00254,2.095460541599613,0.0,0.5402363879263868,3.9627900673511025,7.622567244377842,0.0033672506170924527,0.0003292187343097283,0.0015096255853923053,0.9958942306779981,3025.0229616066226,3.6711826974215,423760.032276027,2.4296052795345406e-12,43.63723704050856,0.6975282386356582,0.055363424794075945,0.1728395061728395,-1.2878311701969731,-0.4295431085590254,-1.0190155832931853,0.025997411608695953,1,-0.5901969546334134
"MATLAB 2-12 PM Mon, Sep 9, 2024 Run0 .csv",5.980413652041621,2897.137506866618,0.4551413080571623,1261.1151595978251,0.0,-0.5948745126868522,-0.5480974662367941,-3.502173996937307,0.0,-0.935003447514425,0.0,0.0,0.0,0.0,0.0,0.0,0.0,0.0,0.0,-2434.596596679897,0.0,0.0,0.0,0.0,0.0,0.0,-1.5001770253851356,0.0,0.0,0.0,6.01577703288172,2296.958567321847,0.23369438487351846,1443.6176359994836,0.0,-0.6033859420257163,-0.5570555596214495,-3.2288925238178616,0.0,-0.9052783998934127,0.0,0.0,0.0,0.0,0.0,0.0,0.0,0.0,0.0,0.0,0.0,0.0,0.0,0.0,0.0,0.0,-1.290241150167912,0.0,0.0,0.0,0,0.0
"MATLAB 2-12 PM Wed, Sep 18, 2024 Run1 .csv",5.959902444343071,2960.562147419704,0.3707211068154764,1205.2492516003344,0.0,-0.5959153396323663,-0.5493864835032969,-3.5066442377606495,0.0,-0.9356009715937662,0.0,0.0,0.0,0.0,0.0,0.0,0.0,0.0,0.0,-2441.8396387053954,0.0,0.0,0.0,0.0,0.0,0.0,-1.5023667296428416,0.0,0.0,0.0,5.735105839656956,2443.1084481454054,0.023996134141178183,1090.8683972025594,0.0,-0.6045132000950195,-0.558470893125877,-3.2343572893554313,0.0,-0.9060173413864384,0.0,0.0,0.0,0.0,0.0,0.0,0.0,0.0,0.0,0.0,0.0,0.0,0.0,0.0,0.0,0.0,-1.2926511301388508,0.0,0.0,0.0,0,0.0
"MATLAB 2-13 PM Mon, Oct 28, 2024 Run3 .csv",5.01738134638027,2353.4873674958617,0.6451988474110196,1809.0447558350465,0.0,-0.5969561665778804,-0.5506755007697998,-3.511114478583992,0.0,-0.9361984956731074,0.0,0.0,0.0,0.0,0.0,0.0,0.0,0.0,0.0,-2449.082680730894,0.0,0.0,0.0,0.0,0.0,0.0,-1.504556433900547,0.0,0.0,0.0,4.086214271100777,1327.3179864069089,0.21056879943761925,1765.565017080129,0.0,-0.6056404581643229,-0.5598862266303047,-3.2398220548930006,0.0,-0.9067562828794641,0.0,0.0,0.0,0.0,0.0,0.0,0.0,0.0,0.0,0.0,0.0,0.0,0.0,0.0,0.0,0.0,-1.2950611101097895,0.0,0.0,0.0,0,0.0
"MATLAB 2-13 PM Mon, Sep 9, 2024 Run1 .csv",5.2729218541635134,2083.0752679346197,0.2743472060396952,1670.4822150385519,1.448114863925078,1.4023183893147586,0.7082354808457954,-3.0489164967651847,0.0003066666666666667,-0.9367960197524485,1.0,0.7517299558522996,4.693827934405247,17.816326128866848,0.7239432723205959,8.204696449411518e-15,0.33312188951692684,0.0011631655401810905,0.6651820475168536,-2454.3289099726944,3.434475678494268,1546261.030450019,0.13105932383754443,0.01258399937591063,0.053988751454582005,0.0,1.4932538618417472,1.1567194326487549,0.7441715116408476,0.014391246438026375,4.807115369761236,1374.3397507024124,0.018167784776113916,1573.1455873850261,1.6284241271118967,2.282576725643708,3.0504984366489274,-2.911952375686177,0.00026333333333333336,1.0925047756275101,0.5,-0.17506371820108152,2.5366708172974137,16.651395264454596,0.5635964004533284,0.46644061735926795,0.0009013695566647309,0.5323352330031187,1.1412711783482967,3.0965061822051405,998786.0775914064,5.949359268827201e-15,0.21840097087167412,0.01057337630502112,0.05952998525067053,0.5,2.7025289099192715,0.8263412658169965,-0.4361177851041407,0.013724613189697251,0,-0.017810860027979263
"MATLAB 2-13 PM Thu, Oct 31, 2024 Run7 .csv",5.693990716356767,2522.7005068568697,0.21478356534500986,1367.02532710365,0.01119019019035371,-0.5309964412188508,-0.4875535353610203,11.480695090562394,0.00235,2.0626064561682105,0.03333333333333333,-0.47370427610255456,14.874307280201819,12.434664393009493,0.1644615425743917,2.127934291835044e-11,5.244030009359948e-05,3.9252534026507974e-05,0.998341827061143,16574.114568059944,4.499007667650253,338086.98592231027,5.388255406513214,0.024093492160298255,0.05308657611074518,0.13580246913580246,-1.5089358424159585,4.43944234703983,20.036359514609977,0.00821758002042769,6.004796354580255,2996.6226388071977,-0.06300976807375011,1119.7601675229762,0.01224966207286416,-0.5397432502253834,-0.4973168936971091,11.749998464824932,0.00335,2.0917658341344847,0.0,0.23489787859952319,10.661904019871043,8.525429062791519,0.1797410445394738,7.750084117393286e-05,4.161227405281453e-06,0.9981906651546035,12879.739755525925,4.883745881421698,405373.3973671374,1.2911662694790962e-11,3.4497969113726636,0.022272225275418153,0.07620505437130216,0.16129032258064516,-1.299881070051667,0.9156703675307705,1.768993249098246,0.017438483238220198,1,0.5909843959909761
"MATLAB 2-13 PM Tue, Oct 15, 2024 Run1 .csv",5.1533660352167665,4187.473148983414,0.2849427098386079,1077.0659781750223,0.0,-0.6000786474144228,-0.5545425525693082,-3.5245252010540193,0.0,-0.937991067911131,0.0,0.0,0.0,0.0,0.0,0.0,0.0,0.0,0.0,-2470.8118068073886,0.0,0.0,0.0,0.0,0.0,0.0,-1.5111255466736642,0.0,0.0,0.0,4.8627628202561075,4036.548381492902,-0.06953138753719623,1407.847470987087,0.0,-0.609022232372233,-0.5641322271435876,-3.256216351505709,0.0,-0.9089731073585411,0.0,0.0,0.0,0.0,0.0,0.0,0.0,0.0,0.0,0.0,0.0,0.0,0.0,0.0,0.0,0.0,-1.302291050022606,0.0,0.0,0.0,0,1.0
"MATLAB 2-14 PM Tue, Oct 22, 2024 Run5 .csv",5.642366668346494,2378.9338591328724,0.2736376748901828,1250.3943287904115,0.0006816512573715616,-0.5405882244135679,-0.4953315698894182,13.472704743203193,0.0026,2.061411408009528,0.0,0.5514179318402405,13.406740178865892,9.0382496020527,0.011261146233978449,4.871714522818848e-12,0.00013212104847599992,0.0008653541442494911,0.9987508018814781,5081.306913747308,4.30626347531559,517946.4393501363,3.028505691595468,0.04874512429897261,0.025287710282162087,0.125,-1.5133152509313699,-0.1341545235682092,-1.0678414340820805,0.023769410848617514,5.688138769757296,2123.032328522576,0.046415441774110056,1296.573368396591,0.0007791973026286712,-0.5496182404951672,-0.5050475607016223,13.740019068037277,0.0026,2.090287951148433,0.0,0.680689891107435,6.92473244549133,7.600445386895607,0.012872645176153531,0.00020302203584376662,0.0015305228106736325,0.9953987544433789,4902.909924562953,3.9949528239886303,561021.9234408127,2.252721322476783e-12,4.074470323277429,0.0696739820434779,0.012542917596632555,0.125,-1.3047010299935446,-0.5018877488372478,-1.1628670721462449,0.019815231561660707,0,-0.7374951825299614
"MATLAB 2-15 PM Thu, Oct 31, 2024 Run8 .csv",5.688003020896299,2394.8555545578524,0.2260173834389261,1332.2846970273024,0.028245215892433968,-0.5278269680379171,-0.4899705871616643,9.866802334520878,0.00346,2.060813883930187,0.07462686567164178,-0.5458486136672988,28.440406959628138,16.868081005094375,0.3799804831942123,6.664297284883308e-11,8.304639621272919e-05,4.7880386530465095e-05,0.9987547588995366,9541.169294317911,4.532403859967057,368492.99995090836,15.772335971865985,0.0648658521739075,0.13915808045150846,0.09595959595959595,-0.5155049551890756,4.182474560810055,17.42777203046129,0.010180694460868805,6.018185297350783,2895.137652453473,-0.04845651507108978,1132.6196457094707,0.02834689273587052,-0.5369903849402337,-0.5000128942117653,10.133122134640734,0.00368,2.0895490096554075,0.029850746268656716,0.37109655162882094,15.866341132805442,12.854218500935213,0.3815894515946801,0.00011107084587623258,5.0411473818806395e-06,0.9987969840513539,8992.431597795914,4.826052146353106,454501.09802193823,2.3054922345144482e-11,9.930739245576225,0.057871717286871405,0.1889142685982666,0.11659192825112108,-0.3071110099644834,3.129310163913425,11.596023713703287,0.02600737094879149,1,0.7079495768191361
"MATLAB 2-16 PM Thu, Oct 31, 2024 Run9 .csv",5.658834203076758,2386.8530218079973,0.23343101691923024,1326.1078402337864,0.02306738838607006,-0.5291561469040661,-0.4902096044292466,9.96213158879937,0.00384,2.0602163598508456,0.05185185185185185,-0.5112069268928544,28.39064179016928,20.331036729330787,0.3115320980094499,6.014617880766875e-11,0.0004417424313377273,4.533864304075973e-05,0.9983521479057204,-232.50866728871915,4.534890870418234,384769.1894891822,64.29156644168539,0.27189682218140887,0.7405267885255122,0.026790914385556204,1.4823053405532187,4.083028602124857,16.114707671444442,0.00959229022264485,6.016646508924589,2903.0916295723378,-0.030275158718684414,1134.1774118918881,0.022722339324539525,-0.5383590252332437,-0.5002782277175141,10.227456864204997,0.004705,2.088810068162382,0.014814814814814815,0.3419601675761967,15.871183148090246,14.474340879965629,0.3068721054582465,0.0005480856421523204,5.825617586123613e-06,0.9983161607128834,1821.4601586579017,4.872463546378975,474425.774683944,2.266464697595718e-11,39.145223053064356,0.2279929603658289,0.8217406837204587,0.02520677432059866,2.690479010064578,3.1442107901648617,12.44211687445805,0.023001256585121185,9,0.7725564045968166
"MATLAB 2-17 PM Thu, Oct 24, 2024 Run4 .csv",5.723539439036424,2309.6076501751086,0.3086551893583322,1279.7537763187183,0.02575894259893397,-0.3983919553792372,-0.3568486218150596,1.3076180900799126,0.00062,0.059618835771504286,0.010309278350515464,0.8566545979660674,51.26672745150951,25.22646641539841,0.1251345281603269,8.831419785862545e-12,0.0011354136013211845,0.0010184194984620438,0.9976330340925519,-1621.1323250333448,3.7881297705970387,498555.90617726085,42.33135328362967,0.6261091298535716,0.4918582506613615,1.0,1.4801156362955132,2.5988353245469638,14.448629625319175,0.037815293073654194,5.696843555136068,2136.6418330687006,0.07545926695411564,1260.9917551593828,0.02576236351375395,-0.407681264832204,-0.3669935613418924,1.5719488407713147,0.00052,0.08807112666935613,0.0,0.7027241274776246,45.30611495074174,22.05547058637796,0.12515114664380037,0.0014334126565018013,0.001278363269765599,0.9950009575625904,694.1482992000776,3.4852362508894608,481110.49584835395,9.8125655799217e-12,60.93557249356485,0.8011172181053319,0.36779638192787634,1.0,0.6880690300936392,0.17545210012940352,0.40770977782164586,0.049769713878631605,0,0.25297561949319397
"MATLAB 2-17 PM Thu, Oct 3, 2024 Run0 .csv",4.3438048374044325,1219.5462249617635,0.774421681026566,1656.2634578152138,0.0,-0.6052827821419934,-0.5609876389018225,-3.5468764051707318,0.0,-0.9409786883078369,0.0,0.0,0.0,0.0,0.0,0.0,0.0,0.0,0.0,-2507.0270169348805,0.0,0.0,0.0,0.0,0.0,0.0,-1.5220740679621927,0.0,0.0,0.0,3.2879887582130563,1060.4341695234637,0.08489192898658121,1646.1460714096029,0.0,-0.6146585227187495,-0.5712088946657257,-3.283540179193557,0.0,-0.9126678148236695,0.0,0.0,0.0,0.0,0.0,0.0,0.0,0.0,0.0,0.0,0.0,0.0,0.0,0.0,0.0,0.0,-1.3143409498772995,0.0,0.0,0.0,0,0.0
"MATLAB 2-18 PM Tue, Apr 30, 2024 Run0 .csv",4.923234559981221,1063.259216636373,0.297685274676094,1472.3764950790555,0.0,-0.6063236090875075,-0.5622766561683252,-3.5513466459940743,0.0,-0.941576212387178,0.0,0.0,0.0,0.0,0.0,0.0,0.0,0.0,0.0,-2514.2700589603783,0.0,0.0,0.0,0.0,0.0,0.0,-1.5242637722198982,0.0,0.0,0.0,3.834317681765466,386.60088347641124,-0.188444866196061,649.2869400858274,0.0,-0.6157857807880529,-0.5726242281701532,-3.289004944731126,0.0,-0.9134067563166952,0.0,0.0,0.0,0.0,0.0,0.0,0.0,0.0,0.0,0.0,0.0,0.0,0.0,0.0,0.0,0.0,-1.3167509298482383,0.0,0.0,0.0,0,0.0
"MATLAB 2-18 PM Tue, Oct 15, 2024 Run2 .csv",5.1197332748246165,1689.6477336699393,0.31513502186654163,1367.563971171106,0.0,-0.6073644360330216,-0.5635656734348281,-3.555816886817417,0.0,-0.9421737364665193,0.0,0.0,0.0,0.0,0.0,0.0,0.0,0.0,0.0,-2521.513100985877,0.0,0.0,0.0,0.0,0.0,0.0,-1.5264534764776039,0.0,0.0,0.0,3.9971261350452822,1047.2789577537578,-0.08333688357965877,1124.179456400116,0.0,-0.6169130388573563,-0.5740395616745809,-3.2944697102686957,0.0,-0.9141456978097209,0.0,0.0,0.0,0.0,0.0,0.0,0.0,0.0,0.0,0.0,0.0,0.0,0.0,0.0,0.0,0.0,-1.319160909819177,0.0,0.0,0.0,0,0.0
"MATLAB 2-19 PM Fri, Jun 14, 2024 Run6 .csv",5.053254120046649,762.0321739709163,0.3477459494390379,1175.0410512519181,0.0,-0.6084052629785357,-0.564854690701331,-3.560287127640759,0.0,-0.9427712605458605,0.0,0.0,0.0,0.0,0.0,0.0,0.0,0.0,0.0,-2528.756143011375,0.0,0.0,0.0,0.0,0.0,0.0,-1.5286431807353096,0.0,0.0,0.0,4.328874809273834,657.8600127098613,0.0036744718019200984,1130.3881717735203,0.7732276032606711,0.12340970241717941,-0.19130489552109764,-1.999921474525527,0.00025,0.08511536069725345,0.6153846153846154,0.19211511070594706,11.062435546883696,26.318136023327654,1.0428587280935389,0.6420035347558952,0.06314038080962044,0.29474498810364147,0.4591018150946948,3.77481538009154,128892.28989205653,8.375253710738242e-15,0.5286301804010697,0.8640930842094025,0.9230357220683005,1.0,-0.3215708897901157,1.7291054231015937,2.1975512162999307,0.026929413080215497,0,0.0
"MATLAB 2-19 PM Tue, Apr 30, 2024 Run0 .csv",4.692916349919892,812.0978428671292,0.28288336402843506,1248.9043006712934,0.0,-0.6094460899240498,-0.5661437079678338,-3.5647573684641016,0.0,-0.9433687846252017,0.0,0.0,0.0,0.0,0.0,0.0,0.0,0.0,0.0,-2535.9991850368733,0.0,0.0,0.0,0.0,0.0,0.0,-1.5308328849930153,0.0,0.0,0.0,3.669030940122844,344.04021356927944,-0.20946817637000575,586.0486739696296,0.0,-0.6191675549959629,-0.5768702286834362,-3.3053992413438347,0.0,-0.9156235807957722,0.0,0.0,0.0,0.0,0.0,0.0,0.0,0.0,0.0,0.0,0.0,0.0,0.0,0.0,0.0,0.0,-1.3239808697610544,0.0,0.0,0.0,0,0.0
"MATLAB 2-20 PM Tue, Apr 30, 2024 Run1 .csv",4.822586143955867,923.0523850884316,0.29063488815333305,1369.4294607221348,0.0,-0.6104869168695639,-0.5674327252343365,-3.569227609287444,0.0,-0.9439663087045428,0.0,0.0,0.0,0.0,0.0,0.0,0.0,0.0,0.0,-2543.242227062372,0.0,0.0,0.0,0.0,0.0,0.0,-1.533022589250721,0.0,0.0,0.0,3.805876912971726,383.67287898932193,-0.19698587330554596,624.8415018023292,0.0,-0.6202948130652661,-0.5782855621878638,-3.3108640068814044,0.0,-0.9163625222887979,0.0,0.0,0.0,0.0,0.0,0.0,0.0,0.0,0.0,0.0,0.0,0.0,0.0,0.0,0.0,0.0,-1.3263908497319934,0.0,0.0,0.0,0,0.0
"MATLAB 2-21 PM Fri, Jun 14, 2024 Run7 .csv",5.520570283925928,864.4284841002169,0.42701502184411577,1190.4539166521843,2.309299722984114,2.3333722535795114,1.523278255645506,-3.1736938497167135,5e-05,-0.944563832783884,1.0,-0.5184969683164232,13.527407502672357,28.252861607107608,0.7841691483674137,4.394770893530752e-16,0.37390387950276677,0.14526378086923114,0.48059963326452004,-2549.199912985377,4.610239134503243,155137.0456476178,0.3463232214159058,0.6731823076405592,0.5589392890335821,0.0,-0.5352122935084265,0.07820148859361654,-1.8833523332777184,0.0030454698204994274,5.814237870513669,1248.7220384576628,0.2913141076541788,1328.9130383579861,0.1660370342767042,-0.4241620713091737,-0.4489508958078545,1.7837222326054603,0.00278,-0.9171014637818236,1.0,-0.32693767310435884,28.50010851904205,32.543756755961894,0.8417166907820717,0.3745561418776869,0.05947928809167698,0.5657170248184354,1.5103664352757378,4.313192778445749,379855.5607662688,3.56002008930142e-14,1.1124645576524341,1.746262284696667,1.4281790676582025,0.0,-0.3288008297029321,1.9795510744910474,4.451561612873892,0.021294675469398505,0,0.7887884666126006
"MATLAB 2-21 PM Mon, May 13, 2024 Run0 .csv",5.687182104067019,2015.6825947916836,0.28347649827651117,1028.3061379691228,0.03682464415017235,-0.4644519042250279,-0.41056075990827146,3.1218989156665975,0.00256,1.0548386431367747,0.0,-0.2364062884287521,13.310138179089783,12.542187357438708,0.2486191798093863,1.0696562811159712e-14,0.0021769355086588018,0.10781544156275367,0.8898651964632762,-2148.958647095385,5.0535109591588,87659.92485202462,0.6568288263261091,1.6596820587525234,0.03961144722979683,0.8676470588235294,-1.5374019977661324,0.4302112508676431,1.988589460180056,0.0036775666475295996,4.778276710894896,1449.9858268610712,-0.12575487213575534,712.0062548386602,0.041920549583816025,-0.4787537410958565,-0.42136622933826806,3.57827546884122,0.00489,2.0821595947251508,0.0,-0.07351261185714983,6.954174893098635,10.094036678585343,0.2915287606204312,0.0020689107476396106,0.1285456176036345,0.8693597513183596,420.2016700383036,4.320531752686607,43767.03749338735,2.3026714359494817e-13,2.7395885665289317,5.363061070784577,0.05474034930532536,0.7073170731707317,-0.33121080967387084,0.42086450507411205,-0.4928461549593375,0.008651132583618198,2,-0.014593017337451735
"MATLAB 2-21 PM Mon, Oct 28, 2024 Run4 .csv",5.846054482182057,2381.392994755526,0.2771982624386728,1362.1491575553855,0.0016219922786490626,-0.4736981302243163,-0.43129977715727286,3.617433675335847,0.00091,0.05424111905743356,0.0,-0.1103110686380986,36.01353335304902,13.214492193546867,0.011593006823844055,7.702336394725696e-12,0.00017715354727471265,0.00013958397113650052,0.9990463918377259,3074.466339229218,3.427496283937635,469074.047734511,18.14099320210909,0.09005403713646727,0.1439544311444245,1.0,1.4604082979761621,0.26393040646270854,-1.3973927844424032,0.017188214659690892,5.902855059165433,2600.819522812403,-0.022432568964957766,1191.9308821977077,0.0009833830646622703,-0.4837765873970099,-0.44233156282475083,3.872813703599206,0.00125,0.0814206532321251,0.0,-0.1952878945960664,26.82929766994211,11.941118178739817,0.007029185600662763,0.00016052967552584408,3.167722596228119e-05,0.9990959409186585,6223.7460933371885,3.2763991716988823,635802.1198062539,8.022167530199208e-12,17.109623678777734,0.05787410366679589,0.17303089531098967,1.0,0.6663792103551904,0.02399253018268555,-1.448883872567869,0.05498648047447205,0,-0.6428059809509541
"MATLAB 2-21 PM Thu, Oct 24, 2024 Run5 .csv",5.7666341559552965,2298.288559377041,0.30500663771531844,1282.6200534837267,0.0010347063747936313,-0.40512800261504456,-0.3630887944859792,1.4131414443502095,0.0005,0.05364359497809246,0.0,0.4980958670917417,48.079404189263464,15.657348830437435,0.004938408750805464,7.216835822748337e-12,0.00032763379673879747,0.0009161823231886551,0.998489386713049,475.3631034081768,3.1458277482083994,530214.8363854295,4.364861315347261,0.05199310499446873,0.03815742896770883,1.0,-1.5417814062815436,1.445933197273679,0.1841403665692467,0.0025052559375762784,5.729374423060495,2176.873992064192,0.049307252526588685,1257.398068934232,9.162456938076112e-05,-0.41528162330590357,-0.37444689639120543,1.6675269478993417,0.00045,0.08068171173909944,0.0,0.34675795885712696,39.97020786981719,14.150120325363327,0.00043730239441984524,0.00021541371419182565,0.0010110262932619537,0.9968013813485775,4627.381246771165,2.9345833288063035,455460.3271366975,8.12928981174629e-12,6.172022142709812,0.0629978649066075,0.02704512401282257,1.0,-1.3360307696157483,-0.1775345966642617,-1.0196075387896852,0.030622721910476713,0,0.06642385043444499
"MATLAB 2-22 PM Wed, Apr 3, 2024 Run0 .csv",2.3968153149262528,204.38902899355125,0.10763165521799382,556.9550742739353,0.0,-0.6156910515971346,-0.5738778115668508,-3.5915788134041566,0.0,-0.9469539291012488,0.0,0.0,0.0,0.0,0.0,0.0,0.0,0.0,0.0,-2579.4574371898634,0.0,0.0,0.0,0.0,0.0,0.0,-1.5439711105392493,0.0,0.0,0.0,3.4741105896364637,442.14379636484546,0.04532973206540036,950.9731511234507,0.0,-0.6259311034117828,-0.5853622297100018,-3.3381878345692515,0.0,-0.9200572297539262,0.0,0.0,0.0,0.0,0.0,0.0,0.0,0.0,0.0,0.0,0.0,0.0,0.0,0.0,0.0,0.0,-1.3384407495866872,0.0,0.0,0.0,0,0.0
"MATLAB 2-23 PM Mon, Oct 28, 2024 Run5 .csv",5.808875743186828,2388.917818728685,0.26768182075092056,1366.9033968913432,0.0022720842534458352,-0.47639341712853334,-0.43506682895745274,3.404300969475934,0.0007,0.052448546819410025,0.0,-0.05779298015639565,34.75945538088026,13.275643211059451,0.01619003251532946,8.16729936457974e-12,0.0001368487343194078,0.00012080249438432341,0.999360949735549,4715.968081847246,3.3053937617640026,443609.2267696911,3.7924410913054554,0.0184412911601397,0.029639295667961113,1.0,-1.546160814796955,0.6717486841275998,-1.0787770409294521,0.011137754917144721,5.857957118301485,2604.848364277865,-0.03600782029560601,1197.1072339026969,8.42650087705136e-05,-0.48690451545142266,-0.4466775633385288,3.656697423596612,0.0011,0.0792038287530481,0.0,-0.2845407354736483,25.65042610623406,11.141680389137116,0.0006012322255693144,0.00010533324003506241,2.6183847474755093e-05,0.9993319299525195,9487.336852259274,3.192301434625692,610383.1301408163,8.275694024671004e-12,3.5625214906253664,0.012012593850886374,0.03675001493985619,1.0,-1.340850729557626,-0.09493606992708875,-1.5302457435195957,0.04468627393245701,0,-0.22542274645619037
"MATLAB 2-23 PM Thu, Oct 31, 2024 Run10 .csv",5.628690670124516,2436.755647275008,0.2037787773529354,1321.692361220752,0.016987038012473258,-0.5409334747869479,-0.5027558461651597,9.499611717855057,0.00282,2.0518510227400686,0.022900763358778626,-0.5822447169562244,24.078485311210095,16.856962029507333,0.22107246334266956,5.476743535104392e-11,7.928706963285837e-05,3.244981336114108e-05,0.9986101784461086,10000.924507937278,4.575856514814411,333787.33205258567,28.287462549727458,0.11899431186014388,0.2829205882018628,0.033932135728542916,0.4516494809453393,5.894468643388947,35.10002808256907,0.00945944547653195,5.957366949752738,3023.8707554244925,-0.06430727177480175,1099.364746578547,0.017319159621725894,-0.551352542695323,-0.5147928967835685,9.751013647261509,0.00361,2.078464887260022,0.007633587786259542,0.3142726287571539,14.57933157755836,15.614252435096079,0.225412808267405,0.00010736606794644737,3.2952179029411656e-06,0.9986172677683708,9301.050945317906,4.829314824286705,402857.4863760362,1.4560760207125875e-11,15.569659118541463,0.10073659089825202,0.3808738434278108,0.04343534057255676,1.6567392904714353,5.211344882736067,39.03849550319939,0.015925948619842548,2,0.6819940565086642
"MATLAB 2-23 PM Tue, Oct 22, 2024 Run6 .csv",5.4961429927712135,2220.2165813062074,0.2652423621825434,1297.878658259242,0.000689245593030096,-0.5580123129754635,-0.5169448634205005,12.845092729142126,0.002875,2.051253498660728,0.0,0.7535795545256976,12.114528538620359,9.659277237077726,0.01133604883539862,5.846054119206108e-12,0.00046629183853713927,0.00047409305456620407,0.99883395146302,-459.1075712844631,4.297815297724537,503319.0788918342,85.78090548786108,0.5778667170468268,0.618342410521301,0.08972267536704731,-1.5505402233123664,-0.38164953742477065,-1.1650077283126739,0.03166941642761231,5.273927395088963,1898.783031387475,-0.0019023045517777004,1291.4291836140387,0.0011795249035478916,-0.5685116581614793,-0.5288082302771576,13.09550013383435,0.003275,2.0777259457669968,0.0,0.2912905210783287,4.663660595849386,6.902891707566548,0.01939969155320212,0.0004603924532771551,0.0006391598684376196,0.9973733182887232,2166.354620257659,3.9964214909213904,495411.19678837486,3.399740840117935e-12,121.88744542385264,0.6635489627277494,0.2778658073193362,0.08972267536704731,-1.3456706894995034,0.519690827873401,-0.2516796875925871,0.011942212581634512,0,-0.5726712697886048
"MATLAB 2-24 PM Tue, Apr 30, 2024 Run2 .csv",4.454954614259239,602.1600783376588,0.23300486762053807,926.9330240335296,0.0,-0.619854359379191,-0.5790338806328621,-3.609459776697527,0.0,-0.9493440254186135,0.0,0.0,0.0,0.0,0.0,0.0,0.0,0.0,0.0,-2608.429605291856,0.0,0.0,0.0,0.0,0.0,0.0,-1.552729927570072,0.0,0.0,0.0,3.6596532187821382,350.5000921430333,-0.1777355957028644,648.3640218686373,0.0,-0.6304401356889962,-0.5910235637277124,-3.36004689671953,0.0,-0.9230129957260289,0.0,0.0,0.0,0.0,0.0,0.0,0.0,0.0,0.0,0.0,0.0,0.0,0.0,0.0,0.0,0.0,-1.3480806694704421,0.0,0.0,0.0,0,0.0
"MATLAB 2-24 PM Tue, Jun 11, 2024 Run2 .csv",5.7197391102659445,2098.6105419847954,0.24838078215811782,939.658434345813,0.041586030615699175,-0.4981346926062076,-0.45872289800657073,4.5861519905576325,0.00384,2.0500584505020454,0.0,0.7263779286962858,23.254772805465365,15.274125784373268,0.33875744024832816,8.238559370045407e-13,0.001406685882390105,0.0725495426083287,0.9258958500181979,-1957.4618401931625,5.341961415129508,55676.17344885626,6.7954459599010075,4.818819373632649,0.3524684027290962,0.2857142857142857,0.4450803681722224,0.14209075664594686,-1.5235047710919298,0.0559020972251892,4.796535254577773,1484.4903623303467,-0.08453522247202486,857.181683048855,0.07544317949328819,-0.45074557573653806,-0.43773889736852767,2.234544343259926,0.00461,1.0762480627809454,0.07142857142857142,-0.2336143250648058,15.153663490064844,10.93941609231135,0.4172238744121508,0.0008919834033673645,0.12623028034937592,0.8728683267564861,978.5701431902025,4.546753110391342,70467.67640785036,1.2627237444181868e-11,26.785492789300996,17.084094048339566,0.20598999037253204,0.8636363636363636,0.6495093505586191,-0.9957870536574832,-0.3812710621222095,0.016117746233940175,2,0.09408886813291564
"MATLAB 2-25 PM Mon, Oct 28, 2024 Run6 .csv",5.4344201565190815,2174.2251617774828,0.255647480045959,1268.1242680341184,0.07390322801118514,-0.1509741089251922,-0.08771191560130343,-1.4183782561768088,0.00273,0.049460926422704055,0.045454545454545456,0.16376280435401225,114.73381192581962,22.180836570584646,0.15691975790263407,5.3973340262141496e-11,0.0002688945905462945,0.00018427105340625645,0.9991555233310093,1092.8731679230905,3.9646952853519064,574801.1810926388,17.98222743164619,0.11613367010249129,0.16766421163309564,1.0,0.4428906639145165,-3.381746863251154,11.983080603865336,0.021960184276103967,6.084395186673635,2690.896370366936,0.018730364362952834,1115.8774293436738,0.07389428091671436,-0.16169465224451424,-0.09945423117463958,-1.170954425627266,0.00345,0.07550912128791976,0.045454545454545456,-0.156384135011235,96.44231231706708,22.096946325917525,0.15688807002573843,0.00020796906638246098,4.4348206394647415e-05,0.9992351813632147,4804.729851148117,3.811597894624381,778232.1830626648,1.54398057969673e-11,11.136766788945168,0.0579021389868735,0.16749376805381283,1.0,0.6470993705876804,-0.55690531103525,0.5536142839410818,0.08320450365543366,0,0.710893323072592
"MATLAB 2-25 PM Thu, Oct 24, 2024 Run6 .csv",5.5035177273543585,2088.460727267922,0.2689894080169135,1294.2542138248332,0.044081329271091416,-0.5112893403146934,-0.47550093252753434,4.877554529615187,0.0009,2.048863402343363,0.058823529411764705,1.1454143628008733,29.01896326838405,16.319496794473075,0.3946845377517579,3.784313790028061e-11,0.00024240448878851386,0.0006383683367011119,0.9989469458031913,1490.8332139364402,2.971674622541944,510526.43236702465,10.67056578004526,0.0786521463173048,0.06598339436223381,0.32142857142857145,-1.559299040343189,1.6768214953056992,3.8583025322398807,0.020541942119598422,5.35032697493931,1892.877175772869,0.0031041055889685087,1238.518071267412,0.04432924001102481,-0.5222406599957721,-0.4878695643361588,5.1239838354505025,0.0019,2.074770179794894,0.0,0.528535238143483,17.16892192462885,11.44243048007258,0.3972821603119028,0.00016529788263397612,0.0006811569318786296,0.998137217010016,6038.415018419928,2.828416007028564,445530.1801781205,2.3088725614901974e-11,15.007015093042071,0.07944548585680103,0.03209077795548776,0.36666666666666664,-1.3553106093832583,0.014571061726178641,-0.49147715251915436,0.02736762404441831,0,0.3476848193808796
"MATLAB 2-25 PM Tue, Jun 4, 2024 Run3 .csv",5.546390509658389,901.9522518401245,0.44207634258642725,1139.3815952111836,0.11681967391958585,-0.45114222871777543,-0.4589899498098091,2.1727172657231653,0.00255,2.0482658782640217,0.27586206896551724,-0.4556199833034174,15.618315717749137,22.3013309255464,0.6757447730655178,2.429782703285716e-14,0.3974407869334774,0.09052036779981512,0.5117961438646064,-2636.1140441001016,4.500092247897754,253340.33011555395,1.7134197850107917,2.9112663539288626,2.729505764491173,0.16923076923076924,-0.5614887446008947,2.355382320829413,5.925003429335332,0.006774921417236273,6.194417469641353,1460.6334044222183,0.36547940215242813,1386.2230790711005,0.08096175105147552,-0.5025278347500886,-0.48248489784661186,4.2181700486175835,0.00495,2.0740312383018686,0.21052631578947367,-1.3023742995542706,68.95082077757803,30.51687424747006,0.611395075741612,0.2661385440797338,0.042438984724525876,0.6910220419611554,2.5964748712014014,4.674886922965519,586653.4558106272,2.0927368596485576e-13,3.5463309129470337,4.559178857486681,4.708004221343984,0.11627906976744186,-0.35772058935419704,1.6623816047164486,2.6265809221569656,0.03347928553819657,3,-0.17994350473466503
"MATLAB 2-26 PM Fri, Jun 14, 2024 Run9 .csv",2.5957841980829204,327.3249699742992,0.24214398110870042,933.3335265215401,0.0,-0.6250584941067615,-0.5854789669653763,-3.6318109808142394,0.0,-0.9523316458153195,0.0,0.0,0.0,0.0,0.0,0.0,0.0,0.0,0.0,-2644.644815419348,0.0,0.0,0.0,0.0,0.0,0.0,-1.5636784488586004,0.0,0.0,0.0,1.8537011520196514,116.7386745950685,-0.24749676669346105,448.05378026932664,0.0,-0.6360764260355127,-0.5981002312498505,-3.3873707244073774,0.0,-0.9267077031911573,0.0,0.0,0.0,0.0,0.0,0.0,0.0,0.0,0.0,0.0,0.0,0.0,0.0,0.0,0.0,0.0,-1.360130569325136,0.0,0.0,0.0,0,0.0
"MATLAB 2-26 PM Thu, Oct 31, 2024 Run11 .csv",5.617011152248874,2422.092590694138,0.2098017291352771,1296.2073120357181,0.018630533333731384,-0.5508039012715936,-0.5033679843057772,9.563850791366836,0.0048,2.0470708301053393,0.0,-0.36620473604966386,7.033749933242671,8.255095385992995,0.24743249175046492,3.790767007063716e-11,6.792649505289798e-05,3.7691165101801265e-05,0.9986730012236098,12050.37229076227,4.93893499664815,175566.579512944,42.71150984920687,0.1849696403152021,0.41854186605733723,0.12144212523719165,-0.5658681531163061,0.6287853545146388,0.20677602260210026,0.018108168542385034,5.95999183637097,3033.228039924372,-0.06776557264635899,1087.7657644709127,0.01745690246974363,-0.5604167610958621,-0.5142655648296259,9.707295522960953,0.00449,2.072553355315817,0.0,0.2097474765110678,5.850039055943258,9.255265587281217,0.227342127873883,0.00010990357606105035,2.9804785251711146e-06,0.9989577457044614,9089.401651039547,5.359930944894389,217765.39426086546,1.7148608216283792e-11,24.201934494799286,0.16524660500894572,0.5835462108905288,0.11568627450980393,-0.3625405492960747,0.5328466628921608,0.9236153870455146,0.021349933743476907,6,-0.08838806158389319
"MATLAB 2-27 PM Fri, Jun 14, 2024 Run10 .csv",5.405908371387553,1279.4753383684294,0.7805872329262953,1480.465969950879,0.0,-0.6271401479977897,-0.5880570014983819,-3.640751462460924,0.0,-0.9535266939740018,0.0,0.0,0.0,0.0,0.0,0.0,0.0,0.0,0.0,-2659.130899470345,0.0,0.0,0.0,0.0,0.0,0.0,-1.5680578573740118,0.0,0.0,0.0,4.26164056803445,638.441961304694,-0.00044736970798608944,946.981368541301,0.0,-0.6383309421741195,-0.6009308982587057,-3.3983002554825164,0.0,-0.9281855861772086,0.0,0.0,0.0,0.0,0.0,0.0,0.0,0.0,0.0,0.0,0.0,0.0,0.0,0.0,0.0,0.0,-1.3649505292670134,0.0,0.0,0.0,0,0.0
"MATLAB 2-27 PM Mon, Oct 28, 2024 Run7 .csv",5.407322288707055,2158.9916962412744,0.24393662565665883,1257.3545861126586,0.0029086549172440235,-0.010799725489782253,0.02880398068876444,-1.9452047016094554,0.00023,0.04587578194665698,0.0,-0.2532775428509172,140.55346273023838,24.618478253839918,0.004711278354855505,5.970346991027994e-11,0.0001891155081821121,0.0001629250768118478,0.9993452094135327,2617.9373189598346,4.3247517348224696,364753.1642190059,15.93573295577526,0.09333293526618573,0.14096435962005183,1.0,3.4297524383682827,0.4271087622536824,-0.8993288992990114,0.010991898775100706,6.0627643037454,2693.3263108273236,0.008724117260936526,1113.3891466414716,0.0028913056615182627,-0.022226950789767552,0.015653767690648968,-1.7037480193452748,0.00032,0.07107547232976574,0.0,-0.058735991110485476,119.8105697779126,24.85289126037506,0.004684315099207167,0.0001945680896306119,3.541162569257466e-05,0.9992527053183335,5135.748144597697,3.9046661064024186,669505.4524114648,1.531559954430772e-11,9.7225209139991,0.04716079181607897,0.15050654154760176,1.0,3.632639490762048,-0.156854957635776,-0.5384853763955433,0.0627772545814515,0,0.27242168462468397
"MATLAB 2-27 PM Wed, Apr 3, 2024 Run1 .csv",3.2749587210557447,399.4546088954286,0.205029021411119,821.6240374235039,0.0,-0.629221801888818,-0.5906350360313876,-3.649691944107609,0.0,-0.9547217421326842,0.0,0.0,0.0,0.0,0.0,0.0,0.0,0.0,0.0,-2673.6169835213414,0.0,0.0,0.0,0.0,0.0,0.0,-1.5724372658894232,0.0,0.0,0.0,4.485901444438923,860.6259568328152,0.21900715457703118,1343.7778719763082,0.0,-0.6405854583127261,-0.603761565267561,-3.4092297865576553,0.0,-0.9296634691632599,0.0,0.0,0.0,0.0,0.0,0.0,0.0,0.0,0.0,0.0,0.0,0.0,0.0,0.0,0.0,0.0,-1.3697704892088909,0.0,0.0,0.0,0,0.0
"MATLAB 2-28 PM Thu, Oct 31, 2024 Run12 .csv",5.412275109283332,2319.3012616825754,0.19953890339749694,1275.9276750288043,0.02308697085057925,-0.5511866289043963,-0.5036240533761058,9.346487859089711,0.0036,2.0446807337879744,0.0,-0.451482581109315,8.349668921649696,8.662410371261666,0.29195926540334793,4.508289084552837e-11,6.962118287986828e-05,3.76548575371676e-05,0.9990833990083423,11669.418979799366,4.533183766231185,226349.40043393458,8.274211402688453,0.03384876041938231,0.07367804849329945,0.2641509433962264,-1.5746269701471287,0.2680974806148468,-1.0933972005812973,0.015453683137893623,6.0108535734662105,3008.7623716315347,-0.060965661510186175,1096.8846747687967,0.02371379883113442,-0.5626007164521255,-0.510176898856165,9.58595549192544,0.0031,2.069597589343714,0.0,0.252645902721592,7.445481104603793,7.100578196750413,0.29974970740400586,6.880228465480137e-05,3.319965944638751e-06,0.9990971438199064,14521.278600451016,5.221895770039674,349825.40249773354,1.2005147290456036e-11,4.093800010088354,0.029757083674980728,0.09298422004250802,0.4375,-1.3721804691798296,-0.5280030518132522,-0.8858848219771378,0.02559614658355712,1,0.3556909274890371
"MATLAB 2-29 PM Thu, Oct 24, 2024 Run7 .csv",5.566705246370759,2072.0291139188225,0.28387486062285455,1276.1767359896571,0.06163186098908896,-0.4842227151696876,-0.4504130706915579,3.1414015804530564,0.004565,2.044083209708633,0.13970588235294118,1.290306539727382,33.776981921944646,20.206588877776817,0.41903420348178566,2.1935278154386888e-11,0.00028322138672620857,0.0007109149371337884,0.9987686201802959,838.3559746814526,3.3955678084882805,504050.9086791972,89.59607940302926,0.7224123561814445,0.6099946143361306,0.34306569343065696,0.4231833255951656,0.5798690447730196,6.68253065648369,0.03723459929227835,5.534172600772019,1966.396573142222,0.03221773890941981,1227.713932160215,0.061956827190578774,-0.49684365105154027,-0.46334223240334915,3.4298749386201983,0.00456,2.0688586478506887,0.021897810218978103,0.8396537503458923,21.913046785281693,12.660545717994982,0.42437251670316256,0.0002482565610365765,0.0007206097168124696,0.9978606852235944,4019.473568219517,3.2520564397586633,471818.4409911412,1.8676319090952484e-11,117.25923005543122,0.6555146235206954,0.2987225858185989,0.2865853658536585,-0.37459044915076856,-0.2421283584952972,1.4561427470934438,0.024210834503173878,3,-0.08999221721117906
"MATLAB 2-30 PM Fri, Jun 14, 2024 Run11 .csv",5.757488635921795,1754.0506472405918,0.3362814736352572,780.9069838458861,0.0,-0.6323442827253604,-0.5945020878308961,-3.6631026665776365,0.0,-0.9565143143707078,0.0,0.0,0.0,0.0,0.0,0.0,0.0,0.0,0.0,-2695.3461095978364,0.0,0.0,0.0,0.0,0.0,0.0,-1.5790063786625401,0.0,0.0,0.0,5.20013922186488,1223.7635919364916,-0.1092006302623044,640.8794139491401,0.0,-0.643967232520636,-0.6080075657808438,-3.425624083170364,0.0,-0.931880293642337,0.0,0.0,0.0,0.0,0.0,0.0,0.0,0.0,0.0,0.0,0.0,0.0,0.0,0.0,0.0,0.0,-1.3770004291217073,0.0,0.0,0.0,0,0.0
"MATLAB 2-30 PM Tue, Oct 22, 2024 Run7 .csv",5.5811826145953205,2324.691065609896,0.2653485384398056,1231.3083081900588,0.0003954761482168609,-0.5777498156025208,-0.5402911051465603,14.334227288566668,0.0018,2.042888161549951,0.0,0.7811953999190995,11.475396646452813,8.511489008113164,0.0071083680753260305,6.318677053734177e-12,0.00014764307925174675,0.0003718361923116358,0.9992622077539853,4065.504637928018,4.50933352767976,362007.5201546119,2.988707231042985,0.022109229816216637,0.0273619450162577,0.12962962962962962,-1.5811960829202458,-0.43782821031124086,-1.1131643600786205,0.025492697954177912,5.731115090609198,2210.6711160048767,0.0243812954856637,1192.2450420768778,0.0007339988585175048,-0.5895591965214971,-0.5539228993344483,14.570711347259714,0.002,2.0673807648646374,0.0,0.5056376115607468,6.436326321769943,7.030398282641647,0.013216799709621,0.00020334958449780472,0.00047992435251024106,0.998170497814498,4908.642917956264,4.288014332455588,465049.24113890337,3.3369878969700567e-12,3.398587039912436,0.02170091674182582,0.013822629145181634,0.12962962962962962,-1.379410409092646,0.444377967096051,-0.8597998304647052,0.013284956514835355,0,-0.8189284708529782
"MATLAB 2-31 PM Fri, Jun 14, 2024 Run12 .csv",5.598777448663261,1821.6395352501756,0.2195310450130061,706.7574207700059,0.16377108671250246,1.935340727777663,1.8898198754342936,-3.2720391478302484,6e-05,-0.9577093625293902,1.0,0.3431007189403181,51.323818271625306,25.883989033051943,0.06372994442712156,1.2538471894106952e-16,0.01315062022725031,0.04601256405378513,0.9407911378942037,-2638.292515547208,5.420011217750996,7456.807444326671,0.049326159546944484,0.07546879979178094,0.011727190447445454,0.0,2.4166142128220485,-0.501473898849544,-1.3057480687571443,0.004212640225887274,4.992672755855372,1288.0747081712866,-0.1475924567252091,584.0169504171207,0.9325224549985178,0.4551068217953511,0.29116176641106706,-2.6365456134573564,0.00037,-0.9333581766283884,1.0,-0.7959443482694897,1.3625299292286295,9.332634249795545,0.8467250192316375,0.027858398503865758,0.07977652482196462,0.8923602678068827,32.0320016846286,4.860155636487857,4631.272298510825,2.1889806094235823e-15,0.2375259642628523,0.3126105086529546,0.028142519561716133,0.0,-0.38182038906358473,-0.4580197864299948,-1.5549152514991287,0.011273330450057979,0,0.12069717482519622
"MATLAB 2-31 PM Thu, Oct 31, 2024 Run13 .csv",5.757861457760656,2520.7822024670586,0.22202814386754485,1280.2725885343682,0.030353688381602448,-0.541606763645063,-0.4991191397183372,7.324586730710343,0.0028,2.041693113391269,0.0,-0.43842165219449863,11.707499486892669,9.508326112316396,0.323393228302748,1.710783882608127e-11,0.00011723779569231789,4.2072119954931865e-05,0.9990090206496984,5804.144519015746,4.766629291946565,293640.40489188227,2.6882066164803198,0.01350033051081926,0.031040938464208988,0.16666666666666666,-1.5855754914356572,0.577124393314575,-0.5040146449693355,0.010616335272789004,5.9356833628283745,3042.34543887252,-0.07005837747557717,1038.7637072555137,0.031887002025877485,-0.553239006811928,-0.5132535663818382,7.559081739974935,0.003,2.065902881878586,0.0,0.18418639435614614,9.75419093871572,7.461995408809946,0.33882692651290514,0.0001968927105878483,2.9982574260677005e-06,0.9991877496212483,5074.782843092798,4.9886420005469425,524496.7995215803,1.429847139956945e-11,1.6525446741620753,0.013090316343845589,0.04400109141214167,0.16666666666666666,-1.3842303690345235,-0.12237325093345004,-1.2849812981012103,0.0244264060258865,1,0.4107214136514043
"MATLAB 2-32 PM Fri, Sep 13, 2024 Run3 .csv",5.92509681863725,3073.270332124758,0.35059152536466154,1046.826708260198,0.0,-0.6365075905074168,-0.5996581568969075,-3.6809836298710064,0.0,-0.9589044106880725,0.0,0.0,0.0,0.0,0.0,0.0,0.0,0.0,0.0,-2724.318277699829,0.0,0.0,0.0,0.0,0.0,0.0,-1.587765195693363,0.0,0.0,0.0,6.0969281320486015,3156.9747952755843,0.062257242655902434,1084.3374686449363,0.0,-0.6484762647978494,-0.6136688997985542,-3.447483145320642,0.0,-0.9348360596144397,0.0,0.0,0.0,0.0,0.0,0.0,0.0,0.0,0.0,0.0,0.0,0.0,0.0,0.0,0.0,0.0,-1.3866403490054622,0.0,0.0,0.0,0,1.0
"MATLAB 2-32 PM Mon, Sep 9, 2024 Run2 .csv",5.676712959495472,2687.6753419001925,0.3954588834339981,1372.8180749305945,0.23539999979583381,1.9511515802577193,1.98775282354724,-3.385450870398794,7e-05,-0.9595019347674137,1.0,-0.07727089108349652,0.1449569358598417,12.960557232166321,0.09093367327384896,1.6720328995762272e-16,0.018812024840534815,0.001255827559220192,0.9794627011642956,-2679.495542145988,4.289828250529863,298194.72011798027,0.024456533128709698,0.0009505739301412618,0.0022446435791531986,0.0,-0.5899548999510684,-0.7068956101294384,-1.4999999999999996,0.0065879428386688005,5.597512634258406,2053.55213791961,0.13100964438653068,1375.5401779298804,1.1742090547384536,1.0754964756072343,1.638615764700087,-3.0529439104641383,9e-05,-0.9355750011074654,1.0,-0.26224565243781456,0.7465032550882018,9.959578870949738,0.6806614432652481,0.035084386365973226,0.0008930176373896013,0.9635061182520954,27.462532996916167,3.5848827000040235,276775.5146723811,1.7472001500543866e-16,0.040454464631530275,0.0008949413748044135,0.0017931409927038067,0.0,-0.3890503289764009,0.5727563802957443,-1.266528516114453,0.003530104160308873,0,-0.8793177267754118
"MATLAB 2-33 PM Mon, Oct 28, 2024 Run8 .csv",5.328934121658989,2077.6849985463155,0.24765918118256544,1200.0691088191143,0.06152291161820299,-0.11406424486459488,-0.07233619190179374,-1.7899177764746537,0.001,0.03990054115324515,0.0,-0.7876226698078753,133.1793447081189,23.51138918567859,0.11729262031910573,9.76113658404512e-11,0.00043342021201625455,0.00015757022298727518,0.9989731476225361,-433.94381319599415,4.165886915033923,588310.1990085621,60.62246811056749,0.34247503980011734,0.6653586744621163,1.0,4.407855395791225,-3.3283458133505692,15.06697134119976,0.012294965982437067,6.030095695103972,2661.948151537413,0.011221898690144005,1070.264452047445,0.061695942883054224,-0.12620578140260597,-0.08644956727942388,-1.5584063413527434,0.0007833333333333334,0.06368605739950894,0.0,0.3891771998367572,104.1941773029732,22.46845180701638,0.11762250214552965,0.00038445628606525295,3.1428992247949466e-05,0.9990196630304513,2598.5260203572007,3.903595959470387,661747.5292749676,2.646689529540728e-11,36.25825115411833,0.20569565349510177,0.6539595161504582,1.0,4.608539691052661,-0.7821560690560763,-0.18217583518978087,0.07177085995674132,0,0.69382479227744
"MATLAB 2-33 PM Tue, Oct 15, 2024 Run3 .csv",3.79125425553211,1236.9309228982238,0.17900407855664618,1325.4444379238134,0.0,-0.6396300713439591,-0.603525208696416,-3.694394352341034,0.0,-0.9606969829260961,0.0,0.0,0.0,0.0,0.0,0.0,0.0,0.0,0.0,-2746.0474037763242,0.0,0.0,0.0,0.0,0.0,0.0,-1.5943343084664798,0.0,0.0,0.0,2.6811853548145916,783.3237538715993,-0.1858750276744751,975.681373680536,8.559599992401358,7.982041953329434,8.015985092023357,-3.3138766917964237,0.00043,-0.9370528840935167,1.0,1.5275915948931191,28.238572969063306,30.121858130465494,0.9913943872410156,0.0075725515266052605,0.16774883529074086,0.8240156509369018,108.81611673975682,3.6335890280909453,473073.80815362826,9.214378915371335e-15,1.7985911084077995,0.3612521982852329,0.0033869077680846764,0.0,0.6061297110817216,0.3699496081396358,-1.5000000000000009,0.021356680393219,0,1.0
"MATLAB 2-34 PM Fri, Jun 14, 2024 Run13 .csv",5.489959545824956,1888.6714393987675,0.1930917768451219,741.1634891448365,0.5386150354037782,0.9113541003385924,0.6869857728981952,-3.198859592671785,9e-05,0.03870549299456272,0.4,0.9478113170095334,70.39172491924462,27.62979312395081,0.3470401803320788,6.563130863995339e-16,0.00689116993237388,0.04924561320786544,0.9438170344818045,-2616.3300974511217,5.27759382329632,8436.148022366504,0.09583874354016697,0.13488288770589416,0.013815557459076552,1.0,-1.5965240127241855,-0.7101498268296342,-0.7723037870634935,0.0046571159362793005,4.5340110416776325,1291.844630964101,-0.15736100058495583,573.6688198924093,0.5668281971048115,0.7498947016845028,0.6365697650764996,-2.86933620687981,0.00059,0.062208174413457606,0.5,-0.03525018139763833,15.907788344773017,17.231854356700097,0.40404610344862296,0.012933737376581949,0.07668120639768825,0.9103801144127842,70.38801607810086,4.394012394600359,3236.6068510389878,1.680393117331963e-14,0.47537275925273326,0.5098951825283172,0.02229791520520152,1.0,0.6037197311107827,-1.636298097474272,0.9210871302820305,0.0035917878150939497,0,-0.21544989612973556
"MATLAB 2-35 PM Tue, Oct 8, 2024 Run1 .csv",5.221223642082769,1485.5728988439628,1.0485407153232627,1664.1148111356551,0.0,-0.6417117252349873,-0.6061032432294216,-3.703334833987719,0.0,-0.9618920310847785,0.0,0.0,0.0,0.0,0.0,0.0,0.0,0.0,0.0,-2760.533487827321,0.0,0.0,0.0,0.0,0.0,0.0,-1.5987137169818912,0.0,0.0,0.0,4.177857509599654,1816.4874647074673,0.24389227793720403,1904.9377978545242,0.0,-0.6541125551443661,-0.6207455673206923,-3.4748069730084894,0.0,-0.9385307670795681,0.0,0.0,0.0,0.0,0.0,0.0,0.0,0.0,0.0,0.0,0.0,0.0,0.0,0.0,0.0,0.0,-1.398690248860156,0.0,0.0,0.0,0,0.0
"MATLAB 2-36 PM Fri, Jun 14, 2024 Run14 .csv",5.564788653685493,2037.9183353871742,0.21239402936279572,774.4091438683789,0.6040215621300015,0.5740903038859061,0.5667077384637434,-2.907797074022915,0.00017,0.037510444835880286,0.625,1.300598071627534,91.52695044250225,29.159178189136846,0.4963841954766243,2.6557826845555793e-15,0.004695035957880739,0.04366742099042919,0.9515685037986248,-2565.1010844813322,5.252590198702725,13116.2361277949,0.1579143428986683,0.19278383490872417,0.01948253863419556,1.0,-0.600903421239597,-1.322721737414472,0.9350369562507828,0.005467838346958173,4.548556245935581,1354.867326514524,-0.12767143301656933,645.9767924017793,0.5199844943498729,0.40949768584443835,0.37693909828960936,-2.5802627376593943,0.00121,0.06073029142740627,0.6666666666666666,0.5422593234136441,29.9843060864498,17.478416592939578,0.4883687245070861,0.009786980289422391,0.07635365999322923,0.9138532519095071,93.37438360810685,4.346827080565234,8508.467857643882,5.376928666260212e-14,0.7252131938694327,0.6940201380908837,0.02514018463301404,1.0,-0.40110022883109475,-1.8280653071650554,2.386495742023871,0.005507836341857898,0,0.14820991621201052
"MATLAB 2-36 PM Wed, Sep 18, 2024 Run2 .csv",5.904256190503158,3159.7425373446986,0.3077950561729717,1008.7717672338568,0.0,-0.6437933791260155,-0.6086812777624273,-3.712275315634404,0.0,-0.9630870792434608,0.0,0.0,0.0,0.0,0.0,0.0,0.0,0.0,0.0,-2775.019571878318,0.0,0.0,0.0,0.0,0.0,0.0,-1.6030931254973027,0.0,0.0,0.0,5.7553280615209905,2574.1474953711345,-0.0002775359177912273,959.2776756254403,0.0,-0.6563670712829727,-0.6235762343295477,-3.4857365040836283,0.0,-0.9400086500656194,0.0,0.0,0.0,0.0,0.0,0.0,0.0,0.0,0.0,0.0,0.0,0.0,0.0,0.0,0.0,0.0,-1.4035102088020335,0.0,0.0,0.0,0,0.0
"MATLAB 2-37 PM Thu, Oct 31, 2024 Run14 .csv",5.86418747712273,2633.5097343562406,0.24096445375832684,1325.4185296325984,0.05733790674353917,-0.5121008728558005,-0.4844702951401317,3.283954519751894,0.0015,2.036315396677198,0.0,-0.5643061401223212,29.400729167553862,12.731346605432266,0.43197820287047883,1.3330183017971468e-11,9.586989065993067e-05,5.072532975653713e-05,0.997749224370604,7625.063581030697,4.405019285544749,394603.76976161037,1.3964277621847134,0.007766053166210006,0.01707910298903746,0.36363636363636365,-1.6052828297550081,0.5475477739155074,-0.9753901355735644,0.017055851817131082,5.9609523645152445,3077.2340515447054,-0.06138201494731965,1064.090877361195,0.05372721217612887,-0.5246943294699393,-0.4967915679475691,3.5094988065884425,0.0019,1.0592524084413548,0.0,-0.1111445062747735,23.76799970484138,10.892637556990838,0.4045723812028025,0.00014299921754319748,3.1729835953261287e-06,0.9989843526553542,6985.942789187494,4.2847930011939726,704258.1034778067,1.0499088965565085e-11,0.9343177460953023,0.0081975691810835,0.026892309349241344,0.625,-1.4059201887729722,-0.10191924164618206,-1.2103056384545166,0.03593715429306027,0,0.4557313067077974
"MATLAB 2-38 PM Thu, May 23, 2024 Run0 .csv",3.2879319666405964,510.6880571932035,0.41955996875598706,1182.4028773099044,0.0,-0.6458750330170437,-0.611259312295433,-3.721215797281089,0.0,-0.9642821274021433,0.0,0.0,0.0,0.0,0.0,0.0,0.0,0.0,0.0,-2789.5056559293143,0.0,0.0,0.0,0.0,0.0,0.0,-1.607472534012714,0.0,0.0,0.0,3.050256914943904,626.6989629443133,-0.005817578949830704,1340.3211036940838,0.0,-0.6586215874215794,-0.6264069013384028,-3.4966660351587677,0.0,-0.9414865330516707,0.0,0.0,0.0,0.0,0.0,0.0,0.0,0.0,0.0,0.0,0.0,0.0,0.0,0.0,0.0,0.0,-1.4083301687439111,0.0,0.0,0.0,0,0.0
"MATLAB 2-38 PM Thu, Oct 24, 2024 Run8 .csv",5.71317851123904,2160.2166250667715,0.2925512470079527,1275.1292535708963,0.04363222682236831,-0.5411674558011258,-0.5132483296503634,5.72436122052196,0.001985,2.0351203485185154,0.015873015873015872,1.4875715467140145,27.446746725070106,18.04218400730908,0.412604116046619,3.016665071839798e-11,0.00019934276287526475,0.0004594183177847582,0.9990432024029524,2214.9366423757324,3.462129725863065,496773.70009167306,102.25568727043661,0.6679820120019828,0.7503871824375382,0.06490872210953347,1.3903377617295805,1.8168092370175861,7.66177758308263,0.0318287658691406,5.61524150223018,2102.708375385423,0.014455909404600786,1187.713008061043,0.04284087634123842,-0.5540004413294505,-0.5275722349321075,5.947916457930054,0.003085,2.0577745254553035,0.0,0.9863138620797601,16.062948853611196,10.546296840078424,0.40512078343838537,0.00015795013544492282,0.0003748550403988082,0.9986113424469754,6322.320266671699,3.2828427642167566,502578.36523586634,2.5881098599709084e-11,127.5562354527289,0.5441660393156444,0.4307506932619002,0.6122448979591837,0.5892598512851501,0.21771453009855646,0.8520206339760197,0.0197432672977447,7,-0.2094345177683988
"MATLAB 2-38 PM Wed, Apr 3, 2024 Run2.csv",2.916393920201332,279.5119736807171,0.11527687874367228,598.9474681088163,0.0,-0.6479566869080721,-0.6138373468284386,-3.7301562789277742,0.0,-0.9654771755608256,0.0,0.0,0.0,0.0,0.0,0.0,0.0,0.0,0.0,-2803.9917399803107,0.0,0.0,0.0,0.0,0.0,0.0,-1.6118519425281252,0.0,0.0,0.0,3.8899114362650833,502.3369822709644,0.06644109221554073,950.7573316767772,0.0,-0.660876103560186,-0.6292375683472581,-3.5075955662339062,0.0,-0.9429644160377221,0.0,0.0,0.0,0.0,0.0,0.0,0.0,0.0,0.0,0.0,0.0,0.0,0.0,0.0,0.0,0.0,-1.4131501286857886,0.0,0.0,0.0,0,0.0
"MATLAB 2-39 PM Mon, Oct 28, 2024 Run9 .csv",5.350319820064023,2046.1022439090104,0.24731853505226845,1195.1855243865216,0.07642975810214375,-0.21834296878028753,-0.15462636450297573,-1.334578516666654,0.00136,0.03392530035983321,0.16666666666666666,-0.870351158240868,111.1761492241091,21.4094659596163,0.17747347375408562,1.533562529504027e-10,0.0001675910213899408,0.00017992891911599703,0.9989428595868038,3149.364128973575,4.518111054986549,449947.82185951184,13.398665943330391,0.06965104890544573,0.108916979835107,1.0,-1.614041646785831,-2.3378867491763993,4.560437592042592,0.01527441501617438,6.112301331602245,2688.425967171997,0.019482230447803173,1084.7265452531783,0.07700103995922418,-0.23127608928352789,-0.17005290225776237,-1.113012328687014,0.00054,0.056296642469252256,0.3333333333333333,1.1026724984726473,91.65946058620976,20.903507949371413,0.17876982699478733,0.00015753667314148236,2.6339837615256465e-05,0.9990051016917648,6341.412966075313,3.8417806240180665,668899.2627634346,3.086417827730137e-11,7.420096149696344,0.03850462749662649,0.11979339146385183,1.0,-1.4155601086567273,-0.9017566078537318,-0.546588029110803,0.06746360599994655,0,0.5192310178011622
"MATLAB 2-40 PM Fri, Aug 23, 2024 Run0 .csv",5.593023234659686,1858.9615421567294,1.0982094501888358,1776.5301813129508,0.0,-0.6500383407991003,-0.6164153813614444,-3.739096760574459,0.0,-0.966672223719508,0.0,0.0,0.0,0.0,0.0,0.0,0.0,0.0,0.0,-2818.4778240313076,0.0,0.0,0.0,0.0,0.0,0.0,-1.6162313510435367,0.0,0.0,0.0,4.353464837162175,1168.3419480465877,0.41275456124981197,1608.8558075836982,0.0,-0.6631306196987927,-0.6320682353561133,-3.5185250973090456,0.0,-0.9444422990237734,0.0,0.0,0.0,0.0,0.0,0.0,0.0,0.0,0.0,0.0,0.0,0.0,0.0,0.0,0.0,0.0,-1.417970088627666,0.0,0.0,0.0,0,0.0
"MATLAB 2-40 PM Fri, Jun 14, 2024 Run15 .csv",5.503511525588198,2241.6377782773293,0.18907795582732911,758.1163194064256,0.3761431297673881,0.30430972029923287,0.33089560052731604,-2.7435570004126184,0.00018,0.03273025220115078,0.6,1.195470953658256,83.15715346252931,28.86624351943666,0.39370682920285877,9.112902799460195e-15,0.0026772968291213293,0.03789754793880977,0.959380139520428,-2467.3817648091904,5.132948329599788,5551.281662196139,0.2628573958579805,0.2566030025058562,0.023655092081567616,1.0,0.38157894469875764,-0.6131204133741486,-1.029977671108075,0.014627700448036227,4.807175105446355,1455.8864204875088,-0.09251470243391133,783.3170159700622,0.3760512018555556,0.29114212138685347,0.31351643029614706,-2.5239798618614318,0.00046,0.05481875948320092,0.6,0.07395332222362269,33.71709376712566,17.416643307015672,0.3936060311787446,0.007191496445068691,0.09731683703685237,0.8954830301444291,124.51970698789322,4.681670696509135,10355.076278554967,7.755995549495124e-14,0.9776284854702698,0.9241828200284542,0.024841126610964943,1.0,-0.4203800685986048,-1.759794219720819,2.4452740926638468,0.004090557992458346,0,0.7326174906220244
"MATLAB 2-40 PM Thu, Oct 24, 2024 Run9 .csv",5.700251736821371,2230.2292707023958,0.28603211541297974,1265.022556199405,0.03941888370195997,-0.5521977725564375,-0.5202934159819048,6.252962866649772,0.0011,2.03213272812181,0.0,1.3920074678642766,25.831115497676738,11.90783419629144,0.3944956673323325,5.069085468905296e-11,0.00019000391099380823,0.00035636019744082694,0.9990806837833506,2425.247244297123,4.104711055521708,412066.07725486154,4.625492511419945,0.032041612898407464,0.040115204999092616,0.375,-1.620610759558948,0.1110625298285909,-1.099602251128385,0.027812902927398714,5.689145716650341,2208.3502229192845,0.02129772592441409,1178.5809506788669,0.041401583400568626,-0.5656518025924299,-0.5374989024512715,6.47154548048673,0.0009,2.054079817990175,0.0,0.996298910172397,16.87515095808292,9.788416117619343,0.415122828582057,0.0002303338356594306,0.00029531041511094233,0.9986284435767477,4335.569894530434,3.863357195855613,465914.6402729831,2.3979061642878874e-11,5.405809689620386,0.032523444926431166,0.029175658883271952,0.22727272727272727,-1.4227900485695435,0.4527625659819949,-1.1814607778055006,0.022509233057498884,0,-0.564700324019306
"MATLAB 2-40 PM Thu, Oct 31, 2024 Run15 .csv",5.641276505112163,2576.2403718867167,0.20860574391230735,1332.8356188215353,0.059897625572292876,-0.5190274884211546,-0.4850824332807492,3.248192593165154,0.0014,2.0315352040424686,0.0,-0.5737252523293745,25.654506560707464,11.48757907808389,0.4465528749405836,1.7400242728675053e-11,7.06581428021038e-05,3.289647798592442e-05,0.9979960609114673,11284.082499540067,4.248523712990139,360509.0743547424,1.5093048086968117,0.007352435152418633,0.01655951476575667,0.2857142857142857,-1.6228004638166538,1.1986656001005322,0.22071589881927833,0.008225129842758194,5.891159880278349,3101.4937338155223,-0.07223675737217422,1038.8383280424146,0.062308604665352284,-0.5322790606923032,-0.5021142359883066,3.4657806822878863,0.0016,2.0533408764971495,0.0,-0.26747481751609603,24.813943503907293,12.59517174383328,0.4641813115512233,0.0001346590805311411,2.5975468095603394e-06,0.9990764403882729,7419.302407587936,4.159046119047788,676500.6018451516,9.580492923180175e-12,0.8296579158105153,0.006911369186112013,0.024069783873297036,0.2857142857142857,-1.4252000285404822,0.19379479903889124,-1.8249660948828983,0.04895465433597568,0,0.22251768714452055
"MATLAB 2-40 PM Tue, Oct 22, 2024 Run8 .csv",4.960327945761129,1856.319541080762,0.19600336175493446,1302.8046054932552,0.0005114117222451214,-0.6090492676687811,-0.576371450467506,18.245222515648187,0.0023,2.0309376799631274,0.0,0.5903209133433308,5.922908570220663,7.173058327957833,0.011326351167119757,4.735517718153703e-12,0.00018817691064843055,0.0001915117148462011,0.9994481588182138,2463.7656898239557,4.4271433367441695,169602.53474894847,9.745380525139712,0.021933175007050956,0.030900461119059107,0.08108108108108109,-1.6249901680743593,-0.1373937382035312,-1.6300568066151273,0.029758668839931446,4.448034338774072,1586.3207681822291,-0.1073336886634301,1230.0281205750362,0.0007804876659196691,-0.6224872710636303,-0.5925295694138741,18.461816080056693,0.0021,2.052601935004124,0.0,0.38686877936152564,2.1496208718799457,4.872443979636632,0.01728563699518553,0.00016153521160798098,0.00017686495338473148,0.999280419332356,6186.146100191721,3.943098686516474,152596.6536490975,4.861023683158563e-12,13.632286927047884,0.021174790097998167,0.016206827454296864,0.08108108108108109,-1.427610008511421,0.29974829569728734,-1.1063521524892599,0.0095876318216324,0,0.7933574174996224
"MATLAB 2-42 PM Wed, Sep 18, 2024 Run3 .csv",5.962936839226592,2915.8961607981655,0.40172649199413807,1364.8270822551308,0.0,-0.6552424755266708,-0.6228604676939584,-3.7614479646911714,0.0,-0.9696598441162139,0.0,0.0,0.0,0.0,0.0,0.0,0.0,0.0,0.0,-2854.693034158799,0.0,0.0,0.0,0.0,0.0,0.0,-1.6271798723320652,0.0,0.0,0.0,5.831283920338587,2462.652122361329,0.07217602454055294,1224.1940815591138,0.0,-0.6687669100453093,-0.6391449028782514,-3.545848924996893,0.0,-0.9481370064889019,0.0,0.0,0.0,0.0,0.0,0.0,0.0,0.0,0.0,0.0,0.0,0.0,0.0,0.0,0.0,0.0,-1.4300199884823597,0.0,0.0,0.0,0,0.0
"MATLAB 2-43 PM Thu, Oct 31, 2024 Run16 .csv",5.84991107879762,2708.838767761806,0.2215740115201802,1290.0097418464097,0.004432456049643154,-0.41558330268544796,-0.3857494851716999,0.2344818380338518,0.0003,0.02974263180444492,0.0,-2.101203305067111,66.3099623964884,19.59403117838859,0.018414856890612223,4.2396922773550945e-12,0.00011541955627385593,3.389813572278191e-05,0.9951000273823727,5759.653362448608,4.459539894426492,311323.54694749066,0.576451571473032,0.003198824777498532,0.007692217889030225,1.0,-1.6293695765897707,-0.7502624151340428,-0.9517752780755284,0.002915516495704623,5.874138228979511,3203.962775007568,-0.0705115292111359,969.5363216456337,0.0038732702198250265,-0.4284608349951923,-0.4015602365944493,0.4490863530139029,0.0008,0.05112405201807246,0.0,0.49992503799576465,53.13329471927404,15.373967401102531,0.0160428146759221,0.00018409923692971463,3.521271383771882e-06,0.9972599898802386,5416.969708902011,3.9549146853052677,633376.0778765202,4.1450942018082435e-12,0.3486121714030356,0.00360425497613504,0.012155958854555423,1.0,-1.4324299684532986,-0.07079826501551721,-1.1180884848925494,0.027356058359146146,0,0.32298264602638366
"MATLAB 2-45 PM Fri, Aug 23, 2024 Run1 .csv",5.9345652974178975,2045.5963319838909,0.968085046955985,1670.5175396462887,0.0,-0.657324129417699,-0.6254385022269642,-3.7703884463378565,0.0,-0.9708548922748963,0.0,0.0,0.0,0.0,0.0,0.0,0.0,0.0,0.0,-2869.179118209796,0.0,0.0,0.0,0.0,0.0,0.0,-1.6315592808474764,0.0,0.0,0.0,4.56169209253703,1044.2598217801828,0.35875996887335443,1407.7939739865337,0.0,-0.671021426183916,-0.6419755698871066,-3.556778456072032,0.0,-0.9496148894749532,0.0,0.0,0.0,0.0,0.0,0.0,0.0,0.0,0.0,0.0,0.0,0.0,0.0,0.0,0.0,0.0,-1.4348399484242373,0.0,0.0,0.0,0,0.0
"MATLAB 2-45 PM Thu, Oct 24, 2024 Run10 .csv",5.802276669065716,2237.330669122691,0.3029829807506556,1274.4357908389616,0.04103260024334884,-0.5658649564451717,-0.5412275195692255,7.225691350087054,0.00215,2.0285475836457625,0.0,1.3424649420601191,23.548195894400607,11.952929650859398,0.4435956786995168,2.953369146634623e-11,0.00021617298837503084,0.0003559065977019216,0.99910593577648,1745.366821296324,4.687694911483475,307234.8292076763,10.513354361705135,0.06838566125481013,0.09025085618279223,0.3684210526315789,-1.633748985105182,0.15529298269977188,-0.557482870598589,0.037535146474838244,5.683111346667177,2189.821920399692,0.010018692770013826,1148.1859433673121,0.0393975617157976,-0.583907775240495,-0.5609409034645906,7.938331817331753,0.00265,2.0496461690320213,0.043478260869565216,0.9191969149199032,15.709831174006595,12.6478551911814,0.44647728765029493,0.00016267378606232193,0.00025102005470545557,0.9988017531865268,6139.905988318707,4.4419410782987745,396934.53938629304,3.3529065372132327e-11,12.5978061126881,0.055385409347482185,0.05665493184812579,0.4117647058823529,-1.437249928395176,2.4525339582372854,7.885922359483937,0.013260700702667216,1,0.46219843298324065
"MATLAB 2-45 PM Thu, Oct 31, 2024 Run17 .csv",5.602172078062409,2595.479396121182,0.20142937618017198,1346.6466840064866,0.0007071067805408477,-0.1749057837380137,-0.14301653718971274,-1.7792289212121317,0.00015,0.02795005956642127,0.0,-1.3533904802983145,127.85627514520385,23.82639957651613,0.0014594567206756917,1.633350279054733e-12,0.00020148505655432223,3.3748220555872986e-05,0.998859229506319,2073.820214217314,4.368763328153958,329888.69457510737,0.5016237113406757,0.0025659582007361626,0.005907539558517869,1.0,-1.6359386893628878,-0.25153660870834404,-1.1661895734564784,0.0023428544402122192,5.8268041424539305,3135.116493194467,-0.06384570168954931,1021.9972327598072,0.002122891108520895,-0.18877594275180914,-0.16170623732402145,-1.5676079803747616,0.0003,0.04890722753899546,0.0,0.46296512477904345,111.74598056396573,20.326746858624897,0.004381612198971851,0.0004366491382590164,5.702782442218116e-06,0.9985844107310191,2286.9263287968924,3.604809198662586,662694.4145732204,1.1115359212500369e-12,0.2948396050839073,0.002459687595805959,0.008435758973815608,1.0,-1.4396599083661148,-0.4907020259596679,-1.3745467894385202,0.024373396635055528,0,0.9532985733013769
"MATLAB 2-46 PM Fri, Sep 13, 2024 Run4 .csv",5.947051438117228,2923.2137464836737,0.32956327047593253,1021.5123673664318,0.0,-0.6604466102542415,-0.6293055540264727,-3.783799168807884,0.0,-0.9726474645129198,0.0,0.0,0.0,0.0,0.0,0.0,0.0,0.0,0.0,-2890.9082442862905,0.0,0.0,0.0,0.0,0.0,0.0,-1.6381283936205935,0.0,0.0,0.0,5.976546565350716,2977.7250085212268,-0.001141104140748972,1096.8498972023112,0.0,-0.6744032003918259,-0.6462215704003895,-3.5731727526847408,0.0,-0.9518317139540302,0.0,0.0,0.0,0.0,0.0,0.0,0.0,0.0,0.0,0.0,0.0,0.0,0.0,0.0,0.0,0.0,-1.4420698883370537,0.0,0.0,0.0,0,0.0
"MATLAB 2-46 PM Thu, Oct 31, 2024 Run18 .csv",5.599374991982582,2544.8182134383633,0.2141308753517315,1314.2211870787303,0.24321042993388092,0.05861256216258515,0.21515542795763742,-2.3882414078319565,0.00018,0.02675501140773895,0.14285714285714285,-1.427606342930793,180.76307156956102,27.476860585814727,0.337745355019091,9.709068264842633e-13,0.0002614016621497386,3.416472922297269e-05,0.9978220692485037,919.0473536759009,4.385524595256778,285493.1378261817,0.8516923783338554,0.004202889996890469,0.010568849978222274,1.0,0.35968190212170104,1.3509620276407992,0.6818689852346811,0.0037469607591629206,5.8600948462020686,3122.8732538894706,-0.04251950533911142,1002.4441391570441,0.2439939819502661,0.044669540901123295,0.19811309534579558,-2.17860951642304,0.00014,0.04742934455294412,0.14285714285714285,0.4915620208141651,134.28932044462874,26.34078619476156,0.33878642344671794,0.0007223947286046989,9.204820473113297e-06,0.9970715788114372,1380.2309725283778,3.3744801631183283,628168.0990274431,7.012711197058874e-13,0.4588789930925692,0.004458476055332543,0.014970645270493738,1.0,0.5555201316920075,-0.6041677099908607,-1.1509982975064867,0.015065590143203744,0,0.3419604658595913
"MATLAB 2-46 PM Tue, Oct 8, 2024 Run2 .csv",4.852669293000641,1399.4834871550968,0.7899337886897498,1712.5531535007588,0.0,-0.6625282641452697,-0.6318835885594782,-3.792739650454569,0.0,-0.9738425126716023,0.0,0.0,0.0,0.0,0.0,0.0,0.0,0.0,0.0,-2905.3943283372873,0.0,0.0,0.0,0.0,0.0,0.0,-1.642507802136005,0.0,0.0,0.0,4.04005166492146,1621.2797726221752,0.15117252008814686,1890.5871769014216,0.0,-0.6766577165304326,-0.6490522374092447,-3.5841022837598797,0.0,-0.9533095969400815,0.0,0.0,0.0,0.0,0.0,0.0,0.0,0.0,0.0,0.0,0.0,0.0,0.0,0.0,0.0,0.0,-1.4468898482789312,0.0,0.0,0.0,0,0.0
"MATLAB 2-46 PM Wed, Sep 18, 2024 Run4 .csv",5.939655915698392,2922.1591358607507,0.3290569343591403,1167.9367433075743,0.0,-0.6635690910907838,-0.6331726058259811,-3.7972098912779115,0.0,-0.9744400367509434,0.0,0.0,0.0,0.0,0.0,0.0,0.0,0.0,0.0,-2912.6373703627855,0.0,0.0,0.0,0.0,0.0,0.0,-1.6446975063937104,0.0,0.0,0.0,5.546009570393437,2510.5133833788673,-0.04548826753501861,987.4670808762155,0.0,-0.677784974599736,-0.6504675709136724,-3.5895670492974494,0.0,-0.9540485384331072,0.0,0.0,0.0,0.0,0.0,0.0,0.0,0.0,0.0,0.0,0.0,0.0,0.0,0.0,0.0,0.0,-1.44929982824987,0.0,0.0,0.0,0,0.0
"MATLAB 2-47 PM Mon, Oct 28, 2024 Run10 .csv",5.493377718647107,2068.8227660692255,0.23747853363827987,1231.8926466629518,0.03309078016727413,-0.5413871333352321,-0.4971616232135314,4.198399875780211,0.00451,2.024962439169715,0.0375,-0.8444275922123914,45.60929284553953,17.54517910447877,0.26854433007297496,1.726179464369148e-10,0.00013859984625405567,0.0001152660735998872,0.9990551616986463,4288.31778335403,3.5290281656014093,379881.06617358583,46.980555757280335,0.19711855228688022,0.3298362654690969,0.1,1.353112789348584,1.4386533422449348,0.48439573491364074,0.014433332681655892,5.982843568127189,2609.1231870272118,-0.009653801850508292,1171.7136173885467,0.03319289519751183,-0.5557299542970514,-0.5152829045397436,4.405048193046446,0.00426,2.045212520073867,0.0125,0.3096189871223221,28.997553260594117,15.830097735787385,0.2694616111684131,0.00010995411386285385,1.3529851161401335e-05,0.9993180566042956,9088.500843640544,3.4957657117122807,613267.085274726,3.5818480275910695e-11,31.88767200820028,0.12850378987054664,0.37883428242468437,0.08947368421052632,1.5482901917791914,1.391416481224608,0.6058431141495513,0.042215393781662,6,0.8914207193634335
"MATLAB 2-47 PM Tue, Oct 22, 2024 Run9 .csv",5.470520487056213,2308.438525255283,0.24274223631109204,1267.1212715391694,0.0008021597138156571,-0.608515450914787,-0.5786506404095688,14.19564982304305,0.0021,2.0243649150903744,0.0,0.7780165473660685,10.048682747269734,8.352008769980502,0.014039653193604808,9.58632212469138e-12,0.00011933292953493438,0.00018873692601119538,0.9992653417709875,5446.636794876464,4.66920071493108,180809.95173339325,2.858961166466188,0.013980868857097907,0.02323570991069129,0.12962962962962962,-1.6490769149091218,-0.09780954176501425,-1.6562345619316974,0.034193948507308974,5.740796514225913,2343.7576381171607,0.007568933355552254,1176.5167160389094,0.0009067986190800907,-0.6229747849065491,-0.5961982379731062,14.401303615595058,0.0018,2.0444735785808414,0.0,0.5623313505770954,8.311661942027229,6.627099839157715,0.015890708729017412,0.0001565515922945063,0.0001899740215095157,0.9985752594293182,6378.5698043287175,5.059575164483004,224243.62477167777,4.42208134206294e-12,2.713787404192133,0.011586137748540719,0.013079253428258745,0.12962962962962962,-1.4541197881917474,-1.5046293123697496,3.180142632769442,0.004104533195495627,0,-0.7127013841917326
"MATLAB 2-48 PM Fri, Jun 14, 2024 Run16 .csv",5.628323346346541,2236.6621305443864,0.20060604758008546,825.5196566443814,0.11585940584251936,-0.4070468353150486,-0.3756896578559029,0.08941839009427532,0.00475,0.02376739101103298,0.38461538461538464,1.3501136485180716,72.74974354904633,21.7191382115587,0.44622281720091245,6.857673236507524e-14,0.001342292765520267,0.04465774032738994,0.9539173191869699,-2223.7038573411432,5.158146183769365,39151.9774390944,0.8953049017625323,0.6410818759176966,0.04906882961521356,1.0,1.3487333808331725,-0.34654927501450794,-1.601971982231888,0.057114566564559946,4.740077371546308,1468.0961119213434,-0.09512159584625793,824.1566920487479,0.046575382218916446,-0.27006258250487275,-0.24376357179106767,-1.1059363434471998,0.00051,0.043734637087815775,0.16,0.04426061734981988,43.38845797485564,14.517988189351238,0.11329338410210674,0.0024747690813391233,0.10936690563921984,0.8881525858173964,358.8830135766881,4.525486855313336,69957.78177866702,5.179911667406169e-13,3.2530458865853897,2.3006119924663846,0.0365728758651795,1.0,-0.4565297681626861,-0.13850388326685206,-0.4847887806537874,0.004921841621398894,1,0.05896183225620303
"MATLAB 2-48 PM Thu, Oct 31, 2024 Run19 .csv",5.618409716058125,2555.6959399880584,0.23635595680851967,1311.0347542310433,0.6522579254263614,1.5380961705976182,1.8249713229362952,-3.415088854206143,7e-05,0.023169866931691763,0.5,-2.7409891807535907,385.762455409186,46.41456613507212,0.29569746917501644,2.492193289937441e-13,0.0009933871759749873,5.479663173974963e-05,0.9969005173168172,-1938.0728093557266,4.259230335160791,419660.3889053034,0.8412476123760277,0.0050372377385714045,0.01286983209830424,1.0,2.346543676575467,1.6767512695409816,1.6742869799845188,0.00543105304241176,5.820887312024912,3164.907394743932,-0.022569283410058483,1005.02914286186,0.6514153714654045,1.5232202768795016,1.8074710928966402,-3.211424111082589,7e-05,0.042995695594790106,0.5,-0.4190237978140543,210.81180956975246,38.9008819998108,0.295357584515802,0.0024569529752456565,2.8560342519772427e-05,0.9964490922302055,405.5629482003319,3.230803183774613,765224.6837873477,1.6310460144898207e-13,0.47306262654331055,0.005271300703021184,0.01702396195451235,1.0,3.541060251866375,-0.14792159923581105,-1.4538666384117218,0.017255038619041388,0,-0.4093475578829138
"MATLAB 2-48 PM Tue, Jun 11, 2024 Run3 .csv",5.470563111852253,2152.307938372622,0.16104826770912875,782.8357871538104,0.049870532320340506,-0.5417719272294709,-0.5099176922734179,3.9805169122898043,0.00459,2.0225723428523508,0.05128205128205128,0.5571317547952582,21.924796627877857,13.849962523624637,0.3926773416843292,1.2501276570720914e-11,0.0005480769865963548,0.013220229886417597,0.9861776817305276,-1149.511053937871,5.008759166028911,42542.186081711676,21.346135268697758,3.024163709078842,0.6173471467404741,0.22,0.3443539723177611,0.11718575490792779,-1.2938561574674865,0.08410180807113651,4.722460377041384,1605.391624533382,-0.13405937474418794,750.9546631363486,0.077116959516201,-0.5214979317562448,-0.5080442385679521,2.4831701290243204,0.00437,2.042256754101764,0.04918032786885246,-0.16350301722412347,12.81090307084702,10.956792684468235,0.47625600336245966,0.00024902131969606545,0.02344967076405673,0.9762909133280239,3920.511362318707,4.324278872813291,53000.69620757014,1.11818813432242e-10,73.90116957225574,9.243099455625016,0.2994141867872595,0.34375,0.5386502718954365,0.48922017801662154,1.1923348838434622,0.038435984849929786,3,0.17179899027599563
"MATLAB 2-49 PM Thu, Oct 17, 2024 Run0 .csv",5.7239426296915354,2499.330783458571,0.3408354250785631,1248.6249303364286,0.0,-0.6698140527638684,-0.6409067094249981,-3.824031336217966,0.0,-0.9780251812269906,0.0,0.0,0.0,0.0,0.0,0.0,0.0,0.0,0.0,-2956.095622515775,0.0,0.0,0.0,0.0,0.0,0.0,-1.6578357319399446,0.0,0.0,0.0,5.309452668766424,1717.472495137332,0.053480596652136,1309.2501875235985,0.0,-0.6845485230155559,-0.6589595719402381,-3.6223556425228662,0.0,-0.9584821873912612,0.0,0.0,0.0,0.0,0.0,0.0,0.0,0.0,0.0,0.0,0.0,0.0,0.0,0.0,0.0,0.0,-1.4637597080755023,0.0,0.0,0.0,0,0.0
"MATLAB 2-50 PM Fri, Jun 14, 2024 Run17 .csv",5.837472982339367,2370.34321931259,0.24580242792958637,959.1107495013798,0.06584300078728153,-0.5277708218650168,-0.48639572683024235,3.171568429854973,0.00394,0.021377294693668225,0.014285714285714285,1.0976850049205782,46.9599802370142,17.18734406243017,0.4601700691134979,1.3806065863050387e-13,0.001183094715150486,0.052203019584131316,0.9464122963049407,-2163.3923168944075,4.876450334289082,206314.91433425774,1.5977550858174756,1.1927848127571552,0.0850210959115855,1.0,-1.66002543619765,-0.021393149258096964,-1.2072509727333158,0.03157496333122262,4.847783256483007,1567.0552647022305,-0.057252563856205974,962.7707289180651,0.06985677097124322,-0.534877319679874,-0.5022749055847531,2.9722455984417726,0.00496,0.0407788711157131,0.030303030303030304,0.18012739798995897,27.264807821619563,12.218442731716605,0.46324591325660447,0.0014657268391068852,0.12213091701909923,0.8763854996511887,597.9187091813088,3.770274866075591,219072.0558357317,1.2783747259837375e-12,6.006059696663114,4.305610441592769,0.048873710446351575,1.0,-0.466169688046441,-0.3822476448385827,-1.434503262178779,0.023847639858722736,4,0.38759697834593365
"MATLAB 2-50 PM Thu, Oct 3, 2024 Run1 .csv",5.894091021569041,2499.3028043794466,0.3178989838830639,1310.7337600834926,0.0,-0.6718957066548966,-0.6434847439580038,-3.8329718178646512,0.0,-0.9792202293856729,0.0,0.0,0.0,0.0,0.0,0.0,0.0,0.0,0.0,-2970.581706566772,0.0,0.0,0.0,0.0,0.0,0.0,-1.662215140455356,0.0,0.0,0.0,5.868224744752492,2721.5193168413844,0.029688662570366064,1142.5163715262324,0.0,-0.6868030391541626,-0.6617902389490933,-3.633285173598005,0.0,-0.9599600703773126,0.0,0.0,0.0,0.0,0.0,0.0,0.0,0.0,0.0,0.0,0.0,0.0,0.0,0.0,0.0,0.0,-1.46857966801738,0.0,0.0,0.0,0,1.0
"MATLAB 2-50 PM Tue, Mar 19, 2024 Run0 .csv",2.85243707962859,586.3903883440169,0.05268309463323772,1210.7278562858194,0.0,-0.6729365336004107,-0.6447737612245066,-3.837442058687994,0.0,-0.9798177534650141,0.0,0.0,0.0,0.0,0.0,0.0,0.0,0.0,0.0,-2977.82474859227,0.0,0.0,0.0,0.0,0.0,0.0,-1.6644048447130615,0.0,0.0,0.0,4.75742684321958,1899.5397113790789,-0.18048929881568987,1714.6715308044995,0.0,-0.6879302972234659,-0.663205572453521,-3.638749939135575,0.0,-0.9606990118703382,0.0,0.0,0.0,0.0,0.0,0.0,0.0,0.0,0.0,0.0,0.0,0.0,0.0,0.0,0.0,0.0,-1.4709896479883187,0.0,0.0,0.0,0,0.0
"MATLAB 2-50 PM Tue, Oct 22, 2024 Run10 .csv",5.482464984613987,2226.1644646055615,0.23880618536150575,1302.7504607835467,0.0006457079639984205,-0.6063630748915455,-0.5784627785508935,11.159587863795036,0.0018,2.0195847224556447,0.0,0.9218473901524876,12.91942392758052,9.096014184028256,0.009549874819340026,4.802664592366177e-12,0.00012227793966345754,0.00018260063056364356,0.9992446620255561,5186.845023547662,4.401508573838336,323382.1058843227,3.0229195919439245,0.0113588908554286,0.019443906415561873,0.13333333333333333,-1.6665945489707672,-0.6752988919423362,-0.5860625006782736,0.017656946182251,5.464840969932133,2125.91691086777,-0.0199269041111505,1237.3448070112613,0.0008669969274088798,-0.6215361267811648,-0.5970209060178467,11.357285458633228,0.0015,2.038562046636636,0.0,0.6434734715156,8.946801143656065,7.190951281860125,0.012840322643053596,0.00016466209672642314,0.0001593087748501903,0.9988865234679385,6066.280846207932,4.129619418470954,372825.03693774814,3.679567933290597e-12,3.456520711880901,0.00954246206774432,0.011084495200773559,0.13333333333333333,-1.4733996279592574,-0.49734384008331967,-1.0838534413654366,0.008776106238365153,0,0.04205520793637943
"MATLAB 2-51 PM Mon, May 13, 2024 Run1 .csv",5.837293700207608,2060.145065300703,0.35733210580868413,1283.2599255531684,0.030733347421553713,-0.5621284148640895,-0.5303517958609212,5.053706468433452,0.00485,2.0189871983763035,0.0,0.021731966539339505,3.7778925072683167,7.935397006164406,0.27224208806766653,3.590947244057949e-14,0.0019360930748243826,0.16787625025102085,0.8295025373019593,-2563.8693759342696,5.305859983125124,134546.97087162416,3.293396615418009,3.5338141811018473,0.11374722163536843,0.5405405405405406,0.3312157467715271,1.0038476373843843,2.107958305093259,0.004966819286346399,4.6798086409976,1454.7932680224592,-0.0782029461147824,818.9220843424544,0.03718505522780401,-0.5810001980741009,-0.554336239560854,5.550412538852971,0.0047,2.0378231051436106,0.0,-0.1067301740150716,2.4321028116193935,7.991919020131007,0.3405704652594999,0.0009628625942734416,0.15144380730030566,0.8475350707949795,880.2243184392408,4.377095156498278,39928.51516278952,1.4381764734405531e-12,12.976471749307914,10.320967968121256,0.10593317863477017,0.6122448979591837,-0.4758096079301961,1.1994315286052444,1.621301599631093,0.007744029462337446,4,-0.053061195830504046
"MATLAB 2-51 PM Thu, May 23, 2024 Run1 .csv",4.454698897756538,1074.691398043316,0.43848517527012987,1312.6631892359364,0.0,-0.6760590144369532,-0.6486408130240151,-3.8508527811580215,0.0,-0.9816103257030377,0.0,0.0,0.0,0.0,0.0,0.0,0.0,0.0,0.0,-2999.5538746687653,0.0,0.0,0.0,0.0,0.0,0.0,-1.6709739574861786,0.0,0.0,0.0,4.12887276774336,953.0462704288132,0.05203850055818976,1394.8521240153184,0.0,-0.6913120714313759,-0.6674515729668038,-3.655144235748283,0.0,-0.9629158363494152,0.0,0.0,0.0,0.0,0.0,0.0,0.0,0.0,0.0,0.0,0.0,0.0,0.0,0.0,0.0,0.0,-1.478219587901135,0.0,0.0,0.0,0,0.0
"MATLAB 2-51 PM Thu, Oct 24, 2024 Run11 .csv",5.5457756656023065,2065.9245914540847,0.265500451882317,1284.119204571744,0.02659611987157361,-0.598472063674288,-0.5708298303607828,8.844803990530462,0.00616,2.017792150217621,0.0,0.753964848623822,11.522253563183082,10.718494189447766,0.33825348555930235,4.912181925453474e-11,0.00013497061535113034,0.00025825973948630503,0.9993822495141109,4397.646242390299,4.262563053678659,328747.10128591466,84.98884987606372,0.3616936670365015,0.5005470348028939,0.1554959785522788,1.3268363382561157,0.2854695016745532,3.6999301376169997,0.026134272217750526,5.367221200778273,2095.1547500497495,-0.04015756743241025,1123.2044738144507,0.023601554514023557,-0.6153471420689184,-0.5866669065438843,9.23952001142301,0.00673,2.036345222157559,0.0,0.4249546172827576,7.056942601182513,7.596528906240287,0.3061471635490272,9.798628897196941e-05,0.00015850584200425918,0.9991993378445663,10197.338304447918,3.9432092520028346,423350.94551160024,5.3108799214329285e-11,98.36876015110325,0.30652231570644495,0.36649183719961664,0.17585301837270342,-0.4806295678720738,-0.5374965204306162,1.0005562739166143,0.0250898265838623,5,-0.02676581267212701
"MATLAB 2-51 PM Thu, Oct 31, 2024 Run20 .csv",5.604886459598436,2529.941165928032,0.2744105191186668,1318.2556911947386,0.3291499996827847,7.28670932460569,7.31363114537665,-3.7097925126677795,1.5e-05,-0.9828053738617201,1.0,-4.271504425494179,1110.3451428423564,77.28634602375166,0.041325323135376436,6.106772475619994e-14,0.0030907094278377492,0.00011465017405856924,0.9943762840828606,-2692.309201655833,4.397773760875195,409521.2219318955,0.27878281030788127,0.002350449103454252,0.006467880913168382,0.0,2.32464663399841,0.08668592141789466,-1.4999999999999991,0.00212680101394655,5.808414246002034,3137.041306218547,0.022160299486839397,1020.6990382826211,0.3309499996811893,7.270483405364395,7.293767752958718,-3.5160730166864957,1.5e-05,-0.9643937193354666,1.0,-1.0009263306461547,110.00693179590652,39.096874953411046,0.041555489979947985,0.007323107264042847,9.27427083145853e-05,0.9914779608396203,135.39033706468717,3.280750826484637,711924.7935680755,6.105322359740165e-14,0.1530391351692662,0.002428359648053143,0.0067995699388660735,0.0,0.5169604521569875,0.149360142824623,-1.4999999999999996,0.015008404254913357,0,-0.4738190860185399
"MATLAB 2-52 PM Thu, Oct 3, 2024 Run2 .csv",5.870362345789214,2396.0285998164977,0.28383992747659487,1262.1029629625496,0.004487016373076333,-0.27480232896472845,-0.24860786518050976,-1.364238501165091,0.00043,0.016597102058938717,0.0,-2.158259108119738,135.219779346467,23.45097699965375,0.011096062178559997,6.86337543487149e-12,0.00032993733254252415,0.00016878914768580857,0.9974477311166579,1.859980469517268,3.815390835791178,752528.7875272701,7.237842333970411,0.0559703269718404,0.08939745464658365,1.0,5.322456929740705,-0.13617764780597466,-1.4621873001442125,0.03826699733734132,5.9409617666748815,2717.4439959254787,-0.01884204109829246,1056.0154616334892,0.004607805872488389,-0.2901688459973153,-0.2677975738369913,-1.171513529898034,0.00033,0.03486733917150775,0.0,0.07381740987300976,86.94897648502416,18.677036812744138,0.011390657874214397,0.00047816304853634734,9.16670144605495e-06,0.9989317855882902,2089.102846081501,3.367673401351667,849648.1907342259,6.446080801025207e-12,5.815980141225608,0.02947716811698267,0.10346561497006854,1.0,2.5145504721860488,0.0017349784430517618,-1.4130006185121733,0.04710639357566829,0,-0.966381767147484
"MATLAB 2-52 PM Tue, Oct 15, 2024 Run4 .csv",4.084989204683887,1285.3577797090454,0.1785988347628773,1185.184244063808,0.0,-0.6802223222190096,-0.6537968820900264,-3.868733744451391,0.0,-0.9840004220204024,0.0,0.0,0.0,0.0,0.0,0.0,0.0,0.0,0.0,-3028.5260427707585,0.0,0.0,0.0,0.0,0.0,0.0,-1.6797327745170012,0.0,0.0,0.0,2.858849875064094,824.7938741311057,-0.17107675861025912,856.91956619997,0.0,-0.6958211037085892,-0.6731129069845143,-3.6770032978985614,0.0,-0.9658716023215179,0.0,0.0,0.0,0.0,0.0,0.0,0.0,0.0,0.0,0.0,0.0,0.0,0.0,0.0,0.0,0.0,-1.48785950778489,0.0,0.0,0.0,0,0.0
"MATLAB 2-52 PM Tue, Oct 22, 2024 Run11 .csv",5.49012532734166,2335.275887778672,0.2381438322189424,1288.1890884863362,7.378202337253875e-05,-0.6081016107678069,-0.5818858994213895,10.128196167144548,0.0013,2.0154020539002566,0.0,0.8572613259817371,13.330475007971444,9.15559979581927,0.0010084810269086657,6.770699027612862e-12,0.0001361807170809819,0.0001712336279456437,0.9993437235502701,4302.595295793658,4.343660792456624,377043.9949382372,2.2422647185067084,0.01111812316938475,0.020054519812505014,0.20588235294117646,-1.681922478774707,-0.39098568707467374,-1.0148822703825535,0.016925898492336208,5.710376304118723,2304.4292014245875,0.012278944412459136,1184.4964476885264,0.000914446836220124,-0.6236868233812642,-0.6013282405537839,10.31893208898315,0.0018,2.033389456185456,0.0,0.5961973900651615,11.203170611916091,7.500627517753421,0.012481949686470276,0.00020070919647055267,0.00016224074835003593,0.9983100702397242,4973.912943676164,4.187063379053551,514478.61339982337,2.6646503057679637e-12,2.165518732882099,0.0084337274523454,0.01103898414175102,0.20588235294117646,-1.4902694877558287,-0.650816999080759,-0.7699756013723666,0.011723589003086052,0,-0.633208119970608
"MATLAB 2-53 PM Thu, Oct 24, 2024 Run12 .csv",5.5236398719397135,2075.661687608936,0.2591717040222105,1290.069460528208,0.023730507395556447,-0.6083655146370887,-0.57762491669281,9.623000819615688,0.0024,2.014804529820915,0.0,0.6171587142463287,10.0815024398454,7.592488285689711,0.3209494344731314,4.568879184138925e-11,0.00014289717324224822,0.0002477657655232659,0.999365425094005,3950.5861538091585,4.327955110164377,319300.10670580296,17.793037483120788,0.07743968906195972,0.10962373088157702,0.27450980392156865,-1.6841121830324126,0.3586945074712988,-0.6951423052647754,0.017180825471877992,5.346026428572886,2105.805273154277,-0.04150978583933604,1124.7426118951869,0.020409410013985375,-0.6282006199091075,-0.5987435740617638,10.81279222012627,0.00585,2.0326505146924307,0.0,0.41932424812963337,6.211408796672881,7.1204747757039115,0.29208458006538585,0.00010145712751918145,0.00014960299737416062,0.9990948782274935,9847.458750875881,4.01186309413174,422251.39191980334,5.84736977265477e-11,20.44650419196808,0.06513437998049537,0.08077426773383069,0.20634920634920634,-1.4926794677267674,-0.7445854373325911,-0.2573094980346009,0.02898489236831661,2,0.08232529375358993
"MATLAB 2-54 PM Fri, Aug 23, 2024 Run2 .csv",5.561999895371088,2471.1353101708573,0.32062504630554334,1476.6997427679357,0.4889184894992723,0.36856948172826287,0.44673606512698694,-3.082136466133272,0.00017,0.014207005741573964,0.375,0.4510951458445321,1.7256695735933505,14.1892433699357,0.46478928613442383,3.1531827488493414e-15,0.004837100307362931,0.0009803881407340594,0.9910565467808435,-2845.3686699519794,4.159882572010054,534395.56965979,0.18894256528705297,0.0034504344358216718,0.005762860102867659,1.0,-0.6863018872901183,0.17840161568141502,-1.5897389431391338,0.0231633368134499,4.935976661687194,1623.3385816310176,0.0435425224833636,1264.770770225901,0.5352611063721818,0.3441471211617031,0.4969410914642375,-2.9933905938216414,0.00065,-0.9680884268005949,1.0,0.3213087897382389,9.278475838700746,13.729696472257139,0.5130216196339522,0.01092077873889233,0.0005136286305312387,0.9881386805515343,90.48243757860064,3.4452177864806868,408180.13349682215,5.0018587671996935e-15,0.2959294712750288,0.0018372352546160704,0.0031790454531436855,0.0,1.5049105523022939,0.22264472520702264,-1.507362513929004,0.012851082682609549,0,0.986568505186783
"MATLAB 2-54 PM Fri, Jun 14, 2024 Run18 .csv",5.802957388129248,2343.377929458577,0.23025644461967415,946.0488595879076,0.0416250143232149,-0.5737507986383169,-0.5535529512498992,5.113475301121887,0.00409,0.013609481662232747,0.0,0.9430220806326494,31.84111247617267,14.578293780299097,0.37623787925101954,1.999611258140105e-13,0.0008780902805186341,0.05281708015955983,0.9461193123681264,-1980.0243640955027,4.618658318789426,378135.28101732425,2.4953841346888437,1.4877095477751379,0.09657092873081506,1.0,0.311508408452176,0.014299046219962959,-1.38752413459946,0.03213348954916002,4.821138981628408,1557.1534225053167,-0.061137318145101066,964.4692355366666,0.05033917375525356,-0.5654232867901428,-0.5485742411175909,3.7012116472415157,0.00485,2.0311726317063794,0.0,0.18500992016628046,16.029247792652196,12.76574998068307,0.37314023754453746,0.0011158880760254323,0.1318777513588564,0.8669886471411132,776.9494681125651,3.6173130848244788,242120.7207224609,1.6479318983724477e-12,9.037865420388222,5.451818756641835,0.05252983150126044,0.4015151515151515,-1.4974994276686449,-0.22212486872446116,-1.027555088791416,0.024823976457118972,1,0.04969489140561701
"MATLAB 2-54 PM Fri, Sep 13, 2024 Run5 .csv",5.96206074976522,2750.334698096201,0.3131932573897605,1113.03393116417,1.2200944855317355,1.1293535414408677,1.2559580298710624,-3.3577498369770753,0.00107,-0.9869880424171084,1.0,-5.418751913405416,582.2043857926425,74.48352623778821,0.6723098593856391,1.0682214400704818e-12,0.0004664463777966816,0.00019775136703753394,0.9972907269335954,-926.6804287485929,4.288683762405956,256072.4650001517,2.732091987358534,0.03768940204171416,0.08335146235002007,0.0,3.30931870419447,0.592253936641013,0.15202219211822765,0.06209744930267336,5.92837577574942,2795.527055941938,-0.043464826417495106,1128.4443218040642,1.2198546493849147,1.1133226043323423,1.2360104237869507,-3.170992013995381,0.0010666666666666667,-0.9695663097866464,1.0,5.113506812413212,787.3495091404263,86.78622264404952,0.6721777022387485,0.00045687797450941745,9.58533924217889e-06,0.9985164696605742,2185.5211355564966,3.580271636794629,387409.2610718796,1.8141048476422538e-12,3.340190812786916,0.020338219070201783,0.06661242801647943,0.0,1.5000905923604164,1.5783598495423614,2.1467012493997997,0.08631711870431895,2,0.8328158701490549
"MATLAB 2-55 PM Tue, Oct 22, 2024 Run12 .csv",5.296173261637174,2136.0811377710124,0.22653440898431887,1324.9465571186447,0.0008825756774057744,-0.6101335674847711,-0.5851309857570783,9.204510322566831,0.001925,2.0124144335035505,0.0,0.6967389951743613,12.185781201004202,9.601638614131852,0.011562068754733191,7.228360417404511e-12,0.00046931776176125766,0.00014225539143419329,0.9990312258975563,-943.2960003482613,3.864237251746568,425697.5513625503,61.926272504226475,0.1926681591156303,0.4017186495235219,0.5390946502057613,-1.6928710000632354,-0.3501226697092389,-1.1576526786831787,0.025850752294063556,5.246978828268208,2005.6299303231774,-0.016379737215663326,1245.4299725074432,0.001056224901783226,-0.6262559165599936,-0.6052049080791149,9.3902736208343,0.002665,2.029694748720328,0.0,0.3995526950529219,8.750313176229485,7.640420265709068,0.013837840938578793,0.000957181119609407,0.0001216245145305505,0.9980507511996796,1042.6979082150617,3.4815464012563795,498412.53175014484,3.9822913690535205e-12,70.06842214432459,0.1599126932841437,0.3210680930771301,0.5390946502057613,-1.5023193876105223,-0.617797026612371,-0.2758871208760576,0.010176196694374057,0,-0.19538452380874347
"MATLAB 2-55 PM Wed, Apr 3, 2024 Run3.csv",4.476610277868261,1614.3673860695428,0.08921704672467558,568.7903706797086,0.1484487976632714,-0.5215181109845387,-0.5616200030450342,2.300098577753406,0.0049,2.0118169094242093,0.3548387096774194,0.01263055728249824,0.5437247767056332,5.009371486317659,0.8943237411571463,4.988477453943099e-13,0.0055894429909476824,0.03340068068642566,0.960984039777225,-2907.2989281017863,4.106305830283693,15559.789565890802,2.8548547623794374,0.6200999161152858,0.03252410382828795,0.21428571428571427,0.3049392956790591,0.8497487849630094,-0.45246748297190775,0.007364128828048697,4.959670561884386,1891.9618860750309,-0.08505307359898306,737.6710926255117,0.7618262342516209,-0.01854524413404568,-0.25657024189334643,-2.315228654862278,0.00034,-0.9710441927726977,1.0,0.03577654938232962,0.5241652959261018,5.563717960429701,1.1118845559618604,0.003436470589637946,0.04484077375073111,0.951532517048734,276.89237903502146,4.480145412240258,22810.95207727586,2.0508526023386718e-14,0.6418722881381168,0.2167313223609122,0.013587941837471595,0.0,-0.5047293675814613,0.6761820515573048,-0.7621774263608594,0.001808102130889902,0,0.6023339427506369
"MATLAB 2-55 PM Wed, Nov 6, 2024 Run0 .csv",5.5741164657098405,3298.6395600083315,0.4444037612478671,1665.941415361718,0.0,-0.6885489377831224,-0.6641090202220492,-3.904495671038131,0.0,-0.9887806146551319,0.0,0.0,0.0,0.0,0.0,0.0,0.0,0.0,0.0,-3086.470378974745,0.0,0.0,0.0,0.0,0.0,0.0,-1.6972504085786468,0.0,0.0,0.0,4.936952880356857,2491.8050161496394,0.06167419671846136,1912.8422445411015,0.0,-0.7048391682630157,-0.6844355750199352,-3.7207214221991176,0.0,-0.9717831342657234,0.0,0.0,0.0,0.0,0.0,0.0,0.0,0.0,0.0,0.0,0.0,0.0,0.0,0.0,0.0,0.0,-1.5071393475524,0.0,0.0,0.0,0,0.9999999999999998
"MATLAB 2-56 PM Thu, Oct 3, 2024 Run3 .csv",5.922691763177222,2363.313667273262,0.32141082389394887,1270.0280606218346,0.05264453433200672,-0.2707397651003044,-0.236148037868467,-1.8589556599901402,0.00498,0.010621861265526888,0.024390243902439025,-2.3839376163722967,138.50725728835445,26.152080017031217,0.12568827594298915,8.00647323241762e-12,0.013780680050393072,0.0001731620526528685,0.9839337614271884,-3022.3139140216945,4.018761381926511,793340.4169494726,13.418322379844948,0.1315310473692938,0.5193414880499846,1.0,0.3005598871636477,-1.9549675832802709,7.014226774902525,0.03330724596977239,6.00548945486651,2729.133548633504,0.03029546238559877,1097.7630465602383,0.02132342870939052,-0.276376683123773,-0.25455090890843945,-1.7261761859109956,0.000325,0.02747792424125095,0.0,0.5048256610536158,107.631592422931,22.051389092915045,0.04963672677594394,0.014438480946960637,2.1471391742903427e-05,0.9848270471896964,68.20849442593244,3.666754738791523,817077.585727881,7.294269347472518e-12,10.469019853911359,0.07730644680195867,0.41709437708820635,1.0,-0.5095493275233387,-0.22599109009078494,-1.3135620044830232,0.05729479849338531,0,-0.09077524256307827
"MATLAB 2-57 PM Mon, Oct 28, 2024 Run11 .csv",5.645154051160838,2134.8528862860408,0.2643184914195232,1271.3868536221241,0.00684862583752862,-0.5356259043119083,-0.5120870548923833,2.5199186308819614,0.0010233333333333333,0.010024337186185672,0.010362694300518135,-1.0299830781392578,43.142431885319304,23.614173681451625,0.04418334667211412,2.7036907343278024e-11,0.0014476614781595688,0.00011559412011877787,0.9974536811852655,-2411.9461548607824,3.2782078345289567,450863.3499029108,80.18585971335563,0.3627909013988678,1.1066616415503336,1.0,1.298370182905942,6.0481550600928164,52.37594229066441,0.01166142344474791,5.875091525270763,2600.958109578601,0.0179016365345383,1207.216985201218,0.0071024493830289135,-0.5520582678727407,-0.5326662421664632,2.701703830292521,0.00211,0.026738982748225282,0.0,0.31982147003833317,25.302610220711767,18.213116823955332,0.04581178637789379,0.0021449256401572733,1.979520643848002e-05,0.9972127776555949,464.91717893888193,3.290353462388471,663303.405219926,1.4496237739765969e-11,61.05172681467091,0.2682815053844274,1.0556473515253528,1.0,-0.5119593074942776,0.6855968213541439,2.887039534382107,0.024949110746383674,3,0.46418471162480357
"MATLAB 2-58 PM Fri, Jun 14, 2024 Run19 .csv",5.754405354300304,2300.8570029721222,0.21780905755838645,929.5070674365268,0.04719510957354335,-0.5734892758671318,-0.5614760721159265,4.5821786148658985,0.00271,2.0094268131068445,0.0,0.8286854988012738,32.47366857492574,14.175279258072939,0.399342138112755,2.7426935786497446e-13,0.000840780949840236,0.05140627006209116,0.9476111507876612,-1981.1388229940108,3.9912876193917173,499202.0573282346,2.9580690024990686,1.390605575100899,0.09395851786944959,0.3583815028901734,0.29618047864823627,0.03613035289173596,-1.6703444194992216,0.034161821603775,4.746771343927434,1533.2655607329557,-0.0689732284991714,943.2884227754258,0.056400935215876434,-0.5643238411490221,-0.5461815756594828,3.2629542880844555,0.00497,2.0260000412551995,0.1,0.1737521767344845,16.93417793248382,10.434812480281142,0.3919532408766542,0.0011436802371417322,0.13259778425287438,0.8662418804460822,757.4161486002245,3.065053612054178,273404.4253364259,2.1367968463120154e-12,10.3734843355231,5.081206123982393,0.05063379837695135,0.20155038759689922,0.4856307125347836,-0.428178212006998,-1.2300348505027097,0.02688989698886867,3,-0.021491057538486954
"MATLAB 2-58 PM Tue, Apr 30, 2024 Run3 .csv",5.662385719392876,2029.4371977426376,0.29348796225943113,1230.0154537466076,0.020783585104485,-0.613241045635522,-0.5986650893503034,8.677749378081806,0.00494,2.0088292890275032,0.0,0.05745831846174754,4.539794673947118,8.453582711416528,0.2615234842670223,1.1466293860112102e-13,0.001936046046329192,0.21119353432923232,0.7862117021854665,-2709.3511198216115,4.941997872219154,274519.2106921818,3.0198247832403586,19.507082610799536,0.2326770449517748,0.16666666666666666,-0.7060092256094694,1.344724936177041,3.395973711006836,0.0070520159602164845,5.054152046420414,1549.0267061766622,-0.030764873086182476,1017.3600863029534,0.03059636290697456,-0.6190427460747077,-0.6024969091150705,7.357530526586138,0.00494,2.025261099762174,0.0,0.1152413296822924,2.566424566663767,6.947887618850442,0.33880968860697325,0.0017979508396959699,0.2897869638812192,0.7081374070228776,393.85804738833815,4.403758198626242,200667.41553671838,1.2754760644390278e-12,9.887400699446037,65.67900591666067,0.36808840092633105,0.24793388429752067,-0.5167792674361551,1.2895732975280507,2.079934829736197,0.008488570451736455,4,0.0964200350247013
"MATLAB 2-58 PM Tue, Oct 22, 2024 Run13 .csv",5.199469125748067,2124.424932428295,0.19039426585543776,1324.1389873160997,0.0010544548345126216,-0.6169780725787157,-0.5936541066227019,9.074453266377345,0.0017,2.008231764948162,0.0,0.6215226457003975,11.58123539124068,9.158383959968793,0.013734351487422575,7.456248185793753e-12,0.00010377225305602065,0.00010144669850012668,0.999614044820213,6510.082471552465,3.627349343633466,426741.5895628108,2.9785295890722145,0.008519407340628546,0.015467012483789172,0.21875,-1.7081989298671751,0.010469230529380842,-1.440438556596392,0.029367202520370506,5.239531326092216,2082.677947226964,-0.07319343913617601,1236.5348982794292,0.0007729363198181005,-0.6336671253442512,-0.614662242610157,9.253254891645224,0.0016,2.024522158269148,0.0,0.5138983351675255,9.329762581504642,7.48954263187715,0.010063183081300922,9.583400542210786e-05,8.326997569511625e-05,0.9992955819905681,10427.359031787286,3.2453231816520813,538785.0083896938,3.4931695287368973e-12,3.153692771209168,0.006809323095968171,0.010572737914582919,0.21875,-1.5191892474070938,-0.5350553963397505,-0.5396309110090876,0.008309944868087699,0,-0.8212971266079826
"MATLAB 2-58 PM Tue, Oct 8, 2024 Run3 .csv",5.7347914054802995,2265.904553074102,0.2782656758972702,1292.0610939055496,0.0,-0.6947938994562071,-0.6718431238210661,-3.931317115978186,0.0,-0.9923657591311791,0.0,0.0,0.0,0.0,0.0,0.0,0.0,0.0,0.0,-3129.9286311277347,0.0,0.0,0.0,0.0,0.0,0.0,-1.7103886341248806,0.0,0.0,0.0,5.953096184601492,2650.391659954931,0.042417219146280716,1182.991360066508,0.0,-0.7116027166788358,-0.692927576046501,-3.7535100154245344,0.0,-0.9762167832238774,0.0,0.0,0.0,0.0,0.0,0.0,0.0,0.0,0.0,0.0,0.0,0.0,0.0,0.0,0.0,0.0,-1.5215992273780325,0.0,0.0,0.0,0,0.0
"MATLAB 2-58 PM Wed, Sep 18, 2024 Run5 .csv",5.925452298497291,3099.202442961826,0.2678807900934674,1101.1238117701957,0.05458031605672218,-0.4211118695019966,-0.38193214134429887,-0.3357513532548695,0.00222,0.007036716789479702,0.05555555555555555,-1.2623213875522088,69.22015124338357,18.834974037070253,0.19867409895436652,4.233834313243773e-11,0.00022504031363572256,0.00019133859176377103,0.9993554574457068,1303.6124748078482,4.857070085138964,741629.5542967187,15.31482834125031,0.30844307535810933,0.5387618577591196,1.0,0.28742166161741345,-2.026766376022316,5.135509704041759,0.027255501151084882,5.575815657333291,2662.8955589225648,-0.08833423624711512,963.0789492636801,0.054359802777755685,-0.43807283213406983,-0.40344290980739395,-0.15893877741544493,0.00208,0.023044275283096938,0.05555555555555555,0.6426462915930183,65.90947336578634,16.65630616830296,0.1979187661401496,4.545972562843441e-05,9.74762186151449e-06,0.9998406798673556,21993.98843802017,4.125020318609567,699689.077185113,1.9368176676075258e-10,24.249898893846087,0.21040417464514866,0.3978477162261419,1.0,0.4759907926510287,-1.0946207965779158,1.155139343611138,0.09227890819311141,0,0.40414476506232494
"MATLAB 2-59 PM Thu, Oct 17, 2024 Run1 .csv",5.349661169734309,1709.0361327439507,1.019782818741591,1731.158878198899,0.0,-0.6968755533472354,-0.6744211583540718,-3.9402575976248713,0.0,-0.9935608072898614,0.0,0.0,0.0,0.0,0.0,0.0,0.0,0.0,0.0,-3144.4147151787315,0.0,0.0,0.0,0.0,0.0,0.0,-1.714768042640292,0.0,0.0,0.0,4.025662467796975,961.9986918271528,0.33114875371427566,1444.2713092181275,0.0,-0.7138572328174424,-0.6957582430553562,-3.7644395464996734,0.0,-0.9776946662099287,0.0,0.0,0.0,0.0,0.0,0.0,0.0,0.0,0.0,0.0,0.0,0.0,0.0,0.0,0.0,0.0,-1.52641918731991,0.0,0.0,0.0,0,0.0
"MATLAB 3-00 PM Fri, Sep 13, 2024 Run6 .csv",5.867869883780984,2901.6417245118673,0.25854679617751786,971.6489614334256,2.4185721558311606,3.8118836157000437,4.456439819809201,-3.7113937271271387,0.00016333333333333334,-0.9941583313692026,1.0,-1.3193344364940773,850.7769444666854,61.79748633346505,0.5362925535456552,2.4605747400583143e-12,0.0003116728747512509,0.00011378877641081009,0.9984436976374136,51.84109855689803,4.5813458368752755,332644.5051055864,1.9186006034850303,0.029087291545751705,0.07228718295020016,0.0,5.2830422531020025,0.1307728002898677,-1.3801421483357967,0.10136648476123811,5.825620005601458,2994.2585234900735,-0.06373385452218075,1008.9823896526526,2.4200399910961696,3.795982171771679,4.434926418870033,-3.5365702007161683,6.666666666666667e-05,-0.9784336077029544,1.0,1.089658394868252,1221.135950826484,84.97493087464113,0.5364792453753094,0.0003907005868737488,9.58104668572976e-06,0.9991543385732857,2557.3402552787898,3.8089699066203124,464613.6055425246,5.004060375803513e-12,2.3453655417891954,0.02380489585263029,0.0710229458477919,0.0,4.471170832709151,1.2579884818451923,0.680509265078745,0.043072218298912,0,0.6294915586131467
"MATLAB 3-00 PM Mon, Oct 28, 2024 Run12 .csv",5.65340659462295,2140.7102633677796,0.24112615284735184,1277.3538548674737,0.0035049568043503906,-0.5371405407149668,-0.5139991930314938,3.0515019969380845,0.0041,0.005244144551456165,0.0,-0.9105010160062793,39.99656319923329,14.094189891077033,0.021660048248774055,1.849592318424788e-11,0.00012159815074913684,0.00010317311214286732,0.9987296038448207,5054.460980467486,3.402656083983312,593910.1042526149,2.559397860598396,0.013459112990866022,0.021656825602718248,1.0,-1.7191474511557034,-1.3657581345637588,0.5188804060841101,0.017274314761161813,5.824852050340082,2594.853807767698,-0.030652471849601237,1219.6902635047375,0.0017439578215898092,-0.5542950824327522,-0.5355889102086405,3.2253309986348278,0.0018,0.02082745080401993,0.0,0.5088184210814759,25.118216743869404,10.238777787312493,0.010777368358028372,8.693469595142913e-05,8.187286192031704e-06,0.9993015401276267,11494.852879981794,3.4658396722505533,706517.673522275,1.34396420806366e-11,2.0207249243513963,0.007937934373267466,0.022712626351275276,1.0,-1.5312391472617874,-0.920294527184055,-0.1846268491679215,0.014723438620567325,0,0.8945805370338248
"MATLAB 3-00 PM Thu, May 23, 2024 Run2 .csv",5.688170603847789,2018.7992617714883,0.4064782505924689,1299.8095539218784,0.0,-0.6999980341837777,-0.6782882101535803,-3.9536683200948985,0.0,-0.995353379527885,0.0,0.0,0.0,0.0,0.0,0.0,0.0,0.0,0.0,-3166.143841255226,0.0,0.0,0.0,0.0,0.0,0.0,-1.7213371554134091,0.0,0.0,0.0,5.209259674557508,1798.617679828981,0.026314693320006688,1251.8708429814887,0.0,-0.7172390070253525,-0.7000042435686391,-3.780833843112382,0.0,-0.9799114906890057,0.0,0.0,0.0,0.0,0.0,0.0,0.0,0.0,0.0,0.0,0.0,0.0,0.0,0.0,0.0,0.0,-1.5336491272327262,0.0,0.0,0.0,0,0.0
"MATLAB 3-00 PM Tue, Oct 15, 2024 Run5 .csv",4.667262011274822,1648.113434431652,0.18194363520827883,1296.878621132106,0.013776377928493365,-0.5624969032103365,-0.5396772275446653,3.241897445654247,0.002785,2.004049096392774,0.0,0.1607455705061218,11.625421316539091,9.328439863001298,0.09943830833221161,2.8440343747149232e-11,0.00015810794636765107,0.000605607266679521,0.9990737540182365,3145.5475976913667,2.254444845712895,451824.08304928686,330.3160906115986,3.299018692719103,0.6333642248547026,0.10362694300518134,0.27647314032888515,-1.239217840359802,6.605333492020344,0.015488540828227926,3.573015045160882,1120.9729978640046,-0.14141017415930654,1085.7037914689245,0.013752148771114844,-0.5798243071757003,-0.5615195771976489,3.413737397922537,0.00205,2.0193495678179687,0.0,0.2761584668190418,3.067371474049409,8.570940394214677,0.0992634215488683,0.00015891827418450843,0.0007075257696454071,0.9981547097611214,6280.930968343117,1.9621849437731613,300748.28169805155,3.0851854236855827e-11,569.1893245782194,5.461308446825185,0.3377920964327066,0.08287895310796074,1.463940892796335,0.31840588541066245,-0.5566135862587172,0.03077548533678054,4,0.08743953376433465
"MATLAB 3-02 PM Fri, Aug 23, 2024 Run3 .csv",5.89592864948122,2578.1437160228743,0.34621834440864035,1338.439690175824,0.4852156892132371,-0.2592846884666599,-0.3098162450144789,-1.8625877996726992,0.00289,-0.9965484276865674,1.0,1.3496734812211404,253.67969071976046,44.62413230647618,1.095802097229263,6.328468514071971e-13,0.0010130311024212552,0.0006546046023675943,0.99659474661707,-2196.8548524233674,3.9191644196913065,558908.7261458797,2.1267789344770893,0.03443354282840567,0.04803648982139187,0.0,-0.7257165639288206,1.1365049881252915,0.5044939847646415,0.0546420800685883,5.580418604038067,1907.2500230392475,0.053969736777016775,1144.4701055854082,0.48883914854564825,-0.25348299726056833,-0.29093491094070045,-1.7917433722171547,0.00294,-0.9813893736750571,1.0,1.7330755452359667,122.38710640755815,34.86505587888602,1.0489873540903454,0.0009379474584784662,0.0002391276864084619,0.9986515162467138,1064.7201047558906,3.379643643830836,388417.5920591107,8.089057508366187e-13,3.1294843536307466,0.011573800060204262,0.012830518957858488,0.0,-1.5384690871746038,1.09252599036434,0.5217521645272343,0.0587861293554306,0,0.698912102995488
"MATLAB 3-02 PM Thu, Oct 17, 2024 Run2 .csv",5.633521072300222,2229.516287275206,0.3462711421087065,1245.016060431147,0.47100697272607756,0.775337378402725,0.7726447367513987,-3.3004101530761405,0.0034233333333333333,-0.9971459517659086,1.0,0.8492860565370391,328.2310122179946,35.75341511032966,0.3185799033042221,8.689329830163006e-12,0.0006385559647210374,0.06524292158638596,0.9340102019549872,-1725.1817490874075,4.123554428231724,500012.2640689304,19.23184321907658,6.612693297851879,0.2920960053102465,0.0,10.272093731813474,-3.523465098595379,12.10610632279396,0.021105608642101314,5.873065153115302,2138.0473848492898,0.10896638182487112,1278.550396660828,0.5000654899547082,0.8399236618244414,0.7944997545834278,-3.1638926947107446,6e-05,-0.9821283151680827,1.0,1.6786260779081643,390.2972702337975,48.17547132569246,0.32044296602978417,0.0006648997938983241,0.1279329505237233,0.8689575252195486,1306.899976799254,3.356520525216804,390513.0516201102,5.938902547212855e-12,28.144411061497348,12.794983178069561,0.16132533440492777,0.0,11.459120932854457,-0.6242375660498819,-0.8073481056241381,0.07369751036167149,0,0.4065407168554877
"MATLAB 3-02 PM Thu, Oct 24, 2024 Run13.csv",5.489744970970822,2052.7811870114806,0.2543403102681774,1360.4434881141099,0.04863741119678444,-0.5866256277841565,-0.5737942793165043,4.5285357249857885,0.00154,2.0022565241547503,0.0,0.7877680504432404,21.732082997915665,14.412005355115818,0.4138096368020063,2.247301845014336e-11,0.00020284730138246378,0.00022409980521311562,0.9990731488909299,1730.1314160803076,3.2625966237881863,499730.70821928646,60.22837418250809,0.21105724971944764,0.3041281649102644,0.2336448598130841,0.26990402755576826,0.8612589307954407,2.0227845816800993,0.028190715312957804,5.230044485759056,1977.3600930495104,-0.035685826292821216,1235.1452881882537,0.04705770155648873,-0.608581372736068,-0.5967655776828423,4.9973951034069515,0.00443,2.0171327433388915,0.0,0.5351748646203018,13.543138188364544,10.035640283307524,0.415826523694919,0.00019594507501557022,0.000115528271209081,0.9988091556889557,5097.393520146337,3.058500131471571,538635.392016474,2.209338174909508e-11,73.50673045331476,0.13852871275085438,0.23201586104427285,0.25365853658536586,0.4567109528835187,-1.2598441886031633,3.2820626167930467,0.018834397196769825,2,0.04080231982690598
"MATLAB 3-02 PM Tue, Oct 22, 2024 Run14 .csv",5.11355509275189,2035.8739442729925,0.191910034769565,1328.1745059545713,0.0010304731913641722,-0.6015771690031616,-0.5809332965780684,5.024880573772212,0.001,2.001659000075409,0.0,0.5656937203211014,16.32805496823498,10.301847115110629,0.009944252760214102,6.1340570177385765e-12,0.00010895541786122575,0.00011716013786335276,0.9993973006071732,5970.17518532761,3.020109865921195,443259.6447507614,2.6448802435087604,0.006227146604401892,0.012577187135114933,0.3333333333333333,-1.7322856767019377,-0.4131919782902145,-1.5520008754318753,0.025964320898056018,5.033774429160083,1887.924546347605,-0.058403891931383733,1249.4589745776295,0.0007917543804050457,-0.6192002974637265,-0.6032809111827511,5.192742427183594,0.0011,2.016393801845866,0.0,0.18743020879003322,11.214749182674737,8.474925577287147,0.007636888170789015,0.00021368066033323677,8.84900540913885e-05,0.9989286472967328,4674.866905310454,2.5467034263042945,487499.79275202635,3.434807419725795e-12,2.967820214924134,0.005378966452241565,0.008352090897779826,0.3333333333333333,-1.54569902708742,-0.03134455337087313,-1.018132939476391,0.00958281278610229,0,-0.3340416266506391
"MATLAB 3-03 PM Fri, Aug 23, 2024 Run4 .csv",5.930425617904115,2485.291636718831,0.373318497037277,1305.8936800063573,0.2325388737390399,-0.35356085331189735,-0.38517231401917096,-1.0804607621779225,0.00383,-0.9989385240039321,1.0,0.8556221746528668,273.25119707926757,42.43311270822377,0.6593440542836457,5.275868915685565e-12,0.0010512923467273947,0.0010299672751026107,0.9966748376638804,-2261.554824951954,4.0099722549451045,799939.8652170466,4.453840600883355,0.10438270336867796,0.13828751671806666,0.0,0.26552461904035685,1.7987191564985454,2.4176404520973396,0.04652104139328011,5.707342375678689,1918.6594289953164,0.06241296553975423,1080.4627753775194,0.24950091379303216,-0.3306900557892995,-0.40519624486394923,-1.3135974338748415,0.00371,0.01565486035284014,0.8,3.7210344791555827,281.9289594890771,40.68784527762355,0.6343579571304481,0.0005134905938077842,0.00035290122283378574,0.9989820761415374,1945.47298078743,3.619287179663089,516924.94543349266,5.991231948404544e-12,6.236260461096989,0.032184250650378644,0.02881472957895344,1.0,0.45189099294164103,1.8029253199207207,2.5731769613154762,0.045841236114502006,1,-0.0775643710565381
"MATLAB 3-03 PM Thu, Oct 10, 2024 Run0 .csv",5.969761937908145,2164.6105289919815,0.9069592517337052,1723.1048253446513,0.0,-0.7072838228023766,-0.6873113310191001,-3.984960005858296,0.0,-0.9995360480832733,0.0,0.0,0.0,0.0,0.0,0.0,0.0,0.0,0.0,-3216.8451354337144,0.0,0.0,0.0,0.0,0.0,0.0,-1.7366650852173489,0.0,0.0,0.0,4.949968071218866,1626.1250665495334,0.29048423578313565,1501.7544847210868,0.0,-0.7251298135104758,-0.7099115780996323,-3.8190872018753685,0.0,-0.9850840811401855,0.0,0.0,0.0,0.0,0.0,0.0,0.0,0.0,0.0,0.0,0.0,0.0,0.0,0.0,0.0,0.0,-1.5505189870292977,0.0,0.0,0.0,0,0.0
"MATLAB 3-03 PM Wed, Sep 18, 2024 Run6 .csv",5.937311278730117,3058.885944233494,0.2746197067132709,1119.4613385440325,0.031041463006316942,-0.43070782756471027,-0.4069003485364594,-0.389418243442198,0.0007266666666666667,-0.00013357216261455918,0.009259259259259259,-1.2062741960534882,72.14909933425263,19.042967004450052,0.11181405637528266,7.627012027637468e-11,0.0002545781228352379,0.0002113784608744455,0.9993113293316906,701.2739793606866,4.70521555910208,885068.3766894263,57.02393446927338,1.135552232481685,1.957973928995258,1.0,16.261145210524944,-0.8634012930608909,1.1517307793793714,0.020435441434383417,5.607984690381412,2662.9727684783998,-0.07642391665903359,971.1743954782854,0.03132539048587521,-0.4486402493965985,-0.42912691185410845,-0.22453996417349753,0.0004766666666666667,0.014176977366788801,0.10185185185185185,0.47916674032756773,68.93018679357544,17.074871313672535,0.11283678791339852,7.503011029344699e-05,9.656669998058568e-06,0.9998152498337737,13325.520193472194,4.023875152179484,851230.6525757763,2.79934225768883e-10,87.09064543933607,0.7179471893831874,1.4319826145900585,1.0,15.447071032999764,-0.31978894281073955,-1.3583386491927292,0.10093052268028258,0,-0.05712840969693812
"MATLAB 3-04 PM Tue, Oct 15, 2024 Run6 .csv",4.900473262802404,1746.9748842885238,0.21253439934586563,1304.370792886,0.0014393738020652698,-0.4829889617430788,-0.4635893657536272,0.43944762759544087,0.00056,-0.0007310962419557754,0.0,0.4267828727493422,25.423850983835944,12.143166645529277,0.006358317700849459,2.979390659726944e-11,0.0003776318679831591,0.0006319986811231321,0.9988100909608042,-586.4005988376553,1.807596213958526,359190.0582263093,355.24569647681955,2.5052886643249273,0.9876877453129144,1.0,0.25895550626723973,0.1867186227566975,-0.8237789886214268,0.01626456618309019,3.854725697268348,1223.1165832365532,-0.1095415292820468,1126.7385364819695,0.001511809000834504,-0.5010138753048116,-0.48644224530850233,0.6033313821499142,0.0005433333333333334,0.013438035873763132,0.0,0.4202860480317383,8.444198655810057,10.799003193908991,0.006678473147981144,0.0003047734632982347,0.000698517046765657,0.9979245062782937,3274.3156030673813,1.6354130033752305,250849.65203159634,3.293509502930376e-11,596.7437188453621,3.6023199378479984,0.5472847877765723,1.0,-1.5553389469711751,0.2558201646340717,-1.1632023997067793,0.03660603642463692,0,-0.578714900153545
"MATLAB 3-04 PM Tue, Oct 22, 2024 Run15 .csv",5.133086304465105,2066.155824477136,0.20003963762328406,1333.333589426473,0.0035020110809152708,-0.5766920180431038,-0.5561783829382279,4.002429358768408,0.0028,1.998671379678703,0.0,0.6635842482051867,20.989207541067426,11.517887751395925,0.02619025383346832,2.5171955121353907e-12,0.00020076194055122397,0.00011884993866835989,0.9993028505156766,1738.9770003072995,2.803813332125444,453640.6176106978,1.9634436202441652,0.005194618687419028,0.0100860184328608,0.2857142857142857,-1.743234197990466,-1.5715447979914676,1.260023359718816,0.018593124151229837,5.192798696392288,1989.162160633654,-0.04676090710932601,1232.864955989751,0.0009267625841398124,-0.5936449211712143,-0.5794575787322516,3.1652185777215633,0.0007,2.0126990943807375,0.0,0.09751367015404556,14.764277764104826,9.01718389255579,0.00687169489590421,0.0004805340540027882,8.904749642934525e-05,0.9985889582151625,2078.0815634127116,2.430071977875744,468219.0812080218,1.860799912097175e-12,2.095552986625916,0.007236758703874039,0.009742880287708219,0.4,-1.5577489269421139,0.11762507174420632,-1.263197717258287,0.006467788219451903,0,-0.21435811756163908
"MATLAB 3-05 PM Fri, Jun 14, 2024 Run20 .csv",5.601247384914483,2277.7686629255813,0.17887225836688608,882.263424133605,0.05245624376495664,-0.584616361465929,-0.5792174001857107,3.89723803863128,0.00485,0.9980738555993618,0.0,0.6570220300811441,28.279039258842694,13.46064248785269,0.4135924123896486,5.339963706039503e-13,0.0004938260481036915,0.044189587254348614,0.9552128338484883,-1311.5069577843294,3.6274866046726424,592320.89211523,4.384264241447972,1.3836689067387051,0.0929580691517406,0.8620689655172413,1.2545760977518285,-0.25646613939659507,-1.5785971556789344,0.03772051870822905,4.628586326513409,1513.5517091086483,-0.09613378273190415,932.2129200245622,0.04181380843594661,-0.5370800224287147,-0.5073729123008976,1.3591057410973058,0.00446,0.011960152887711795,0.019230769230769232,0.04985005617459162,13.457832885380714,10.159755751154144,0.21714823401260602,0.0007722606703130322,0.1277913739027808,0.871423507832938,1128.4059143911998,2.823721591479685,273535.47191939957,2.3888973481910975e-12,14.621797295552378,5.083553362186263,0.046177392631631134,1.0,0.4398410930869474,-0.9244621428228436,0.9622632712362873,0.010223262608051308,0,0.31353066238175387
"MATLAB 3-05 PM Fri, Sep 13, 2024 Run7 .csv",5.766507479932894,2843.6395095379826,0.22840144498419926,948.395236363217,0.04340100937692511,-0.5679583460079096,-0.5504564174792251,2.892711796233918,0.009806666666666667,1.9974763315200208,0.07246376811594203,-0.5861077861654365,26.93466223262055,21.45312105031827,0.3002914691312752,1.6154599056287865e-10,0.00010660733006468173,9.870464717732182e-05,0.9994734492663332,6122.218527476173,5.130005770420811,171948.13812863576,89.65088369404677,1.2506261716355584,2.9366189735697374,0.04225352112676056,3.2523863934941226,0.8891591493296939,7.3392227936586,0.04360584616661073,5.790684469847847,3013.0744404062766,-0.11593761661506047,994.452419612466,0.04472595231281632,-0.5882962475242796,-0.5744882457486697,3.1536123100690285,0.013903333333333334,0.011221211394686126,0.9238095238095239,0.7934691655269807,39.6270413548607,23.509518626312342,0.31393273962715923,3.19758196736946e-05,1.4930087814799042e-06,0.9993544318329516,31253.442195731604,4.865114862168808,324389.0718531158,3.40254390966791e-10,114.5128775642717,1.1383383373647606,3.348986008235211,1.0,3.4374311131160087,-0.1640635757025603,2.9512302018930194,0.13337484002113342,1,-0.021681075318279286
"MATLAB 3-05 PM Mon, Oct 28, 2024 Run13 .csv",5.8933937819813735,2340.4203471768856,0.267305093546765,1348.0735036163348,0.0021076579927226907,-0.4576954513687957,-0.4404454348437101,-0.011381407249984932,0.0003,-0.003121192559320418,0.0,-1.9210490933761475,78.5892195280613,17.614052130908625,0.008238402584716892,1.44165737968404e-11,0.00012303265840303795,0.00012494013052635424,0.9971898377489781,4844.779040871618,3.6392284850640526,722493.928265931,1.665518699674146,0.007662591264910368,0.014201046351598554,1.0,-1.7498033107635829,-0.3417840262679372,-1.4793316801362844,0.0027219519019126837,5.925213022618125,2696.7737545501686,-0.013819949228336292,1196.7928381759598,0.0018190351516595706,-0.47416002882131353,-0.4618035793535632,0.14852424844757994,0.0004,0.010482269901660457,0.0,0.529073827797981,45.48341985424642,13.51949626655635,0.0070578187529923625,0.00011830526831455047,8.593275455548039e-06,0.9985236840037197,8440.23007791032,3.463437530621637,626705.9172334163,1.2201548012213817e-11,1.3294863289653496,0.005788557271608534,0.01794958216153662,1.0,-1.56497886685493,-0.8599140541062497,-0.944521610539701,0.02060908734798428,0,-0.4121173345277921
"MATLAB 3-05 PM Mon, Sep 9, 2024 Run3 .csv",6.123405206323791,2906.7167481919023,0.5448641835703381,1279.4651810367159,0.0,-0.7145696114209753,-0.69633445188462,-4.016251691621694,0.0,-1.0037187166386616,0.0,0.0,0.0,0.0,0.0,0.0,0.0,0.0,0.0,-3267.5464296122027,0.0,0.0,0.0,0.0,0.0,0.0,-1.7519930150212886,0.0,0.0,0.0,5.7119711446108825,2263.291194309897,0.1763659444138742,1138.951376222148,0.0,-0.7330206199955991,-0.7198189126306257,-3.857340560638355,0.0,-0.9902566715913652,0.0,0.0,0.0,0.0,0.0,0.0,0.0,0.0,0.0,0.0,0.0,0.0,0.0,0.0,0.0,0.0,-1.5673888468258688,0.0,0.0,0.0,0,0.0
"MATLAB 3-05 PM Thu, May 23, 2024 Run3 .csv",5.72525109481208,2358.8247891210594,0.33684230112114055,950.6375158920608,0.0,-0.7156104383664894,-0.6976234691511228,-4.020721932445036,0.0,-1.0043162407180029,0.0,0.0,0.0,0.0,0.0,0.0,0.0,0.0,0.0,-3274.789471637701,0.0,0.0,0.0,0.0,0.0,0.0,-1.7541827192789943,0.0,0.0,0.0,4.67610382423963,1988.9591786270942,-0.06621614283692559,831.5732502194855,4.18889999629428,3.5270521181653147,3.5399657500951633,-3.56280232588037,0.0005,-0.9909956130843909,1.0,0.11601469291951322,1.497063752253199,8.762987752957484,0.9830329484652448,0.033287888679599524,0.00026679622726612196,0.9663285264245153,29.029432768342847,4.4007964005913776,187737.61100283766,1.414748115930624e-14,0.06875858151856311,0.001853505973111497,0.009656040413836308,0.0,-1.5697988267968075,-0.2541401461431511,-1.4999999999999993,0.007861453294754048,0,-0.9999999999999999
"MATLAB 3-05 PM Tue, Oct 15, 2024 Run7 .csv",4.892839786706957,1744.8946189567182,0.21521248541772467,1307.717001858426,0.0014162351523961628,-0.48539545156404007,-0.46741248662377854,0.30815560840872624,0.00059,-0.004913764797344067,0.0,0.44490530365057024,25.961355698330667,12.42675340301215,0.006124106155184757,3.00715377289018e-11,0.00038964887158776933,0.0006362024366183695,0.9987666812154481,-718.7845382601099,1.8743809370196538,352332.6263750304,357.5320973781452,2.4007786334955177,1.1480362139341473,1.0,1.2436275764633,0.23966139469861703,-0.8742832195857919,0.01938360661268232,3.841693451031497,1221.0075785694128,-0.10760212332654748,1122.3949933866618,0.0014451242529098336,-0.5040224231614332,-0.49114957984563024,0.46507768996360976,0.00048666666666666666,0.00826544542258345,0.0,0.4198679346887636,8.802550510215703,10.960286667096774,0.0062491126453508095,0.00035480831806834236,0.0006752807129132245,0.9980124808503917,2812.8215434288577,1.7122026019924115,236945.30276221526,3.2289133980059645e-11,600.9823828791334,3.307927174299832,0.5626441376320269,1.0,0.4277911932322538,0.20966213424977456,-1.209126315148882,0.03356136977672575,0,-0.6302025724973888
"MATLAB 3-05 PM Wed, Apr 3, 2024 Run4.csv",4.4693665142426715,1414.1158816158372,0.05165464291950042,482.9412534512365,0.046909742739271516,-0.6266457960418151,-0.629001503747217,6.9705576000453995,0.00496,1.9944887111233147,0.0,0.010586084905917427,0.06552325741837706,4.400261001015879,0.5152295556113038,2.8086462595568874e-12,0.0016598153796574546,0.04541633887167186,0.9528933391424986,-2715.179574400012,4.008922753706831,12769.461819513346,9.431974278410069,4.7415399818453094,0.08243634844764128,0.10989010989010989,0.24143787220559432,1.1630062132072103,1.3014138886268958,0.004894855022430443,4.713237131741534,1590.4596885819697,-0.12918551295093064,619.285417959248,0.04826884886621744,-0.613337394312445,-0.6058149132484094,4.326429153287517,0.00444,2.007526503929558,0.0,0.009682706515238233,0.02198952766380602,4.390698702930951,0.3922223939295871,0.0015627661001460034,0.07390265278815947,0.9243284883940571,591.4695028947074,4.288011827162197,10301.764331988557,9.601473514210362e-14,1.600619944198479,1.5132454108773452,0.0262214531545465,0.0759493670886076,-0.5746187867386852,1.0492959453140611,0.8827771500099031,0.002739139795303401,1,-0.14238276066388153
"MATLAB 3-05 PM Wed, Nov 6, 2024 Run1 .csv",4.615678164050338,2192.3537099864084,0.6393426317159863,1921.0284188465657,0.0,-0.7187329192030317,-0.7014905209506314,-4.034132654915063,0.0,-1.0061088129560265,0.0,0.0,0.0,0.0,0.0,0.0,0.0,0.0,0.0,-3296.518597714196,0.0,0.0,0.0,0.0,0.0,0.0,-1.7607518320521114,0.0,0.0,0.0,3.742266849705914,898.1153213135317,0.25610919724542114,1461.9863548982667,0.0,-0.7375296522728123,-0.7254802466483362,-3.879199622788633,0.0,-0.9932124375634679,0.0,0.0,0.0,0.0,0.0,0.0,0.0,0.0,0.0,0.0,0.0,0.0,0.0,0.0,0.0,0.0,-1.5770287667096239,0.0,0.0,0.0,0,0.0
"MATLAB 3-06 PM Tue, Oct 22, 2024 Run16 .csv",5.191398906420992,2030.7755528861571,0.21131074269598252,1323.7534769610468,0.0004630334757022191,-0.5571137462926643,-0.5399795383613861,1.9619971695841434,0.0006,-0.006706337035367493,0.0,0.4726130527885976,27.7380497706243,12.970737805693387,0.002846633936508494,3.406601461809968e-12,0.00014157080659999205,0.00013229837944769173,0.9994297471173703,3755.813502339255,2.6405833119369646,426483.8337438037,1.5210788691536756,0.00405521037556641,0.006891129040501396,1.0,-1.762941536309817,-0.15326636957546177,-1.3585737733878622,0.019531069099903056,5.339150453448131,2127.71730049171,-0.03909715690858773,1256.00001771698,0.0005932958784397051,-0.5756569104865352,-0.5640955802969706,2.115935676996347,0.0008,0.006048620943506444,0.0,0.3837311196900331,20.263259539987306,10.128143808650798,0.0036398520181924604,0.00027176401971533616,8.41083997987353e-05,0.9987863863191417,3675.197280954769,2.376312750968223,535937.3798296497,2.0218518302268393e-12,1.5790314530708698,0.0032671249472425745,0.0056405096996124515,1.0,-1.5794387466805626,-0.2490573024316132,-0.5336008808045438,0.00441423654556275,0,-0.6449600522387702
"MATLAB 3-06 PM Tue, Oct 8, 2024 Run4 .csv",5.594244731324762,2080.372129091579,0.26365956245581973,1203.2453323575312,0.0,-0.72081457309406,-0.704068555483637,-4.043073136561748,0.0,-1.0073038611147087,0.0,0.0,0.0,0.0,0.0,0.0,0.0,0.0,0.0,-3311.004681765193,0.0,0.0,0.0,0.0,0.0,0.0,-1.7651312405675226,0.0,0.0,0.0,5.898217981159717,2532.6955858135825,0.03770381135441653,1145.6870355985232,0.0,-0.739784168411419,-0.7283109136571915,-3.8901291538637723,0.0,-0.9946903205495192,0.0,0.0,0.0,0.0,0.0,0.0,0.0,0.0,0.0,0.0,0.0,0.0,0.0,0.0,0.0,0.0,-1.5818487266515013,0.0,0.0,0.0,0,0.0
"MATLAB 3-06 PM Wed, Sep 18, 2024 Run7 .csv",5.942523423764164,3053.1372289074952,0.275158010874899,1116.7760301778956,0.05662940918412836,-0.41970852530698677,-0.38490757303408185,-0.747510374133987,0.00492,-0.007901385194049926,0.06060606060606061,-1.2142688670165682,83.16971326183567,20.587687648179408,0.18742344839491645,8.028889698398183e-11,0.00023699254458784885,0.00020628681208783984,0.9993164260461131,898.4099258582191,4.426632044522406,879082.3143384826,18.22958752482292,0.3561793512444715,0.6159694946483919,1.0,0.2326790551747715,-3.109462424334839,9.960415712537769,0.03302260160446163,5.640817784482127,2677.156321812998,-0.07305243414892934,970.881956555435,0.056792288364829,-0.43869267674819845,-0.40932624744551527,-0.5955609161502373,0.00469,1.004570737957455,0.15151515151515152,0.5817306925116658,79.71980914418305,18.471441050831654,0.18791781917929484,7.081486102673753e-05,8.450714341643892e-06,0.9997994337005676,14118.497434077768,3.4092880046791527,953497.6435226918,2.7970239100615326e-10,27.35667633997478,0.22742549537441345,0.4629855790097074,0.8333333333333334,0.4157412933775597,-1.2581030440895205,1.454901104237016,0.10345312714576721,0,0.520642311299726
"MATLAB 3-07 PM Wed, Nov 6, 2024 Run2 .csv",4.578038363543487,2160.9960232985363,0.6428095225095924,1929.7720873731753,0.0,-0.7228962269850883,-0.7066465900166427,-4.052013618208433,0.0,-1.0084989092733911,0.0,0.0,0.0,0.0,0.0,0.0,0.0,0.0,0.0,-3325.490765816189,0.0,0.0,0.0,0.0,0.0,0.0,-1.769510649082934,0.0,0.0,0.0,3.7038506298646805,891.821603908214,0.24738396759522635,1463.014481536537,0.0,-0.7420386845500256,-0.7311415806660466,-3.9010586849389113,0.0,-0.9961682035355706,0.0,0.0,0.0,0.0,0.0,0.0,0.0,0.0,0.0,0.0,0.0,0.0,0.0,0.0,0.0,0.0,-1.586668686593379,0.0,0.0,0.0,0,0.0
"MATLAB 3-08 PM Fri, Sep 13, 2024 Run8 .csv",5.76167272891545,2800.4895655264236,0.23301212220767042,947.0187840900275,0.06416919918005816,-0.43658224649367816,-0.4045856075515264,-0.5564721892156532,0.007566666666666667,-0.009096433352732358,0.05714285714285714,-0.8367430448582803,53.6934123142756,18.137081808579307,0.22330999001693624,2.4749959964787945e-10,0.00011500604511499829,0.00011157148341760566,0.9994747728374633,5357.894339905295,4.8847335934359215,399805.2955833623,78.90317689742504,1.078623729420335,2.501536919060941,1.0,5.2282996466593605,-1.7335793039462177,4.405879855958015,0.06464447021484382,5.789633851856098,3007.379514287415,-0.10521896652374077,992.7768791595062,0.0711500479202285,-0.4612800938132484,-0.42880691444096464,-0.33984489171148,0.009793333333333333,0.003092854971403769,0.9065420560747663,1.2260060837899225,78.37612909981286,19.481906905131236,0.2524073067930954,3.693895746745422e-05,2.6813976018174164e-06,0.9994917719750356,27057.93126012441,4.400979049513363,632449.4313651742,5.18579808108472e-10,96.81895852357272,0.951713254430888,2.7860565001476054,1.0,5.410921333435683,-0.9802606219209622,0.770103186007284,0.22741125047206895,0,-0.1664778799989211
"MATLAB 3-08 PM Mon, Oct 28, 2024 Run14 .csv",5.773375678984408,2302.7029122635167,0.2500705031081796,1348.57140549139,0.0013499999987832967,-0.37252788118839064,-0.35677462486192246,-1.0606540671938438,0.0002,-0.009693957432073574,0.0,-1.9505838566600973,89.69257646696983,19.34612780078623,0.003830330543281061,8.967745372352679e-12,0.00023122774631447547,9.392711490931475e-05,0.998710539583982,979.1870718609225,3.879909004903921,689836.366620632,1.2741606515577868,0.005484826257184605,0.010517535474388337,1.0,-1.7738900575983454,-0.7050703152743805,-1.5000000000000058,0.005007941722869891,5.850472374418734,2693.365526799706,-0.024830268257233945,1197.908096328297,0.0014999999986910484,-0.3946932009983815,-0.38437224798465125,-0.9116881833527755,0.0002,0.0023539134783781,0.0,0.6133710624442662,56.87053009457066,14.33385472884552,0.004290617849027643,0.00019134809796770595,6.352726440968704e-06,0.9990404096589448,5221.062661555978,3.917988603436074,615568.6158843198,8.575120115714409e-12,1.0343859111285991,0.004462894024327777,0.014093597213714112,1.0,-1.5914886465352565,0.688855067116221,-1.5000000000000062,0.01000656664371491,0,0.40994567801835585
"MATLAB 3-08 PM Tue, Oct 1, 2024 Run0 .csv",5.132530609172351,1516.4552858910447,1.029571017109247,1717.0079935959302,0.0,-0.7260187078216305,-0.7105136418161512,-4.065424340678461,0.0,-1.0102914815114148,0.0,0.0,0.0,0.0,0.0,0.0,0.0,0.0,0.0,-3347.2198918926842,0.0,0.0,0.0,0.0,0.0,0.0,-1.776079761856051,0.0,0.0,0.0,3.7200925697094926,902.296181616169,0.2893055581784589,1480.6097863373693,0.0,-0.7454204587579356,-0.7353875811793296,-3.9174529815516195,0.0,-0.9983850280146476,0.0,0.0,0.0,0.0,0.0,0.0,0.0,0.0,0.0,0.0,0.0,0.0,0.0,0.0,0.0,0.0,-1.5938986265061952,0.0,0.0,0.0,0,0.0
"MATLAB 3-10 PM Mon, Oct 28, 2024 Run15 .csv",5.751322380529708,2284.978744270816,0.23919706099919713,1331.7387583291093,0.0008999999992228003,-0.3062595351399818,-0.29100265945549114,-1.069594548840528,0.0002,-0.010889005590756007,0.0,-2.0087981544738756,91.87270786719773,19.280746202572683,0.002138783270010024,1.1635191961343788e-11,0.00016482243439746384,9.093119438409058e-05,0.9981625128543847,2701.5240226107385,3.9343400723421977,680348.9603119704,1.2544352697576187,0.005166335930399228,0.009987215458372606,1.0,-1.7782694661137568,0.7054691558826562,-1.5,0.010023272633552543,5.870890498344526,2732.013237665985,-0.02498118370531255,1187.0715535561772,0.0019499999982514615,-0.32289771720260113,-0.3131529150591193,-0.9226177144279144,0.0004,0.0008760304923267626,0.0,0.7018079452566545,60.86851542153198,13.51466840813079,0.004602856131191313,0.00016110858253939007,5.863862824048516e-06,0.9986165025072054,6198.406607314354,3.8105575101615616,675366.0109858155,1.0222511980505641e-11,0.9877104907788785,0.004649545142300408,0.014461053950087625,1.0,-1.596308606477134,-0.7035019736031582,-1.4999999999999991,0.02056218206882482,0,-0.9999396961067528
"MATLAB 3-10 PM Tue, Oct 22, 2024 Run17 .csv",5.272661759949579,2104.7220991744025,0.22222376629339247,1365.3560716314398,0.00014999999988746238,-0.40505036199888267,-0.3900416766353807,-1.074064789663871,0.0003,-0.011486529670097223,0.0,0.2971465153325357,59.38173876940001,16.756172818851685,0.0004643244080494137,1.5735854981067185e-12,0.00025157828467413303,0.00012530884025117815,0.9989222867904707,608.9160834457666,3.0153847582016,284558.56130436645,0.7047487653717385,0.0018072346964167737,0.0036166585172980655,1.0,-1.7804591703714623,-0.4323534760763087,-1.500000000000001,0.014033031463623044,5.376503964476223,2141.927741082396,-0.01742864963877222,1256.9950099928997,0.0013999999987802103,-0.42467497518272157,-0.41521824847436395,-0.9280824799654841,0.0004,0.00013708899930109375,0.0,0.7171627680616237,45.00077438641326,13.34516968750263,0.004334365325141225,0.0006907008505923404,7.877085441864787e-05,0.9980277657178149,1444.9493798392068,2.5791750315461646,301097.8397616504,9.451796099801619e-13,0.7323426862638425,0.0018480781093694147,0.003869258396701631,1.0,-1.5987185864480726,-0.6951456453450596,-1.5000000000000002,0.008599729537963868,0,-0.6936232077978819
"MATLAB 3-11 PM Fri, Aug 23, 2024 Run5 .csv",5.79269102950203,2403.306970127725,0.3609043890920175,1301.216370060604,0.24986147062887387,-0.35204118899195846,-0.3498306939370568,-1.3788080604884945,0.00385,-1.0120840537494382,1.0,1.6088955233540565,291.47750432140936,41.830430935813524,0.6625867696898323,3.813436495547895e-11,0.0011404480068318624,0.0012103633027284097,0.9966431001392771,-2495.0441190444762,3.782680226993728,763329.957257556,13.243705539335362,0.36746329015994894,0.40317723597162614,0.0,-0.7826488746291682,1.21244675465069,0.4383311387706543,0.14907011747360238,5.610226884651404,1924.12024293203,0.032043229955196706,1027.323557989119,0.2264794440238148,-0.3565142333130748,-0.3683335820199606,-1.333821275602852,0.00475,-1.0006018524937246,1.0,4.11079912056955,273.4892155443084,35.62558238503299,0.5773295237791634,0.0003785840667289244,0.0003405231669878126,0.9991665928905825,2639.2198739996384,3.427588206222225,539650.7849718182,4.3493152764750197e-11,18.386441581353637,0.10584811201611027,0.08809038921054643,0.0,-0.6011285664190114,0.9586720439078938,-0.37324052227892235,0.1517475736141205,2,0.3528633493930097
"MATLAB 3-11 PM Thu, Oct 24, 2024 Run14.csv",5.5413320042525465,2045.3267396921924,0.30512198131075796,1381.3209620298665,0.05447161402926974,-0.6031929131523304,-0.5916197109923544,3.7667339531940076,0.002295,1.9873184221712206,0.0,0.5390833835241312,22.25949274819465,12.372817076517675,0.4289471535570164,1.9401460002376815e-11,0.013065791042841134,0.00028990372704935203,0.986076968734119,-3300.7219284503344,2.806299342119945,481718.4412139213,101.43409722567628,1.3211251409386318,12.76651094751499,0.17959183673469387,0.2151614211131263,-0.03570300133075087,-0.15021869765547757,0.03275145053863529,5.309700852585328,1983.2892904204634,0.02907625848186224,1253.9952101814918,0.053170638570795264,-0.6251074785673552,-0.61694891530645,4.060727963600867,0.004335,1.9986592060132498,0.0,0.3567394117489049,15.34567292241492,11.208909619003956,0.4259716497081328,0.01653222007671475,0.00016273022982180168,0.9824616369347766,59.42708434655737,2.6102583239770367,506203.7313555018,2.0958995291138236e-11,120.00179017883099,0.8086977789780305,3.369829981362006,0.41201716738197425,0.3964614536100499,-0.5875578934776585,1.0110576684153347,0.023806678056716907,4,0.10722459530071454
"MATLAB 3-11 PM Tue, Oct 22, 2024 Run18 .csv",5.30170238374491,2126.4388864916104,0.256787132105246,1338.6822519125,0.0,-0.7312228425492011,-0.7169587281486653,-4.087775544795173,0.0,-1.0132791019081206,0.0,0.0,0.0,0.0,0.0,0.0,0.0,0.0,0.0,-3383.4351020201757,0.0,0.0,0.0,0.0,0.0,0.0,-1.7870282831445794,0.0,0.0,0.0,5.4987967339301225,2166.2603211487167,0.041840443423400875,1252.997634434257,0.0,-0.7510567491044523,-0.7424642487014677,-3.9447768092394675,0.0,-1.002079735479776,0.0,0.0,0.0,0.0,0.0,0.0,0.0,0.0,0.0,0.0,0.0,0.0,0.0,0.0,0.0,0.0,-1.6059485263608888,0.0,0.0,0.0,0,-1.0
"MATLAB 3-12 PM Tue, Oct 8, 2024 Run5 .csv",5.673180734589,2233.7077187432246,0.25250299264593623,1223.815461335641,0.4452097477532761,1.4503988285672427,1.6391522524855469,-3.6422435352077356,0.00019,-1.0138766259874619,1.0,-4.894593306211023,660.4279544848456,53.007212594426996,0.2039755336194163,1.2697384598776026e-11,0.0002456429105948775,0.00012018300318136116,0.9981289652955394,672.6549392432103,4.1978707646094495,438294.12785847945,8.504672910757606,0.0471298845134043,0.08334069570673154,0.0,4.210782012597715,-1.1117848891977784,0.3507175164171277,0.041784893274307205,5.903408710235226,2661.942397560186,-0.02210363091972417,1094.3953975579232,0.44584673616590864,1.4299659908886566,1.6114704156966444,-3.500239324366256,6.5e-05,-0.0028186769728015815,0.6666666666666666,0.8873143861948758,510.9078004164794,45.268648669103065,0.20431534796498296,0.0003299844860154136,8.61522230762295e-06,0.9992742335044446,3028.246102023622,3.561730622361123,701122.719415617,8.247149689819045e-12,6.42044765317201,0.028854126821942744,0.09963495622136488,1.0,4.391641493668173,-0.4374637441666518,-1.477659486283401,0.0756582152843476,0,0.05776542034701509
"MATLAB 3-13 PM Fri, Aug 23, 2024 Run6 .csv",5.851663756271485,2492.2793358385575,0.32639269295673345,1327.132217328545,0.036263536708311665,-0.6654476471852242,-0.662136762732276,10.603430988040333,0.00742,1.985525849933197,0.027210884353741496,0.7050816846701886,22.55892748306824,23.842308032827287,0.5344123269271436,6.664123677330355e-11,0.0003314033425797112,0.00041341767371920837,0.9981519370209359,-386.0265888377294,4.280923296779856,555066.4449108621,72.7610707391763,0.7852629336414387,1.0445203079999175,0.03879849812265332,0.2085923083400092,3.241614211652347,20.437632475655953,0.0664570701122284,5.534416336452593,1945.2130893097155,-0.011482664743666104,1049.078945340915,0.03593428913632871,-0.6854544159880539,-0.6879449157608846,10.744440674167587,0.00845,1.9964423815341727,0.027210884353741496,0.8200870900929138,15.868293007953358,20.70278628638755,0.5295602364514181,0.00010620441220307556,0.0001041135607535904,0.9997174080295629,9413.1438354744,4.14183455667644,298262.70896061655,1.0062888967181387e-10,106.10256535678685,0.27876674177650945,0.4060312624628317,0.04,-0.6107684863027665,4.87038286489142,35.39881512637164,0.036143730282783504,4,0.8608522505195113
"MATLAB 3-13 PM Mon, Oct 28, 2024 Run16 .csv",5.716968748143767,2311.0968685926478,0.25662892324728065,1330.3699264173702,1.1428706255896999,2.1610046740447335,2.2290742174424825,-3.7511845169457043,0.00114,-1.0150716741461443,1.0,-5.638528197493292,888.631086836107,61.022168000518796,0.3947262426317917,8.717609922109081e-13,0.0005242064718659852,8.856834092024844e-05,0.9973374179114259,-1502.5982136763112,4.628109847666303,671954.5544076695,2.2128182398301925,0.009879931437969178,0.02102084640263504,0.0,7.206402604082303,-1.8412856505796205,1.721739849808941,0.02136374831199639,5.862028751272144,2780.313329458937,0.018371099052747364,1183.257476980231,1.1418449321436683,2.1403448074519518,2.2025897481764374,-3.61116935553268,0.000795,-1.004296559958853,1.0,0.7471378141459408,356.7733575698065,41.19240027592884,0.3944491872703251,0.001214502111484317,1.995670347973862e-05,0.997672439935476,821.4662045471126,3.8426801728518525,744275.5819607482,7.305125364994783e-13,1.6638468586086892,0.008181288311390223,0.025926171827866294,0.0,4.386821533726295,-1.5589883006650969,1.132113103949071,0.02878056526184078,0,0.842433863156521
"MATLAB 3-13 PM Tue, Oct 15, 2024 Run8 .csv",4.883466766001319,1723.773329300979,0.2018584554303937,1279.4550251830503,0.0009925487692857174,-0.49915043625464806,-0.4859147974244904,0.19438649614774395,0.00057,-0.015669198225485514,0.0,0.682167087831052,26.259495526802056,12.401717098554716,0.0042015186957034,3.317212257150227e-11,0.00025707602754504965,0.0004587122960567491,0.9990999442853576,473.99144945613443,2.036882623579061,326068.18916777085,117.1115924117741,0.4534574677070465,0.2807899507544797,1.0,0.20421289982459778,0.1538439261507813,-1.5480688773465965,0.026111140847206116,3.922581292055095,1260.7875419031175,-0.10750644454016955,1107.4537360514676,0.0009226827926745604,-0.5193300673050559,-0.5118255829285565,0.333407132846542,0.00042,-0.005035501451878588,0.0,0.4085209075861733,9.449856063599185,10.21607682109876,0.0039057718105033872,0.00029649130960151106,0.0004394824811066947,0.9983431353728796,3367.19189751183,1.9084712950512774,241746.10264524457,3.293467560409049e-11,189.9989879054524,0.5195982988285254,0.13232918965773388,1.0,0.3844115537553561,0.3323182796058164,-1.180780834098294,0.021294996738433852,0,-0.6615782162765605
"MATLAB 3-13 PM Tue, Sep 17, 2024 Run0 .csv",5.272317358001491,1330.3725121834282,1.1812512452434936,1613.8107749562707,0.0,-0.7364269772767718,-0.7234038144811795,-4.110126748911886,0.0,-1.0162667223048265,0.0,0.0,0.0,0.0,0.0,0.0,0.0,0.0,0.0,-3419.650312147667,0.0,0.0,0.0,0.0,0.0,0.0,-1.797976804433108,0.0,0.0,0.0,4.537242255262694,1061.6617053275982,0.6169442916258332,1534.9765635758636,0.0,-0.756693039450969,-0.7495409162236057,-3.9721006369273146,0.0,-1.0057744429449043,0.0,0.0,0.0,0.0,0.0,0.0,0.0,0.0,0.0,0.0,0.0,0.0,0.0,0.0,0.0,0.0,-1.6179984262155829,0.0,0.0,0.0,0,0.0
"MATLAB 3-13 PM Wed, Sep 18, 2024 Run8 .csv",5.94506179176719,3024.842804727726,0.2767977548739426,1111.6939650187558,0.10847402489241698,-0.4644261377972968,-0.4211428320170538,-0.4145599860900502,0.00644,-0.016864246384167725,0.08108108108108109,-0.6378092333328046,69.86650956652119,18.77408318263869,0.3972801159350431,1.510669712940754e-10,0.00021510890557121354,0.00020556971070304704,0.9993774574394133,1219.020559923531,4.743820405526416,727654.4053806951,26.409297192343576,0.526316310251279,0.8796692857129645,1.0,-0.8001665086908134,-2.1723776920162945,9.390102414723977,0.04628137469291688,5.66778275794075,2703.2796862641885,-0.07052435828070869,969.3142751789029,0.10822023014326375,-0.48485085331744127,-0.44685624999748663,-0.2775283988197068,0.00694,-0.0065133844379299255,0.7297297297297297,0.11403739295383324,71.33002972885136,19.303292393673473,0.39645547309994994,5.477701972868286e-05,7.052606604357714e-06,0.9998288776787803,18252.70674876166,3.714046415099777,850153.3150933882,4.753209582626933e-10,38.444705314969504,0.317468338843131,0.6812115105315351,1.0,-1.6204084061865216,-1.146559495414754,1.5663775125574846,0.1333645594120026,0,0.5105738509958319
"MATLAB 3-14 PM Fri, Sep 13, 2024 Run9 .csv",5.773618115159074,2878.5236582843686,0.22396933228606616,940.5822566651245,0.019138748672474632,-0.6537644386085542,-0.6404818490903237,7.680972113392928,0.019613333333333333,1.982538229536491,0.0,-0.23826076386332293,18.043571896805865,14.637957513673761,0.22584141868004096,3.748138062631326e-10,0.00047629121187014805,6.647830041076869e-05,0.9987336986991836,-1337.2392168917531,5.163751351829017,204276.0319051876,151.147692637739,2.001752702194019,7.704837768057386,0.025426944971537004,1.1976437870514807,0.9452703378110665,0.6302650826309306,0.06717815846204758,5.738799961675435,3105.5103239434443,-0.08855645653426464,948.7677559892522,0.01918057855084692,-0.6739628965741953,-0.6661715833092245,7.783675731474606,0.0241,1.9927476740690444,0.0,0.4815757214394026,27.061521236476302,16.115843894495963,0.225694599155545,0.0004085578768446975,5.319176985922383e-06,0.9990404479368735,2445.28500013875,4.795592220430736,396726.1620308277,8.137699885603917e-10,170.34145548801803,2.1340074141730065,8.07461519825246,0.08038585209003216,2.3771816138425397,1.4526649970106331,1.2498719394563542,0.095186232328415,22,0.1995223670340272
"MATLAB 3-14 PM Thu, Jun 27, 2024 Run0 .csv",5.848729452707991,1185.5565581595474,0.5558452787944014,1444.6809993244913,0.0,-0.739549458113314,-0.7272708662806879,-4.123537471381914,0.0,-1.0180592945428502,0.0,0.0,0.0,0.0,0.0,0.0,0.0,0.0,0.0,-3441.379438224162,0.0,0.0,0.0,0.0,0.0,0.0,-1.8045459172062248,0.0,0.0,0.0,4.500331779382888,701.3659686901656,0.05009075285931586,1227.0353156757176,0.3645499996784407,4.088975182049147,4.095263078971137,-3.6884919332444683,2e-05,-1.0079912674239813,1.0,0.011405605933987673,-0.036409345688994676,4.86670497940401,0.07517967436943523,0.591608285285637,0.10132784871799905,0.30658127650487427,0.5182166716222583,4.355641369130099,100971.8241793212,1.6781310438313333e-14,1.2095228840729557,2.0770842343396345,1.2515439531093353,0.0,-0.625228366128399,0.441967855133189,-1.4999999999999987,0.0011488580703735499,0,0.0
"MATLAB 3-15 PM Mon, Oct 28, 2024 Run17 .csv",5.637233419979795,2282.7402317477445,0.29548654798355317,1326.0871304481325,0.0,-0.7405902850588282,-0.7285598835471909,-4.128007712205256,0.0,-1.0186568186221914,0.0,0.0,0.0,0.0,0.0,0.0,0.0,0.0,0.0,-3448.6224802496604,0.0,0.0,0.0,0.0,0.0,0.0,-1.8067356214639305,0.0,0.0,0.0,5.872119392048651,2842.741482503465,0.07937394339234155,1191.6880016856526,0.0,-0.7612020717281822,-0.7552022502413163,-3.993959699077593,0.0,-1.008730208917007,0.0,0.0,0.0,0.0,0.0,0.0,0.0,0.0,0.0,0.0,0.0,0.0,0.0,0.0,0.0,0.0,-1.6276383460993378,0.0,0.0,0.0,0,0.0
"MATLAB 3-15 PM Thu, Oct 24, 2024 Run15.csv",5.441444180242689,2122.6541160196566,0.24698590163272563,1418.0093399583923,0.04758663673751827,-0.5565311121683427,-0.5402489009816922,1.8681221122939515,0.0005,0.9807456572984674,0.0,0.3705177938454321,35.981380831201555,13.987348136655156,0.25708609821545403,9.906170413463952e-12,0.00013373889804986058,0.0001534912217238876,0.9989848897129848,4013.800403494194,2.2932095969608075,435534.31629282166,3.2580720245244548,0.01043549085666987,0.01633832487235373,0.625,-1.8089253257216362,0.6085636914094493,-0.7998162231031016,0.02520612597465513,5.284962535991098,2051.636182668961,-0.03253040176888647,1250.3807986305048,0.04759127646940938,-0.577149329961557,-0.5674175839133879,2.001175600707387,0.0008,0.9905308495899674,0.0,0.47402800030828385,25.69948963770535,12.373122278331058,0.2570000891650057,9.216340044871605e-05,5.722308966317684e-05,0.9990119181378141,10839.57311984935,2.109636896950542,467371.9933597213,1.182726671902146e-11,3.8752438830485803,0.008391108086486252,0.01582728199819734,0.625,-1.6300483260702765,0.18137870060314384,-1.1039437847439284,0.025818304121494245,0,-0.8700395139347079
"MATLAB 3-16 PM Fri, Sep 13, 2024 Run10 .csv",5.741783692126081,2941.5058457030254,0.18544972438563895,926.8730945682764,0.04556511953473368,-0.559270704544947,-0.556937918235324,1.2964032554816587,0.004856666666666666,-1.0198518667808738,1.0,-0.0195185622542718,33.01814669012179,17.283950825984984,0.24844499919851123,7.443532216711657e-11,4.75893121978269e-05,3.7059307761333784e-05,0.9989265824467419,17527.45709662429,4.645721208550112,463739.50934328313,45.42915368437371,0.5220500284776206,1.6183919433525777,0.0,0.18888497002065807,-0.671175019131664,-0.5440702159259296,0.06540395021438597,5.6852571162921315,3185.3817899007136,-0.12613281846192978,917.5263520833391,0.045540359853351066,-0.5800547361779295,-0.5835329174055652,1.4284622191808678,0.002013333333333333,-1.0102080919030585,1.0,0.16688806092751782,46.12976329639537,23.542355972229906,0.2483091606436456,3.138390520772777e-05,1.5364868816984521e-06,0.9993380107719646,31842.37283911672,4.134197344428164,753935.2636589467,1.4290484490458592e-10,47.72118538017307,0.6447658526133244,1.7949150324323082,0.0,0.3675416939587848,0.4991107045827859,1.1585893711789739,0.1027007150650025,3,-0.28773096245688456
"MATLAB 3-16 PM Thu, Oct 17, 2024 Run3 .csv",4.915292092194022,1580.8100820990962,0.773517201344768,1799.5190833811455,0.0,-0.7437127658953705,-0.7324269353466993,-4.141418434675283,0.0,-1.020449390860215,0.0,0.0,0.0,0.0,0.0,0.0,0.0,0.0,0.0,-3470.3516063261554,0.0,0.0,0.0,0.0,0.0,0.0,-1.8133047342370476,0.0,0.0,0.0,3.845283084490247,996.238536231028,0.24971109447039436,1571.1128395839828,0.0,-0.7645838459360923,-0.759448250754599,-4.010353995690301,0.0,-1.010947033396084,0.0,0.0,0.0,0.0,0.0,0.0,0.0,0.0,0.0,0.0,0.0,0.0,0.0,0.0,0.0,0.0,-1.634868286012154,0.0,0.0,0.0,0,0.0
"MATLAB 3-16 PM Thu, Oct 3, 2024 Run4 .csv",5.857853286485742,2295.0449496150663,0.31693912418949793,1191.2823962481293,0.0,-0.7447535928408846,-0.7337159526132022,-4.145888675498625,0.0,-1.0210469149395562,0.0,0.0,0.0,0.0,0.0,0.0,0.0,0.0,0.0,-3477.5946483516536,0.0,0.0,0.0,0.0,0.0,0.0,-1.8154944384947531,0.0,0.0,0.0,5.880982481419254,2705.7193578496776,0.03064601213373741,1061.7571481084196,0.0,-0.7657111040053955,-0.7608635842590267,-4.015818761227871,0.0,-1.0116859748891098,0.0,0.0,0.0,0.0,0.0,0.0,0.0,0.0,0.0,0.0,0.0,0.0,0.0,0.0,0.0,0.0,-1.6372782659830927,0.0,0.0,0.0,0,0.0
"MATLAB 3-17 PM Fri, Sep 13, 2024 Run11 .csv",5.800302669714375,2958.8293615806306,0.20410243159514632,940.7892327097999,2.9444326632737057,1.1878055784952388,0.12709502935961092,-3.61702380473094,0.00048333333333333334,-1.0216444390188972,1.0,-0.52105468677211,366.4644566183447,49.07827807473353,1.5227723758224974,7.248005149438277e-12,0.00012435742080026902,4.6861293195479685e-05,0.9989794768514827,4548.293508571947,4.472311176772881,346317.2876820178,3.9923582513281457,0.05029080117816416,0.1480944535402692,0.0,0.18231585724754096,-1.4866509274688158,2.5645766897132356,0.03819904893636705,5.693790642389279,3173.7085100195677,-0.10275694663844193,929.0818099327182,2.9441643125380392,1.1667616362069368,0.09982108147585933,-3.4879484151744125,0.0006333333333333333,-1.0124249163821353,1.0,0.9158165593728963,492.4752424959408,50.605181735569005,1.5226335928601977,0.00014968119502582704,4.220572328714884e-06,0.9993042981263927,6676.218064359827,3.559987232603184,477913.74719379836,1.6460865804093448e-11,4.4338526653898995,0.061114648803360705,0.1690373451704155,0.0,1.3603117540459686,-0.18931087421070567,-0.45602801791547476,0.10331433892250066,1,0.33292707765282004
"MATLAB 3-17 PM Thu, Jun 27, 2024 Run1.csv",5.826731265841987,3036.492788454645,0.3655356284929014,1709.1586999373035,0.0,-0.7468352467319128,-0.7362939871462079,-4.15482915714531,0.0,-1.0222419630982384,0.0,0.0,0.0,0.0,0.0,0.0,0.0,0.0,0.0,-3492.08073240265,0.0,0.0,0.0,0.0,0.0,0.0,-1.8198738470101645,0.0,0.0,0.0,3.569099643649107,1126.2075720091063,-0.05435568107886801,1796.9984880282032,0.0,-0.7679656201440022,-0.7636942512678819,-4.02674829230301,0.0,-1.0131638578751612,0.0,0.0,0.0,0.0,0.0,0.0,0.0,0.0,0.0,0.0,0.0,0.0,0.0,0.0,0.0,0.0,-1.6420982259249701,0.0,0.0,0.0,0,0.0
"MATLAB 3-17 PM Wed, Sep 18, 2024 Run9 .csv",5.93001779302419,3033.8419627127,0.27135935833138863,1105.858031262709,0.04562315617361084,-0.4325470416984605,-0.41228300470176005,-0.9592673948160675,0.00111,-0.022839487177579665,0.03125,-0.7155709588077785,82.22074513245846,20.295020728112252,0.14468428703594302,1.5299428742700922e-10,0.00021499820504052372,0.00019574468338432127,0.9994183660073491,1149.172550548028,4.798887970811633,764969.7089533092,24.5257563888704,0.5012952669101672,0.8599994372301558,1.0,0.17793644873212977,-0.7709324096404715,1.2302471058646205,0.05035876065492634,5.688661950693293,2737.3462904667854,-0.06971585537141467,970.8367210124104,0.04571341433534268,-0.45376384623433846,-0.4396095850592783,-0.8321810546879931,0.00049,-1.0139027993681866,1.0,0.19690655940969776,82.51625944352422,18.952328249966673,0.14497052189724108,6.376690659890464e-05,5.861161266823416e-06,0.9998068324011044,15679.086311806108,3.949057680402517,819168.2481465923,4.688950246744883e-10,35.04875742327093,0.29933586055355044,0.6649768634747076,0.0,0.35549179410409093,-0.1498457579598381,-1.4392870495113228,0.16022425711154947,0,0.08219194406163507
"MATLAB 3-18 PM Thu, Jun 27, 2024 Run2.csv",4.308201978022535,1316.740868669652,0.5349777464032985,1782.033853061509,0.0,-0.748916900622941,-0.7388720216792135,-4.163769638791996,0.0,-1.0234370112569209,0.0,0.0,0.0,0.0,0.0,0.0,0.0,0.0,0.0,-3506.566816453647,0.0,0.0,0.0,0.0,0.0,0.0,-1.824253255525576,0.0,0.0,0.0,2.7200939056851734,529.8452203754562,-0.033435630011949685,1267.5148834854112,0.0,-0.7702201362826089,-0.7665249182767372,-4.037677823378149,0.0,-1.0146417408612125,0.0,0.0,0.0,0.0,0.0,0.0,0.0,0.0,0.0,0.0,0.0,0.0,0.0,0.0,0.0,0.0,-1.6469181858668478,0.0,0.0,0.0,0,0.0
"MATLAB 3-18 PM Thu, Oct 24, 2024 Run16.csv",5.51618638170525,2187.739270306038,0.2630216535626036,1409.2038776953982,0.7617542752412412,1.1990172707087066,1.3680889591878744,-3.668234879122747,4e-05,-0.024034535336262097,0.4,1.1096029073560407,422.8339489160704,42.6261664389592,0.39084866451063266,8.747154124423456e-13,0.0005689219003831325,0.00014235041819943896,0.9988315367698046,-1758.1531750272418,4.0359899621209525,424461.2842774847,2.0653946067920597,0.006600085004875625,0.012185534972758216,1.0,2.1735570402167186,0.10139173812185019,-1.66867700815772,0.02357022404670711,5.525041058975973,2212.2330373614273,0.016203141547303734,1244.1582537135555,0.7613687055883983,1.1775276039253395,1.3394597463531728,-3.543137588423127,9e-05,-0.015380682354238173,0.4,0.24612449825195398,257.1961460287088,39.15159201838428,0.39067087743514894,0.0009664089579378619,6.107224395456113e-05,0.9980390141015852,1032.7294732772511,3.2979055683447256,722563.824135771,8.158471755721276e-13,2.278330181108166,0.004784030102476282,0.011985192064328631,1.0,0.3506718341622135,-0.3255866228477922,-1.2019004380207468,0.04289198637008668,0,-0.9638196801355972
"MATLAB 3-18 PM Tue, Oct 15, 2024 Run9 .csv",4.637765299032795,1601.189700400014,0.17257436738281473,1244.149870530732,0.000996041312977464,-0.537907250354761,-0.5284500564000054,0.5273368841916799,0.00066,-0.024632059415603313,0.0,0.6569341743273399,19.488802135494108,11.563374881155944,0.004674246642337339,4.821898723607692e-11,0.00010603005184055439,0.00034031990805705127,0.9993937240335214,5904.517555090222,1.652039656628234,307249.73627627274,150.63031950354213,0.40041780769893054,0.29961727711332165,1.0,-1.8286326640409873,0.05300808977531756,-1.4761031348624998,0.028881443738937362,3.692929788136461,1180.908320579576,-0.12992579980141541,1053.404097842136,0.0008468109859155038,-0.5593920439141733,-0.5563055854734231,0.651439650177073,0.00054,-0.016119623847263842,0.0,0.33971350770776554,6.711925275224406,9.378447311866049,0.003974097144054425,7.026187085787904e-05,0.00029409889951998846,0.999009576358806,14218.37426418,1.4863895475874243,223194.58983259904,6.189724534083456e-11,241.00702709725124,0.4250337701158183,0.15518161266550823,1.0,-1.6517381458087252,0.3677797209578699,-0.27456364250552223,0.016048673391342166,0,-0.39716868628026103
"MATLAB 3-19 PM Thu, Jun 27, 2024 Run3.csv",3.1566245812359544,664.9559512425739,0.3552519790770099,1380.312336023508,0.0,-0.7520393814594835,-0.742739073478722,-4.177180361262023,0.0,-1.0252295834949445,0.0,0.0,0.0,0.0,0.0,0.0,0.0,0.0,0.0,-3528.295942530142,0.0,0.0,0.0,0.0,0.0,0.0,-1.830822368298693,0.0,0.0,0.0,2.314395255698676,359.3372346227957,-0.11438950891890864,1050.2862072744072,0.0,-0.7736019104905189,-0.77077091879002,-4.054072119990858,0.0,-1.0168585653402895,0.0,0.0,0.0,0.0,0.0,0.0,0.0,0.0,0.0,0.0,0.0,0.0,0.0,0.0,0.0,0.0,-1.6541481257796642,0.0,0.0,0.0,0,0.0
"MATLAB 3-19 PM Thu, Oct 17, 2024 Run4 .csv",5.2640431861766,2030.782718983694,0.24504009220563364,1345.0175352145675,0.0008929416972295484,-0.6876213463187526,-0.6786280908031737,11.085066967207815,0.0023366666666666666,1.9741728924257145,0.0,0.11799113739000061,6.916069415535622,7.235872346796951,0.013641265197263278,6.109050605189144e-12,0.0001879815298418074,0.002429933127667188,0.9972231889881331,1769.3608629311266,3.9110589884553844,568406.0183566915,224.97976404702726,11.686095928820595,0.7728599093837419,0.07931570762052877,-1.8330120725563988,0.4589078042376408,-0.5237846972109184,0.01349635154008863,4.643737065321632,1555.7677512242713,-0.037449243989900266,1335.479780182068,0.0007243900443838009,-0.7092703064735773,-0.7066862523527759,11.207180683764754,0.0039766666666666665,1.9824024931666848,0.0,0.34351521797038803,4.1181108886695785,8.671877051243053,0.01106634031354511,0.00019961786479251966,0.003931905443461357,0.9938816530243634,4978.9213708772595,3.4956356705377862,594479.0475596299,5.273267074454108e-12,392.0279358141764,21.659259042950758,0.3923652531969501,0.07993730407523511,-1.656558105750603,0.031323576052083586,-0.8153381164840843,0.03215726345777513,5,-0.21363865679938124
"MATLAB 3-19 PM Wed, Sep 18, 2024 Run10 .csv",5.8882899715213695,3088.2267717440673,0.25004784126287016,1083.1635028404858,0.026630345440831104,-0.6659882920656923,-0.6560171080908536,7.2139931683223795,0.01443,1.9735753683463733,0.02631578947368421,-0.14844974219836649,16.440060821617404,13.816128743615677,0.30216176699242836,2.4611216367700564e-10,0.00013246994379736212,0.0001338339862417418,0.9993992339354,4001.5650553816236,5.2636652648217215,126273.65318889692,54.40181854503808,0.9599340828653656,1.7922507260242821,0.0441400304414003,-0.8352017768141042,0.3883135306309924,-0.12752179013349263,0.08753537088632582,5.7030835604804135,2750.0599542546597,-0.07464554998249867,980.3623644691124,0.02548827447397584,-0.6884766021450679,-0.6853015858767225,7.43511336026361,0.01899,1.9816635516736592,0.23478260869565218,-0.07173197969968734,16.810808561060448,13.478135417310485,0.2916951896444489,4.395678021082856e-05,5.301698732928939e-06,0.9997405452362161,22743.71645150512,4.956104321609692,99634.77226932006,6.058340392525786e-10,80.62240583057785,0.6835109472454841,1.5687638324643782,0.10828025477707007,1.3410319142784584,0.3404278004289493,1.0435128798635098,0.10227824628353122,5,-0.06679797999607814
"MATLAB 3-21 PM Thu, Jun 27, 2024 Run4.csv",3.1027635707893335,494.1524787598511,0.5214519185293436,1135.8573152628726,0.0,-0.7551618622960257,-0.7466061252782306,-4.19059108373205,0.0,-1.027022155732968,0.0,0.0,0.0,0.0,0.0,0.0,0.0,0.0,0.0,-3550.0250686066365,0.0,0.0,0.0,0.0,0.0,0.0,-1.8373914810718102,0.0,0.0,0.0,2.2921506780678977,310.4079935056289,-0.043882444332534576,954.2489371174534,0.0,-0.7769836846984288,-0.7750169193033029,-4.070466416603566,0.0,-1.0190753898193665,0.0,0.0,0.0,0.0,0.0,0.0,0.0,0.0,0.0,0.0,0.0,0.0,0.0,0.0,0.0,0.0,-1.6613780656924804,0.0,0.0,0.0,0,0.0
"MATLAB 3-21 PM Thu, Oct 17, 2024 Run5 .csv",5.433561378391483,2187.5614420925876,0.26277434016507895,1306.202901460134,0.0006261240444510867,-0.6928479122275546,-0.6845951426005403,11.6050966910105,0.00167,1.9723803201876908,0.0,0.13570263119718723,7.803888577431062,6.535098100272376,0.009882822952922277,6.093978498295111e-12,0.00017891135406993146,0.0017971864285967274,0.9978450510727128,2020.0472937478626,3.9782709876293025,517468.6705258731,53.165461720960785,1.9371284532961741,0.2756848207912073,0.14285714285714285,-1.8395811853295156,-0.41342659141109217,-0.5106979770063629,0.004488610327243847,5.148421201189818,1804.3223190031647,0.009098754607667847,1360.1254377530242,7.380294104575682e-05,-0.7147504332696755,-0.7130322528639079,11.724226833424758,0.00164,1.9801856686876078,0.0,0.44096403706188564,5.6375094775338095,8.954676638950751,0.0011648097786843142,0.0001718891362781354,0.003068549157925317,0.9945171134829139,5785.805519865296,3.551401223225376,524025.86158399074,3.0317602723616244e-12,86.45347499260326,3.4125429041661866,0.13545903961026848,0.14285714285714285,-1.663788045663419,-0.32514083152705364,-1.064296741695659,0.03417611807584767,4,-0.04338641176256975
"MATLAB 3-21 PM Thu, Oct 24, 2024 Run17.csv",5.481935430857018,2189.5177938163247,0.27960953878322775,1423.5156925035324,2.518832115705591,4.0371164795541,5.020115835093405,-3.9995308985321,2e-05,-1.0282172038916504,1.0,-0.22581347589675937,964.7374411180415,65.918034424324,0.5253740056948327,2.795764498710887e-13,0.001709817572643709,0.0001563625775779046,0.9972837966938138,-2981.2420293020814,3.9564610523220325,299806.7924439111,2.233722984088923,0.007842504617823208,0.017380591016279763,0.0,6.158229110412779,-1.3794191301502319,0.46420839411164083,0.007981126010417922,5.555368669175872,2225.52747071465,0.05283571614361404,1275.9312530946268,2.5187019647252997,4.01512179490412,4.991452408592477,-3.8813952808320695,2e-05,-1.0205532728054179,1.0,0.268710447718639,338.85049037919066,53.34758276636835,0.525346859009893,0.004817169703801494,7.971192994662414e-05,0.9943604007669014,206.4200478513756,3.0872640581273556,550852.9076146767,2.0685493480911298e-13,2.382510969190595,0.005966047323995338,0.017085547746631995,0.0,5.333801974365642,1.2791022184990664,0.40163300828383175,0.004404277205467266,0,-0.9841776953152858
"MATLAB 3-24 PM Tue, Oct 8, 2024 Run7 .csv",5.854004630971229,2375.1049058940152,0.2529525716235256,1253.1893448677622,0.0266666304547665,-0.489507766794863,-0.4787731773196904,-0.47065602506488124,0.0019,-0.028814727970991605,0.008928571428571428,-1.8149442865352692,97.835578750097,22.016683879824495,0.09921486023120235,7.808123687803024e-11,0.00013711294671410655,9.56730582429991e-05,0.9972727959691593,3701.6129079039592,3.913414229431977,414819.557078039,91.3416013339686,0.4832812887494611,0.9475072605468504,1.0,6.156039406155073,0.06569528813813426,-1.2514797977218692,0.08104300558567046,5.9185030866505715,2751.54627357198,-0.040782312349267325,1088.892609710369,0.026914048976614664,-0.5115519456317297,-0.5098629200564888,-0.353514932079078,0.00172,-0.021292214298443524,0.008928571428571428,0.35070909721808086,69.04398191910893,17.35567213414958,0.10012163692500219,8.755268617462988e-05,5.3984380982985696e-06,0.9992771341565981,11413.437757506044,3.6543107817996887,607923.2712783488,6.854620118472831e-11,71.94131692635857,0.34917028935476974,1.1890431587550576,1.0,6.3313919943947035,-0.07202034138656903,-0.8077560284420042,0.08036914378404617,0,0.2333707463339372
"MATLAB 3-25 PM Wed, Sep 18, 2024 Run11 .csv",5.889762422457309,3085.8711983663734,0.2443455386990087,1083.3748891300231,0.004036909831073835,-0.550357085156659,-0.5435621945287212,0.5915759577034585,0.00111,-0.02941225205033282,0.0,-0.11682921766002197,50.53201453557329,15.730072375195968,0.01931830802101578,4.8526353274573274e-11,0.00012864245042459957,0.0001245835034648403,0.9995886598648578,4191.288983474502,4.6943055097402295,603804.4972276795,15.607082680608812,0.2672018384362509,0.5060264294490597,1.0,0.15384970189736724,-0.28595503267816436,-1.5590416197479202,0.05441719174385079,5.695116731160277,2804.110576267327,-0.08267747875648049,986.6405714471756,0.003881743314915814,-0.572573568224388,-0.5722782535047454,0.7077225259750346,0.00048,1.9779688442085308,0.08333333333333333,-0.32336969221399686,53.562088999902315,14.861432975989326,0.018580122205732047,5.8125222715599676e-05,3.824727220428359e-06,0.9997691128648379,17200.262917814496,4.220002131008423,610511.4360959312,1.2532562724578786e-10,22.74952064257701,0.19326236563691654,0.4527811139123963,0.17391304347826086,1.3289820144237647,-0.5337229959022026,-0.9821086240304742,0.07451240926980979,0,-0.04998587976309514
"MATLAB 3-26 PM Wed, Sep 18, 2024 Run12 .csv",5.87765095243028,3127.831119192695,0.23971520685174846,1070.0414905196617,0.011166962692416661,-0.3655779973730429,-0.35975121195778614,-1.6129162852872874,0.00048,-0.030009776129674037,0.0,-0.35056070839448467,91.1698543207056,20.830723624275755,0.02828597298373076,2.753052021869913e-11,0.00014237259954904725,0.00010992625968409827,0.9996246880546404,3434.947022901609,4.428461418293708,606458.7990136478,7.698274110743179,0.1303680191019883,0.25383353934609104,1.0,3.1516599976396615,0.1473347760288422,-1.344859897073035,0.041211749315261864,5.722304153412973,2841.493551575646,-0.07873085856080858,991.6596604583126,0.011409434682032553,-0.38783997539438453,-0.38749358717333116,-1.4977642417299375,0.00032,-0.02277009728449486,0.5,-0.27817644068357944,96.72281394235979,20.346533296705218,0.02890074140567304,7.360192970519937e-05,3.6369261740318537e-06,0.999722246330978,13582.826569020728,3.543827122079647,703168.521168251,6.409356185183261e-11,11.07496369961976,0.09808566251031514,0.23506541516787918,1.0,3.326572034452826,-0.43718724717342633,-1.5217417095590264,0.10960639297962194,0,-0.08978676628458962
"MATLAB 3-28 PM Thu, Oct 17, 2024 Run6 .csv",4.343545415076296,1498.4421830453534,0.16768554003112146,1292.032422363503,0.0003437948503861404,-0.7086888345977852,-0.701640228923943,14.782777490046374,0.00221,1.9693926997909847,0.0,-0.08236877321784417,1.9511503042485492,5.1774576126856005,0.006521395343145237,1.0720853206379817e-11,0.00034982287104826115,0.0006967464337756272,0.9988413258114781,-738.205954764654,3.678344469783963,279583.22646965395,234.979315393998,3.2487920344680092,0.3478451662808535,0.14349775784753363,-1.850529706618044,-0.3522150662283587,-1.1342682702012001,0.017361860573291768,3.362344014243872,1074.4418528744934,-0.1432674262359624,1104.8848816636294,0.0002023517285326455,-0.7310292437429236,-0.7308089203765524,14.896935008889498,0.00273,1.9764909612224795,0.0,0.2033945153625991,0.38150873693540444,5.818042060891595,0.00383838099566654,0.00042188972829400263,0.0007869964047411765,0.9979389892073315,2365.402431679723,3.018985287904936,147509.83296338315,1.3108872947377035e-11,420.4007871477423,5.779155090520294,0.21491139918777907,0.14349775784753363,-1.6758379455181127,-0.3130753967591587,-1.0601922257106886,0.035540387034416226,1,0.7186144584158214
"MATLAB 3-28 PM Tue, Oct 15, 2024 Run10 .csv",4.908428214920219,1755.776539303831,0.18995940813023288,1221.5499689217477,0.0010986416186303332,-0.6169697098669215,-0.6104292462717626,2.6781862373023158,0.001,-0.031204824288356248,0.0,0.8287134679041345,16.78286627337231,10.487674974263863,0.00755194643750204,7.786794463952496e-11,0.0002350126278720655,0.0002699033310372759,0.999333740506959,651.529141761504,2.6439306902740882,365225.5028077911,134.88056414959837,0.3379363838449848,0.3603655545648155,1.0,-0.8527194108757499,-0.08483826874720021,-1.4091629908266345,0.034109133481979415,4.360419327279152,1435.3821105354234,-0.08261119250620011,1121.842030340414,0.0011117763761746885,-0.6393950795476149,-0.6397242539623076,2.7913492314312114,0.00092,-0.0242479802705462,0.0,0.5720426027938118,7.72167414170125,8.472652720488625,0.007642156121423646,0.0002879352043542307,0.00023743749908480686,0.9988112711271101,3468.8751358737227,2.4910816920757615,310182.9553102195,4.5438351911730056e-11,194.8497008424294,0.2862753826117642,0.19907677535310725,1.0,-1.6782479254890514,-0.45748087369164825,-0.3614448258280336,0.017461614608764692,0,-0.42079094648899
"MATLAB 3-28 PM Wed, Sep 18, 2024 Run13 .csv",5.820695464768747,3115.2935950484652,0.2292716939853392,1060.1860503080266,0.26103138078830224,1.2700365203422046,1.244181734820702,-3.726348009826199,8e-05,-1.0318023483676975,1.0,1.8292523437170698,457.055846542083,40.21704405438021,0.12836398914154318,4.0191440064972675e-12,0.0002294519331688126,9.447715448549827e-05,0.9996050128413707,748.5204230869713,3.974346723130218,325422.52279954636,1.2943800056313528,0.02251625961667604,0.045266448084549396,0.0,1.1450908848665446,0.13513123153716797,-1.4660595281358582,0.028873733282089198,5.669990627762706,2831.0991424383656,-0.06894102539782337,979.2939198336969,0.26099833788987853,1.2480482489490257,1.2136604108931957,-3.6141795404115307,4e-05,-1.0249869217635719,1.0,-3.8553397712742488,532.3707573506689,46.49537864736147,0.12831461277776035,0.0003562609665145182,6.2457812571596594e-06,0.999488517144963,2805.4954403887305,2.87296963987946,360262.79730473866,9.274762343213447e-12,1.8691523496122107,0.01741801107566937,0.04219523364275296,0.0,3.3193420945400094,1.4953501542007517,0.24366554319739686,0.004124451875686608,0,0.6975145610416295
"MATLAB 3-29 PM Tue, Oct 8, 2024 Run8 .csv",5.608323075399701,2141.836540783283,0.24905801102349992,1174.4021950788288,0.07241393283418936,-0.3789685208342357,-0.3503072810381832,-1.6308102487687344,0.001095,-0.03239987244703868,0.057692307692307696,-1.269900373598488,95.03367811944626,20.12947043632366,0.18781456995781412,2.322366637699644e-10,0.00019825029007543573,0.00019807974674294356,0.9986395446114705,1422.0540521509956,3.9250608102568885,364388.49153974885,95.58020165152764,0.5840143741123711,0.9093127356359457,1.0,4.142901180608839,-1.0434421565798007,1.225434271467825,0.04610692560672769,5.668262222341447,2524.5192818964456,-0.06907403080153016,1101.713363640342,0.07214889783401435,-0.4015035174684463,-0.3795549212048028,-1.519636304068293,0.002795,0.9742741367434025,0.2692307692307692,0.4101226656194027,69.46120835899548,17.816583145913327,0.1870957696841672,0.00010542526719142685,7.716773309808707e-06,0.9996627249829655,9482.192946856081,3.685340227097793,512862.5770887194,2.5107121319506376e-10,84.6915476324123,0.3142504582552945,1.0262293658121686,0.8157894736842105,3.316932114569071,-0.384868923295983,-0.9290057598425552,0.12573361665010446,0,0.1931773242287062
"MATLAB 3-29 PM Tue, Oct 8, 2024 Run9 .csv",5.842674908161628,2363.5281225353,0.24860457448197879,1240.9768577934958,0.024822805121333898,-0.5160055750107094,-0.5087962981665095,-0.23527348831409256,0.002305,-0.032997396526379896,0.0,-1.6158999719565705,89.28230428314441,21.04355332100328,0.09946446500874385,8.675175154164414e-11,0.00014154127961193147,9.224741057161765e-05,0.9975561142670982,3425.354994427295,3.8076281298307504,400530.1432859352,69.05350404910716,0.35873751565741674,0.7193090374634765,1.0,3.1407114763511332,0.00842958023204321,-1.261484341969742,0.0850183886289596,5.8961078892220105,2774.6614748867637,-0.0425888536206572,1085.9691202253055,0.02481877139880235,-0.5386714554864658,-0.5401702545682101,-0.12509406832787917,0.001375,-0.026464804749623205,0.0125,0.28535052117817616,64.72222057242057,16.868900071447293,0.09944023199268232,8.29097980293821e-05,5.721424067371172e-06,0.9992274134244896,12051.982240631887,3.6320196184770297,593275.2010666182,8.64178976595276e-11,54.47615706391662,0.2685259883582561,0.938838583327275,1.0,2.314522134598132,-0.07937979336002572,-0.4550687729710998,0.06437235534191144,0,0.2154732647431355
"MATLAB 3-31 PM Thu, Oct 10, 2024 Run1 .csv",6.119596287430539,2473.3339527986464,0.7469311528575505,1568.5468514995214,0.0,-0.7666109586966809,-0.7607853152097617,-4.239763732788818,0.0,-1.0335949206057211,0.0,0.0,0.0,0.0,0.0,0.0,0.0,0.0,0.0,-3629.698530887118,0.0,0.0,0.0,0.0,0.0,0.0,-1.8614782279065725,0.0,0.0,0.0,5.682804080330083,1940.1743161943268,0.3844849867157515,1550.2025007223644,0.0,-0.7893835234607655,-0.7905855878520067,-4.130578837516831,0.0,-1.0272037462426489,0.0,0.0,0.0,0.0,0.0,0.0,0.0,0.0,0.0,0.0,0.0,0.0,0.0,0.0,0.0,0.0,-1.6878878453728068,0.0,0.0,0.0,0,0.0
"MATLAB 3-31 PM Thu, Oct 17, 2024 Run7 .csv",5.330553304025216,2331.153378047693,0.24133500853124967,1230.898839209747,0.0006324555314742684,-0.7163851190209471,-0.7109743325215322,15.759766844270167,0.0022,1.9658075553149377,0.0,0.07151943271884793,7.303780773240668,6.232114186274303,0.012336583849829252,8.548272790015226e-12,0.00015523373137741676,0.0007515241874460579,0.9987409811185474,2796.8468328452004,4.7548048682996065,286786.1129900728,1.9736162386019118,0.035148944515028945,0.01585782207490644,0.2857142857142857,-1.8636679321642782,0.14796535876589204,-1.2382949052590373,0.011153657734394057,5.613638501944161,2177.9435247112633,0.03700576872501088,1273.472907950403,0.0008350352982846781,-0.7394330037975422,-0.7409009214017124,15.867957214827928,0.0024,1.9720573122643255,0.0,0.477549729481284,6.25511849247494,7.742934107526331,0.016348309095540872,0.00022757086178437598,0.0013545397641910723,0.9964068041777924,4378.446328167842,4.658217552020242,504071.86566013825,4.111100923816685e-12,2.462465025978363,0.04899715354521469,0.00902409538313295,0.23529411764705882,-1.6902978253437455,-0.04838163966051887,-1.215062035257488,0.023813745975494377,0,-0.9026462938559887
"MATLAB 3-31 PM Tue, Oct 15, 2024 Run11 .csv",5.226664776076571,1864.5885099305451,0.2380267465852889,1239.1355813236155,0.04109706244315528,-0.6592626126845684,-0.6515133498418739,4.851386794529664,0.00845,1.9652100312355965,0.0989010989010989,0.8615367675799612,16.36866031538876,12.481801584848288,0.37555572036490303,1.478153592813753e-10,0.00022301850150174764,0.0003882307178471315,0.9991985234540477,836.154535068315,3.1142517071903812,438903.8303098605,195.08503603187307,0.7478886771256797,0.7291953948267843,0.11261261261261261,0.13414236357801612,-0.4286915209456976,0.03924704465284323,0.09818431496620184,4.866284195023239,1653.86848567513,-0.03144896579310952,1165.1831417616665,0.04053372236726436,-0.6834105671676943,-0.6826162549590387,5.058583640471715,0.00763,1.9713183707712998,0.043478260869565216,0.680884504786906,9.773171037552226,10.488912198301145,0.37452341310892817,0.00022065139687143894,0.0003128576345482335,0.998672053673267,4526.01736419161,2.9735444321408884,420090.14967163675,1.257339225267945e-10,271.2507993233126,0.5954222794742664,0.42808077379764664,0.12345679012345678,-0.6927078053146842,0.1640092940580986,-1.133281551080406,0.09619806915521623,3,0.22185573276480616
"MATLAB 3-33 PM Mon, Aug 26, 2024 Run0 .csv",6.14719700464534,2370.8671210575453,0.5908104321602827,1375.5080185444306,0.8288499992686376,1.147016558776292,1.1520976313002451,-3.9531714549632904,3e-05,-1.0353874928437445,1.0,0.5226001611860165,0.32359473572642594,9.210403738034708,0.43242467718776306,5.0158059219347035e-17,0.041074035898987955,0.0042912929846548285,0.9536644205568037,-3628.2094754607747,4.231171865529932,590682.2111570281,0.02175344965314183,0.0017462491533436614,0.003116916022490334,0.0,-1.8680473406796896,-0.6802213269567794,-1.5000000000000004,0.0019934743642807014,6.0625896358235725,1825.3444742244103,0.30495258306324036,1301.91512976539,0.6785867710571102,1.159234700607436,1.2276684098439912,-3.7469691337354663,4e-05,-1.0294205707217259,1.0,0.2300804058314807,0.7703015561957121,12.593788161634333,0.34763666580758046,0.08255161298742937,0.002367907487805447,0.9147022591631212,11.08036810016551,3.403542344150254,552370.3303048883,6.239404811395963e-17,0.033090195300047996,0.0010400257798759002,0.0016472442185558147,0.0,-0.695117785285623,-0.18263675252727485,-1.0321779364134933,0.003679976165294651,0,-0.017138948314983703
"MATLAB 3-33 PM Tue, Oct 8, 2024 Run10 .csv",5.500953614157821,2153.1795595649623,0.21140788207763744,1151.4272535107757,0.05617314712967969,-0.38721826681818244,-0.3685413846261316,-1.6576186935207122,0.00326,-0.035985016923085755,0.038461538461538464,-0.48885802002193846,90.04422921965674,18.96650041859565,0.1464535743917254,3.163163713646721e-10,0.00020047406886158193,0.00015769967896466606,0.9986474484220542,1322.7588399682395,3.832347413869757,376463.22212830745,50.422672220351984,0.27016332198877374,0.48961564126905077,1.0,2.129762955062605,-2.009669558110632,5.837843076113709,0.0656171122193337,5.563621277715191,2645.7660702748567,-0.08443356687824427,1096.0250141381753,0.056705530685691,-0.4103645560773992,-0.3993469222196351,-1.5524118971056327,0.00464,-0.03015951221475155,0.038461538461538464,0.43512125848346633,70.57518228201265,16.95597721973166,0.14785238818515237,0.00010591815022636013,7.173135256765014e-06,0.9996498724261771,9437.946851316816,3.620848456241353,553397.0981369728,3.177429123402717e-10,40.14306904518495,0.15504903232002076,0.5989592055380203,1.0,3.3024722347434383,-1.5211815022536732,2.9168131292580854,0.09149372667074207,0,0.2889333195871536
"MATLAB 3-34 PM Thu, Oct 3, 2024 Run5 .csv",5.770296312522168,2335.2046436654523,0.26191923372274334,1196.3751575536037,0.0,-0.7718150934242516,-0.7672304015422758,-4.2621149369055304,0.0,-1.036582541002427,0.0,0.0,0.0,0.0,0.0,0.0,0.0,0.0,0.0,-3665.9137410146095,0.0,0.0,0.0,0.0,0.0,0.0,-1.872426749195101,0.0,0.0,0.0,5.779892657178939,2820.765995700675,-0.0037355026968490246,1078.18713655747,0.0,-0.7950198138072821,-0.7976622553741448,-4.157902665204678,0.0,-1.0308984537077772,0.0,0.0,0.0,0.0,0.0,0.0,0.0,0.0,0.0,0.0,0.0,0.0,0.0,0.0,0.0,0.0,-1.6999377452275004,0.0,0.0,0.0,0,1.0
"MATLAB 3-34 PM Tue, Oct 1, 2024 Run1 .csv",5.910565821546763,2512.7512595466283,0.44442349704912854,1482.5907671603613,0.0,-0.7728559203697656,-0.7685194188087787,-4.266585177728873,0.0,-1.0371800650817682,0.0,0.0,0.0,0.0,0.0,0.0,0.0,0.0,0.0,-3673.156783040108,0.0,0.0,0.0,0.0,0.0,0.0,-1.8746164534528065,0.0,0.0,0.0,5.874457158722551,2358.773797049388,0.18428080662717533,1393.3276566235816,0.0,-0.7961470718765854,-0.7990775888785724,-4.163367430742248,0.0,-1.0316373952008029,0.0,0.0,0.0,0.0,0.0,0.0,0.0,0.0,0.0,0.0,0.0,0.0,0.0,0.0,0.0,0.0,-1.7023477251984391,0.0,0.0,0.0,0,0.9999999999999999
"MATLAB 3-35 PM Thu, Mar 7, 2024 Run0 .csv",4.679219205564083,1750.3120722106553,0.16175651450188538,1068.6742558849,0.0,-0.7738967473152798,-0.7698084360752815,-4.271055418552216,0.0,-1.0377775891611094,0.0,0.0,0.0,0.0,0.0,0.0,0.0,0.0,0.0,-3680.3998250656064,0.0,0.0,0.0,0.0,0.0,0.0,-1.8768061577105122,0.0,0.0,0.0,5.104787319703531,2429.725714804549,-0.04896685404235959,1332.8639582790029,0.0,-0.7972743299458888,-0.800492922383,-4.168832196279817,0.0,-1.0323763366938286,0.0,0.0,0.0,0.0,0.0,0.0,0.0,0.0,0.0,0.0,0.0,0.0,0.0,0.0,0.0,0.0,-1.7047577051693779,0.0,0.0,0.0,0,0.0
"MATLAB 3-36 PM Tue, Oct 15, 2024 Run12 .csv",5.385950259642039,2015.172105494638,0.2479310010834499,1250.2558664536746,0.058364480214258135,-0.5830571822737607,-0.5372974535489471,0.9245263457473945,0.00073,-0.03837511324045062,0.17307692307692307,1.207393952411458,39.366991492504134,16.352580865672486,0.3041711537581301,6.768837185959694e-11,0.00014911539122737803,0.000309136506032436,0.9993466396858602,3014.1914067566586,2.358548779749114,351311.40047375514,70.36047858834888,0.27472100328576754,0.3187906956194312,1.0,-0.8789958619682179,1.2423636765761144,0.16514243693470965,0.029071956276893657,5.201546789768978,1848.9953833486197,-0.007225702516143351,1192.7881117221254,0.05833853614739366,-0.6065447254399025,-0.5682082560945015,1.0257550433055656,0.00108,-0.033115278186854225,0.19230769230769232,1.3294594654799752,29.466670425545132,16.79292945153618,0.3040732312845996,0.00013240126037707584,0.000245206890906548,0.9985522660700167,7541.863749832608,2.1894086294543653,349803.0876739123,6.129407477744893e-11,91.7236306438552,0.21645669892695016,0.19839335391898966,1.0,-0.7071676851403166,1.59201939756464,0.8864156545852713,0.015914704203605634,0,0.8808755517239861
"MATLAB 3-36 PM Tue, Oct 8, 2024 Run11 .csv",5.718590130987163,2286.784657079406,0.23145159256922326,1213.343246960119,0.4089357144258411,0.33662544395878835,0.4051135283431384,-3.3799928993890407,0.0007833333333333334,-1.0389726373197918,1.0,-3.103486394437506,385.79469130013706,40.358072217804846,0.367548356230209,3.1561701348387444e-11,0.00018091265857452082,8.971541575394743e-05,0.9972000224665429,1817.1663172110552,4.162182436829853,397823.50962784264,27.934853644568285,0.14272739357635708,0.29451582328790904,0.0,9.118814433774077,-1.9736765354822865,3.366682447352175,0.031307024955749496,5.873293878378586,2812.6785825298116,-0.0383037266311268,1077.0351147538684,0.40882643307311406,0.3130749990806003,0.3749764095588579,-3.279758726545096,0.00047,-1.03385421967988,1.0,0.4007521871283948,286.2210359657192,32.638307468664074,0.3674501349691539,0.00017335231793645385,7.867395280635083e-06,0.9990781113237074,5763.280948397481,3.6496759660318716,646296.3027904322,2.526703434055841e-11,20.01320674361074,0.10661406235513507,0.38322261498850013,0.0,8.290422334888746,-0.2662156047767053,-0.6983916960547121,0.09217112243175501,0,0.3110562473376724
"MATLAB 3-37 PM Thu, Aug 29, 2024 Run0 .csv",6.0814666926253445,2607.9214867080805,0.5598454777517236,1445.409957667941,0.0,-0.7770192281518221,-0.77367548787479,-4.284466141022243,0.0,-1.039570161399133,0.0,0.0,0.0,0.0,0.0,0.0,0.0,0.0,0.0,-3702.1289511421014,0.0,0.0,0.0,0.0,0.0,0.0,-1.8833752704836293,0.0,0.0,0.0,5.812081145895673,1879.7166619768525,0.2772235886108202,1376.881604992922,0.0,-0.8006561041537987,-0.8047389228962829,-4.185226492892526,0.0,-1.0345931611729056,0.0,0.0,0.0,0.0,0.0,0.0,0.0,0.0,0.0,0.0,0.0,0.0,0.0,0.0,0.0,0.0,-1.711987645082194,0.0,0.0,0.0,0,-1.0
"MATLAB 3-37 PM Tue, Oct 15, 2024 Run13 .csv",5.340933621453951,2084.7431808275187,0.2363146460268505,1224.397493603119,0.0049376242356669936,-0.4008023631235619,-0.3960645054757149,-1.5889093791855915,0.00037,-0.04016768547847427,0.0,1.3591515075549283,67.65417935002175,17.820677582767832,0.013088200295754977,3.160923634126305e-11,0.0001348312118556553,0.00025066554156608946,0.9994377781340361,3703.138540402274,2.9959164130268805,628235.5443006358,26.148084499854583,0.10574633756340904,0.1394227149079191,1.0,4.114435025258665,-0.035337841801551584,-1.499589648231461,0.039366701245307945,5.410219341922252,1975.0697930559254,0.008877639657130898,1179.823848860755,0.004743349435263699,-0.4245256702493273,-0.4275042567353793,-1.4906642557701009,0.00033,-0.03533210266593123,0.0,1.877851958915234,57.260842822314096,16.60416319905249,0.012573234518949013,0.0001622413219429423,0.0002182894468674366,0.9989959237109914,6157.4690821511085,2.681198744035582,416369.6670523386,1.8925106358780868e-11,30.782839271373437,0.08420652362773323,0.08684186262988824,1.0,1.285602374946867,-0.00517884595862654,-1.205302238432497,0.023581789731979413,0,-0.8414785398380848
"MATLAB 3-38 PM Thu, Oct 17, 2024 Run8 .csv",5.583368082248123,2385.9560990525483,0.2732328807250582,1206.7184600699575,0.0007381734207019833,-0.7318908820846756,-0.7290535224496182,17.71099427700163,0.0032,1.9592347904421847,0.0,0.2102590502196863,6.585025503198036,6.074346670904352,0.015635954699342515,7.420604089628309e-12,0.00011423368371855789,0.0006309686787296883,0.9990435519079247,5028.997636891509,4.997038190235935,211474.05890504134,1.743043632384916,0.022488975678887045,0.016653917239635146,0.2222222222222222,-1.8877546789990407,-0.08600745030318009,-1.0777374701633904,0.010095879435539301,5.838929461957862,2323.3420275937897,0.0824061574296534,1226.100251830745,0.0007912016170931417,-0.7557106203342218,-0.7603695899469555,17.808244875702897,0.002,1.963928955841043,0.0,0.46001504453138486,6.7265381091930845,7.290482351491716,0.01676274613970545,0.00019506184128461105,0.0009321061812098516,0.9964888011674695,5108.578872243452,4.974082843807089,393874.6745810758,3.5010192649155774e-12,2.006404847850774,0.026421230887136844,0.011088961523405915,0.2222222222222222,-1.7168076050240717,0.009519130042433674,-1.5004590634001818,0.027358628511428854,0,-0.6732604289574808
"MATLAB 3-38 PM Tue, Oct 15, 2024 Run14 .csv",5.323593237870811,2123.1922041598823,0.24481847628299896,1227.3512388552342,0.21206515866141631,1.173738289276975,1.1628074586019888,-3.747874112990205,6e-05,-1.0413627336371565,1.0,2.2429738606559897,309.96507151696045,37.914344574871606,0.10853540588454173,3.9759535738875785e-12,0.0002669888204559957,0.00021853574600469325,0.9992754865257715,18.903454215897455,4.001208606002212,548990.2365371195,8.555728343580112,0.035735520602954506,0.052728735613069434,0.0,5.110055616743254,-0.014673540980593015,-1.5804572002124468,0.037899786829948406,5.489720678071227,2062.163563621244,0.02631887669941768,1184.1115333861205,0.2120658492499257,1.149712119903747,1.1307650748672624,-3.6516180390031696,5e-05,-1.0368099856519826,1.0,3.8795621589559035,292.97155002533043,37.29256092634995,0.10854298115838686,0.000506753998986534,0.00018570184357931318,0.9987756983166811,1970.9281038021402,3.633455165384794,499098.819059873,2.495709670612023e-12,9.623107738645261,0.029401391140286292,0.034818531653318295,0.0,6.28078241500499,0.8596675571371087,-0.47249790262437497,0.013263913393020577,0,-0.8005350132234502
"MATLAB 3-38 PM Tue, Oct 8, 2024 Run12 .csv",5.856647274963256,2323.543462610911,0.260118579152752,1226.881522594247,3.2076057533795654,6.389767457693545,6.87256843626333,-4.135679881943417,5.333333333333333e-05,-0.041960257716497695,0.4,-6.85449314278883,2001.784207908721,94.0291478424462,0.4473055531317404,4.447107180953879e-12,0.0006369445868284247,0.00011094897786375661,0.9965453622955335,-2166.529596220891,3.79124478424868,410500.8590637817,4.465329741667337,0.023807450159676377,0.04956313193021284,1.0,5.107865912485548,-1.1754060034080696,-0.2331333228711694,0.026424378156661987,5.897765894198119,2810.5558062989076,-0.0063620668289213755,1096.5508253294545,3.208070465791459,6.365959857196253,6.840349736290722,-4.040418332670607,5.6666666666666664e-05,-1.0375489271450082,1.0,1.886428323142605,1499.6442575171352,75.99431711369337,0.44735944062366256,0.0010445660789122307,1.4832636019651684e-05,0.9977659857232166,955.1966178743332,3.2992804997171254,674093.2060316084,4.718262960804362e-12,3.4488220284159854,0.018500332118198175,0.0642088282464545,0.0,5.278372435034051,-1.1216508213806964,-0.3351328721681526,0.047305580377578815,0,0.9182761746978514
"MATLAB 3-39 PM Tue, Oct 15, 2024 Run15 .csv",5.409282448651545,2187.363492912061,0.25813019991528996,1220.7055546476286,0.2584817334788909,4.251776632655414,4.233879421355849,-4.106816344956386,2.5e-05,-1.042557781795839,1.0,4.507158701902363,738.6004679001362,59.18623791320436,0.05134718587766509,1.0518038151428998e-12,0.000678863147864351,0.00022880512064730796,0.9989610685775638,-2266.823617371732,4.448629123980422,391364.2899420197,2.422195380442519,0.011614264240389818,0.02160465124270153,0.0,4.105676208227843,-0.008945019504343505,-1.980909654624504,0.04547932654619219,5.643555361989675,2165.5634762092545,0.05515671745798045,1177.285013175488,0.25813523993856446,4.227174267701634,4.202184405144745,-4.012549320397804,1.5e-05,-1.038287868638034,1.0,4.905735901860868,469.93571599311144,53.70018798379993,0.05128378854219731,0.0014273567697674744,0.0001966826068462373,0.9976443650423242,698.9453416084942,3.935080805677138,502942.8616865343,7.096438449135756e-13,2.6088154118415923,0.009828971602926992,0.014670416048203986,0.0,4.275962455063112,0.02227420434535577,-1.9353799198385138,0.03740230172872544,0,-0.9805561911252783
"MATLAB 3-40 PM Mon, Aug 26, 2024 Run1 .csv",5.896075895357992,2309.4614490055624,0.38327476175048314,1291.0861044246474,0.3028373689271381,-0.430496332994296,-0.5224095917027214,-1.4112585831052664,0.00247,-0.04315530587518013,0.7931034482758621,3.2286464689640204,272.57372024149095,52.7737637189104,0.8584607782804657,1.2506016572731934e-12,0.0014651336350639916,0.001520683398946319,0.9947852333762421,-3066.614849122911,4.108737490367895,820383.2093472824,2.5400404318326806,0.06333701055047955,0.07023421088289336,1.0,0.1034865039701367,2.1769846524149816,4.402585124046356,0.0339305078983307,5.680150902261614,1701.7391983156754,0.10523917898615615,1088.4245425936317,0.28478122191675054,-0.47816965286104857,-0.5536309241528719,-1.1179840830638748,0.00384,-0.039026810131059575,0.8064516129032258,2.3391298065913007,185.9469003144178,40.256413999948926,0.8649391713555646,0.0010480512671097399,0.0007013238884884472,0.9979524293524048,952.1981039195773,3.7415894023847325,614359.6577690333,8.931745087483976e-13,3.4866546743500426,0.02087614788297991,0.013992353694382356,1.0,0.2735524750921732,2.135280446580076,4.42466541154205,0.0286825782060623,2,0.40813065038557006
"MATLAB 3-41 PM Thu, Oct 3, 2024 Run6 .csv",5.956833719299807,2451.307360225858,0.2545158261982904,1180.3708062703934,0.004610080281365174,-0.4101204017169802,-0.40934860906946535,-1.615730824125646,0.00047,-0.043752829954521344,0.0,-1.761434273151068,130.5743792375046,21.845978398017355,0.012320336261571758,2.6534931289684968e-11,0.00016492162442906862,8.894322902587576e-05,0.9973140456950231,2294.3697452662086,4.140726632078342,469495.8654841357,16.658682010861302,0.1023954848188991,0.2230821761709694,1.0,2.101296799712431,-0.9804021587786276,0.40691232918513265,0.008755866289138853,5.815446038993013,2909.0507013782485,-0.057009630302304326,1028.2515698430175,0.004633464583481226,-0.43436229558548184,-0.4411462577565639,-1.5234528489955181,0.00042,-0.039765751624085244,0.0,-0.1947608644871743,88.08597216679223,19.657789584788578,0.012382830285043882,0.00011730868740140649,6.437076433560267e-06,0.9992902458996907,8518.467540944539,3.888725029081936,642186.3014483687,5.532800952789545e-11,13.713753563569082,0.09104224319381074,0.30871254346764393,1.0,3.2711424951212345,0.09550723366404126,-1.5961300524323423,0.05013724565505978,0,-0.167750835685023
"MATLAB 3-41 PM Tue, Oct 15, 2024 Run16 .csv",5.4280889590401085,2212.011126049093,0.2850875045410412,1227.4619360920371,0.49554999953227696,10.913404145892658,10.914762363601781,-4.220227734185665,1e-05,-1.0443503540338626,1.0,7.933124566146286,1389.0340356251538,71.88152169197467,0.042359226410723275,4.801162181542996e-13,0.0012226303534555647,0.0002543791302526629,0.9982142891607969,-2943.625138206401,4.397169833794735,415903.8228828382,1.480589687483758,0.008122234004135313,0.016749177629662045,0.0,3.099107095454725,0.6282571611752628,-1.4999999999999956,0.006687536239624037,5.783115439520129,2223.7884183184456,0.09889448262943629,1183.8791377822458,0.4946999995330268,10.889925820899618,10.88353839867614,-4.128944283769764,6.666666666666667e-06,-1.040504693117111,1.0,3.0183348794030196,396.19019652849005,59.08525344164194,0.04228349686933258,0.0034331695342195087,0.0002301247002071614,0.9948435083821513,289.77406984019433,3.8380340420554075,501098.545945031,2.4986208038015183e-13,1.5084562571687088,0.007076634223121846,0.011288846304941908,0.0,1.2687325151502957,-0.6611400560569972,-1.4999999999999907,0.005854485630989031,0,-0.9992755986348805
"MATLAB 3-41 PM Tue, Sep 17, 2024 Run1 .csv",5.9950947081865245,3083.0580725519153,0.2986567798082724,1036.9808320475918,0.0,-0.7863866706614491,-0.7852766432733156,-4.324698308432326,0.0,-1.0449478781132036,0.0,0.0,0.0,0.0,0.0,0.0,0.0,0.0,0.0,-3767.316329371586,0.0,0.0,0.0,0.0,0.0,0.0,-1.9030826088029804,0.0,0.0,0.0,5.956183508393465,3201.2820295390406,-0.019138714430984666,1025.1342724785086,0.0,-0.8108014267775288,-0.8174769244361315,-4.234409382730651,0.0,-1.0412436346101366,0.0,0.0,0.0,0.0,0.0,0.0,0.0,0.0,0.0,0.0,0.0,0.0,0.0,0.0,0.0,0.0,-1.733677464820643,0.0,0.0,0.0,0,1.0
"MATLAB 3-44 PM Thu, Aug 29, 2024 Run1 .csv",5.790292118355896,2516.877746405421,0.3477527985901795,1375.819820471794,0.561478983860642,0.2240613903870603,0.005334338762021051,-3.3291585482704846,0.00101,-0.04554540219254477,0.7,0.4233163028949022,58.90933970772614,27.909198757834265,0.5551014850733185,1.0904883151815711e-14,0.002065249037794739,0.0005918597499845723,0.9940748311817919,-3293.2252499473734,4.255213964283969,415719.15772355633,0.286964394903656,0.004230754015684238,0.007149678660917253,1.0,-0.9052723130606859,0.4622412692487269,-1.0203689120834227,0.024937223792076094,5.514733896563202,2000.2540447877645,0.06965484857707471,1152.6638864203178,0.5618944981881686,0.19956020314719225,-0.024492258640923747,-3.239864147283038,0.00082,-0.04198257610316225,0.7,-0.3189795216338047,52.76804775726026,24.928732046005397,0.5555122798259433,0.004618323733627557,0.00017870389324947222,0.9943061897592553,215.29590542113365,3.187867698142854,397648.3742516646,2.281230877010253e-14,0.4140442030228896,0.0017986454030313344,0.003730306889344633,1.0,-0.7360874447915817,0.32180201071256304,-1.5422586606388689,0.03670209586620335,0,0.9377578959266889
"MATLAB 3-44 PM Tue, Sep 17, 2024 Run2 .csv",5.871163364881461,2992.9415631483785,0.27218639980550713,1049.0349681733812,1.9634999982662942,1.6845316732646278,1.685145320010784,-4.033635789783456,0.0008,-1.046142926271886,1.0,-9.611160020871655,1274.5253350521907,87.5556714679731,0.7939749292355269,2.4419168600282837e-12,0.0003649540006493007,0.00011194401131907366,0.9980481484995453,-1047.079279208716,4.271288807849513,273534.39973604726,0.7432174216352464,0.011240026794046546,0.027635804658845256,0.0,0.09253798268160818,-0.6061689365261869,-1.5000000000000007,0.06978477478027345,5.875693965950591,3198.256723595887,-0.05403288726043415,1046.4506014407264,1.9619999982676162,1.6603440549006159,1.6530924063717645,-3.9453359135102355,0.00041,-1.042721517596188,1.0,7.21251748412881,1281.5187928270489,77.89228938686595,0.7932400743913062,0.00039069570532411523,7.933848697695523e-06,0.9993479420309715,2557.867743137662,3.5775055901997495,351026.35103493085,6.200999217534417e-12,0.8905574296370705,0.010064131964175512,0.02942234219115142,0.0,0.26150257523747955,0.4755151270909748,-1.5,0.17646761953830725,0,0.8314107231142596
"MATLAB 3-44 PM Tue, Sep 17, 2024 Run3 .csv",5.956039482079154,3034.1154081801374,0.2893209553396598,1063.4492762315706,0.12790106408186475,0.7137241805042935,0.7344563035798772,-3.9381050305082796,0.00105,-1.0467404503512272,1.0,-5.4176928223553995,685.1051981597232,63.953684093707906,0.0850839728996046,9.003961468535344e-13,0.000432540954035825,0.00015331375887366494,0.9976393922422173,-1482.5831819136574,4.277762751297894,305883.1720183992,0.5634410274577709,0.009791015972966327,0.0231800748939461,0.0,0.0903482784239027,0.17082096048146447,-0.9989207938191322,0.03841108649969102,5.956098838019823,3197.4778862284115,-0.0382243185856104,1035.5826140237443,0.12589292617474632,0.6860501310194904,0.6975770737070545,-3.8507996789492864,0.00044,-1.0434604590892136,1.0,7.691894043428393,845.8379769941401,72.6185465249543,0.08391556399197021,0.0004440330546466217,8.601187803842459e-06,0.9986057604182474,2248.944644927337,3.500255162779863,393008.9393172318,2.173507608588133e-12,0.6822366551010347,0.007930403033794973,0.02423098442157197,0.0,-0.7409074047334592,-0.2552163142634516,-1.1250158626141358,0.12110268414020545,0,0.9763735648086905
"MATLAB 3-45 PM Wed, Nov 6, 2024 Run3 .csv",4.8484119953654625,2049.092399478054,0.5932869916259188,1847.8395402135282,0.0,-0.7905499784435056,-0.7904327123393269,-4.342579271725695,0.0,-1.0473379744305684,0.0,0.0,0.0,0.0,0.0,0.0,0.0,0.0,0.0,-3796.2884974735794,0.0,0.0,0.0,0.0,0.0,0.0,-1.911841425833803,0.0,0.0,0.0,3.8256191929499694,953.470683296285,0.21921578741526537,1457.9741561754797,0.0,-0.815310459054742,-0.8231382584538419,-4.256268444880929,0.0,-1.0441994005822393,0.0,0.0,0.0,0.0,0.0,0.0,0.0,0.0,0.0,0.0,0.0,0.0,0.0,0.0,0.0,0.0,-1.743317384704398,0.0,0.0,0.0,0,0.0
"MATLAB 3-47 PM Thu, Oct 3, 2024 Run7 .csv",5.947528957061193,2438.1748128168465,0.25799663563034186,1187.1855551732042,0.0016230582786602857,-0.35374080577657896,-0.35422172999445634,-2.047026510283117,0.00025,-0.047935498509909635,0.0,-2.1456454629316695,157.11475978941553,23.15529814365619,0.0037068819917709765,7.142613699176929e-11,0.00017494678927360208,9.509889261990296e-05,0.9964791101901678,1892.366706634255,4.444546582432423,447177.28556757566,22.469147725002863,0.14371333452456078,0.30577415581541,1.0,2.0859688699084913,-0.5118189014527432,-1.0965623080218967,0.008127785325050374,5.847019486927866,2914.7439460755672,-0.050097353380913034,1036.0170882442574,0.001429536419764838,-0.3786604447842676,-0.3871535923448651,-1.961710208152578,0.00033,-0.04493834207526515,0.0,-0.30177435451253415,110.68214532216973,21.448204732160903,0.0032654422924342985,8.952382886169612e-05,8.811716878577907e-06,0.999028017111806,11159.353099778471,4.128786717746123,679580.5632942623,1.1861897544063103e-10,17.811892495109984,0.123689585857365,0.40576619335287195,1.0,2.2542726353246634,-0.20924447055923778,-1.405910070263449,0.04604331433773046,0,-0.06161407519256344
"MATLAB 3-47 PM Tue, Oct 8, 2024 Run13 .csv",5.815185417502823,2333.886843326848,0.23922260077557256,1214.1333936365554,0.2689236709030916,0.1926783667933305,0.28048925217732423,-3.2515087522886787,0.00199,-0.04853302258925085,0.09090909090909091,-1.6164226551408165,314.5868200333842,35.10230834078012,0.272933057759615,3.0232466626679364e-11,0.00015304397318664987,8.369577684361053e-05,0.9971068855515,2704.391385419089,4.256590063913499,362643.0520621774,10.475438917590626,0.05234319475587771,0.11154354861478177,1.0,-0.9162208343492144,-2.6969467513103917,5.594875225289,0.01519859552383418,5.858319823488656,2822.8892121550252,-0.041804259319310255,1081.5703799385487,0.27080819479881996,0.16738502393483468,0.2475310735869467,-3.167186974872367,0.00331,-0.045677283568290594,0.09090909090909091,-0.1728801698996468,223.95787433977168,28.55975570704765,0.27494613436065035,0.00015160308931402803,7.725262539818549e-06,0.999335059184114,6591.78558765454,3.8320094638771978,591569.8046537767,3.152889682284406e-11,7.852755543559115,0.04168395607392908,0.14764815689815844,1.0,0.25186265535372465,-1.859954089482254,3.3105367932301197,0.03627705693244937,0,0.8466714758357134
"MATLAB 3-48 PM Mon, Aug 26, 2024 Run2 .csv",5.720281351267829,2320.886605851564,0.33550731873260736,1369.185348481477,0.15826394995557228,-0.5507624594950395,-0.6013497643089454,-0.25594899015647155,0.00461,-1.049130546668592,1.0,1.8783279398974817,121.18697508613488,40.769318862447555,0.6515332843260734,9.615289639218316e-13,0.001235604940765745,0.0009491388952728894,0.9959653937290112,-3011.9627423582115,3.9446063294846874,789569.5822567173,4.07085321166856,0.07952961977718252,0.09650959608147619,0.0,-1.9184105386069201,1.7475174039754402,2.976021945868683,0.045685099363327,5.422875138182975,1736.7641223236928,0.05666279021371928,1133.7473986599687,0.2154705081639306,-0.55608682808967,-0.6093842591593195,-0.47262473774994174,0.00479,-1.0464162250613165,1.0,1.7173390622102471,76.40619199378843,32.25702146180929,0.8205105604052474,0.000879328765759523,0.0003327716218475232,0.998643270989037,1135.6881633759083,3.6423221974357625,509728.74647988676,9.5232151220411e-13,5.76885199352153,0.023671808075269925,0.02014082439166471,0.0,-0.7505473246172143,1.6513831148630675,2.626562781449464,0.038383778631687196,3,0.16541835071206323
"MATLAB 3-49 PM Thu, Oct 17, 2024 Run9 .csv",3.8500198740984275,1316.3177291439192,0.10245080955621756,1174.765104784083,0.015500632231430196,-0.7103932863002655,-0.7187887814733669,7.641940255710333,0.0026,1.9502719292520667,0.0,-0.04199442158829299,0.5779629746684236,4.084397065859084,0.18383102757546274,1.6249633634520073e-11,4.0081668428121824e-05,0.00013196370495325703,0.9997558338415593,21117.708852632342,3.201641559530398,83875.44882026674,17.898553925466206,0.04452394880188687,0.0288482211505153,0.4,-1.9206002428646256,-0.1771249771485492,-1.5458339333057447,0.014044597148895221,2.981359629313914,985.3658656571034,-0.18361476908189206,939.626748313072,0.019632361022477028,-0.7276994914135683,-0.7517995925397584,7.7242729836981905,0.0016,0.9528448334456581,0.0,0.02754706949058114,-0.4229289229155353,3.5656573204716255,0.21311724967292842,4.063779649606083e-05,0.00010056699294202665,0.9995655302096677,24596.942167042922,2.4033363012189968,45527.20175167686,2.561116906080587e-11,29.740865758805885,0.06160451249977366,0.028199433597243556,0.5714285714285714,-1.752957304588153,-0.8642576783748519,-0.30220458234091785,0.005088901519775396,0,-0.48767659116190926
"MATLAB 3-49 PM Wed, Nov 6, 2024 Run4 .csv",4.791126652956748,2661.8802102396617,0.46460162132582133,1843.7337437138438,0.0,-0.7957541131710761,-0.796877798671841,-4.364930475842408,0.0,-1.0503255948272743,0.0,0.0,0.0,0.0,0.0,0.0,0.0,0.0,0.0,-3832.503707601071,0.0,0.0,0.0,0.0,0.0,0.0,-1.9227899471223315,0.0,0.0,0.0,4.491768508287757,1476.0863164538757,0.2709124912396677,1748.5826509039105,0.0,-0.8209467494012586,-0.83021492597598,-4.283592272568777,0.0,-1.0478941080473678,0.0,0.0,0.0,0.0,0.0,0.0,0.0,0.0,0.0,0.0,0.0,0.0,0.0,0.0,0.0,0.0,-1.7553672845590917,0.0,0.0,0.0,0,0.0
"MATLAB 3-50 PM Mon, Aug 26, 2024 Run3 .csv",5.8088624338951576,2433.71248866321,0.3162116081172027,1319.629598715309,0.022508450970047274,-0.7039921364604156,-0.7095668160164561,6.430707293974227,0.00479,1.9490768810933845,0.009259259259259259,0.6500612679780349,21.84973913425554,16.878310171342687,0.24254063544716706,7.217562180582437e-12,0.0004114359945930144,0.0004441899165750858,0.9973976511782925,-1415.5600856354872,3.9426649973279333,632756.1298768234,29.77745282460085,0.2897803278647105,0.3849575853149902,0.15966386554621848,1.075020348619963,0.4699616998671105,2.1693533550876705,0.036384039521217326,5.547980645110769,1890.015692544352,0.033056261746314264,1127.1472195068807,0.023386760503089285,-0.7275092456495027,-0.7428302595594849,6.311048972336595,0.00469,1.9513669504596067,0.0,0.5783863392797216,14.16710620439213,13.159567886392866,0.24730946340607318,0.00023994969510260372,0.0001458222196447243,0.9995415198154325,4165.629464075891,3.8524442624299895,359430.79230390495,8.56740788029492e-12,43.20513076943932,0.10822685828384265,0.14291629537489844,0.08793103448275862,1.2422227354699695,1.3916969466890265,4.9289345582992965,0.0219320732355118,2,0.24443759812531138
"MATLAB 3-50 PM Thu, Mar 7, 2024 Run1 .csv",4.58721353272149,1438.0950431518936,0.15464151305053514,834.0525698695318,0.0,-0.7978357670621044,-0.7994558332048467,-4.373870957489093,0.0,-1.0515206429859567,0.0,0.0,0.0,0.0,0.0,0.0,0.0,0.0,0.0,-3846.989791652067,0.0,0.0,0.0,0.0,0.0,0.0,-1.9271693556377427,0.0,0.0,0.0,5.073098075257833,1665.8567729202277,-0.02349106706512613,1024.4807006258413,0.0,-0.8232012655398653,-0.8330455929848353,-4.2945218036439154,0.0,-1.0493719910334192,0.0,0.0,0.0,0.0,0.0,0.0,0.0,0.0,0.0,0.0,0.0,0.0,0.0,0.0,0.0,0.0,-1.7601872445009694,0.0,0.0,0.0,0,0.0
"MATLAB 3-51 PM Tue, Sep 17, 2024 Run4 .csv",5.961197287211403,2976.1017645442384,0.2814287927527652,1060.273427336784,0.5655860149142581,0.011673405274986393,-0.09169485109787978,-3.0783281970316976,0.00363,-1.052118167065298,1.0,-2.874111623177388,268.5729302640362,49.31246265852778,0.6977805384181635,1.88901794879744e-11,0.00018728118464040656,0.0001347887544649566,0.9980926528912808,1475.1474498126895,3.822896972060302,464216.91913082637,4.037514771795866,0.06145740896813271,0.14284806672262823,0.0,-0.9293590598954484,-0.38924191557723653,-1.2065009759046041,0.14488655209541318,5.91331803769687,3167.0996316667242,-0.07122135009767872,1043.6793474793312,0.5654425171469158,-0.013870190993148568,-0.1254609271157512,-2.9999735679007475,0.00251,-1.0501109325264446,1.0,1.8613991175357976,292.0491657684316,45.860502590775305,0.697682403143126,0.00010044553999946949,2.661474197648633e-06,0.9995137928570758,9950.803120400913,3.2289471406675108,625020.0839748235,4.169193158994923e-11,4.872815149052394,0.049139063941850004,0.14826835037656685,0.0,-0.7625972244719081,0.32607025761545316,-0.13891302243896053,0.230231671333313,1,0.8887965295243868
"MATLAB 3-52 PM Thu, Aug 29, 2024 Run2 .csv",5.918045386977135,2401.1345189773283,0.4042635630016532,1348.3914815181151,1.052304351959276,0.15944924486483147,0.03076613152422958,-3.3828014381505946,0.00066,-1.0527156911446391,1.0,0.06339158387814689,208.023445219318,48.921972919205835,1.0968739997465646,1.4482912561071927e-13,0.002291725969691875,0.0011446944217548933,0.9943541534101551,-3427.5871095239877,4.004364531145789,387578.8958825659,0.5671943241057724,0.013134115177643542,0.0202602597723851,0.0,-0.9315487641531541,1.4051718670646443,0.8474810782286637,0.030266434550285357,5.707696981457897,2016.290523360516,0.09503312248131796,1104.4206924333196,1.0531823614327749,0.1342664396947325,-0.0030762607316084933,-3.3054413337338717,0.00102,-1.0508498740194705,1.0,2.470875474281125,254.24535983861898,45.648072568985484,1.0973824904521272,0.003431828671687546,0.00023980731405592247,0.9956833869131384,290.13202061265116,3.1064358640691547,340112.64671114285,2.8602252374948575e-13,0.7745176206273541,0.004015611155720133,0.008326258561638341,0.0,-0.7650072044428469,1.5877047759877885,1.1100715813479898,0.025443061888217926,1,0.9810457279149943
"MATLAB 3-52 PM Thu, Oct 17, 2024 Run10 .csv",4.251750825521032,3588.7283826009925,0.0649878212200964,4493.923649784986,2.5000000002901174e-05,-0.7642232479061376,-0.766587885011846,25.615718626190276,0.0002,-1.0533132152239804,1.0,0.7236883976715598,5.50670764036971,6.943950475422664,0.0006805498845242694,8.07368263430171e-13,0.007832997272716146,0.03976506293463375,0.9523984064358603,-3747.1309261492406,2.955279093420577,1582480.7093263192,11.360250795996365,39.69768553190176,81.83654527367625,0.0,-1.9337384684108598,-0.21077827190131587,-1.5000000000000024,0.0038163548707962347,4.572210864948379,3956.184533706429,-0.1875689728409728,4596.349721857841,3.0000000000949406e-05,-0.7898530397552642,-0.8005615935056071,25.69208420589277,0.0004,-1.051588815512496,1.0,0.540057700553254,7.751728227926515,8.538144819878186,0.0008167710320464491,0.014548008598685274,0.07933790040248057,0.9061125391754868,62.28430049576501,3.278837819929731,2005177.2290139957,6.549390885553004e-13,9.570643391570982,60.189345956426536,28.983430270443005,0.0,-1.7674171844137856,-0.009396681417912433,-1.4999999999999993,0.008541901111602773,0,-0.5810876154157862
"MATLAB 3-52 PM Thu, Oct 3, 2024 Run8 .csv",5.93305149407483,2423.6296308161113,0.25311109372101814,1181.5752079398048,0.003533948061732144,-0.25709319297341116,-0.2611119027500224,-2.5917339190091333,0.00028,-0.053910739303321575,0.0,-1.9912265678925674,198.2483647857092,25.842401378156385,0.006485428363517625,6.701912428794916e-11,0.00018034874854127382,8.829172930711794e-05,0.9968792016420575,1651.5463246403615,4.087905558303287,363798.96358392463,18.806955230241595,0.11451733126163263,0.2528225613424643,1.0,1.0640718273314345,-0.03658963190437391,-0.6639075840753157,0.016925737857818646,5.850892527113137,2939.1274267659173,-0.050060785957733445,1033.2439294397823,0.0037316193095716854,-0.28269265124054643,-0.2934069274832971,-2.5163628640208646,0.0003,-0.052327757005521836,0.0,-0.031211064560472408,137.89407441659873,24.493247423878582,0.006846786215109616,0.00010741118248877047,9.68077406165959e-06,0.9989279672196583,9300.0369614597,3.8664305899871647,639595.3383197547,1.0470075222481224e-10,14.440798694538339,0.10343292301568754,0.33627900178417025,1.0,1.2301728356152757,-0.41261026992339134,0.4847974782485909,0.022598224580287984,0,0.4441304300636942
"MATLAB 3-52 PM Tue, Oct 1, 2024 Run2 .csv",5.104597343791328,1662.8418039307153,0.9334736052337615,1780.6355703394247,0.0,-0.803039901789675,-0.8059009195373609,-4.396222161605805,0.0,-1.0545082633826626,0.0,0.0,0.0,0.0,0.0,0.0,0.0,0.0,0.0,-3883.205001779559,0.0,0.0,0.0,0.0,0.0,0.0,-1.9381178769262712,0.0,0.0,0.0,3.8750530901174787,1199.7874631047991,0.25437203430489225,1727.3351510173002,0.0,-0.8288375558863819,-0.8401222605069734,-4.3218456313317635,0.0,-1.0530666984985473,0.0,0.0,0.0,0.0,0.0,0.0,0.0,0.0,0.0,0.0,0.0,0.0,0.0,0.0,0.0,0.0,-1.772237144355663,0.0,0.0,0.0,0,0.0
"MATLAB 3-53 PM Mon, Aug 26, 2024 Run4 .csv",5.828619161801903,2410.6005857832406,0.3243591212248391,1319.4337206807918,0.03269256198194823,-0.6497979163717457,-0.6445399369476217,2.099372603974543,0.0045,1.9448942125379962,0.03076923076923077,0.8057373544484521,40.55609423889815,14.44115405061007,0.21190022064761502,1.1654887837925484e-11,0.0004075788882618414,0.0004987522515375856,0.9974483108272509,-1443.1958932313037,3.16584478674794,653967.8851934079,25.603115804047608,0.2817671085150738,0.3650303727446443,0.3146067415730337,-0.9403075811839767,-0.747495447427069,-0.45783712074743166,0.07229517102241509,5.617368458980034,1925.2655956139208,0.036122779883518585,1113.26230013005,0.04466490567776427,-0.670453338687032,-0.678237594156821,1.8727516092388026,0.00378,-0.05380563999157317,0.016129032258064516,0.779358948401623,29.35611389535626,15.743444211777378,0.28001061116473613,0.00018126367835173942,0.00015574524299647195,0.9995349469351306,5514.259425959282,3.0769068202467182,360137.5250879354,1.3242806444469448e-11,36.22154830368782,0.10060769086871695,0.13089092199530425,1.0,0.22535287567339823,-1.6235699406135398,2.7915352637128876,0.02202379554510117,1,-0.22429042713962477
"MATLAB 3-53 PM Thu, Aug 29, 2024 Run3 .csv",5.881994466142395,2482.7332771945294,0.3248649856660915,1284.5168734057443,0.023779792837744198,-0.6861191461474802,-0.692678954172459,3.994921365023048,0.00145,1.944296688458655,0.0,0.39060701819464494,28.636103023374265,11.673859618441487,0.1998261457983787,1.8699240456021994e-11,0.0003761372611677531,0.00043494973150922815,0.9961398334023186,-1249.3498119304109,2.9004044106618276,628574.996040325,35.71787282103527,0.4160152992057205,0.6341901222462397,0.17159763313609466,-0.9424972854416827,-0.044360940684556205,1.8747113522508227,0.011413243114948207,5.621234469461451,2100.3310990559066,0.008221271694485721,1028.8628929890317,0.023804947067204908,-0.7120980962266977,-0.7273529276177446,4.067308845868636,0.00142,1.9454554185154012,0.0,0.3662335656434608,24.297590244479576,10.871344490866935,0.20005169931927624,0.0001335150889529926,7.606657363744367e-05,0.9989997239978221,7482.298306744532,2.875035551990885,413022.1623730967,4.2861326407569534e-11,50.18271769851528,0.15042176579310726,0.3502056528666277,0.17159763313609466,-0.7770571042975405,-0.018983913221022938,1.0362829961423312,0.018138528466224713,3,0.7332404352624291
"MATLAB 3-53 PM Thu, Oct 3, 2024 Run9 .csv",5.949352558768856,2425.385181771776,0.25685423682740127,1182.9482761401766,0.18333074552475598,0.025701253001443547,0.09573202786079615,-3.2096208828936135,0.00066,-0.05630083562068622,0.08333333333333333,-2.258148471318188,298.1340743750521,32.20867153310006,0.2203855748381507,3.913851514832858e-11,0.00018812736614374668,9.017690349035454e-05,0.9971373340116009,1395.396995951292,4.218862794295324,393658.16994524415,12.121334154583641,0.0729589790430039,0.16407545073669977,1.0,-1.9446869896993881,-2.5377117436667582,5.380941947665612,0.02411798775196078,5.870418794068162,2947.1508627137223,-0.046535981995509956,1040.9459609060232,0.1841273371982899,-0.000319330830300002,0.06673173817244726,-3.1382279267622524,0.00033,-0.05528352297762451,0.08333333333333333,0.1520045926204995,205.61893965578767,29.93822974882136,0.22133349845076708,0.00012104924655918701,9.891849953648749e-06,0.9988688501250237,8251.756029201115,3.8997752914587744,574287.229054282,5.771363744533321e-11,9.303427684838569,0.06733991911982046,0.21630799949557986,1.0,-1.7794670842684792,-2.02663033233878,3.6348595913029156,0.016183927655220032,0,0.8905176593134836
"MATLAB 3-53 PM Wed, Nov 6, 2024 Run5 .csv",5.604350306509022,2066.8031473833353,0.3217918148197508,1234.2305086803933,0.0,-0.8072032095717314,-0.8110569886033723,-4.414103124899175,0.0,-1.0568983597000274,0.0,0.0,0.0,0.0,0.0,0.0,0.0,0.0,0.0,-3912.1771698815523,0.0,0.0,0.0,0.0,0.0,0.0,-1.9468766939570938,0.0,0.0,0.0,5.587000422909913,2261.5557236919667,0.08187388101797377,1040.0117305001934,0.0,-0.8333465881635953,-0.8457835945246839,-4.343704693482041,0.0,-1.0560224644706502,0.0,0.0,0.0,0.0,0.0,0.0,0.0,0.0,0.0,0.0,0.0,0.0,0.0,0.0,0.0,0.0,-1.781877064239418,0.0,0.0,0.0,0,0.9999999999999998
"MATLAB 3-54 PM Thu, Oct 3, 2024 Run10 .csv",5.885083486727167,2398.006383953795,0.23983919237113802,1185.2995796391965,1.3831461033765107,1.47395596146495,2.3616539913177443,-4.018569365328444,0.00014,-1.0574958837793687,1.0,-4.128561765293198,968.5200191636361,59.33290874385676,0.6060582352990175,8.977258362906413e-12,0.0003756326846802433,7.889497050278314e-05,0.997156025759316,-1264.8162159631315,3.932998583212116,457794.9314742183,3.3255275673588844,0.019943398016577817,0.045130739308847,0.0,2.0509336017852005,-0.7725955344144343,-1.0461012278462243,0.06742842704057689,5.833318067663511,2948.76363842736,-0.04683084755193881,1042.4547995489966,1.3822012680910236,1.4465928184169643,2.328701069156825,-3.9491654586255382,0.00011,-1.0567614059636758,1.0,1.3069871063614602,612.2585008122659,51.92664641397123,0.6059451437835061,0.0003765069390583973,1.1417108901679108e-05,0.9982864022036188,2651.4422408793416,3.5429615525139373,683096.4996836893,1.5398138557352617e-11,2.557545891540166,0.018164218852537734,0.058197876993441824,0.0,1.2157129557896433,-1.0198944746252236,-0.7619580567198683,0.0449985474348068,0,0.9696390733598225
"MATLAB 3-55 PM Thu, Sep 5, 2024 Run0 .csv",5.650971697233725,2504.4082705646933,0.23738915388539317,1305.3091528926107,0.10317436957243464,-0.4100181971494401,-0.3778350235225263,-1.9230186040829027,0.0029,-1.0580934078587099,1.0,1.7402267579939328,131.43863383429337,26.983628969351802,0.25840967523061353,2.0719906051071696e-11,0.0001638194354740068,7.285251560691376e-05,0.9991609237511409,2172.496597644877,4.1582948868042,535586.7651701622,8.375605039071,0.0675233647499748,0.12775176233228427,0.0,0.04874389752749475,-1.2100680711131686,1.223835275618388,0.06941917061805733,5.901391126252173,3039.142302450691,-0.048067747936689165,1294.3320908549317,0.07790795686884813,-0.41897501771438994,-0.4127142619197761,-1.9546102221927413,0.00181,-0.05750034745670152,0.8333333333333334,0.3722794383562831,114.76738454280753,21.456900119415796,0.18699730856250052,0.00011526601650391665,2.2268903872389408e-05,0.9988532428442961,8665.635138092552,3.6659544503657853,744382.2085123227,3.0704560640828715e-11,8.536660244642734,0.07768213137436956,0.16599458442040382,1.0,1.2133029758187044,-1.397671627460918,1.475814679390023,0.06473442554473874,1,0.25154485760120987
"MATLAB 3-55 PM Tue, Sep 17, 2024 Run5 .csv",5.900410728789756,3077.3088691351445,0.24738964916357573,1030.2715447537964,0.005914743443373872,-0.7622826952817172,-0.7679240404443173,16.372694173122607,0.00739,1.941309068061949,0.014423076923076924,-0.4804809631500764,8.951999481705045,11.708667634471784,0.12311354501926973,5.2500646863284924e-11,7.777264190052057e-05,7.837006530335639e-05,0.9975738211800927,8892.889821577668,5.536762794755584,44044.6142976125,26.48422220639047,0.3637254008514375,0.9956157191308868,0.071,0.046554193269789046,1.5399234563507358,6.822280532661498,0.04357661068439482,5.892513495967775,3294.0846203320007,-0.1054845158267031,990.5763158842364,0.003800899430709849,-0.7893716957467566,-0.8030295950796118,16.740112030692615,0.00553,1.9417607110502728,0.009478672985781991,0.19172555142076259,12.391270205917758,17.605340832913967,0.08026112692491534,2.5901049684230662e-05,9.13543412131729e-07,0.9995744198314764,38592.0428715307,5.516444735507852,116822.36575279642,1.176897549020608e-10,33.20269953940212,0.42407994682255434,1.2661044759524802,0.0585325638911789,0.21089299584776566,3.2585402097986,22.362820210746758,0.0840455859899521,2,0.16446832105355758
"MATLAB 3-56 PM Thu, Oct 10, 2024 Run2 .csv",5.614381460449808,3148.269870223578,0.332318029128133,1630.6771331292107,0.33979999969740504,-0.32766651778452704,-0.33251305810012277,-4.281983338055618,5.5e-05,-0.0592884560173923,0.0,0.30368314559554155,5.53468965088639,27.300528571802584,0.7025015505478602,4.401419001616833e-15,0.010549877026324712,0.0005950944488658304,0.98589136952859,-3847.6988297862904,4.119462316851976,317666.9068746543,0.05102185960662096,0.0016825527119728918,0.0037251322576186065,1.0,-1.9556355109879164,0.6210873973846408,-1.5000000000000004,0.009876773953437803,5.993411016212835,2963.4101331197435,0.1688106342329061,1496.3505124643452,0.33934999969780577,-0.35370562087194846,-0.36729492897353433,-4.215563005495392,0.0001,-0.058978230442752855,0.0,0.1974419823244766,7.126237221251987,28.065430792732553,0.7009191366312093,0.028484289728363477,0.000562031676554477,0.9663419077428153,33.92543458019148,3.7086940765511165,594893.1801443408,2.3269715957001824e-15,0.05065899876438808,0.0013706050090834983,0.0032727045243943625,1.0,3.208483015876827,0.6374296985813764,-1.5,0.025237931609153753,0,0.9998570025716355
"MATLAB 3-56 PM Thu, Oct 3, 2024 Run11 .csv",5.931397243307261,2435.1333104149576,0.2491442291822634,1186.1547869294704,2.9516353004408358,2.42592598616789,1.6725979228577559,-4.0364503286218145,0.00107,-1.0598859800967333,1.0,-3.5265462317248515,1418.452400017451,73.18807217029277,0.9114674121626033,8.22071515566879e-12,0.0003763916043877033,8.512558567753079e-05,0.9958196305074724,-1302.6914161753093,3.955454181263422,477795.8266440521,2.2877470987689725,0.013979607611145584,0.03274855185723339,0.0,1.0421747847543776,-0.6083825228483443,-1.1097566038825848,0.13962834179401404,5.877691469196597,2981.0175809503307,-0.032720179371452635,1025.7567110653451,2.951601506551227,2.3994837852902937,1.6376397357464658,-3.971024520775816,0.00101,-1.0597171719357785,1.0,1.1911484447885352,739.5268017001758,62.79374872010282,0.9114194503047511,0.00045754182311646144,1.221578733123623e-05,0.9981777866306683,2181.609934217084,3.502817213690459,715520.7848729874,1.2589857115924112e-11,1.6967195227299945,0.013482622971051192,0.04293228208015701,0.0,0.206073035905888,-0.48381599870724706,-1.2199126339758077,0.1599834659695626,0,0.9981756332623976
"MATLAB 3-56 PM Tue, Sep 17, 2024 Run6 .csv",5.940773025912514,3047.9160962266233,0.26398419923421695,1033.984574588329,0.012330384057175733,-0.7605709226143728,-0.7722910922435909,14.559265448879252,0.01555,1.9395164958239255,0.0,-0.47113750145279326,10.292841053509516,13.551686880480544,0.2331888359652037,1.781452764419698e-10,9.468471348015345e-05,0.00010074496943477576,0.9979986879805592,6584.594899196207,5.535104558683278,35216.345469714324,44.944330787485654,0.6614775972774604,1.6839229689336992,0.04482323232323232,0.039985080496672154,1.0579176147252212,0.20019320074789393,0.04818296611309053,5.904554995977583,3243.0214416257018,-0.096785023192164,1006.4833394195175,0.010305347153072613,-0.7891213611143449,-0.8079755955922676,15.32370373270065,0.02611,1.9395438865711958,0.18781725888324874,0.39284073684666926,14.87007809652492,15.161927590330764,0.20211011264885648,2.907449584870623e-05,1.2754384496623604e-06,0.9994839486098259,34376.65622168652,5.52966315675528,91615.9746828284,4.377105758243685e-10,57.06670115724881,0.6662925536621159,2.0150565257194457,0.10359712230215827,0.20366305593494927,1.4456028008730921,1.6089131016336164,0.09231408715248113,11,0.47144316356946775
"MATLAB 3-56 PM Wed, Nov 6, 2024 Run6 .csv",5.731865709321296,2282.125229200874,0.2890768565425451,1305.2708043120383,0.0012210734644295365,-0.40613185569501387,-0.4115801098308509,-1.7786392497810866,0.00023333333333333333,-0.061081028255415726,0.0,2.4757708867428714,102.41257931028721,20.812685871008163,0.002990209640923671,3.915561737980112e-11,0.000207591631668799,0.00024295567157146515,0.9993315126543477,851.0511949578436,2.9924617276309244,1084183.660500398,8.526717513937662,0.04819836518193635,0.07398353361325927,1.0,-1.9622046237610336,0.5974053722573914,-1.4379292060904916,0.0290464153885841,5.39991583531509,2281.664878639471,0.00029049376943895977,1065.9408460122913,0.0008124038397505116,-0.43263739501076015,-0.44719092941763594,-1.7152024913635415,0.00023333333333333333,-0.06119505492182986,0.0,0.8051421070069016,75.62509723538037,19.338805239564223,0.0019882619688456806,0.00012708995264348056,0.00014045952051530559,0.9990956088089359,7861.326470170711,2.7494982208376206,397326.593158777,8.846113149153499e-11,9.87486600504306,0.048839071099720535,0.05650999836960943,1.0,-1.7987469240359895,0.9937641961357769,0.37566661679713276,0.02642502069473268,0,-0.41668389021118474
"MATLAB 3-57 PM Thu, Aug 29, 2024 Run4 .csv",5.888417958702931,2511.515145995389,0.33303693788933586,1275.403199092477,0.003532227330819963,-0.65496261216321,-0.6612691268772544,1.7501969546222202,0.00105,-0.06167855233475694,0.0,0.6131965056246209,36.340853042865234,12.22483702145408,0.02199843458341627,2.720527255711939e-11,0.0003321434216275411,0.0004008578771151413,0.9964138145201725,-970.1710339743354,2.505906780719439,598881.9511235841,34.38452520534259,0.39756106341983577,0.6282533485245609,1.0,1.0356056719812607,-0.9647840006935672,0.7115644579325111,0.01353313684463503,5.645275740600788,2138.3107571874007,0.011144858407252267,1019.8037427137908,0.0035403399505847667,-0.6817974397453875,-0.6971062627011653,1.8126391883255373,0.00062,-0.06193399641485553,0.0,0.12825975256481448,38.349985756825475,11.970327735986467,0.022048959342578563,0.00011224802944605174,6.893598413480566e-05,0.9991673170149037,8901.424122506489,2.499835046406456,391631.4089353188,6.226463272374391e-11,47.94878498136032,0.15518321436606,0.3803775466392281,1.0,1.1988430959930718,-0.5811930177358633,-1.0226360253409967,0.029118861556053255,0,0.5753327068259535
"MATLAB 3-57 PM Thu, Oct 3, 2024 Run12 .csv",5.977844615663342,2465.6462412099895,0.25699861210992636,1191.8290269524382,0.002187000553213515,-0.5367106523290659,-0.5430581442496357,-0.8542992887625989,0.00041,-0.06227607641409816,0.0,-0.8472150339023221,96.8999082236104,19.24500932839241,0.007814623580180285,3.3001775854492636e-11,0.00013892842414141144,7.905825791492844e-05,0.9971597553068571,3200.142585287924,4.426732078535167,439850.0273954223,20.539170731464697,0.11612677833784847,0.27333101572752994,1.0,3.0334159677235553,-0.14993682297245087,-1.1995518379624217,0.017469967603683578,5.845224125503066,2954.486454215559,-0.057149921842161916,1064.2404370144218,0.0024890847406613143,-0.5636319110350323,-0.5788215963111236,-0.7928515797735081,0.00057,-0.0626729379078812,0.0,-0.02088692484048245,70.03846795001579,16.825699214784578,0.008894035385065495,0.00010330914667638729,8.091823049923621e-06,0.9987021542951098,9667.122287085707,4.216332504091568,585492.1591937782,5.2248030016638765e-11,15.935777986671784,0.11087258241311096,0.36250038803593,1.0,3.196433116022133,-0.779203535654891,-0.5739640696470678,0.022612521052360557,1,0.16269582427453824
"MATLAB 3-58 PM Thu, Sep 5, 2024 Run1 .csv",5.535415471898961,2495.4767273814864,0.2192507212260697,1313.1803262091523,0.14954775690819505,-0.2709170350663265,-0.22139716180024815,-2.5587865312607523,0.00163,-0.06287360049343937,0.15789473684210525,2.415536586990325,185.53880759978108,30.911294592524108,0.27354907034502013,1.9283717117453204e-11,0.00018765661331175836,6.157950788380438e-05,0.9991120580765306,1339.542944418206,4.077880596950688,632344.4628074013,7.312242188682422,0.05756445732775458,0.10898569151845444,1.0,2.0312262634658493,-1.1699946533119603,1.022832968075753,0.09779268801212315,5.827192618641472,3037.6524977937574,-0.05603167998551109,1301.3573646304435,0.1494693612768647,-0.29821916934026493,-0.2577369301018284,-2.4983333469858886,0.00365,-0.06341187940090687,0.10526315789473684,0.4868277584058594,144.82194789208097,24.319077845196254,0.27355300404312755,0.000138610177315625,2.057245776253191e-05,0.9988329927344879,7206.0581126021925,3.514824553078505,911710.3935482216,2.7111723296555064e-11,7.3544895920545645,0.06712229391991789,0.14674988127470648,1.0,3.1940231360511944,-1.5545017381207265,2.4014654630688046,0.0714110386371613,0,0.4685789848774197
"MATLAB 3-59 PM Tue, Oct 1, 2024 Run3 .csv",5.978937788358344,2494.5088158155677,0.32365191942241744,1274.7315830996577,0.0,-0.8186523059723867,-0.8252361785349034,-4.463275773955942,0.0,-1.0634711245727806,0.0,0.0,0.0,0.0,0.0,0.0,0.0,0.0,0.0,-3991.8506321620334,0.0,0.0,0.0,0.0,0.0,0.0,-1.9709634407918564,0.0,0.0,0.0,5.84434085207481,2640.378591440563,0.04516107974193756,1114.4600965665427,0.0,-0.8457464269259318,-0.8613522630733876,-4.403817114395306,0.0,-1.0641508208939325,0.0,0.0,0.0,0.0,0.0,0.0,0.0,0.0,0.0,0.0,0.0,0.0,0.0,0.0,0.0,0.0,-1.8083868439197444,0.0,0.0,0.0,0,0.0
"MATLAB 3-59 PM Tue, Sep 17, 2024 Run7 .csv",5.759562108671321,3068.845119935669,0.2218616680033911,976.2440134401162,0.008420461434022036,-0.7330513938641579,-0.7402251958774906,7.132369996648839,0.00273,1.9359313513478784,0.0,-0.3375721113405644,14.794405340266785,9.539515876130936,0.09718712396572418,4.152161374379793e-11,7.100986109955746e-05,6.72286137040421e-05,0.9978098576001884,10052.614668140246,4.858827338735642,313825.85907881917,15.640057634242515,0.21511627417512286,0.6290806173604883,0.1636828644501279,0.026846854950437926,-0.3002095006311203,-1.1851284535287048,0.03464597404003142,5.721319274367041,3236.0722755031406,-0.1175991698307969,954.01654990303,0.007925470884093311,-0.7601910763763111,-0.7772675966531943,7.190834131495249,0.00217,1.9351102376130418,0.0,0.05675629339067835,19.548217790669867,10.03935140023568,0.0914309226541097,3.321210255116851e-05,7.932971833017984e-07,0.999597110727552,30097.3751718222,4.732544207116717,462128.2311581614,1.027556123318627e-10,20.366968312083245,0.25871833408722117,0.7853279202084069,0.05939629990262902,-1.810796823890683,-0.18086015019812943,-1.5364958832059117,0.08552519053220753,0,0.12310025381918904
"MATLAB 3-59 PM Tue, Sep 17, 2024 Run8 .csv",5.734099268056526,3036.6876208490858,0.21977667667733428,945.8492760635623,0.04074209151342416,-0.6288378816018863,-0.6424142132313628,0.7278357495203247,0.00268,-0.0646661727314628,0.8653846153846154,-0.5479446485829624,37.90170299707249,14.340994474280054,0.21231330980041258,1.8869319217295387e-11,8.8175620118563e-05,6.311606845130972e-05,0.9976717929302384,7308.26239393494,4.4664006921224555,547752.1762244378,6.731345495862187,0.09241501130702294,0.2752567773846624,1.0,-1.9753428493072676,-0.45988343406872334,-0.9788708266897066,0.03473175287246705,5.696916110693743,3219.6116456197924,-0.11354654422597013,934.6576792574863,0.039476627227058594,-0.6522709432377757,-0.675532930248562,0.6853043595539887,0.00117,-0.06562870387998387,0.8627450980392157,0.28463418953058905,46.26431848468748,14.946119281679623,0.20168920074591865,5.362986413470074e-05,1.0456096006864165e-06,0.9995716434559437,18638.340029080544,4.079924987204173,888135.0689054359,4.729408338155189e-11,8.760927947830554,0.11118256187684862,0.3391790602137865,1.0,-1.8132068038616218,-0.13123340793696117,-1.6028151597131335,0.08924853801727295,0,0.2936671861169429
"MATLAB 4-00 PM Mon, Aug 26, 2024 Run5 .csv",5.745862912542867,2312.7657808376175,0.32877531729054404,1291.0518639335799,0.03804793763314764,-0.7281917680238403,-0.7390532304144022,6.223420514115491,0.00788,1.934736303189196,0.29906542056074764,0.5820003049107297,25.516510191079586,14.934151478113485,0.4065688212144971,8.31774575954451e-11,0.0004281307172520022,0.0005102439872742014,0.9979376233048394,-1682.6616925827934,4.070135411300093,573852.7370653994,62.33267420992907,0.7586734795688601,0.9685739502366899,0.14465408805031446,-0.9775325535649735,0.5790113056277064,-0.8228868664825928,0.12458267033100137,5.587916820018042,1910.399059790892,0.01790087211369562,1008.2263745713315,0.03439845358464466,-0.7572782012151438,-0.775198263666971,6.4798975997304815,0.00848,1.9336323546269905,0.2018348623853211,0.8742895841828332,22.965861434314448,14.325209108830462,0.3745068439313311,0.000147050228900387,0.00013084720148351248,0.9996568190264152,6798.063671859979,3.9607542440995247,297964.8984850188,9.03856177734295e-11,83.2112466542906,0.2514319777521115,0.347233344719469,0.09205020920502092,0.18438321616743947,0.5923961208090492,-0.8373687178342308,0.11621907353401187,4,0.07081346342492886
"MATLAB 4-00 PM Wed, Nov 6, 2024 Run7 .csv",5.70386565862132,2261.9129877856876,0.28721227068331806,1305.59587660886,0.0026348624233709485,-0.23421561427556625,-0.24074224812306322,-2.681120734935966,0.00016,-0.06586122089014523,0.0,3.057240647564914,153.25072910179338,25.048064180108053,0.0044764906994627105,6.960001871515172e-11,0.0002010771836299191,0.0002319686723619725,0.9992536009336913,948.6798697793797,3.1339558509369247,1162652.3001258015,12.823270563061737,0.06958726286826791,0.11230764976506388,1.0,-0.979722257822679,0.7893693053788605,-0.7801453232639721,0.016348738670349194,5.389940012594673,2297.3979324139364,0.0024660353339819863,1043.4754847556483,0.002832374222689717,-0.2620179597239487,-0.2778635976131252,-2.6256401742322377,0.00016,-0.06710658686603521,0.0,0.8809690070128746,107.10299675370914,21.543162144981316,0.0048150181265175975,0.00016096965758042556,0.00012475179966137847,0.9988744690055326,6205.358724245674,2.997009725108934,597785.3131150897,1.3859804454461083e-10,14.11734756001421,0.0723440435186068,0.0869688511347004,1.0,-0.8180267638034993,0.16064083558309122,-1.6954503264969791,0.08375419497489928,0,0.48419825730785837
"MATLAB 4-01 PM Thu, Oct 17, 2024 Run11 .csv",4.889458573882263,2102.0073110706735,0.20569833558768358,1170.1628537283812,0.010185624113994702,-0.761770726469247,-0.7736812649188,11.517573676233209,0.0036,1.9335412550305136,0.0,0.4415017408446878,2.6445987229642878,4.9180954415636355,0.1640574525106529,4.983234824376438e-12,7.283821909080042e-05,0.0002614993595546137,0.9994667868341811,9693.669797460834,4.51811160003938,12117.74342086086,2.929009718256125,0.018115883265869076,0.022644706382337128,0.25,-1.9819119620803847,-1.9117301049316704,2.277471907494875,0.00393104791641237,5.770145014938655,2326.4527818870333,0.05061637556531823,1075.1466356507076,0.01318709943575202,-0.7853255744738278,-0.810528930646813,11.57205971222271,0.0022,1.9321544716409391,0.0,0.5643866192263788,3.2974429646435475,5.439971680843038,0.19963169578729298,0.000175621926783547,0.0003012787747281577,0.9984718937650804,5685.348703614277,5.495900498582075,11495.93456638799,2.0500953812121778e-12,2.0761016423763747,0.014720198289866718,0.017073779142971385,0.2,-1.8204367437744382,0.2102867458754672,-1.2843469258147597,0.012342192530631957,0,-0.5386699810842746
"MATLAB 4-02 PM Thu, Sep 5, 2024 Run2 .csv",5.604987264821114,2474.054242767244,0.24221525976424402,1297.214145815338,0.4475092552381926,0.5763455882571189,0.4733297167086088,-3.6900892181078513,0.00108,-1.0670562690488277,1.0,4.330638887931302,471.88444103529974,48.193344757213715,0.31936594955906916,9.223211476516346e-12,0.00021491723578499276,7.445533111012183e-05,0.9989790767093568,612.894751194016,4.2054154841567435,477135.7421481545,3.0866812318755668,0.024463491440264003,0.04841629557008108,0.0,2.0158983336619096,-1.3597576212245508,0.6947678139170899,0.105880314707756,5.863346614441898,3039.0019100541185,-0.03852739021650173,1315.9911876835354,0.446922201208362,0.5494900234173101,0.4364557347425766,-3.6365977068325765,0.00238,-1.0685844698520865,1.0,0.8276921376860432,294.15409216605497,35.83766924872844,0.3187747515006717,0.00019701620646181702,2.4407854097652912e-05,0.9990691803315663,5070.999986618828,3.5746816686344935,780652.5497908789,1.1921573664307155e-11,3.062714238239092,0.028755657038849556,0.06284721541874158,0.0,2.1771532762546233,-1.607816640579766,1.6049592863175732,0.05708774060010907,0,0.6763547257060081
"MATLAB 4-02 PM Wed, Nov 6, 2024 Run8 .csv",5.748403284889405,2243.9026461169997,0.34177830298273193,1317.7252108358232,0.004282410506731002,-0.25002927157287036,-0.25780929991375623,-2.7445587081218603,0.0002,-0.06765379312816888,0.0,3.0137892478090804,152.56627622827347,24.894152784825817,0.00743591751952774,6.158271271561805e-11,0.004686099615381502,0.0004586422418994357,0.994428967627998,-3830.34368297243,3.0890324309624884,1007795.310421966,52.20776488454334,1.3271743946358396,5.795230974115476,1.0,6.013708629404204,0.6154843247630475,0.1614303478123551,0.011520707607269254,5.390014247715946,2281.276716649064,0.049909373324334094,1046.4389304141705,0.0042162931569018625,-0.27767841039298424,-0.29480959811562557,-2.6920617215608127,0.00018,-0.06932341134511222,0.0,0.9849879381159453,109.3159081901313,23.232684440657696,0.007320476722290918,0.0014414443891717203,0.00021061921258609125,0.9973159143095045,691.88650065271,2.8877617038108596,591462.264051802,1.2414531546991187e-10,57.95807906224311,0.7712351358554002,1.9172503147834892,1.0,5.174743296283684,-0.014113769797110313,-1.7034693663893907,0.09754563212394718,0,-0.18163274170367832
"MATLAB 4-05 PM Thu, Oct 10, 2024 Run3 .csv",6.153990357038397,2873.884586058077,0.5439835116354608,1368.7630400166597,0.0,-0.8269789215364995,-0.8355483166669261,-4.499037700542683,0.0,-1.06825131720751,0.0,0.0,0.0,0.0,0.0,0.0,0.0,0.0,0.0,-4049.79496836602,0.0,0.0,0.0,0.0,0.0,0.0,-1.9884810748535018,0.0,0.0,0.0,5.948301408832915,2781.3178864970955,0.19397167349124866,1333.299896621513,0.0,-0.8547644914803585,-0.8726749311088087,-4.4475352386958615,0.0,-1.0700623528381379,0.0,0.0,0.0,0.0,0.0,0.0,0.0,0.0,0.0,0.0,0.0,0.0,0.0,0.0,0.0,0.0,-1.8276666836872544,0.0,0.0,0.0,0,0.0
"MATLAB 4-05 PM Thu, Oct 3, 2024 Run13 .csv",5.936164186863349,2449.5173399756654,0.24281792931830015,1178.8700317452583,0.001904783852321409,-0.4765161773645682,-0.4855873342438807,-1.603478938508994,0.00032,-0.06884884128685131,0.0,-0.633798963818113,117.4504915954631,21.365916705603517,0.005418960172341967,2.958282411614737e-11,0.00013446534748871872,6.605485650090354e-05,0.9973809698602069,3360.3448952220224,4.279616196635246,452851.631648428,16.611477327243733,0.09013409462935087,0.22079041545588277,1.0,0.009329220888792733,-0.0015299805465212003,-1.0428069913876945,0.019597411155700684,5.812494773885701,2993.55125230204,-0.06258239837586838,1048.7663063192122,0.0023595523379088506,-0.5045881784320387,-0.5230402649242683,-1.5529710013764007,0.00045,-0.07080129433116356,0.0,-0.1025782770700294,88.94681203295207,18.84361205343118,0.006716562346355504,0.00010641744236907946,8.253981768173415e-06,0.998704120461272,9384.778455749229,3.9938048378873283,645183.5262491938,4.409123645584574e-11,12.3847122589852,0.09164399108441994,0.2960499355899448,1.0,0.16992333634180667,-0.07540736612330799,-0.9375819708083464,0.020209749937057486,1,0.6389488688039773
"MATLAB 4-05 PM Wed, Nov 6, 2024 Run9 .csv",5.699452281466664,2243.060443073694,0.287264198255302,1314.3395566134407,0.02573936131933203,0.7318227565246387,0.731873647407526,-3.807971181499739,6e-05,-0.06944636536619231,0.0,4.787784154460059,390.4301480916298,38.135991238438095,0.016490253174233277,3.800678783569625e-11,0.0002671752316078605,0.00021628976593177798,0.9989541196907168,-325.33371931652346,3.364531425003513,917959.1477863408,11.87222193849911,0.05849782012598149,0.10486903714237851,1.0,3.007139516631087,0.5127948696958784,-0.17355924487499141,0.006774600148200971,5.388217522175104,2291.146029127362,0.004154280118429554,1039.4485353393993,0.025489017221787702,0.7035809910001214,0.6938444004903759,-3.7584577690813736,6e-05,-0.07154023582418922,0.0,2.1450265319367467,269.7748047589145,35.92103567472777,0.01633283175979875,0.0002092903990295611,0.00010074024596320522,0.9981735188125331,4769.32302408935,3.349044109372004,635802.4701499807,6.730383996658752e-11,12.875227354969885,0.060689064304246046,0.08171656063051003,1.0,1.167513356370868,-1.7193925717867993,1.3959925837226805,0.024594751000404425,0,-0.16577900661258677
"MATLAB 4-07 PM Mon, Aug 26, 2024 Run6 .csv",5.661844772615451,2245.7808030412775,0.33667339482496644,1282.9843309385042,0.035243063227124456,-0.749574573176028,-0.7650153685323556,7.88767558920356,0.02081,1.9299561105544665,0.18548387096774194,0.5131729079829459,16.510539715513346,12.812094938275518,0.4376561647659078,5.551922426760499e-10,0.0004717314102526989,0.0005523932397785165,0.9978381278532761,-1956.2565795684254,4.7031922973274884,389638.3428662367,148.83147486226767,1.995651375538516,2.533708917376557,0.07961783439490445,-0.9950501876266187,0.09734658712634557,0.6479823940336962,0.08672336339950568,5.676880131851609,1952.5954360006058,0.034529883453469856,995.0102935786588,0.03620810824087014,-0.7760479186535004,-0.8011209316889196,7.736192476710663,0.0209,1.927720822682785,0.07377049180327869,0.666298537798547,15.483100765592482,13.213163699673478,0.44103334048292425,0.0001336155161741009,0.00012601579965510653,0.9996654044752493,7481.656570279504,4.514404150208305,220824.6343114336,4.700479445743315e-10,183.727069494013,0.6176620702927066,0.8829682934358539,0.06418219461697723,-0.8348966236000708,0.17730090226169604,1.7164405086551326,0.08124267429113385,5,0.04901419581342787
"MATLAB 4-08 PM Thu, Sep 5, 2024 Run3 .csv",5.5578809302598415,2485.937755436061,0.2287116006390278,1320.7822502391705,0.42448241250192903,-0.011787684588845937,0.06079561347227469,-3.3169066626538326,0.00246,-1.0706414135248747,1.0,4.443951101794814,370.4605405545329,42.01868663265173,0.5180692720047803,1.5309111704817995e-11,0.00030316379988223137,6.653869774239147e-05,0.9989048542251459,-783.8326666758226,3.6388498260182516,690128.0578619768,4.186933789660485,0.032571336877657085,0.06323506256690453,0.0,0.002760108115675619,-0.9185544612472296,-0.818749468304266,0.15659857541322708,5.880188985958217,3023.213541677529,-0.04478350919328697,1310.0270104363062,0.4240494184265684,-0.04013716084584962,0.02546373407666702,-3.2693822996639206,0.00467,-1.0730181188102406,1.0,0.5649034886150898,248.06672858989418,32.800811479305494,0.5176786645378945,0.000260976713294788,2.3390027955223654e-05,0.9988837407892268,3827.4822614572936,3.2063130811800615,799197.8638042206,1.929715400262457e-11,4.208023829221371,0.038444128549139624,0.08539006070317331,0.0,0.1626933964289905,-0.9340786559899968,-0.6462155344119216,0.08274300068616869,0,0.8564675110467698
"MATLAB 4-08 PM Tue, Jun 4, 2024 Run4 .csv",4.688563435902582,1497.143579549393,0.2842377625476282,1467.4612263101535,0.0,-0.8321830562640702,-0.8419934029994403,-4.5213889046593945,0.0,-1.071238937604216,0.0,0.0,0.0,0.0,0.0,0.0,0.0,0.0,0.0,-4086.010178493512,0.0,0.0,0.0,0.0,0.0,0.0,-1.99942959614203,0.0,0.0,0.0,4.78571120590941,1071.8545157230303,0.025609943390370815,1190.879320452004,0.0,-0.8604007818268751,-0.8797515986309468,-4.47485906638371,0.0,-1.0737570603032662,0.0,0.0,0.0,0.0,0.0,0.0,0.0,0.0,0.0,0.0,0.0,0.0,0.0,0.0,0.0,0.0,-1.8397165835419482,0.0,0.0,0.0,0,0.0
"MATLAB 4-09 PM Mon, Aug 26, 2024 Run7 .csv",5.808206252222579,2303.2318959171157,0.34999396936176974,1301.1050151647967,0.027941766819263268,-0.7571460206815056,-0.7736824203273043,8.67427286752168,0.02403,1.9281635383164428,0.07575757575757576,0.35881288382169674,13.133664683396923,14.770045179927408,0.36727854714570385,3.1172988623982403e-10,0.0004247140084406143,0.0005372319677542754,0.9978152979521395,-1743.8715704629367,4.782946616147309,366947.07740497653,164.84438549460688,2.1006717325305213,2.563452788924556,0.04309063893016345,-0.0016193003997360123,0.8118818086983731,5.842337050219772,0.07111338287591937,5.7692179451682435,1985.6686170301832,0.04363380651008597,1027.7639585433315,0.0277082924007492,-0.7859287975388541,-0.8109169321976177,8.819809181181657,0.02115,1.925503998203708,0.05263157894736842,0.518933005237729,12.720446177383817,13.61863339292633,0.366515477361325,0.00013947601273245577,0.00011683916418603919,0.9996629629271389,7167.275170424479,4.7051394317094255,231910.15779225694,3.666901411757001e-10,209.0201057499834,0.669700731245161,1.0080127758417003,0.05131004366812227,0.15787343648711305,0.4850650602682166,5.307804297410128,0.057178820371627886,5,0.07795023618950171
"MATLAB 4-09 PM Thu, Oct 3, 2024 Run14 .csv",5.928660944600166,2457.0349291533607,0.24055124217479476,1181.8159569560248,0.0013041840350790804,-0.4534167104921319,-0.46377143786986064,-1.9303033837446044,0.00026,-0.07243398576289839,0.0,-0.6315336399621011,136.20271588093647,22.479487440125705,0.0034244213865721367,3.0824397262247055e-11,0.0001355732619666052,6.363068953596874e-05,0.9969725155483293,3253.2584608161096,4.140089076112798,396029.88276611303,14.45684197709371,0.07759523478015082,0.19165708458115832,1.0,3.9961909953425585,0.01841799833085477,-1.2317644397279923,0.02394096851348876,5.785949142869651,3012.504466853812,-0.0663563961893189,1041.2000245411027,0.0023757306223967075,-0.48180729830251556,-0.5016822659756137,-1.8857625948973729,0.00038,-0.07523494328931757,0.0,-0.11013581617231719,98.1236869715749,19.769285965043387,0.00623800210188612,0.00010224801210338156,8.292860471069497e-06,0.9985472098723605,9765.93274852858,3.772704369233351,612889.0173263563,4.537605373453712e-11,10.690389369453925,0.08158348084380895,0.26042610973304664,1.0,4.155463456516174,-0.3342754702607866,-0.327226838325438,0.012821847200393643,2,0.6333643839383077
"MATLAB 4-09 PM Thu, Sep 5, 2024 Run4 .csv",5.46021449116536,2416.6024105888996,0.22192476662988717,1303.5008114398659,0.18792648424021927,-0.28473053758943534,-0.21061045536464373,-2.684790375440658,0.003545,-0.07303150984223938,0.7837837837837838,2.733507372716398,196.33049260104627,32.60319346456879,0.3413276745349281,2.7924861415802957e-11,0.00016193115829141134,6.366566915577588e-05,0.9989042235614934,2060.9575299444805,4.239020993951497,500453.1104515946,15.808031983846835,0.11397315236787728,0.21800384113449336,1.0,2.994001291084853,-0.9521417787099935,-0.2324786323793986,0.10599950551986703,5.809360466852501,2950.809907555587,-0.05204033725450144,1321.3907587644367,0.1867910474714566,-0.2975454136803707,-0.24379759971433335,-2.691244361353296,0.00366,-0.07597388478234324,0.4166666666666667,0.280451700650229,143.94622069535868,25.520392345354065,0.3298813050213896,0.00011438463345721192,2.240649876728294e-05,0.9990497644128573,8734.125679447789,3.718077330209532,798754.9782662165,3.4394303242656004e-11,15.797990482342962,0.1331582039326118,0.29441256108879443,1.0,4.153053476545235,-0.9803916662183277,0.11964313693660733,0.059127156436443395,0,0.5788916663672786
"MATLAB 4-10 PM Thu, Mar 7, 2024 Run2 .csv",4.2479613872809825,1311.5098904176143,0.12094812412705853,612.2568901446258,0.6019819230852601,-0.36696015756585176,-0.47994947239081576,-2.5392565327566263,0.0005866666666666667,-1.0736290339215806,1.0,-0.07877684688422083,0.6017163367281957,6.257472923291882,1.2824874586734525,3.30403311633496e-14,0.016942800515995796,0.0037084932747355756,0.9793411997354989,-4057.1795530838363,4.006863849799414,16298.637529783817,3.793129182116824,0.16532573110924434,0.028431625124741348,0.0,-0.008188413172852904,0.3889580611747513,-0.7835583762952396,0.0040288743376732,4.993101274264404,1570.0580445434823,-0.04428588914091869,844.0797519508804,0.0,-0.8649098141040885,-0.8854129326486573,-4.496718128533988,0.0,-1.076712826275369,0.0,0.0,0.0,0.0,0.0,0.0,0.0,0.0,0.0,0.0,0.0,0.0,0.0,0.0,0.0,0.0,-1.8493565034257031,0.0,0.0,0.0,0,0.0
"MATLAB 4-10 PM Wed, Jun 19, 2024 Run0 .csv",3.6918697077342735,664.1518107898528,0.7366643904241994,1263.4120706966291,0.0,-0.8373871909916407,-0.8484384893319544,-4.543740108776108,0.0,-1.0742265580009218,0.0,0.0,0.0,0.0,0.0,0.0,0.0,0.0,0.0,-4122.225388621004,0.0,0.0,0.0,0.0,0.0,0.0,-2.0103781174305584,0.0,0.0,0.0,1.9027531867256322,146.3780387618323,-0.11858952525986843,560.2854796144853,0.0,-0.8660370721733918,-0.8868282661530849,-4.502182894071558,0.0,-1.0774517677683946,0.0,0.0,0.0,0.0,0.0,0.0,0.0,0.0,0.0,0.0,0.0,0.0,0.0,0.0,0.0,0.0,-1.8517664833966418,0.0,0.0,0.0,0,0.0
"MATLAB 4-12 PM Thu, Mar 7, 2024 Run3 .csv",4.168395674960875,1328.9095704080923,0.11382141221442234,584.2400392187839,0.430271404273673,-0.28457201842838575,-0.4446275069556044,-2.81486545909613,0.00040666666666666667,-1.074824082080263,1.0,-0.004932153820801122,0.27516070054550834,5.44160946576238,0.7768651141366947,4.156326390890307e-14,0.003206642073087885,0.003651158951192923,0.9931363292921146,-3819.756181304074,3.88566760308036,14224.7562604076,4.35412897739283,0.18410919047000163,0.026986450075612997,0.0,-1.0125678216882643,0.3919416265939897,-0.7773972242956373,0.0029465189576148264,4.850006758299492,1571.1303976113666,-0.06272182268025578,797.9040486265759,0.0,-0.8671643302426951,-0.8882435996575124,-4.507647659609127,0.0,-1.0781907092614202,0.0,0.0,0.0,0.0,0.0,0.0,0.0,0.0,0.0,0.0,0.0,0.0,0.0,0.0,0.0,0.0,-1.8541764633675806,0.0,0.0,0.0,0,0.0
"MATLAB 4-12 PM Thu, Oct 3, 2024 Run15 .csv",5.901425883842765,2422.304794223959,0.24217687920882078,1167.6909440910113,0.17492874614343973,0.027640245259059837,0.08788347530311058,-3.3526685892405723,0.00023,-0.07542160615960425,0.08333333333333333,0.3599605057877812,285.22575000421307,32.86920555921447,0.2017378760437717,1.1873122523395369e-11,0.0001801043948030942,6.276976047377359e-05,0.9981157927273949,1405.1621380115266,4.361613049206989,392968.6339594579,6.252215069500287,0.032096838599369626,0.08005204115721846,1.0,-0.014757525945969796,-0.6048750441882176,-0.5807010867973807,0.027467056810855928,5.811332703154451,3034.8465244234053,-0.054523344403262675,1044.0411969671827,0.17483056433982025,-0.0011824981702684978,0.04394106601082681,-3.3131004239644763,0.0002,-0.07892965075444591,0.08333333333333333,0.2749695396160574,211.37787046593903,28.53362172123867,0.20162464714935005,0.00021132775963937005,9.017926838658216e-06,0.9983898819932376,4724.366944016186,3.772516991666453,588907.7572031579,1.652054846639578e-11,4.354396567055149,0.03457654984135111,0.10838067372270832,1.0,0.14341355666148048,-0.8259148978634333,0.29436613164615943,0.016192923188209474,1,0.5491336277485138
"MATLAB 4-12 PM Wed, Nov 6, 2024 Run10 .csv",5.352532784861616,2167.140691822958,0.20688917527231676,1357.3507624179306,0.00121471103154214,-0.7603532202862316,-0.7722055412020813,7.942974181068655,0.00168,1.9239808697610545,0.0,0.21257788997952443,11.99539814062063,8.289304531508915,0.015154251568963214,4.1016891844573655e-11,0.00014841122498556977,8.32955052732244e-05,0.9991715324049787,2588.498050815182,3.9098514136630698,445822.53409762983,72.49435048813474,0.18551342612973604,0.42287643967987276,0.3351063829787234,-1.0169472302036757,0.41274186569450705,-1.0079418165284422,0.026345988512039203,5.131193596292883,2167.9599017528594,-0.053963123758815595,1139.4805721372868,0.0032680328950137347,-0.7892623948393503,-0.8108742667370741,7.9815478216305245,0.00362,1.9203314077525284,0.0,0.0676692435554326,7.269616683165445,6.6112085419090825,0.04077067824420031,0.0001878564436582952,4.334203554363263e-05,0.9989125958856141,5317.425244686329,3.5658174348204397,533213.7600678353,5.994793570558152e-11,77.78223215026904,0.21615469344833582,0.3285158310968133,0.3333333333333333,-1.8589964233094582,-0.08673309300060603,-0.5643805863725517,0.019586488008499103,0,-0.5236314509528438
"MATLAB 4-12 PM Wed, Nov 6, 2024 Run11 .csv",5.373038288646844,2191.25075008597,0.20915273845958007,1359.4735665483113,0.0012704985886689852,-0.7595004988463938,-0.7715945584706233,8.439679069462713,0.0013,1.9233833456817133,0.0,0.19665094764726712,12.046175311349478,7.677931745943467,0.015484443507552124,3.891511339051964e-11,0.00013062521704121545,8.920110504292381e-05,0.9992372926074223,3498.4532170027114,3.9537381892389742,448617.77366994374,6.95550747491003,0.01984449576037578,0.041348673326304,0.2413793103448276,-2.019136934461381,-0.07048251496705374,-1.2235569962410522,0.019346821308136003,5.2088462321021165,2202.1896340294084,-0.04591763912539315,1132.859946896718,0.003212594569909187,-0.7886377711898428,-0.8105896002433643,8.477258185310355,0.0027,1.9195924662595027,0.0,-0.05981606776044936,7.703092314738331,6.289883513317606,0.03922182813416083,0.00020449186700071672,4.7432156350296035e-05,0.9989511900617978,4885.041174074158,3.5826081487231365,573824.9158945018,5.5047212505177055e-11,7.134222674300782,0.021686924569598705,0.03208854770224498,0.2413793103448276,-1.861406403280397,0.10223563369705943,-0.6461517885020487,0.01139155745506279,0,-0.8138468783514342
"MATLAB 4-14 PM Thu, Mar 7, 2024 Run4 .csv",4.227815318400128,1317.1412391898061,0.11143702115639612,583.5608105175111,0.6497144998158372,-0.1647103739394309,-0.31228357614524627,-3.0994148670823187,0.00038,-1.077214178397628,1.0,-0.009743721538062194,0.5185205596324551,7.110421858394512,0.9584492647418518,3.5959887781590776e-14,0.0037568706885065975,0.004078875274290845,0.9921598482072147,-3894.3485044311337,3.963827431548977,16407.069978796102,4.064448264258457,0.1810417864902132,0.027761847531825614,0.0,-1.0213266387190867,0.21427935470391354,-1.2303450945908154,0.0039834147691726225,4.983091908148083,1568.2607896479406,-0.06751626248625991,793.4566436995193,0.0,-0.8716733625199085,-0.893904933675223,-4.529506721759405,0.0,-1.081146475233523,0.0,0.0,0.0,0.0,0.0,0.0,0.0,0.0,0.0,0.0,0.0,0.0,0.0,0.0,0.0,0.0,-1.8638163832513357,0.0,0.0,0.0,0,0.0
"MATLAB 4-14 PM Thu, Oct 17, 2024 Run12 .csv",5.36686783693772,2258.82260690519,0.2340034049102115,1265.3054844082296,0.0001376841169748542,-0.7985416765141997,-0.811072592970933,17.431638685799854,0.0038,1.9221882975230309,0.0,0.29699054834181876,5.474496661391795,6.219351482716285,0.0030535077189077124,4.158084513668858e-12,0.00012282517935280481,0.00016081771652384915,0.9994736871216727,3971.684384154919,5.16946700715004,42048.78713561083,3.569923525016377,0.014562270645325923,0.025025754857703548,0.08108108108108109,-2.0235163429767926,-0.5507701246955082,-0.8665052985344399,0.013286241590976772,5.752880500111569,2336.74324269407,0.02587949369330389,1206.254933425397,0.0008892402925646516,-0.8277149063434438,-0.8502202672196122,17.46722875221904,0.0032,1.9181145832734514,0.0,0.20705572825461482,6.676748756072694,6.225799594544351,0.019723327165613678,0.00012444577437468454,0.00012072155292790558,0.9982887392265296,8021.877353752938,5.5303606501970926,87251.61982783656,2.7040039331330276e-12,3.657404083810842,0.01346712250735467,0.019742816844408206,0.08108108108108109,-1.8662263632222746,-0.05629916564221844,-1.222212842137265,0.014139050245285056,0,-0.8495139571596024
"MATLAB 4-14 PM Thu, Oct 3, 2024 Run16 .csv",5.8361860819018005,2412.6706749070568,0.23835802234039896,1172.0119476203263,1.6013416159673994,2.4016936841831313,3.424638386010049,-4.175027794145432,0.00025,-1.07840922655631,1.0,0.3865038078120086,962.0121859524656,60.97964476479471,0.4932719504013869,2.7417242736902583e-12,0.00042990245655866107,6.542358697003409e-05,0.9981488438118467,-1851.1236119309083,4.255259355194359,530444.5083806564,1.6296397028963423,0.008772720522144326,0.022441948346717446,0.0,0.9742939527655019,-1.1412287683923237,-0.6769468809155277,0.041964161396026545,5.79674661623517,3029.888976260785,-0.03666453133060785,1044.523001717943,1.5987048709431608,2.3743054517998647,3.3853643955234345,-4.140432252440471,0.00022,-1.0826243582195745,1.0,1.985919406824191,711.8921820536599,49.08476991598022,0.4921767337192975,0.0006549076947558294,1.335945318880116e-05,0.9973255779578513,1522.849076204069,3.7062773564805402,702896.3422062858,3.438271379270219e-12,1.1049289402258093,0.00917485110360831,0.0285897885277801,0.0,1.1313636568067866,-1.1411049188098408,-0.6772104177044227,0.04120243251323702,0,0.9938271168302326
"MATLAB 4-15 PM Thu, Oct 10, 2024 Run4 .csv",5.832849417693476,2352.689745705667,0.2914963701056749,1264.3252203042514,0.8264298322664211,3.728819522721544,3.6241493685807624,-4.379501035180279,1.5e-05,-1.0790067506356513,1.0,-2.740203778479379,944.1229733120532,64.00957788598294,0.18065882851420467,2.0554357031374314e-12,0.0005229800515224658,0.00017673349291259235,0.9986469076459418,-2270.638176272142,4.283306436287928,462057.6042414417,2.454288120613882,0.016221190743737346,0.028283772743345148,0.0,3.972104248507796,-0.2627392381221302,-1.654630443313969,0.017643613517284384,6.043798100100208,2733.5873626054554,0.04783728217609551,1128.1996652575265,0.8236623181466615,3.699478192549479,3.58474906185622,-4.345900018189544,2.5e-05,-1.0833632997126,1.0,1.349380323185576,423.47341945431845,44.568602086577684,0.18005384568414257,0.0009553579460964449,2.050142601531003e-05,0.9988256049034074,1045.498819562416,3.603737662269969,718251.8465545214,1.4613738184879615e-12,1.969771045356782,0.010681977074482776,0.03318335711312384,0.0,3.128953676835848,0.2622059287800189,-1.0492190513894462,0.0071880733966827315,0,-0.8945818688406032
"MATLAB 4-15 PM Wed, Jun 19, 2024 Run1 .csv",4.517784042523293,1461.0583666708696,0.41279090858257567,1046.3875287051856,0.0,-0.8467546335012677,-0.8600396447304799,-4.58397227618619,0.0,-1.0796042747149925,0.0,0.0,0.0,0.0,0.0,0.0,0.0,0.0,0.0,-4187.412766850488,0.0,0.0,0.0,0.0,0.0,0.0,-2.0300854557499095,0.0,0.0,0.0,3.468687155042436,1062.0214806791562,-0.1625411541597809,522.1531091416598,0.0,-0.8761823947971217,-0.8995662676929335,-4.551365783909683,0.0,-1.0841022412056258,0.0,0.0,0.0,0.0,0.0,0.0,0.0,0.0,0.0,0.0,0.0,0.0,0.0,0.0,0.0,0.0,-1.8734563031350908,0.0,0.0,0.0,0,0.0
"MATLAB 4-16 PM Thu, Mar 7, 2024 Run5 .csv",4.4938519714663885,1385.6784950837725,0.11535567234602319,602.2159954741422,0.4211105355781881,-0.44520758201596894,-0.6379286621959225,-2.321760737120576,0.00048,-0.08020179879433376,0.8529411764705882,0.0720704061162862,0.26305069453371965,6.942163592504127,1.0460089787590523,2.5246431960590742e-14,0.0036064264869298886,0.004365980664421376,0.9920217256956229,-3919.5852565464643,4.122413094873729,15424.210230886898,3.9638712531696054,0.18776415342736136,0.028368482979483984,1.0,-2.0322751600076154,1.5830282969305023,2.3688555444538624,0.002696571648120899,5.0633798031312125,1637.6200645629565,-0.07777791657741848,778.1850170996629,0.0,-0.877309652866425,-0.900981601197361,-4.556830549447252,0.0,-1.0848411826986513,0.0,0.0,0.0,0.0,0.0,0.0,0.0,0.0,0.0,0.0,0.0,0.0,0.0,0.0,0.0,0.0,-1.8758662831060295,0.0,0.0,0.0,0,0.0
"MATLAB 4-16 PM Thu, Sep 5, 2024 Run5 .csv",5.644340647616035,2572.4736650045725,0.25903951003987336,1276.4198964151394,1.5009399583288336,0.8797137110794493,0.46578231956536087,-4.092907757340283,0.00064,-1.080799322873675,1.0,3.785435339665823,642.9551226184154,67.05118360948782,0.8683231376910432,3.1318388839725636e-13,0.0016966274051927062,7.856069484764484e-05,0.997907486319513,-3613.727586388538,3.612265499690911,523572.9543840683,0.3174798968095348,0.0029041086917422146,0.007584233070543438,0.0,-0.034464864265320916,-0.2737452353174566,-1.5034766421068166,0.0936132991313935,5.885141851247507,3097.47166508613,-0.003836093803986723,1273.0733654023525,1.499082235408725,0.8501130875360183,0.4260530641270137,-4.06229031449223,0.00087,-1.0855801241916772,1.0,1.681614380839806,317.42152184522985,39.7335286580002,0.8672484086280988,0.0023956413150546096,3.398876808291872e-05,0.9973662442210153,416.32536471691293,2.9272987913305273,958444.2369858996,4.630288597815147e-13,0.3325968946410336,0.003952854318512945,0.00895589025927884,0.0,0.12172373692303173,-0.24198178651498697,-0.8205855423638484,0.028413033485412603,0,0.9589927153577804
"MATLAB 4-18 PM Thu, Mar 7, 2024 Run6 .csv",4.285439371063987,1329.3759318289087,0.11039020460262097,557.9783232357915,0.6171223266517137,-0.2639379844226496,-0.5348066968201328,-2.9973723304993065,0.00034,-1.0813968469530162,1.0,-0.026079090750902933,0.27258262869640637,6.886730694129922,1.0532191743894426,3.7706404700949844e-14,0.003262051143672528,0.005029817845170073,0.9917013638384508,-3905.130300171279,4.019373526248258,12081.61293191039,4.445729247408047,0.2177852481012766,0.02874202495410256,0.0,-1.0366545685230264,1.0125021223086836,0.26636322809694857,0.0030642640590667763,5.0398825160620815,1576.8665530438695,-0.06315660517142005,786.5435596721363,0.0,-0.8795641690050318,-0.9038122682062162,-4.567760080522391,0.0,-1.0863190656847026,0.0,0.0,0.0,0.0,0.0,0.0,0.0,0.0,0.0,0.0,0.0,0.0,0.0,0.0,0.0,0.0,-1.880686243047907,0.0,0.0,0.0,0,0.0
"MATLAB 4-18 PM Wed, Nov 6, 2024 Run12 .csv",5.424522684322973,2187.153653651577,0.21829652522155835,1335.2019004517817,0.0021242955469840965,-0.7503179413724591,-0.764395713885807,5.398646794382488,0.0048,1.9180056289676426,0.0,0.15347968389220829,16.586870402374117,8.981163731820489,0.021116257941016844,4.70545561548956e-11,7.792256554558243e-05,9.045554211148163e-05,0.9992647347699541,8607.432245263608,3.1036091814805,412114.60931037215,10.562636405819418,0.029894701482447397,0.06373820717235448,0.25,-2.0388442727807323,-2.3497327788035376,7.413403959089241,0.010600593090057397,5.323403808539567,2285.3261359520775,-0.04064194980224034,1111.645998769799,0.00233175120933985,-0.780228269268612,-0.8044276017999594,5.427275187802087,0.0022,1.9129419928222715,0.0,0.09728792458048872,10.977215139952968,7.301179249839522,0.023210013105988768,8.469421120993097e-05,4.103599309985563e-05,0.9991803018891854,11797.504075131226,2.8182713231505647,519422.45318588876,5.1216074468845616e-11,10.526277054893606,0.04034802187987515,0.062367826800869566,0.25,-1.8830962230188457,-0.1644373751426145,-1.372945873571232,0.024036064147949232,2,-0.276543042283509
"MATLAB 4-20 PM Thu, Mar 7, 2024 Run7 .csv",3.7256146277858235,1275.1892789025874,0.08843436066343088,493.1716936401933,0.35200448950143143,-0.4289559114611668,-0.5634847313314726,-2.206307478067536,0.0004333333333333333,-1.0825918951116984,1.0,-0.027939322990362277,-0.02520381832275742,5.462323882797366,0.8321562936743121,8.714349846676935e-14,0.0028034497753111334,0.00418380440068591,0.9930071615412857,-3869.4189698160517,3.6182918083872955,8532.996149199114,5.36179055283872,0.23347547783711886,0.028830781573023424,0.0,-0.04103397703843825,1.564328843822255,1.8030829117094997,0.001223874390125326,5.0898341852166125,1598.0527371289518,-0.06347937154342542,808.4718526105488,0.0,-0.8818186851436384,-0.9066429352150716,-4.578689611597531,0.0,-1.087796948670754,0.0,0.0,0.0,0.0,0.0,0.0,0.0,0.0,0.0,0.0,0.0,0.0,0.0,0.0,0.0,0.0,-1.8855062029897844,0.0,0.0,0.0,0,0.0
"MATLAB 4-20 PM Thu, Oct 17, 2024 Run13 .csv",5.397038111216834,2285.782990383851,0.2357586550928679,1291.8371409216672,0.003574613872418318,-0.739326591473095,-0.7543737484304807,4.189235620125721,0.004883333333333333,1.9168105808089604,0.0,0.47821075530104284,19.5266711560426,9.668987473431766,0.031446462713457586,4.420122032417482e-12,0.00012624921512276727,0.00015965593944140943,0.9994820955376892,3685.8680638159494,3.8399971001920696,328848.13759373984,45.10045763579168,0.17824620532432123,0.3210483792108056,0.06502463054187192,7.956776318703856,-0.7455725067309235,2.5786448425978143,0.013510005474090592,5.66681599862174,2244.8793959425357,0.013936209041808229,1163.9872768109824,0.003456088552168501,-0.7692238059094302,-0.7944082688207064,4.182541519642426,0.0012966666666666667,1.9114641098362202,0.0,0.4229118624445003,19.463169482168265,10.270368026997163,0.030390640152537708,0.00019615485874293723,0.00010651067870315693,0.9980701838690483,5088.174671100187,3.767934585099772,472349.0492195272,2.8686633812905308e-12,48.74766883490355,0.14523567257838899,0.23518463119111188,0.06544372830937036,1.1120838170392768,-0.02498054073386402,-1.1366113460386598,0.017883762121200547,2,0.09221773393171655
"MATLAB 4-20 PM Thu, Oct 17, 2024 Run14 .csv",5.387957502792281,2269.6936418518585,0.23407055317029354,1296.135560712995,0.0006749149600267596,-0.7286547079452457,-0.7438627657069354,3.3855361251471443,0.0009,1.9162130567296192,0.0,0.46372208806800463,21.51715521588038,10.09366825433684,0.005382710179301813,3.9365142813395645e-12,0.00014945882826673581,0.00014938973159552007,0.9994984697157733,2449.336130484574,3.6206736309639385,325516.0316963029,1.400238462559501,0.005418128442778238,0.009606023336777006,0.2857142857142857,-2.045413385553849,0.49135510135631416,-1.239519793153347,0.014109654128551433,5.641484042526012,2240.857214984683,0.009428047147993224,1167.2285459799643,0.0008778452275467362,-0.7587446299647163,-0.7842736023348624,3.4111809444240624,0.0011,1.9107251683431947,0.0,0.6049558005224556,23.1650812361829,10.621036319040803,0.00700435039128192,0.000251518923543741,9.827709471936185e-05,0.9975828612478912,3966.233821267147,3.5100950729258527,453624.8259353317,2.8289583866666296e-12,1.5285335090266048,0.004618211282235857,0.007727799336399516,0.2857142857142857,-1.890326162931662,-0.7304305134678221,-0.8389679664951619,0.015957111716270428,0,-0.8867118547961831
"MATLAB 4-20 PM Wed, Jun 19, 2024 Run2 .csv",4.931437514013876,1429.726393540961,0.9119240147654253,1674.9306466981404,0.0,-0.8550812490653806,-0.8703517828625026,-4.61973420277293,0.0,-1.084384467349722,0.0,0.0,0.0,0.0,0.0,0.0,0.0,0.0,0.0,-4245.3571030544745,0.0,0.0,0.0,0.0,0.0,0.0,-2.047603089811555,0.0,0.0,0.0,2.277836145694382,252.68667534849058,-0.03176926474805858,786.1623897279555,0.0,-0.8852004593515483,-0.9108889357283543,-4.595083908210238,0.0,-1.0900137731498312,0.0,0.0,0.0,0.0,0.0,0.0,0.0,0.0,0.0,0.0,0.0,0.0,0.0,0.0,0.0,0.0,-1.8927361429026008,0.0,0.0,0.0,0,0.0
"MATLAB 4-21 PM Wed, Nov 6, 2024 Run13 .csv",5.39772535313287,2139.6750330059035,0.2203847916941757,1349.5053393083426,0.0012093984560504953,-0.7002311670581128,-0.7157408002671435,1.3760955767209566,0.0006,-0.08498199142906326,0.0,0.30810456758430405,28.330651471947878,11.692178010520504,0.007757979372721552,2.851820230315065e-11,9.890271371984646e-05,9.832731098061723e-05,0.9993241271644456,5851.512164670683,2.6421710285674815,449341.8306314997,7.931018221418448,0.0215227904645381,0.04261328995175261,1.0,-2.0497927940692606,0.47805401330147185,-1.1048301901823794,0.019157111942768035,5.392624888038484,2212.1881682128314,-0.03446790408786987,1173.8218443999028,0.0007816067360417387,-0.7304277175589868,-0.7565042693708315,1.3997513465694205,0.0014,-0.09075271464285684,0.0,-0.036852990035142995,20.42918169645288,9.89088051403192,0.0050135133850819835,9.759523196935947e-05,4.207017807717622e-05,0.9991697260436861,10237.89488360846,2.4028564777496837,566597.9027300633,3.372285652395558e-11,8.340916249074022,0.022561709183664753,0.040422694534889836,1.0,-1.8951461228735396,-0.5034316934713137,-0.9603847212768022,0.033585304319858594,0,-0.7692415693299622
"MATLAB 4-22 PM Thu, Oct 10, 2024 Run5 .csv",5.63134238130942,2248.878021931885,0.2582135305637897,1247.1089309195067,0.001363121229858934,-0.5079021889798256,-0.5238298177040597,-1.7286456815625835,0.00049,-0.08557951550840448,0.0,-1.9286695277444057,99.48912959135241,20.89877622339072,0.0039028759185046136,2.349730055971916e-11,0.0002750884734897447,0.0001786421111710695,0.9981857122181017,-631.2443601345758,3.795056528752752,385339.1689414108,14.231235458360045,0.09834707215651745,0.1544983000009016,1.0,-0.05198249832696611,0.6226274547755222,-0.9895663513029818,0.024596357345581105,5.951427064139574,2650.3836589119105,0.012087938954087385,1098.0383372205022,0.0019357011053268416,-0.5381692615135942,-0.5646696030449416,-1.7059844364283467,0.00051,-0.0914916561358825,0.0,0.5531996709455003,74.48694477774055,17.493608355776985,0.005541884560033104,0.00021340117793420757,8.198469368090896e-06,0.9991272148168949,4681.919867963099,3.7779944154594998,627945.8665070817,1.3784643398644217e-11,10.707149686159951,0.04725093389882725,0.16692991745720992,1.0,0.10244389715552171,-0.5899657822852108,-0.9419526724154741,0.045721081495285004,0,-0.9053823245900364
"MATLAB 4-22 PM Thu, Sep 5, 2024 Run6 .csv",5.556291407906935,2478.0041434962613,0.23027639368341482,1315.21498530481,0.2864597937852952,0.05481626929031269,0.10838116446987656,-3.533133924159256,0.00059,-1.0861770395877457,1.0,4.909557234016387,388.12122288152113,43.28984410262797,0.3137497470359149,2.2576198731965646e-11,0.00021587315851824798,6.471308963826044e-05,0.9992559097390188,361.816764635857,3.6634295157885317,441002.50755811343,5.520459308420826,0.041602368094070225,0.08110293552071084,0.0,-0.054172202584672036,-0.8866052161228289,-0.777243403155695,0.15611458361148844,5.851492896211157,3054.3835900593203,-0.046368735241945236,1332.8701737225906,0.2870847051914805,0.02444776563276907,0.06806506288707181,-3.5114672037392465,0.00277,-1.0922305976289082,1.0,0.7142442114360353,215.76458722940902,30.678422797426464,0.31443074756083483,0.0001880138496727708,2.4469458249961657e-05,0.9994452923131945,5315.806756005909,3.1915716599672974,850974.2236571565,2.538684023091422e-11,5.377958803997497,0.05049111267963865,0.11484082077877324,0.0,0.10003391718458277,-1.1590649422549233,0.33328029881224763,0.02367720663547518,0,0.6899355510530055
"MATLAB 4-22 PM Tue, Oct 1, 2024 Run4 .csv",5.990449909303248,2476.384799725782,0.29107543357748006,1226.1684110936812,0.36909999967297336,0.9610554415396734,0.9447921464585965,-4.337612165770745,6e-05,-1.086774563667087,1.0,-5.905670380865751,841.769174817807,58.36862559993239,0.20276877437785915,1.1909892423459761e-12,0.0005128566359527717,0.00013523991246870446,0.9969422224833008,-2330.4288658683363,4.440828967774646,347516.47019210155,1.1051235724210338,0.007522620128326372,0.015142853546268356,0.0,-1.056361906842378,-0.5849564985513862,-1.5000000000000016,0.016779239177703853,5.849284246919259,2740.0969992771543,0.01286255816124604,1040.6370835098937,0.3688999996731501,0.9296905067591462,0.9028497286418431,-4.316939970064962,4e-05,-1.0929695391219338,1.0,-0.38942693211969304,900.2795647078253,61.3884373918,0.20275915136859216,0.0009369417488824945,1.5729604169454305e-05,0.9984955859565363,1065.6965463941149,3.5132345357257497,571132.8890223533,2.7160006127979543e-12,1.0577747088422937,0.006048251756283005,0.020172340725742463,0.0,0.09762393721364404,-0.36050324463535244,-1.500000000000001,0.035151330232620265,0,0.9893018797055211
"MATLAB 4-23 PM Thu, Oct 17, 2024 Run15 .csv",5.4282073937406725,2242.2080727416587,0.2330671283854068,1273.266471593002,0.0013212115640210444,-0.681765383951124,-0.6984968693529621,1.3585146584329078,0.0009,-0.08737208774642813,0.0,0.8389151913723817,33.81281511782238,11.877291599025288,0.007400916228947275,1.9603741117640754e-12,0.0002184994166621155,0.000163157008006802,0.9995418348983087,293.0020731834975,3.23760764011229,270359.5900265538,0.9011734562722044,0.005687694940810557,0.007566037118900635,1.0,-2.0585516111000834,-0.9449037741706477,-0.2728386410614405,0.005757141113281322,5.699792961324226,2277.3970243115646,0.008382902017316118,1159.3844891969381,0.0005999999994642124,-0.7122367498563085,-0.739365603408744,1.3781923294244631,0.0007,-0.09370848061495951,0.0,0.3784849091601416,34.22422597375647,12.34826324349317,0.0033594624859788666,0.0002937185497079736,0.00010098102422372634,0.9982233122931266,3398.5708879660447,2.7682967921759345,338865.6793968822,1.6460435836526678e-12,0.9618996190467444,0.004421399427818171,0.006355315709957149,1.0,-1.9047860427572947,0.035047610975863445,-1.833964033326726,0.024525356888771083,0,-0.7117726951379735
"MATLAB 4-23 PM Wed, Nov 6, 2024 Run14 .csv",5.36863204888386,2146.427216277503,0.2171288294308924,1350.2308850125573,0.0013543710659906633,-0.671715099795358,-0.6883858866296069,0.3536943692180392,0.0005,-0.08796961182576912,0.0,0.25632990437243713,35.54198477407396,13.302821710062387,0.0071428887223652275,2.2470951781868386e-11,0.0001511715414462171,9.346435323895938e-05,0.9993373853527622,2321.80312359068,2.2728672523861695,357297.90956561005,6.605639577926429,0.017661404914283724,0.03705148014890468,1.0,-2.060741315357789,1.3808634604576164,0.08610992396720007,0.008462547659873948,5.433587788473837,2229.9032713205434,-0.0276546164440509,1189.224383651545,0.002731616441188912,-0.7031417857124511,-0.7296809369230073,0.37237751549536835,0.0013,-0.09444742210798518,0.0,0.14495572109694937,26.060994557737732,11.043845016873396,0.014466604679582926,0.0001168883987453045,3.954151065486954e-05,0.9991382647935411,8547.796663470654,2.070402968112085,436005.3542386553,2.403637879630348e-11,6.786198200232847,0.027833313674992283,0.04522558469791934,1.0,-1.9071960227282334,-1.3474206063497858,0.8350744293810521,0.02043961793184282,1,-0.8458420013232307
"MATLAB 4-24 PM Thu, Oct 10, 2024 Run6 .csv",5.587696176142893,2205.2225780327663,0.25381224799623586,1232.8312845087485,0.031002523048812833,-0.5684518864289587,-0.5904749039827245,-1.2509918851867052,0.00061,-0.08856713590511034,0.17647058823529413,-1.5459877217348579,84.98086018675252,18.58498788600395,0.10548120066771567,3.254456322301598e-11,0.00021430285786701867,0.00018431761983552978,0.9980437380606355,361.10645812305665,4.075324111112548,370427.79975813464,18.253901114629127,0.12377380876658758,0.1920469034982488,1.0,-0.06293101961549485,0.3140624833776564,-1.1649214294209664,0.028795183002948754,5.9434974621548315,2624.6816185069074,0.010691281892983517,1097.7502213888918,0.030647115251906176,-0.5992821751876176,-0.6325962705134327,-1.2333032636236023,0.00056,-0.09518636360101085,0.17647058823529413,0.2507517910589598,61.81598591009097,15.898548266385179,0.10430962222511084,0.0001789240818859864,8.496949603972647e-06,0.9992263668673107,5584.63878274382,3.893084510743685,546705.3188817492,1.7931961910484926e-11,13.438104696253097,0.056901990142898956,0.20268924695919727,1.0,0.09039399730082787,-0.598012718106503,-0.9679605397367488,0.04047957718372344,0,-0.9351137028990723
"MATLAB 4-24 PM Thu, Oct 17, 2024 Run16 .csv",5.446397568331509,2293.6022340582667,0.2536919822139689,1315.9818165274994,0.0008381527299756605,-0.6304578648358878,-0.647613921200993,0.3450039250757877,0.0006,-0.08916465998445156,0.0,0.05646911325311576,35.509903314172625,12.086607036968894,0.003597994121992986,2.284931853133021e-12,0.00015837722477442438,0.00013375391857664703,0.9992397801275199,2005.9376672527842,4.627621352027537,349477.0309935738,0.8127336350289169,0.0033884006122350116,0.006008607397888289,1.0,-2.0651207238732003,0.15862377390720964,-1.7263370054149658,0.017264355421066288,5.725707961998149,2293.1236558837923,0.025331079533572914,1157.7360122981195,0.0008845902998682363,-0.6611685241124579,-0.6889116039704644,0.3616980219246626,0.0006,-0.09592530509403652,0.0,0.5606593899514076,37.7786996636165,13.230421174488246,0.0037957103653807577,0.00018933730083451798,8.044485472905806e-05,0.9972341247890241,5266.971275040058,4.30842275132807,339555.3885246864,1.617322116334647e-12,0.8578038832389785,0.003048013531963558,0.005514912619714184,1.0,-1.9120159826701109,0.023010744434508852,-1.3746302466789155,0.011159601211547798,0,-0.7511310276334549
"MATLAB 4-25 PM Thu, Sep 5, 2024 Run7 .csv",4.553069771037422,1833.9089209793349,0.14270965637770625,998.4470496566291,0.5327796308503783,1.3273179731541338,1.0804470600062577,-4.259962369788939,0.00038,-1.0897621840637928,1.0,3.2888745327066884,869.6394724265846,68.78782836630506,0.24308227669673915,8.061462229321677e-11,0.000337744069788376,6.118603527722562e-05,0.9995707004679675,-1350.9937744594713,3.618173618211452,467077.2647945639,4.173867727119504,0.018882216014259955,0.036776605541332864,0.0,0.9326895718690942,0.011217535009112758,-1.0171542452458013,0.11187278538942336,5.1384866488631395,2202.091341704575,-0.0699075887189815,1214.9538319378426,0.5320336221052907,1.2971875494198517,1.038673060999164,-4.244262797654292,0.0007,-1.0966642465870622,1.0,-0.25344453326102007,638.6265687893515,57.99465685003993,0.24265702805382328,0.00043989609587321134,2.8239681880697355e-05,0.9993687994589757,2271.829208838939,2.906688382437509,923870.9486405468,7.47210739504028e-11,3.958162757828995,0.01632137182510071,0.033466417282691875,0.0,2.0855740373589504,-0.882046046695003,-0.8269060146344902,0.07988772213459011,0,0.7141099084789294
"MATLAB 4-26 PM Thu, Oct 10, 2024 Run7 .csv",5.601611091488573,2204.5495513159767,0.25984366990436525,1231.7877843078397,0.020134115787990892,-0.6069469100546443,-0.6227419557595067,-0.7977570519714008,0.0008433333333333333,-0.09035970814313399,0.008620689655172414,-1.4441267409895697,75.69868701968119,21.921682460237363,0.07787542605631363,3.563223972512921e-11,0.00042277310676573377,0.0001811397517762087,0.9977145272694065,-1957.8584944692711,3.8933525801963818,569055.692131135,62.70101461315575,0.4268832863625784,0.8064553661967577,1.0,6.930499867611388,0.058855528982499884,-1.0601542296118116,0.0289270639419556,5.935514784011717,2628.1728768773723,0.028418400072541566,1102.7134757566125,0.01999189860615067,-0.6379304315787041,-0.6646422710045172,-0.7830520045509801,0.0007466666666666666,-0.09740318808008785,0.008620689655172414,0.1803096745702234,52.94527293798132,17.80577289767241,0.07732535354531013,0.0006070057367581265,1.2342509839087645e-05,0.998836500957933,1645.5141038575377,3.8558765387066978,681739.4773279962,2.014455182735324e-11,46.88964716582752,0.22059096078831214,1.1496890328543796,1.0,7.083164057388012,-0.15777685497684923,-0.6833841837439545,0.04920492291450501,0,-0.7928943543406939
"MATLAB 4-26 PM Thu, Oct 17, 2024 Run17 .csv",5.487279461787004,2310.937398932735,0.2620986361751001,1314.373755955734,0.010382950596179687,-0.520523202915113,-0.5406309730987221,-1.7688778489726662,0.00042,-0.0909572322224752,0.0,0.26561588880696846,64.7084962005259,17.206602491501968,0.030007908275048404,1.2363920692025174e-12,0.00019969436534194972,0.0001376152406088729,0.9992831517200181,679.0322684304347,4.34965969684995,517882.75497086765,4.315980625963464,0.017656676551037743,0.03193105985762835,1.0,-0.07168983664631767,-0.8650798197157372,0.24849597455872185,0.006446584463119492,5.767153752346467,2342.961444500345,0.0378745530320978,1149.479597580025,0.010217329707609123,-0.551578869848689,-0.5817576045824551,-1.7551673262664726,0.00039,-0.09814212957311352,0.0,0.30002592368343545,60.11519003611843,16.96724884593781,0.029528025934215867,0.0003463416440437826,8.128552066869889e-05,0.997232845328883,2879.332770051811,4.175346601269852,482876.4190091579,9.443254153633445e-13,4.501186537487242,0.01579028916554963,0.027799470863454984,1.0,0.08075407741707297,-0.35577096559410915,-0.8723273879704392,0.017923599481582703,1,-0.6549260720295887
"MATLAB 4-26 PM Thu, Sep 5, 2024 Run8 .csv",5.597393311144483,2702.5786505298242,0.19579181299506024,1264.8062119900808,0.017806025150712435,-0.6898748089324651,-0.7050199902199348,0.9266789128639861,0.0006,-0.09155475630181642,0.017857142857142856,1.147547311557989,52.290333789749816,16.92206078232576,0.10020478079624982,8.121765742236136e-12,0.00011381075120041049,3.210603934384087e-05,0.9997734036456825,4452.2515196653,4.550219473106718,450148.29366338026,6.546107227301208,0.05627987278460555,0.11222870484905571,1.0,-0.07387954090402316,-0.5903650105908281,-1.087992145257921,0.053351221084594724,5.827965648526955,3093.047222656573,-0.07769363380250258,1200.811525807616,0.01735872808665636,-0.7210311927041031,-0.747072937940884,0.9393949108559525,0.00092,-0.09888107106613919,0.017857142857142856,0.507346409045751,43.8395469918505,14.402840449227345,0.09768758204609791,0.00011703746596148127,9.443558799432126e-06,0.9996458177419955,8541.246254178071,4.249287602743786,535607.2248739465,1.3087437182349829e-11,7.047041148424091,0.07769260284025739,0.17998440239496588,1.0,0.07834409744613424,-0.17500764881892966,-0.9569771744369042,0.03980009317398073,2,0.37412098669218286
"MATLAB 4-28 PM Thu, Oct 17, 2024 Run18 .csv",5.5174506263226055,2367.110229551225,0.2678241503703863,1321.1992859286802,0.05835754147528215,-0.1764977142553379,-0.18545900794586878,-3.1778323319986077,0.00018,-1.0921522803811574,1.0,-0.6478034107058905,133.20744555697775,24.347278569845066,0.08431778209389916,4.133488521538947e-13,0.00027792626517838013,0.00012725205463908536,0.9992092428863489,-744.2852226439313,4.687355339612925,309832.87921930506,2.0477057000159657,0.008919733697646528,0.017671134825465305,0.0,-0.07606924516172864,-0.32489511700492396,-1.2906948597836394,0.010173305273055988,5.800015302741333,2386.833598681,0.04664098148612475,1165.8261257781696,0.05834778377565304,-0.20771195772221884,-0.22843827190403965,-3.1661108587208675,0.0002,-1.0996200125591649,1.0,0.4622579719907895,102.95302320026786,21.801935585586957,0.08430020367204503,0.0005777313235859152,7.5919283137799e-05,0.9963871959678188,1724.654965535454,4.522566901674341,296600.5540263826,3.5522218956372473e-13,2.138670747513368,0.008233820509400285,0.01610310771731488,0.0,1.0759341174751955,-0.08576155122958896,-0.7271476442316707,0.007245580554008452,1,-0.8489976309303886
"MATLAB 4-29 PM Thu, Oct 10, 2024 Run8 .csv",5.500689322471651,2295.172441616259,0.2240717723333723,1267.863883285261,0.04817773227305184,-0.7686089488409946,-0.7947980246766856,5.217781435453589,0.00495,1.9072501955395014,0.12121212121212122,-0.5416046937099669,21.06809327543954,17.246928447309,0.4768001138056958,1.921064815893272e-11,0.00016666372470397776,8.447400848752152e-05,0.9976304228712126,1639.1285073742692,5.1315074687722815,49836.97370476122,24.679748652628525,0.11502346310425533,0.21953801322248606,0.0945945945945946,-0.07825894941943456,2.2573714726217196,3.3030069722754396,0.006692676544189459,5.903192551070072,2773.201870045943,-0.018437718657481617,1115.7329092312846,0.03955334801729909,-0.8109402542196782,-0.8513536048606614,6.428520385199321,0.00493,1.8996410459478095,0.10810810810810811,0.11626225894025309,15.023367462384183,15.278324667126768,0.43927753627144095,0.0002146326766897775,4.159472126022855e-06,0.9992014072858113,4655.402069695202,5.616668011015372,58284.557880135195,1.0075536603741499e-11,17.781145213777705,0.08709281398475627,0.27967239135848876,0.06904761904761905,0.07352413750425679,2.5838834353933837,5.141867161432312,0.0072571462392806985,4,-0.0019859173049748763
"MATLAB 4-29 PM Thu, Sep 5, 2024 Run9 .csv",5.722564829331297,2850.227273219674,0.196680279901393,1244.4715371325549,0.016097159969000206,-0.7084461124080971,-0.7255870420047201,1.5132741909850687,0.00073,-0.09334732853983985,0.0,0.4369380464551796,17.453954064625346,13.785464766834867,0.09921358367381884,5.780615805010282e-12,8.520318020342334e-05,2.550722518936164e-05,0.9998139909281907,7380.465258733366,5.24801198828149,53144.61642017561,8.371905833558284,0.07909752659006963,0.16357498697403333,1.0,0.91955134632286,0.08507108762717595,-1.0564383395873505,0.037895289063453685,5.917614384050195,3238.808267326194,-0.08148095813013018,1140.5265023532831,0.01637100019757205,-0.7398142485675387,-0.7679189384395317,1.5230066148343537,0.00228,-0.1010978955452162,0.0,0.21126301430812905,13.557476843832543,10.57980120907454,0.10087181948846678,7.505535158490644e-05,7.946201467481795e-06,0.999679947298818,13319.236086289318,5.431679422279874,44247.410768391666,9.709256595206598e-12,8.869548940855552,0.1230305915308622,0.2724688988780016,1.0,2.071114157533318,-0.2607433415854396,-0.34241552750159077,0.030148207545280414,2,0.013692039636436703
"MATLAB 4-29 PM Wed, Nov 6, 2024 Run15 .csv",5.441887477022276,2233.7868225040615,0.2234968565719137,1357.3220543836974,0.00633578899198663,-0.26316781406615786,-0.28627605966231284,-2.691158049174,0.00015,-0.09394485261918106,0.0,0.4339570525612014,93.12108147992392,20.61124621115302,0.01041100235131801,9.903752735012254e-12,0.0002570032764982286,8.259302616422279e-05,0.9990561614802171,-473.9172748582805,3.652500229651589,307665.4359731799,2.2790040033021564,0.006383546369350593,0.015474160617604408,1.0,-2.082638357934846,-0.7207699595704612,-0.8829815224499691,0.012967382073402423,5.591559237173345,2325.675472536183,0.008998455093880586,1201.6537877473872,0.007494442378657682,-0.29453658899973767,-0.3288342723349609,-2.682420150038942,0.00025,-0.10183683703824187,0.0,-0.5719750680998598,73.00462721105734,17.926739202384923,0.012312210260059308,0.0002767572993163335,3.522626651516581e-05,0.9992694567960367,3610.634513577443,3.30625384941755,524181.84270464396,5.877062988832969e-12,2.1738088556927857,0.006053745884274666,0.014015161607123997,1.0,-1.931295822437621,0.7192721473657201,-0.8822941957673454,0.016050440371036534,0,-0.9999635801869464
"MATLAB 4-30 PM Thu, Oct 17, 2024 Run19 .csv",5.548345647176455,2347.074880910691,0.2807569223491959,1335.5249064440982,0.030148341556081686,1.2334746909984653,1.1989849217562791,-4.195723296277161,6e-05,-0.09454237669852228,0.0,0.5319396779135683,346.28226022131287,40.27914031957062,0.014313752680232555,1.371312912693799e-13,0.0009850846427507075,0.00016319434323972947,0.9983929668648037,-3354.978989462473,3.8428249972490356,536827.5267172783,0.6528324468447961,0.003056382284384887,0.006421734146266277,1.0,3.9151719378074485,0.8813906992241353,-0.6716019499668038,0.0033360576629638955,5.765144853487742,2376.494309580118,0.05863462993837365,1156.7262900547576,0.030901820310565816,1.2018861516078823,1.1565003928455349,-4.187979921856329,5e-05,-0.10257577853126754,0.0,0.05035310108923645,157.46045671478473,32.47265128542134,0.014671487400778721,0.002210814006403501,0.00010219223593570808,0.9958868544038242,450.46161799196705,3.485719493035053,476865.28949773166,1.3497306459026232e-13,0.6853283294226943,0.0029019373035546895,0.005817307353669239,1.0,1.0662941975914402,-0.1259691698943686,-1.0047885658779085,0.0095172739028931,0,-0.8927835870269171
"MATLAB 4-32 PM Thu, Mar 7, 2024 Run8.csv",4.033901910730138,1262.778858683192,0.09933473041880352,527.422896881416,0.5730848045709412,-0.35887684882706483,-0.5690040939456857,-2.766852313570161,0.0004133333333333333,-1.0951399007778635,1.0,0.02837919603394669,0.056488052879741346,5.11589996704328,1.1129172331147494,5.362812058224868e-14,0.0034382236914191817,0.008857672866709567,0.9876968812906752,-4088.462336080259,3.8500524331842185,11757.43837262175,5.033053827841693,0.3183570497923633,0.03590703536484371,0.0,-1.0870177664502574,1.8453685298701268,3.697343170491142,0.0015889966487884002,5.3009559240802995,1566.0225831883042,-0.03837726043469733,850.2840327599617,0.0,-0.9054911045990083,-0.9363649388080515,-4.69344968788649,0.0,-1.1033147200242932,0.0,0.0,0.0,0.0,0.0,0.0,0.0,0.0,0.0,0.0,0.0,0.0,0.0,0.0,0.0,0.0,-1.9361157823794986,0.0,0.0,0.0,0,0.0
"MATLAB 4-32 PM Thu, Oct 17, 2024 Run20 .csv",5.363358139260898,2231.250618063518,0.2758557277021623,1309.9925172130609,0.08333179156637259,3.430593035149029,3.3949568852701812,-4.454667528188225,4e-05,-0.09573742485720471,0.4,0.7771914242773613,499.36466672593684,53.55651668502247,0.01935495514762091,6.826578943609935e-14,0.0038968054798547624,0.00016017689109662752,0.9958288151636229,-4127.42485668509,3.543962508568687,404475.17986654496,0.6619088666589041,0.0033694833351983,0.008915457499239866,1.0,3.910792529292037,-0.8772213844733506,-0.3503552652361521,0.002593926191330004,5.702114681796919,2283.8773122443185,0.06589305678733498,1165.2466309796444,0.08323390226164339,3.399131633510601,3.3513697238843436,-4.448913203195848,2.5e-05,-0.10405366151731887,0.4,-0.09656365358079547,164.94212132904846,39.57895213742126,0.019330872051444774,0.007566825870163764,0.00011979768038123257,0.9908865431352738,130.9514134641807,3.042938171811477,348358.73460511625,5.0719443765728395e-14,0.6744709804653618,0.003297050373826825,0.008519517667810513,1.0,2.0614742376495627,0.2779301493929045,-1.483984774382412,0.0209840083122253,0,-0.6778034142842728
"MATLAB 4-32 PM Wed, Nov 6, 2024 Run16 .csv",5.356959158534228,2237.3961809641687,0.2162822103143341,1368.6486073480305,0.0,-0.8758977879756629,-0.8961321281925593,-4.70913901923978,0.0,-1.096334948936546,0.0,0.0,0.0,0.0,0.0,0.0,0.0,0.0,0.0,-4390.217943564441,0.0,0.0,0.0,0.0,0.0,0.0,-2.0913971749656683,0.0,0.0,0.0,5.641511672527333,2397.33318444099,0.03118338157841319,1247.7704821712653,0.0,-0.9077456207376149,-0.9391956058169066,-4.704379218961629,0.0,-1.1047926030103445,0.0,0.0,0.0,0.0,0.0,0.0,0.0,0.0,0.0,0.0,0.0,0.0,0.0,0.0,0.0,0.0,-1.940935742321376,0.0,0.0,0.0,0,1.0
"MATLAB 4-33 PM Thu, Oct 17, 2024 Run21 .csv",5.527620990898212,2320.2357311155693,0.29575016380209934,1330.7194796023216,0.10632824428161591,5.680828045923363,5.650578848722883,-4.513608259880553,2e-05,-1.0969324730158871,1.0,-1.314964138315679,552.4281719532012,57.84202725562093,0.016214093879931137,3.176475274249428e-14,0.0022580176826250617,0.00019409764684056286,0.9972299587045022,-3955.8214154581538,3.9266614131878366,483610.32212199765,0.48343186705866836,0.00280770589786839,0.006694120732392807,0.0,2.9064131207766257,0.2793502424211172,-1.6259842500903052,0.007006877660751393,5.781159095831886,2336.843369893582,0.08247965635590782,1196.8465989397696,0.10673338527309058,5.648893782037624,5.605789054862047,-4.50984298431663,3e-05,-1.1055315445033702,1.0,-0.43543922287487585,84.65257329678681,34.94546761558018,0.016275874210404568,0.005729816961341376,0.0001386682417463285,0.9927392595016082,173.2584594236678,3.611000023864431,519696.23043673293,2.903220450174629e-14,0.5145213508610571,0.0026372258603928906,0.005930147320077635,0.0,1.0566542777076853,-0.12655791490184023,-1.1024488208229744,0.01071785628795624,0,-0.9257989620020686
"MATLAB 4-34 PM Thu, Sep 5, 2024 Run10 .csv",5.740758371233638,3038.720879867613,0.18223782862022295,1220.0037032717735,0.019622074030506288,-0.8015909803958456,-0.8269601627891419,8.382051512019435,0.00493,1.9024700029047716,0.015267175572519083,0.2826432378372866,9.738665572936707,20.975911336566615,0.25687222458322834,6.944319533672422e-13,0.0001384657609334904,1.871848103410391e-05,0.9997625799824724,2815.5833072636233,5.2618032089337445,25067.08276078163,2.732997815075516,0.030353477733070712,0.06721584041616475,0.09502262443438914,-0.09577658348107976,6.485545428280218,43.006563750846695,0.005073159337043796,5.911209529953693,3324.8230319772642,-0.08313355480010182,1093.0315301114497,0.08737954322448194,-0.8127854310799186,-0.8694762728900465,5.584794260110619,0.00488,1.8937295140036041,0.6019417475728155,0.0635960699101768,6.605257060939776,18.065313365911344,0.898830506236073,0.00018302337872035286,9.206995512864892e-06,0.9996049105240588,5461.624178905507,5.46641138406209,17252.61722678264,9.832361880126024e-13,3.147861276487234,0.047917598327631726,0.12197804805926848,0.21428571428571427,-1.9457557022632535,5.315405720051651,27.878837211329223,0.007068882584571896,1,-0.023236389974257914
"MATLAB 4-34 PM Tue, Oct 1, 2024 Run5 .csv",5.904020080592095,2668.5391418729555,0.25792666295652755,1197.5253316881715,0.21023584092410313,1.640646395627299,1.7201008176927162,-4.322545741315734,0.00016,-1.0981275211745694,1.0,-2.8324777084943213,579.3834219811437,53.03374812931543,0.0834379578422806,2.0684913951577602e-13,0.0008263692447538177,8.261708062740124e-05,0.9967296912002467,-3205.7917129066936,4.492665685286524,342084.4896075643,0.47548801896567466,0.003647446289110242,0.008748364897884692,0.0,1.9020337122612143,0.1762243753082998,-1.0029896561612146,0.017551569938659625,5.880623833516022,2945.1626697704473,0.01304666176000388,1013.4368282948798,0.21160192691632002,1.608339269494157,1.6760583913551357,-4.320769515180265,0.00012,-1.1070094274894215,1.0,-2.9712561522872654,607.2816113764027,61.320609983129465,0.08398679367459673,0.0016555837276769183,2.011618774287734e-05,0.9980375062858617,602.8311885417525,3.5814888589528864,594412.368992712,4.283834755591394e-13,0.46147622715733555,0.003705043792854295,0.011661492561563916,0.0,2.051834317765808,-0.79199345997495,-0.9509506284695362,0.020703219175338766,0,0.8971301358403844
"MATLAB 4-36 PM Thu, Oct 17, 2024 Run22 .csv",5.635342357094462,2386.034482620202,0.3394486771737817,1366.1282776340622,0.3770499996384409,9.792988894763628,9.771761793262776,-4.627019649109831,1e-05,-1.0987250452539106,1.0,-0.5801921504241577,708.2698303216544,74.65606754085074,0.03532729631860584,1.2736380845992745e-14,0.004632160354756494,0.00029049965496704777,0.9945009181520788,-4204.495273407892,3.994462033857431,373417.38293395017,0.3023318428517471,0.00278729167352721,0.007843626939063875,0.0,2.899844008003509,-0.6113940584954811,-1.5000000000000058,0.004226615428924552,5.7553206945554525,2318.411587252685,0.10807845706828229,1191.9534974262056,0.3762499996391506,9.759995337507233,9.727393050687445,-4.6262379476885895,1e-05,-1.1077483689824472,1.0,0.15703719768507565,30.62483042111166,32.138526379084624,0.03525498371695708,0.01217182634991337,0.00023987666995184384,0.9854013851972305,80.95756190312754,3.766942125890892,578326.5951997442,1.2960594704312254e-14,0.33206001134008356,0.0028874794887172503,0.006917918372386624,0.0,-0.9505756622051309,-0.474491314345013,-1.4999999999999996,0.010999287962913495,0,-0.40835671591489275
"MATLAB 4-38 PM Thu, Oct 10, 2024 Run9 .csv",5.63388961447748,2299.51377521993,0.2301317926880115,1253.0341196764284,0.11674500852779113,-0.6622496501696477,-0.7185272146877411,-0.23144521892316838,0.00494,-1.0993225693332518,1.0,-0.6965961557770782,23.230446455493166,16.813965698340517,0.5334420665422837,3.972097205440728e-11,0.00011533357164610583,9.219586456141937e-05,0.9975808665236962,4223.094059292622,5.256153068867807,70294.27903497485,38.31499416739736,0.18659514041032418,0.3551638944452007,0.0,-0.1023456962541971,-0.16371572566897388,-1.8033352697315987,0.13771968245506278,5.865229551123196,2747.7341224588636,-0.02611056735672923,1103.5928677810964,0.10353890770141978,-0.7646000930340027,-0.8210722734502515,1.9683639599512501,0.00492,-0.10848731047547289,0.8656716417910447,0.1192368005392087,16.089221232311285,12.933617920060003,0.6959110263495673,8.627471718427232e-05,3.8325979890502085e-06,0.9994646847130663,11584.67645368609,5.516663118139616,96453.79005193803,2.86412714518819e-11,29.619246418233914,0.1371792856306389,0.4616129422554437,1.0,0.047014357823930375,0.7734604655624261,-1.0198608315753304,0.11069485247135163,2,0.16824391757795787
"MATLAB 4-38 PM Thu, Oct 17, 2024 Run23 .csv",5.507683729190679,2355.034423828307,0.3134274684237726,1349.0496249602809,0.20334999979248103,13.652407237434545,13.630683755291715,-4.635960130756517,1e-05,-1.099920093412593,1.0,-2.3277307120258177,671.5320991036741,71.26141492165077,0.013990801226952064,1.915146098047853e-14,0.00490836404108448,0.00026400482460164996,0.9945838971560449,-4231.045769605781,3.7141457945725898,424775.8626507208,0.282809348870106,0.002664319687461347,0.007251661126877186,0.0,0.8954645994880974,-0.39979487158667765,-1.5000000000000056,0.0016718840599060092,5.8047299627385085,2339.120129446548,0.10952480478941173,1190.2677201792108,0.2033499997924757,13.620040817929858,13.586862380239822,-4.637167478763728,1e-05,-1.1092262519684986,1.0,-0.5871693029551774,41.366155410771604,34.45652938119111,0.013990801226951696,0.014655345740438907,0.000243794027635704,0.9842082989344116,67.15694848594791,3.4775436893084164,486490.08379044215,1.3252671017041654e-14,0.28550221567865147,0.0034809456559666235,0.00831150748135227,0.0,1.0446043778529917,0.7051773210937425,-1.5000000000000024,0.005429446697235107,0,-0.9557303279517049
"MATLAB 4-38 PM Tue, Oct 1, 2024 Run6 .csv",5.844489923812066,2737.8347544902767,0.2094912975247204,1351.2288978568245,0.01646867143733089,-0.8269406387909387,-0.8578552490999899,13.059747312533084,0.0048,1.8994823825080658,0.0,-0.41435456954918815,4.254257873977807,5.94702746845522,0.2928131438460861,1.923485160474237e-13,7.397313802821984e-05,4.008086319346442e-05,0.9966023264782544,9031.570277276198,5.5904405856199935,3907.6160969766534,25.69109485399355,0.12200785805253844,0.2745387440241814,0.05298570227081581,-1.106725104769608,0.5564541842284094,-0.23480377555416876,0.004977581799030267,5.657288739526279,2851.168421900182,-0.08172141184372989,1139.614224799281,0.014885594349838192,-0.8584364272733697,-0.9032529403884249,12.757542439516088,0.00468,1.8900348065384758,0.0,-0.051056009200482734,3.669405120311877,5.30125817195058,0.26023766368906326,9.697639369022631e-05,1.3464759497738021e-06,0.9994124015418059,10305.728677994044,5.444778391078581,2413.336805682997,3.5599600204937653e-13,27.077916489667377,0.12173978583605331,0.4007943581640943,0.0499603489294211,-0.9578056021179471,-0.8935203813408154,-0.1238193863695809,0.0118249493837356,0,0.06461882214973404
"MATLAB 4-39 PM Thu, Oct 10, 2024 Run10.csv",5.659764932545629,2356.1716866311103,0.22808951611619915,1212.3315632080719,0.0,-0.8842244035397758,-0.906444266324582,-4.74490094582652,0.0,-1.1011151415712754,0.0,0.0,0.0,0.0,0.0,0.0,0.0,0.0,0.0,-4448.162279768427,0.0,0.0,0.0,0.0,0.0,0.0,-2.108914809027314,0.0,0.0,0.0,5.832225229371328,2784.869818253754,-0.032208197870221084,997.9579537739606,0.0,-0.9167636852920416,-0.9505182738523277,-4.748097343262185,0.0,-1.11070413495455,0.0,0.0,0.0,0.0,0.0,0.0,0.0,0.0,0.0,0.0,0.0,0.0,0.0,0.0,0.0,0.0,-1.9602155820888858,0.0,0.0,0.0,0,0.0
"MATLAB 4-40 PM Thu, Oct 17, 2024 Run24 .csv",5.5603886279228565,2408.501730367305,0.33935253767505613,1366.4331799832923,0.0,-0.8852652304852899,-0.9077332835910847,-4.749371186649862,0.0,-1.1017126656506164,0.0,0.0,0.0,0.0,0.0,0.0,0.0,0.0,0.0,-4455.405321793925,0.0,0.0,0.0,0.0,0.0,0.0,-2.11110451328502,0.0,0.0,0.0,5.92509320865188,2413.4857678587996,0.14415901503081513,1221.4533450012746,0.0,-0.9178909433613449,-0.9519336073567553,-4.753562108799755,0.0,-1.1114430764475756,0.0,0.0,0.0,0.0,0.0,0.0,0.0,0.0,0.0,0.0,0.0,0.0,0.0,0.0,0.0,0.0,-1.9626255620598245,0.0,0.0,0.0,0,-1.0
"MATLAB 4-43 PM Tue, Oct 1, 2024 Run7 .csv",6.0967867419496535,2901.195654764473,0.25757372935917505,1166.542820274856,0.01700474599158596,-0.8279545954943068,-0.8598723009011374,12.396244338182097,0.004985,1.8976898102700424,0.0,-0.3142530830870643,5.402121661350387,6.721938359895868,0.2914193651239089,4.1826309899612873e-13,0.0006361287271845935,4.432382783763489e-05,0.9938602963490024,-2900.2911649114717,5.8403587281240075,5149.11560699775,26.384047259134157,0.2205165131358254,0.5785714433100445,0.025609542185581476,-0.1132942175427254,0.11053565852383512,-0.767123925309996,0.0071093624830246005,5.786835921203641,3141.703126991971,-0.04533110412027136,923.6463364552371,0.018576519141128883,-0.8603917308944639,-0.905948940903393,12.291058391226693,0.004985,1.8878179820593988,0.0,-0.05149098174996904,3.5239243046141384,5.592758480368457,0.3168623144329214,0.000862616003061626,3.743583901436186e-06,0.9982107740406746,1157.1901871722655,5.5595963560301005,2199.254887923116,1.0753840014537317e-12,24.771792331936677,0.260475132670074,0.9029984787306876,0.026142628490129823,0.03496445796923675,-0.2728533276661692,-0.8127683108163306,0.008938347101211497,5,-0.010582170472005967
"MATLAB 4-47 PM Tue, Oct 1, 2024 Run8 .csv",5.932498706596419,2458.261600400126,0.2779853157692814,1208.9390838683037,0.04658716032265478,-0.6135663290638321,-0.641611318362177,-1.1082934149646602,0.00062,-0.10290771380929886,0.1232876712328767,-1.5533168497414909,77.95056030819327,19.7355526235663,0.17016241445445754,2.152391217271975e-11,0.002944609346823964,0.00011262338553837996,0.9936516797092252,-4132.443696259617,3.7897046218465773,711143.1154687485,34.314095128416064,0.2338380197925097,0.6077213792558505,1.0,3.884516078199569,0.6952834588994283,5.895309571392682,0.009451735019683799,5.875311375199765,2859.0113798537895,0.01126197164750914,1053.7461306527184,0.04660236337325095,-0.6463968486318816,-0.6865142746044897,-1.1144733865430072,0.00061,-0.1129209594336269,0.2054794520547945,-0.5530838203557328,68.31050171489082,19.00934460592356,0.17023780769324326,0.002098752098593291,1.246076579422244e-05,0.9974861325592076,475.2758237753675,3.5404546964505355,841385.7995792982,4.5301126395685405e-11,31.682597691516435,0.19847681728705452,0.7996153529892369,1.0,4.032554477998298,-0.9530513274854738,0.07717380526098205,0.016677075624465992,1,-0.3936065852855374
"MATLAB 4-52 PM Tue, Oct 1, 2024 Run9 .csv",5.903564689465085,2472.7200310593075,0.24229562069039354,1194.136960286574,0.08932273797722629,-0.5511015047238133,-0.5384003357229312,-1.7627519061643397,0.00133,-0.10350523788864008,0.06666666666666667,-1.587156765212336,100.62399311100624,19.57784636158421,0.2648277226577546,1.893244427870682e-11,0.0001394453196622721,7.905095080687462e-05,0.9968655882634108,2671.6575709492663,4.368157456105338,368395.50467376964,14.189453632009256,0.0803108821696282,0.17683021806368343,1.0,-0.1176736260581368,-0.7014560394571854,3.233156341446935,0.016772171258926355,5.8615994149272375,2901.528893125032,-0.03018199805454508,1038.0177964307916,0.08890609328036275,-0.5839761661436593,-0.5840796081997432,-1.769926402456914,0.00118,-0.11365990092665257,0.06666666666666667,-0.5642274316909849,88.50486940589425,21.379526157505655,0.2635843530110168,0.00011652015931457728,5.968268461488817e-06,0.9994155786086102,8577.19028610681,3.8625052929143386,611392.996352784,3.8007830505506604e-11,12.65293599486274,0.07738414363836017,0.25387668275544106,1.0,0.030144498027358857,-1.7296048826501909,3.891869224577305,0.023452478945255317,0,0.3269946979985731
"MATLAB 4-53 PM Thu, Oct 10, 2024 Run11.csv",5.751175854504002,2356.1809874274777,0.23744463251512246,1233.1576722995246,0.09428425523234267,-0.6585610966112312,-0.6659893528758659,-0.3672081456084264,0.0013,0.8958972380320187,0.2727272727272727,-0.8271665300962892,27.93310292836627,14.683853791902639,0.4083913026280346,5.976588214934007e-11,0.00010106621073071075,8.017789812339067e-05,0.9975196040765045,5385.5839627440655,5.199283645369388,74753.6948774986,47.12731535058596,0.23531166507657192,0.4955789534177728,0.7352941176470589,-1.1198633303158423,-0.04226438197691264,0.7835831346483615,0.023506612777709962,5.839119759553031,2814.5282363682877,-0.033725300777669165,1038.8894552668423,0.09637257070120234,-0.7238399758143117,-0.7359449415706909,0.3246298340744014,0.00583,1.8856011575803218,0.43137254901960786,0.15604585459471554,19.729448464131586,11.923586052131945,0.48535742740987936,6.543496057550157e-05,3.62008566139255e-06,0.9993685127789149,15272.699853250497,5.411812872265732,97917.98087355601,7.08623527260269e-11,35.431880572631904,0.198554704017261,0.7007741564806471,0.3333333333333333,-0.9722654819435799,-1.072297124226707,0.3083891589898258,0.07146469056606303,0,-0.3033760513342191
"MATLAB 4-56 PM Tue, Oct 1, 2024 Run10 .csv",5.88746349735573,2440.935126353783,0.24720376985583078,1197.8131872588394,0.008352660574481448,-0.20775508010276145,-0.23077837052762395,-3.2717073892887996,0.00017,-0.10470028604732251,0.0,-2.115347305717823,197.78742892868166,25.98666261508637,0.012234489238985886,1.3265452888533366e-11,0.00020094121586794364,7.984146586997724e-05,0.9968085495733037,469.07678081105587,4.484205397465497,417288.8409294288,8.00543931274722,0.04321896128754203,0.09759904693065978,1.0,4.877946965426452,-0.03967643004548869,-1.7927170702504174,0.03293071866035463,5.883711132301865,2906.541342067596,-0.02117939809675709,1050.010622448099,0.14990446929880646,-0.2863539009384122,-0.278910275478488,-3.1808699349113088,0.00458,-0.1151377839127039,0.0625,-0.5928064668230933,180.80241755216903,29.0707865127065,0.23526481977400476,0.00017017289521679288,6.629386755319419e-06,0.9992628880878337,5872.044938853606,3.7763073903585536,700103.2378702898,2.27167748547897e-11,6.778078202191122,0.04243436112976103,0.13777802731519656,1.0,5.025324538085481,-2.906802526680326,7.94950221059047,0.02864707797765731,0,-0.36361109755361803
"MATLAB 4-57 PM Tue, Oct 1, 2024 Run11 .csv",5.856574870101072,2443.41036288083,0.23511365511022642,1187.3476886028755,0.1782487545964672,-0.199610192770741,-0.17146738784933957,-3.2761776301121426,0.00076,-0.10529781012666373,0.0,-1.9537998662985392,195.93545788500765,26.422138573455662,0.25762213434633086,1.1619845952885637e-11,0.00015203062615847603,7.126079132654409e-05,0.9967980256721438,2057.697106353685,4.4747441710039695,461804.7488102353,7.4015208854348895,0.040120015011587615,0.09145281871245883,1.0,-0.1242427388312537,-2.119392828203712,4.967349138974634,0.021287928819656327,5.891659370972069,2932.261392426491,-0.024111146812827583,1043.5941116700997,0.178258906366156,-0.23278306381807756,-0.2175756090415346,-3.286335700547397,0.00119,-0.11587672540572957,0.06666666666666667,-0.7594536616802374,188.68584903038968,30.93477188140393,0.2576474459886166,0.00016419358987913364,6.913216007845766e-06,0.9992666446049804,6085.905334919357,3.806689397997857,691050.3298301238,1.839207416406188e-11,6.188589454191776,0.040042189815458866,0.1270471623603765,1.0,0.022914558114542682,-2.4014564956756472,5.639820089778123,0.031066073179245007,0,0.7021362289748763
"MATLAB 4-58 PM Thu, Oct 10, 2024 Run12.csv",5.814362401772581,2730.6574194178047,0.20315752643143228,1223.67879060891,0.024498877105681962,-0.8121152468173612,-0.836056404527752,7.619461139803011,0.00496,1.894104665793995,0.0,-0.28117486138342557,9.510915044741456,8.479109194398644,0.30457688674153965,2.0902473696271614e-12,6.90081631286141e-05,3.1666024153341665e-05,0.9969234075605148,9940.349605482093,5.343926955452631,96366.9629636723,11.082977152859826,0.06793395393045407,0.17100060617845228,0.09386281588447654,-1.1264324430889596,-0.32307991337471964,0.26469844361524864,0.005281662940978954,5.776964024404813,3175.991516395365,-0.08121063514275134,986.5554112439643,0.02525088004151435,-0.8462977499168237,-0.8810409419589842,7.808310544850566,0.00459,1.8833843331012448,0.0,-0.021536794555909945,6.449878970828795,6.503814126785004,0.3176850694965682,8.153446013613397e-05,1.4930799336553463e-06,0.999044445165644,12253.033177598649,5.4367165534996245,109646.26099554713,3.689245338987572e-12,8.614238929512505,0.08880815606229552,0.28040530085735443,0.14442013129102846,-0.979495421856396,-0.595951957979302,-0.6630244935545457,0.017537112832069365,1,-0.04855211971349438
"MATLAB 4-59 PM Tue, Oct 1, 2024 Run12 .csv",5.896155905072323,2437.7282990222466,0.2496531700376654,1188.7445465009732,0.0070671034048691815,0.16968593078739214,0.1459545773334553,-3.7851231122514193,0.0001,-0.10649285828534616,0.0,-2.539633370137707,293.56817959722906,31.62495637776057,0.006646526014954913,6.101240174636069e-12,0.0002149602375207361,7.93294581021244e-05,0.9974006244366407,126.58113078541646,4.215731044194919,300859.7103989854,5.110989429022216,0.02755147971363448,0.06347626205170435,1.0,-1.128622147346665,-0.15356178747005558,-1.5715449434305948,0.028046304881572726,5.905047574497082,2927.660448476445,-0.013974132491609281,1053.0791699033798,0.0066691291694646005,0.13611321336569393,0.10074372366032214,-3.797270232115128,9e-05,-0.11735460839178091,0.0,0.09295913867226405,273.06942799849975,34.10187464907649,0.00627374389354252,0.00024041109358341662,7.429066809533237e-06,0.9992142117973789,4156.273310452193,3.5677937579289574,559461.9749079174,1.0524878065764768e-11,4.285512961987113,0.028173051895436417,0.08938068860437372,1.0,0.018094598172665233,0.2919750340399481,-1.5065145710460843,0.02740119665861135,0,-0.8327307067551191
"MATLAB 5-01 PM Thu, Oct 10, 2024 Run13.csv",5.74414535455977,2651.052542660503,0.20668996410241128,1222.7686855573306,0.0031902856029386853,-0.8059074478482251,-0.8307344390677225,6.410508656974106,0.00269,1.8929096176353126,0.0,-0.5062009364585485,22.362014570642152,11.786877869421884,0.03595691752445933,2.241170787266024e-12,8.001554546948109e-05,3.395128557693682e-05,0.9962128755825149,7929.6489341160795,4.450476265185203,389262.1495377675,6.967953545690905,0.03915718454633592,0.09919330095724777,0.18006430868167203,-0.1308118516043706,-0.6541568888925783,-0.2474196611496322,0.005694654285907735,5.751993030252215,3114.2823291447576,-0.06731899465376659,992.9932375347355,0.0030902881215828636,-0.8393308606581852,-0.8767716089744892,6.39736701239617,0.00204,1.8819064501151934,0.0,-0.029544094806702156,18.012660535749177,10.144719586525294,0.034837652905082804,0.00012004243096289849,2.0913081204408794e-06,0.9988194513256351,8320.55335195886,4.504793332229922,672373.0601340669,3.601434204057635e-12,5.3251929477813436,0.04800357398186629,0.16173608820734156,0.15730337078651685,2.0156846182017265,-0.34284595708545657,-1.209806607397927,0.031192653179168722,0,-0.4814422824669815
"MATLAB 5-01 PM Tue, Oct 1, 2024 Run13 .csv",5.903335460294668,2454.876254949449,0.2617027017548717,1175.8750945674167,0.0,-0.895673499940431,-0.9206234562561131,-4.794073594883287,0.0,-1.1076879064440284,0.0,0.0,0.0,0.0,0.0,0.0,0.0,0.0,0.0,-4527.835742048908,0.0,0.0,0.0,0.0,0.0,0.0,-2.1330015558620765,0.0,0.0,0.0,5.910536623602612,2958.2203563293033,0.017907537239191584,1032.9702299863334,0.0,-0.9291635240543782,-0.9660869424010314,-4.80820976417545,0.0,-1.1188324913778325,0.0,0.0,0.0,0.0,0.0,0.0,0.0,0.0,0.0,0.0,0.0,0.0,0.0,0.0,0.0,0.0,-1.9867253617692122,0.0,0.0,0.0,0,-1.0
"MATLAB 5-05 PM Thu, Oct 10, 2024 Run14.csv",5.748273773679714,2616.706178303425,0.21833890270691408,1222.2566154729898,0.03446893908918293,-0.52881803091529,-0.5607124738426638,-1.998515832948117,0.00045,-0.10828543052336959,0.0,-1.1072837546420906,95.50288304017631,22.60366028274294,0.09369199817095278,5.605799343714169e-13,0.0001937218109466175,3.6943278366199633e-05,0.9961844384937172,607.2664873531266,4.387680650430402,379346.6071951987,1.77812470540194,0.00969136506277485,0.02580092569009135,1.0,-2.135191260119782,-0.1018768583484173,-0.46615567247270384,0.0056578689813613775,5.824591264772266,3075.6098065298734,-0.042857571566582126,998.7976838533863,0.03496976468688554,-0.562290782449415,-0.6029022762285197,-2.0136465269545063,0.00041,-0.11957143287085792,0.0,0.4568584428786369,82.03998442195521,19.90964259204997,0.09502653455934476,0.0003744389736745968,5.7790118387772154e-06,0.9984081931758387,2666.41098648961,3.8293256454116267,657471.5412278299,7.225453658466877e-13,1.3380680828590197,0.011348565025886466,0.03795288735018284,1.0,0.010864658259849058,-0.4951740172371187,-1.0603740214423296,0.022096241712570144,0,-0.4054522216640435
