file_name,is_noise,a0_spectral_entropy,a0_spectral_centroid,a0_spectral_flatness,a0_spectral_bandwidth,a0_std_dev_time_diff,a0_mean_time_diff,a0_median_time_diff,a0_peaks_per_second,a0_percent_time_above_threshold,a0_num_boilings,a0_unused_peak_proportion,a0_skewness,a0_kurtosis,a0_crest_factor,a0_burstiness,a0_spectral_flux,a0_low_band_power,a0_mid_band_power,a0_high_band_power,a0_high_to_low_ratio,a0_mean_spectral_entropy_time,a0_var_spectral_centroid_time,a0_wavelet_energy_low_scale,a0_wavelet_energy_mid_scale,a0_wavelet_energy_high_scale,a0_regime_dominance,a0_rms_change_points,a0_skew_peak_magnitude,a0_kurtosis_peak_magnitude,a0_iqr_peak_magnitude,a0_mean_peak_magnitude,a0_max_peak_magnitude,a0_std_peak_magnitude,a0_max_to_mean_peak_ratio,a1_spectral_entropy,a1_spectral_centroid,a1_spectral_flatness,a1_spectral_bandwidth,a1_std_dev_time_diff,a1_mean_time_diff,a1_median_time_diff,a1_peaks_per_second,a1_percent_time_above_threshold,a1_num_boilings,a1_unused_peak_proportion,a1_skewness,a1_kurtosis,a1_crest_factor,a1_burstiness,a1_spectral_flux,a1_low_band_power,a1_mid_band_power,a1_high_band_power,a1_high_to_low_ratio,a1_mean_spectral_entropy_time,a1_var_spectral_centroid_time,a1_wavelet_energy_low_scale,a1_wavelet_energy_mid_scale,a1_wavelet_energy_high_scale,a1_regime_dominance,a1_rms_change_points,a1_skew_peak_magnitude,a1_kurtosis_peak_magnitude,a1_iqr_peak_magnitude,a1_mean_peak_magnitude,a1_max_peak_magnitude,a1_std_peak_magnitude,a1_max_to_mean_peak_ratio,num_peak_mag_high_diff,peak_mag_correlation
Boiling_at_Heater_T85_RefVideo1.csv,True,0.0,0.0,0.0,0.0,0.0,-0.28430786609575553,-0.22087136315255568,-1.6647154859488937,0.0,-0.4947181509013755,0.0,0.0,0.0,0.0,0.0,0.0,0.0,0.0,0.0,-1270.3399217709293,0.0,0.0,0.0,0.0,0.0,0.0,-0.8524994733198906,0.0,0.0,0.0,0.0,0.0,0.0,0.0,0.0,0.0,-0.1426859876510014,0.0,0.0,-0.2793878141755545,-0.21357771431934047,-1.684375039776957,0.0,-0.5036566647605862,0.0,0.0,0.0,0.0,0.0,0.0,0.0,0.0,0.0,0.0,0.0,0.0,0.0,0.0,0.0,0.0,-0.7388569536822465,0.0,0.0,0.0,0.0,0.0,0.0,0.0,0.0,0.0
Boiling_at_Heater_T93_RefVideo2.csv,True,0.0,0.0,0.0,0.0,0.0,-0.28538713055686926,-0.222156558968886,-1.671896742523116,0.0,-0.49614260502238106,0.0,0.0,0.0,0.0,0.0,0.0,0.0,0.0,0.0,-1277.6282524907185,0.0,0.0,0.0,0.0,0.0,0.0,-0.855268508790232,0.0,0.0,0.0,0.0,0.0,0.0,0.0,0.0,0.0,-0.14280908621499083,0.0,0.0,-0.28047127828597634,-0.2148744782556033,-1.6915003588226292,0.0,-0.5050812541445413,0.0,0.0,0.0,0.0,0.0,0.0,0.0,0.0,0.0,0.0,0.0,0.0,0.0,0.0,0.0,0.0,-0.7415018853964372,0.0,0.0,0.0,0.0,0.0,0.0,0.0,0.0,0.0
Boiling_at_Heater_T98_RefVideo3.csv,True,0.0,0.0,0.0,0.0,0.0,-0.286466395017983,-0.22344175478521636,-1.6790779990973381,0.0,-0.4975670591433866,0.0,0.0,0.0,0.0,0.0,0.0,0.0,0.0,0.0,-1284.916583210508,0.0,0.0,0.0,0.0,0.0,0.0,-0.8580375442605734,0.0,0.0,0.0,0.0,0.0,0.0,0.0,0.0,0.0,-0.14293218477898023,0.0,0.0,-0.28155474239639816,-0.21617124219186612,-1.698625677868301,0.0,-0.5065058435284964,0.0,0.0,0.0,0.0,0.0,0.0,0.0,0.0,0.0,0.0,0.0,0.0,0.0,0.0,0.0,0.0,-0.7441468171106279,0.0,0.0,0.0,0.0,0.0,0.0,0.0,0.0,0.0
Calm_to_Boiling_50V_on_StartT65.csv,True,0.0,0.0,0.0,0.0,0.0,-0.28754565947909677,-0.22472695060154668,-1.68625925567156,0.0,-0.4989915132643922,0.0,0.0,0.0,0.0,0.0,0.0,0.0,0.0,0.0,-1292.2049139302972,0.0,0.0,0.0,0.0,0.0,0.0,-0.8608065797309148,0.0,0.0,0.0,0.0,0.0,0.0,0.0,0.0,0.0,-0.14305528334296966,0.0,0.0,-0.28263820650682,-0.21746800612812894,-1.7057509969139732,0.0,-0.5079304329124513,0.0,0.0,0.0,0.0,0.0,0.0,0.0,0.0,0.0,0.0,0.0,0.0,0.0,0.0,0.0,0.0,-0.7467917488248187,0.0,0.0,0.0,0.0,0.0,0.0,0.0,0.0,0.0
Calm_to_Boiling_50V_on_StartT80.csv,True,0.0,0.0,0.0,0.0,0.0,-0.2886249239402105,-0.22601214641787704,-1.6934405122457823,0.0,-0.5004159673853977,0.0,0.0,0.0,0.0,0.0,0.0,0.0,0.0,0.0,-1299.4932446500864,0.0,0.0,0.0,0.0,0.0,0.0,-0.8635756152012563,0.0,0.0,0.0,0.0,0.0,0.0,0.0,0.0,0.0,-0.14317838190695906,0.0,0.0,-0.28372167061724174,-0.21876477006439177,-1.7128763159596452,0.0,-0.5093550222964064,0.0,0.0,0.0,0.0,0.0,0.0,0.0,0.0,0.0,0.0,0.0,0.0,0.0,0.0,0.0,0.0,-0.7494366805390095,0.0,0.0,0.0,0.0,0.0,0.0,0.0,0.0,0.0
"MATLAB 1-00 PM Fri, Jun 28, 2024 Run8 .csv",0,5.439864168409741,1910.8551324977448,0.2831755060803294,1009.3886347724485,0.01570958400890101,0.014679682297043972,0.07660265749516695,1.4994102343325815,0.00462,0.4981595784935967,0.0,-0.08751807322542184,33.72229074799877,12.370524718667596,0.051611092180599005,2.0486961659128306e-12,0.0022832371976872854,0.15465063495967218,0.8428797912125521,-937.6215984448704,4.180224957522514,349147.0799978815,6.513067391474481,15.56891581424103,0.43656149682491663,1.0,1.1336553493284023,-1.6918619311208725,3.0253604018525806,0.01196020364761348,0.09014526013284918,0.1052580165863037,0.014027469161391297,1.1676489305281552,4.9313795265334495,1623.1168089103896,0.04912212867263102,815.8675751355788,0.01615416041130799,0.019323897261253054,0.0814384657335348,1.4800303681472686,0.00381,0.48922038831963854,0.0,0.2087149042448044,40.429871898667045,11.741167839069579,0.05311614055936855,9.515793339179989e-11,0.0005941052617076719,0.08208380770169656,0.9171855563238595,1543.809852293748,3.888325518398002,259564.54008424442,29.86937761771782,32.05001037372243,0.30621463287142714,1.0,1.2479183877467999,-2.207885803305541,4.406211679123996,0.01479893684387204,0.18377402033656834,0.2083166253566742,0.02164551446771778,1.133547739637833,0.0,0.7139976015080887
"MATLAB 1-00 PM Thu, Aug 22, 2024 Run1.csv",True,0.0,0.0,0.0,0.0,0.0,-0.29078345286243795,-0.22858253805053771,-1.7078030253942265,0.0,-0.5032648756274088,0.0,0.0,0.0,0.0,0.0,0.0,0.0,0.0,0.0,-1314.069906089665,0.0,0.0,0.0,0.0,0.0,0.0,-0.8691136861419391,0.0,0.0,0.0,0.0,0.0,0.0,0.0,0.0,0.0,-0.14342457903493788,0.0,0.0,-0.2858885988380854,-0.22135829793691741,-1.7271269540509895,0.0,-0.5122042010643165,0.0,0.0,0.0,0.0,0.0,0.0,0.0,0.0,0.0,0.0,0.0,0.0,0.0,0.0,0.0,0.0,-0.7547265439673909,0.0,0.0,0.0,0.0,0.0,0.0,0.0,0.0,0.0
"MATLAB 1-02 PM Mon, Mar 11, 2024 Run4 .csv",True,0.0,0.0,0.0,0.0,0.0,-0.29186271732355173,-0.22986773386686804,-1.7149842819684487,0.0,-0.5046893297484144,0.0,0.0,0.0,0.0,0.0,0.0,0.0,0.0,0.0,-1321.3582368094542,0.0,0.0,0.0,0.0,0.0,0.0,-0.8718827216122804,0.0,0.0,0.0,0.0,0.0,0.0,0.0,0.0,0.0,-0.1435476775989273,0.0,0.0,-0.2869720629485072,-0.22265506187318024,-1.7342522730966614,0.0,-0.5136287904482715,0.0,0.0,0.0,0.0,0.0,0.0,0.0,0.0,0.0,0.0,0.0,0.0,0.0,0.0,0.0,0.0,-0.7573714756815817,0.0,0.0,0.0,0.0,0.0,0.0,0.0,0.0,0.0
"MATLAB 1-02 PM Thu, Nov 7, 2024 Run8 .csv",0,5.700523466214685,2294.8718454381756,0.2601321043988069,1356.9178434613618,0.0009449338594950527,-0.057131981993425146,0.004447070108064555,2.477918466855139,0.0004,0.49388621613058004,0.0,1.5285514573324797,58.057355177889825,17.777887562975184,0.004007183157336801,1.676217318918616e-11,0.0001796046586576511,0.00017208235140298077,0.9991079887529378,4234.171213591692,2.5738513181212137,457622.5399895293,14.752301235465987,0.05639307594782732,0.10656064467506202,1.0,0.12534824291737823,-0.40525634216350664,-1.058759462362168,0.03877331733703612,0.25339666803677874,0.2867351841926575,0.02265522873123496,1.131566513538528,5.308989046859168,2144.0924624139006,0.09667580827203426,1207.4333525905374,0.0012130436916114808,-0.05231052726763169,0.011648173982342552,2.4587064132554763,0.00052,0.48494662016777346,0.0,0.5924224765027378,32.97700477799756,12.948236092615607,0.005145575484889929,2.3631795163982756e-11,0.00018611165810550903,9.598499436098653e-05,0.9990280117854176,5367.895928470295,2.4186048812789545,430587.02158378414,17.91751299450009,0.04669367139170392,0.06986483677906057,1.0,0.23998359260422764,-0.32707514933573156,-0.923031762092128,0.018076523542404216,0.19168033560117084,0.2103264844417572,0.011931573223062599,1.0972773173737727,0.0,-0.5879004306974205
"MATLAB 1-04 PM Thu, Aug 22, 2024 Run2.csv",0,5.897196068948194,2799.6570092984284,0.32028309598531485,1269.3191380948647,0.3621314856407515,0.2817537532446801,0.33321187400080454,-0.029329793442081753,0.00121,0.4924617620095745,0.5882352941176471,-1.1890736950480223,187.92017291443636,40.73933747361801,0.628946178561461,2.976954838411713e-14,0.0013470907155534242,0.0007926719730785467,0.9960294522587426,-596.541893191059,4.52442625557835,802036.3709575521,0.41512525761380137,0.007616585740990801,0.009658786461965049,1.0,0.12257920744703676,1.2510205411828201,0.8410472818761932,0.014401848316192598,0.036507879285251364,0.0800017726421356,0.016792678853608592,2.1913563375469773,5.499477000671673,1864.7241584502835,0.23756729012254396,1288.9060239090065,0.3199215714662812,0.4194456235881925,0.4753514096335148,-0.34848890980874936,0.00095,0.4835220307838184,0.5,-0.48366205600582973,134.21227503517562,33.53674074976419,0.45149381570435154,1.5935066382832627e-14,0.0031409219087742716,0.0007428442593590236,0.9958755668178012,317.06473313958844,3.868334251249195,692070.8236508941,0.6584311454918915,0.0042308488911480605,0.003488478010294568,1.0,-0.7626613391099631,2.1795963605056006,4.551326017769425,0.009011435806751223,0.029133456349372828,0.0758124244213104,0.014642441783363387,2.602246143133733,1.0,0.5254259993104917
"MATLAB 1-04 PM Tue, Sep 10, 2024 Run9 .csv",0,5.99774079384499,2741.4131040181096,0.3585779251120977,1278.543154718842,1.4454026948099954,1.0938566309171405,0.7478266778168289,-0.986524301006481,0.0015,-0.5089626921114311,1.0,-1.9306524558114104,293.25888324289156,44.41930712978111,1.0406388012231704,1.0873075054524595e-12,0.0074390961977515895,0.0004621734225502291,0.991447141964401,-1209.9480143985281,3.5876428832037197,763757.0173391572,3.1812739218721098,0.0662314316151265,0.10002059762225332,0.0,1.1198101719766953,-0.027063843586927625,-1.3387714060151163,0.07112575173377991,0.11326112810770667,0.1861072969436645,0.04598173629265837,1.643170080088591,5.892992896932553,2380.5959804653617,0.1785038693303504,1139.2081785762418,1.4462343794004193,1.0988346863441727,0.7550046454507259,-1.0056244795490434,0.001495,-0.5179025586001367,1.0,1.794388359533354,281.58657266203494,52.39068338596273,1.0411626246776489,1.8117269640066754e-12,0.010306973455353379,8.5345854592545e-05,0.9893104293291249,95.98457137922318,3.2378411243204166,584681.4360719152,4.103149209539619,0.0255506211743329,0.058915148188516536,0.0,1.2346937291758462,0.7839958763601601,0.2739894475228595,0.07992113411426545,0.15007496134440104,0.32150998711586,0.07084910256024386,2.142329301541778,1.0,0.8439407537831554
"MATLAB 1-05 PM Mon, Mar 11, 2024 Run5 .csv",True,0.0,0.0,0.0,0.0,0.0,-0.29617977516800664,-0.2350085171321894,-1.7437093082653372,0.0,-0.5103871462324366,0.0,0.0,0.0,0.0,0.0,0.0,0.0,0.0,0.0,-1350.5115596886114,0.0,0.0,0.0,0.0,0.0,0.0,-0.882958863493646,0.0,0.0,0.0,0.0,0.0,0.0,0.0,0.0,0.0,-0.14404007185488496,0.0,0.0,-0.2913059193901944,-0.22784211761823153,-1.7627535492793498,0.0,-0.5193271479840917,0.0,0.0,0.0,0.0,0.0,0.0,0.0,0.0,0.0,0.0,0.0,0.0,0.0,0.0,0.0,0.0,-0.7679512025383446,0.0,0.0,0.0,0.0,0.0,0.0,0.0,0.0,0.0
"MATLAB 1-05 PM Thu, Aug 22, 2024 Run3 .csv",0,5.853611594465465,2703.8846625365486,0.3151131862537649,1313.2269038099798,0.5264018897845787,0.3756024982372052,0.34370628653756075,-0.35087656346030305,0.00137,-0.5118116003534422,1.0,1.4484806498103677,123.83478677555135,40.07067486095676,0.7823331549813695,3.768301170200435e-14,0.0015781481682651222,0.0009047517893121668,0.9954237534763491,-727.045583877962,4.854742693921681,627764.5464382399,0.5123285002966599,0.009374022512175988,0.01114065971262217,0.0,1.1142721010360126,1.4196615174047278,1.7005167067407765,0.0343849429488182,0.04405341982841488,0.1193983519077301,0.026940823165925446,2.710308356826296,5.389015821268444,1790.6504659977836,0.21398632827360475,1276.7235555146208,0.6883669298142934,0.5823006157256339,0.5462111177606517,-0.6698678672413203,0.00139,0.4792482626319533,0.7272727272727273,0.06453525840624263,75.0789908276495,34.56571523839658,0.786983880487055,3.0642793848747954e-14,0.003156542951364554,0.000740680426158267,0.9958791879765868,315.49679612186947,4.243514822773737,551438.2421212497,0.8204022367303548,0.005051361607292861,0.004094787370643979,1.0,2.2294038657474644,1.4309912803317324,1.9159377442193009,0.017169581055641203,0.03480768918991085,0.0779842031002044,0.01618631342355256,2.2404303449942446,1.0,0.23129528097933555
"MATLAB 1-07 PM Fri, Jun 14, 2024 Run1 .csv",True,0.0,0.0,0.0,0.0,0.0,-0.29833830409023415,-0.23757890876485008,-1.7580718214137816,0.0,-0.5132360544744478,0.0,0.0,0.0,0.0,0.0,0.0,0.0,0.0,0.0,-1365.0882211281898,0.0,0.0,0.0,0.0,0.0,0.0,-0.8884969344343288,0.0,0.0,0.0,0.0,0.0,0.0,0.0,0.0,0.0,-0.14428626898286379,0.0,0.0,-0.29347284761103803,-0.23043564549075718,-1.7770041873706939,0.0,-0.5221763267520018,0.0,0.0,0.0,0.0,0.0,0.0,0.0,0.0,0.0,0.0,0.0,0.0,0.0,0.0,0.0,0.0,-0.773241065966726,0.0,0.0,0.0,0.0,0.0,0.0,0.0,0.0,0.0
"MATLAB 1-07 PM Fri, May 31, 2024 Run3 .csv",0,5.485897646398795,897.3989643991853,0.29056812177174907,958.97179104149,0.06196788189345402,-0.1607034841670843,-0.11026410469570164,5.434818929105315,0.00463,2.4853394914045466,0.0,-0.5541475211670756,13.471339945849188,18.988148209477405,0.4467310018915712,1.3821598957626229e-13,0.3946957568413072,0.09500197243439279,0.5102578292906245,-1371.0837641236467,4.537721861030125,176567.70614274553,3.1594042827968543,7.578514639708122,6.446920460306357,0.0821256038647343,1.10873403009533,1.6625248907736059,3.44267355991345,0.02284736871719358,0.03677391734388136,0.1117322301864624,0.017490855652104783,3.0383553957993823,6.145383250281501,1433.3210791735517,0.5136341071550301,1373.6804230506264,0.2691142525994269,-0.0238618675166144,-0.07368240956706285,1.9159074972288115,0.00065,-0.5236009161359568,1.0,-2.2540386066253246,579.7635534790518,76.56138836174257,0.9941624527608599,1.9606827708229125e-12,0.3082644015711792,0.04551723830364901,0.64602465190443,2.0956836034642197,4.6018968798267,369457.22294516006,6.319069389209892,9.9110478200874,11.495649716312064,0.0,0.22411400231908318,4.915948636869114,24.76467234544862,0.0202913522720337,0.09830080538182642,0.5601434862613679,0.0816162749922713,5.698259379316598,1.0,0.2248212723435166
"MATLAB 1-08 PM Mon, Mar 11, 2024 Run6 .csv",True,0.0,0.0,0.0,0.0,0.0,-0.3004968330124616,-0.24014930039751076,-1.7724343345622258,0.0,-0.5160849627164589,0.0,0.0,0.0,0.0,0.0,0.0,0.0,0.0,0.0,-1379.6648825677685,0.0,0.0,0.0,0.0,0.0,0.0,-0.8940350053750116,0.0,0.0,0.0,0.0,0.0,0.0,0.0,0.0,0.0,-0.1445324661108426,0.0,0.0,-0.29563977583188167,-0.23302917336328283,-1.791254825462038,0.0,-0.5250255055199119,0.0,0.0,0.0,0.0,0.0,0.0,0.0,0.0,0.0,0.0,0.0,0.0,0.0,0.0,0.0,0.0,-0.7785309293951076,0.0,0.0,0.0,0.0,0.0,0.0,0.0,0.0,0.0
"MATLAB 1-10 PM Thu, Aug 22, 2024 Run4 .csv",0,5.973586549939025,2742.147128190927,0.33372388126322033,1223.7486769377574,0.29860969360533535,0.27311213731188744,0.2627655033416425,0.02040241063688164,0.00401,0.48249058316253557,0.7777777777777778,2.9385722745969116,274.7474230707114,37.439650495286,0.5196029351754686,5.345500539017776e-13,0.0007810232080549374,0.0009223105612778819,0.9968047967454675,-110.67257723845319,4.638948261871,693758.3934468942,1.8854446574795887,0.0388980700313785,0.04513681272454654,1.0,1.103195959154647,0.5224374672711698,-1.1850838402358195,0.09009925842285157,0.08511887444390188,0.1772287058830261,0.05428618111917225,2.0821316898384246,5.77785187488046,1974.0807911825823,0.22006464810627918,1216.7037349452585,0.31366120094919137,0.3545300928146083,0.3943740621461753,-0.19836414293141713,0.00348,0.47354990509613315,0.75,-0.7479648261087817,159.63975037288768,31.818928174909733,0.4816270185081252,3.6155211352927387e-13,0.0007356908917246021,0.0006499030559437205,0.9984483784691159,1357.1574552575462,4.025411507198032,469511.73151561164,2.858073495450914,0.01711520596924068,0.011119710202216762,1.0,1.2188241388907017,0.3794395095472116,-1.2117101820138239,0.06372033983469011,0.06715442471206184,0.1286329090595245,0.03607729369359096,1.9154792794527546,2.0,0.03202405188122128
"MATLAB 1-11 PM Thu, Oct 31, 2024 Run0 .csv",True,0.0,0.0,0.0,0.0,0.0,-0.3026553619346891,-0.24271969203017144,-1.7867968477106702,0.0,-0.51893387095847,0.0,0.0,0.0,0.0,0.0,0.0,0.0,0.0,0.0,-1394.241544007347,0.0,0.0,0.0,0.0,0.0,0.0,-0.8995730763156944,0.0,0.0,0.0,0.0,0.0,0.0,0.0,0.0,0.0,-0.14477866323882144,0.0,0.0,-0.29780670405272525,-0.23562270123580847,-1.805505463553382,0.0,-0.5278746842878219,0.0,0.0,0.0,0.0,0.0,0.0,0.0,0.0,0.0,0.0,0.0,0.0,0.0,0.0,0.0,0.0,-0.783820792823489,0.0,0.0,0.0,0.0,0.0,0.0,0.0,0.0,0.0
"MATLAB 1-12 PM Thu, Nov 7, 2024 Run9 .csv",0,5.632734954703723,2219.356500154379,0.24226425922024833,1361.1591295752792,0.001526229011616064,-0.08590962658880547,-0.026504888039221575,2.706246910953029,0.0004,0.47964167492052445,0.0,0.7014451415491838,49.50016549623467,15.546696880720159,0.00700667514274473,1.9569957070510973e-11,0.0001473785950866062,0.00016038121211890108,0.99910955564306,5377.674086716104,2.371240132687473,341763.19337257947,6.075090090592648,0.019751436752448382,0.03832511378977173,1.0,-0.9023421117860358,-0.22116359744772346,-1.8491075866065616,0.04860157966613768,0.2284967471493615,0.2530449855327606,0.023372545144805988,1.107433644853389,5.512061504986173,2229.4356448898766,0.11013013985786788,1230.437858798969,0.0010243900615248605,-0.08111516835610538,-0.01906946536510129,2.687594232638867,0.00045,0.470700726328223,0.0,0.06834014893133962,31.576606288259683,12.40336216729875,0.004703891917954383,2.2644998975762363e-11,0.00014767933386902494,7.50542077684034e-05,0.9990274036146608,6764.842293375229,2.114355601251618,371843.63077761134,6.707033520078976,0.01647559681688943,0.030453082588937204,1.0,-0.7864657245376798,0.14991094542726457,-1.4177103729972167,0.017676864862441993,0.18558641274770102,0.2027374672889709,0.010718825072293877,1.092415464512406,0.0,-0.9613666164854772
"MATLAB 1-12 PM Tue, Oct 29, 2024 Run3 .csv",True,0.0,0.0,0.0,0.0,0.0,-0.30481389085691657,-0.24529008366283211,-1.8011593608591143,0.0,-0.5217827792004811,0.0,0.0,0.0,0.0,0.0,0.0,0.0,0.0,0.0,-1408.8182054469255,0.0,0.0,0.0,0.0,0.0,0.0,-0.9051111472563772,0.0,0.0,0.0,0.0,0.0,0.0,0.0,0.0,0.0,-0.14502486036680026,0.0,0.0,-0.2999736322735689,-0.23821622910833412,-1.8197561016447263,0.0,-0.530723863055732,0.0,0.0,0.0,0.0,0.0,0.0,0.0,0.0,0.0,0.0,0.0,0.0,0.0,0.0,0.0,0.0,-0.7891106562518705,0.0,0.0,0.0,0.0,0.0,0.0,0.0,0.0,0.0
"MATLAB 1-14 PM Tue, Sep 10, 2024 Run10 .csv",0,5.988049510811789,2713.0729027229568,0.33045820354536215,1234.7686248814493,0.02409179730577441,-0.16477684338658158,-0.10217527960775194,5.291694889047867,0.004445,0.47679276667851334,0.0,-0.3989299407635113,24.90044224810656,14.494819923681902,0.1707229800441333,1.7804131322817677e-11,0.0013189330667350758,0.00022151953812114342,0.997609256221978,-659.7305824638569,3.978603670133119,828593.5774228338,42.93836893751371,0.505078123883627,0.8661716801536337,1.0,1.0921198172732813,0.1789788142901393,0.45289946996374253,0.02570553869009015,0.1515712285881311,0.209852933883667,0.01707817765308226,1.3845169418920953,5.806306039062129,2408.459308935671,0.11060763195071421,1088.8915590549932,0.025355068349736127,-0.16093456129712963,-0.09551299317283024,5.323154335836448,0.003415,2.467851547560313,0.0,0.3959666653145773,24.858890857147884,14.778743110233926,0.180949255121731,3.427955817340361e-11,0.0010187773337796803,1.1850737279697458e-05,0.9986333229337385,980.2272683362446,3.912011406497307,721896.8399635219,55.529134186161855,0.22265576370508358,0.6194235399669556,0.0994236311239193,1.2082444120339386,0.09833226540891819,0.045429055748420044,0.052340508699417115,0.1913863447996286,0.3073953533172607,0.031110707730573985,1.6061509176064124,0.0,-0.06401381695906844
"MATLAB 1-15 PM Thu, Aug 22, 2024 Run5 .csv",0,6.019454854656343,2751.038240358195,0.34950598422751333,1233.450643923265,0.4476188039029502,0.2003117902982135,0.10013952439461188,0.1844981279628075,0.00263,0.4753683125575078,0.8,4.57644646161737,433.8665363005421,53.831582026943046,0.8823826860975847,2.329760962356695e-12,0.0008122495981550772,0.0009328749750266391,0.997058496912935,-195.8676398153823,4.608940420661343,634564.7387891067,3.068600210109099,0.07482621598013191,0.08829050680011108,1.0,-0.91064921819706,1.4831313559209973,0.7767790405502386,0.05775469511747357,0.10912185502052303,0.3421071875095368,0.09025459335699229,3.1350932170754904,5.878498256606731,1992.5582734449172,0.237887102049256,1175.4982539131586,0.43682824572486606,0.17813943908053037,0.11789024270135512,0.2660142623328141,0.00317,0.46642695817635793,0.8095238095238095,0.5197754851879443,196.8091938200605,35.45341067253673,0.9095282878976171,1.60740655710345e-12,0.0006467423241686111,0.0005736787500605838,0.9986030523906675,1544.0508763275611,3.8895194033641336,509697.66993805324,4.4612178170346715,0.029692716914176277,0.022289613020563336,1.0,-0.794400519680252,1.2501968922384026,0.3286210552517943,0.0540342390537262,0.0769949086507161,0.2125856482982635,0.05434728291318717,2.7610351388641634,1.0,0.19763659250890456
"MATLAB 1-16 PM Mon, Mar 11, 2024 Run7 .csv",True,0.0,0.0,0.0,0.0,0.0,-0.3080516842402578,-0.24914567111182312,-1.8227031305817807,0.0,-0.5260561415634978,0.0,0.0,0.0,0.0,0.0,0.0,0.0,0.0,0.0,-1430.6831976062933,0.0,0.0,0.0,0.0,0.0,0.0,-0.9134182536674014,0.0,0.0,0.0,0.0,0.0,0.0,0.0,0.0,0.0,-0.14539415605876851,0.0,0.0,-0.30322402460483433,-0.2421065209171226,-1.8411320587817426,0.0,-0.5349976312075971,0.0,0.0,0.0,0.0,0.0,0.0,0.0,0.0,0.0,0.0,0.0,0.0,0.0,0.0,0.0,0.0,-0.7970454513944427,0.0,0.0,0.0,0.0,0.0,0.0,0.0,0.0,0.0
"MATLAB 1-17 PM Tue, Sep 10, 2024 Run11 .csv",0,5.968856521020376,2598.534220024597,0.3391543446318617,1233.1860991820956,0.0963450457881872,-0.09861286378189427,0.002969132846755984,2.9201393671800133,0.005075,0.47251940431549666,0.3263157894736842,-0.6438752742427393,29.500221296623316,13.449113105326651,0.4576568603359611,4.0155273204746994e-11,0.0009918176835685224,0.00034621520720557554,0.9978154245426972,-431.9243070740928,3.800468182842667,855300.695499447,71.002855821061,1.052627827942372,1.4993885287197406,1.0,7.083812710862257,0.546991495613493,2.8244802009052457,0.0321660983562469,0.19833700134879662,0.3178905701637268,0.03046067484787249,1.6027799553381499,5.787063791581461,2402.265935531891,0.12910799097264086,1089.5998042304984,0.09858462532108976,-0.11029474378946855,-0.014103285056563941,3.3017683768737407,0.00527,-0.5364222205915522,1.0,0.45273851693456624,28.55933986755394,12.364137507081946,0.5081347895923005,8.166289824501977e-11,0.000735678499582612,5.169982043130167e-05,0.9988724861628123,1357.756801006858,3.7741305214783427,728346.730293468,88.98291153144889,0.49873948231931403,0.9718564206378297,0.0,7.200309616891366,-0.9052964821095999,-0.4364633539401197,0.07321849822998056,0.25553470203020034,0.3221685886383057,0.053410909287306865,1.2607625738449812,1.0,-0.0453966280383336
"MATLAB 1-18 PM Fri, May 31, 2024 Run4 .csv",True,0.0,0.0,0.0,0.0,0.0,-0.31021021316248526,-0.25171606274448377,-1.837065643730225,0.0,-0.5289050498055089,0.0,0.0,0.0,0.0,0.0,0.0,0.0,0.0,0.0,-1445.259859045872,0.0,0.0,0.0,0.0,0.0,0.0,-0.9189563246080842,0.0,0.0,0.0,0.0,0.0,0.0,0.0,0.0,0.0,-0.14564035318674734,0.0,0.0,-0.3053909528256779,-0.24470004878964824,-1.8553826968730867,0.0,-0.5378468099755073,0.0,0.0,0.0,0.0,0.0,0.0,0.0,0.0,0.0,0.0,0.0,0.0,0.0,0.0,0.0,0.0,-0.8023353148228243,0.0,0.0,0.0,0.0,0.0,0.0,0.0,0.0,0.0
"MATLAB 1-19 PM Tue, Oct 29, 2024 Run4 .csv",True,0.0,0.0,0.0,0.0,0.0,-0.31128947762359904,-0.2530012585608141,-1.8442469003044473,0.0,-0.5303295039265145,0.0,0.0,0.0,0.0,0.0,0.0,0.0,0.0,0.0,-1452.5481897656612,0.0,0.0,0.0,0.0,0.0,0.0,-0.9217253600784256,0.0,0.0,0.0,0.0,0.0,0.0,0.0,0.0,0.0,-0.14576345175073677,0.0,0.0,-0.3064744169360997,-0.24599681272591106,-1.8625080159187586,0.0,-0.5392713993594622,0.0,0.0,0.0,0.0,0.0,0.0,0.0,0.0,0.0,0.0,0.0,0.0,0.0,0.0,0.0,0.0,-0.8049802465370149,0.0,0.0,0.0,0.0,0.0,0.0,0.0,0.0,0.0
"MATLAB 1-19 PM Tue, Sep 10, 2024 Run12 .csv",0,5.962456590772573,2603.7027815089427,0.3351846125041344,1220.9347556522332,0.07138184786230584,-0.05123716336918921,0.030363545371900336,1.9985910966357863,0.004055,0.46824604195248,0.025974025974025976,-1.1498893015298872,56.025063114174266,17.60857138456694,0.27335586225697023,2.2919865525585074e-11,0.0019921404450408214,0.0002824307266135464,0.9967511244038693,-959.4947263688991,3.451940235190866,875821.3426028661,38.70979761789985,0.5035509388983721,0.7960550141200107,1.0,1.075505604451233,-1.2091205971076036,3.1650223337551315,0.03015816688537601,0.1893808615207672,0.2632118654251099,0.02737537032377636,1.3898546205327433,5.836837231475611,2451.691130540047,0.12749792861277462,1109.3324093481535,0.08436994384997852,-0.0625072639801382,0.03650642308762031,2.230387168778236,0.00414,0.4593040112565827,0.573170731707317,0.7211051664449383,54.589689329874226,16.73729264516978,0.344295986110996,4.499078851681412e-11,0.002462574338042607,2.2451584222011923e-05,0.9971924152632947,404.9390103106165,3.3628849847596296,828139.5384349199,47.37350661486993,0.21596821085571405,0.5755504741572668,1.0,1.1923748217487944,-0.6006065171605028,-0.6490857798097798,0.10607628881931314,0.25965150712466817,0.3333179092407227,0.060313952016030306,1.2837125920500996,0.0,0.10527884446960269
"MATLAB 1-20 PM Thu, Aug 22, 2024 Run6 .csv",0,5.96475386184289,2638.1668596131494,0.3395340456933749,1283.1843149925353,0.4423330433668458,0.07209199311296172,0.007828349573175797,0.7414165891085847,0.00264,-0.5331784121685256,1.0,2.93297459458843,188.8448329706559,45.21905107643735,1.1473077858544398,2.1205676893587823e-12,0.0007612891495547697,0.0007513381962653339,0.997024163591728,-157.4724488626805,3.8770839290706753,633949.8022338146,4.985363028294109,0.09200628664097119,0.11337064758996984,0.0,1.0727365689808916,1.30723682124061,1.3046738097008799,0.075767928659916,0.12832115453023174,0.3460632944107056,0.07198214404760284,2.6968530300214453,5.692852438453372,1915.271713027896,0.19693725560238945,1156.6446247419617,0.4537803559759916,0.11042387186347857,0.03450965915071719,0.5232653483543368,0.00413,0.45787942187262765,0.8333333333333334,1.0823781320137769,114.69375952367234,28.277343790398618,1.082839466378041,1.868916559136411e-12,0.0005618916997912719,0.00037766894814848193,0.9988735418717222,1777.6976279286162,3.3977863825799113,415317.9259703728,7.358109097858431,0.03327732934508411,0.026458110143491267,1.0,1.1897298900346036,0.9016364943191119,0.3792282849066302,0.058414742350578294,0.09513721202810603,0.2115004014968872,0.04244242283528067,2.2231090967265725,2.0,0.3965105797184322
"MATLAB 1-21 PM Fri, Jun 14, 2024 Run2 .csv",True,0.0,0.0,0.0,0.0,0.0,-0.3145272710069402,-0.25685684600980513,-1.8657906700271136,0.0,-0.5346028662895311,0.0,0.0,0.0,0.0,0.0,0.0,0.0,0.0,0.0,-1474.413181925029,0.0,0.0,0.0,0.0,0.0,0.0,-0.9300324664894498,0.0,0.0,0.0,0.0,0.0,0.0,0.0,0.0,0.0,-0.146132747442705,0.0,0.0,-0.3097248092673652,-0.24988710453469953,-1.8838839730557748,0.0,-0.5435451675113274,0.0,0.0,0.0,0.0,0.0,0.0,0.0,0.0,0.0,0.0,0.0,0.0,0.0,0.0,0.0,0.0,-0.8129150416795872,0.0,0.0,0.0,0.0,0.0,0.0,0.0,0.0,0.0
"MATLAB 1-21 PM Thu, Nov 7, 2024 Run10 .csv",0,5.381934030771023,2139.310338336899,0.22337932383599524,1338.2130763177965,0.0010924602444239483,-0.18263510701444421,-0.12524204194389404,5.6274030987952,0.00075,2.4639726795894634,0.0,0.2316090313685962,21.39657282890687,9.652680265982069,0.008215751738013996,3.920944070024574e-11,0.0001241922648279096,9.723163965974003e-05,0.9991456692917853,6563.450660691249,3.058056247299001,402870.96350303484,9.067314704504472,0.026118930559396743,0.05061025175276141,0.20512820512820512,-0.9328015019597912,0.5437164624947242,-1.1632514109633112,0.01669217526912689,0.1805152881145477,0.1972720384597778,0.0103545136311414,1.0928273196151506,5.382569160598576,2276.4005155998366,0.0700136989346676,1134.841833423479,0.004568168476350742,-0.17795113063836163,-0.11828386858870238,5.609365733295089,0.0014,2.4550302431047175,0.0,0.000562934658512445,15.323513627592074,8.50431059393826,0.034384063830955304,4.7362127483072856e-11,0.00014252396125131501,3.6540403638884936e-05,0.9991869723656636,7010.659566245002,2.7801962844189037,553619.5318114264,8.907428834343937,0.029375857600955506,0.05001247570545651,0.6842105263157895,-0.815559973393778,-0.17259806593851504,-1.5553837088804188,0.02899163901805879,0.15531965692838037,0.1792372798919678,0.016612153905949435,1.1539896716010396,0.0,-0.7434722301006569
"MATLAB 1-21 PM Tue, Oct 29, 2024 Run5 .csv",True,0.0,0.0,0.0,0.0,0.0,-0.31668579992916773,-0.25942723764246584,-1.8801531831755578,0.0,-0.5374517745315422,0.0,0.0,0.0,0.0,0.0,0.0,0.0,0.0,0.0,-1488.9898433646076,0.0,0.0,0.0,0.0,0.0,0.0,-0.9355705374301326,0.0,0.0,0.0,0.0,0.0,0.0,0.0,0.0,0.0,-0.14637894457068382,0.0,0.0,-0.31189173748820875,-0.2524806324072252,-1.898134611147119,0.0,-0.5463943462792374,0.0,0.0,0.0,0.0,0.0,0.0,0.0,0.0,0.0,0.0,0.0,0.0,0.0,0.0,0.0,0.0,-0.8182049051079687,0.0,0.0,0.0,0.0,0.0,0.0,0.0,0.0,0.0
"MATLAB 1-21 PM Tue, Sep 10, 2024 Run13 .csv",0,5.951996662493395,2635.504798525415,0.310693241837828,1215.4464815610154,0.22905763870597978,0.21728898918873102,0.357087565993791,0.012675061984626756,0.003545,-0.5388762286525478,1.0,-1.2482661274517188,123.61867614552051,25.607061620750628,0.42810186592139216,8.836299759032255e-12,0.0002351701056642332,0.00022032620547742033,0.998619302104462,2750.091913150467,4.197624873289049,447038.8896154097,15.798505254728033,0.17504650480179587,0.29047824401805383,0.0,4.061660427099526,-1.0832766279096089,0.0011723454390777377,0.04078863799571991,0.1771470697302567,0.226193962097168,0.04423538678489364,1.2768710340035283,5.835825526474501,2484.4301268680056,0.08664037988818615,1121.2019982018803,0.22847167572951835,0.20807742951770647,0.3451726031258015,0.04474982158725793,0.003645,-0.5478189356631925,1.0,0.8501352720385812,116.11209737806065,25.467896235405593,0.43848099421362824,1.720563015834207e-11,9.331251126793458e-05,5.949239161896863e-06,0.9995057184438251,10711.379480227213,3.8430944220213603,514306.9612007688,19.535502275950552,0.07634407939388556,0.20717407764016763,0.0,4.179150163177841,-0.5211947229458077,-0.7921495687300495,0.10016429603099825,0.22619814683229494,0.3292962634563446,0.07315282963546309,1.4557867430297182,1.0,0.33189615712938797
"MATLAB 1-22 PM Tue, Sep 10, 2024 Run14 .csv",0,5.961049990948084,2632.619794615924,0.32284471659853775,1228.778505486577,1.8794920786544809,1.1493556698449112,0.6180523699447706,-1.2445124457306527,0.00169,-0.5403006827735534,1.0,-2.433520263502553,515.0901759938188,56.30006755553249,1.2801335515075487,1.17007030296392e-12,0.00047509820667220157,0.00024357070891080403,0.9981033676276255,597.2693931437011,4.077978433336263,364864.3846212183,2.817757307113256,0.03296170655758487,0.05486888738532608,0.0,4.058891391629185,0.7289356570148404,-0.9714529273598194,0.09128731131553659,0.1011794320436624,0.2046907830238342,0.05791981310367172,2.023047361399529,5.864159633410786,2487.088670161158,0.11650224623992572,1146.4458364883747,1.8802389627526916,1.1541413329872556,0.6250258389401055,-1.2623819986451137,0.00154,-0.5492435250471476,1.0,1.6118812738696044,404.90632846233774,54.5959594152439,1.280642258835482,2.4280712342486794e-12,0.0004396667999415882,1.201631565995994e-05,0.9991851588119245,2272.5963364635923,3.5442593074474593,438389.2497361173,3.487124520145413,0.014459750555890197,0.04025532257187887,0.0,4.17650523146365,0.7186762021901927,-0.880337338186377,0.1477150046825409,0.14726720507328325,0.3184945559501648,0.08794045289750863,2.1626984486578342,1.0,0.9337818072425286
"MATLAB 1-23 PM Tue, Sep 10, 2024 Run15 .csv",0,5.991510121210723,2686.758673564269,0.33635672900104685,1212.3532130771453,1.2866501205139433,1.244543071965393,0.8197671739440774,-1.2516937023048746,0.00189,-0.5417251368945589,1.0,-1.2737726367269742,387.6939678678994,54.180550887363964,0.8224209240568198,6.325340573634621e-13,0.0004973196443177385,0.000251510323434749,0.9982395714159039,496.38453823003374,4.347848873546375,277248.0733364205,2.1006581530330366,0.026553551020711066,0.04477211886188125,0.0,2.056122356158843,0.23413855394570096,-1.1687648924194527,0.0725226294994354,0.10690365543732273,0.1951343142986298,0.052975181543354864,1.8253287364250739,5.888298288716662,2510.854179441869,0.12831627569999612,1143.5919146363863,1.287471991082957,1.2492495354584947,0.8266790748195214,-1.2695073176907856,0.001155,-0.5506681144311026,1.0,0.8783977469198109,303.82073096648423,44.652727802298045,0.8229857136538711,1.116576513299673e-12,0.0004305614849899131,1.5409781372024478e-05,0.9990781725465951,2320.4076708579746,3.7899689003205084,321063.8635945558,2.622268959357319,0.011801774301015358,0.03288549848635496,0.0,2.1738602997494594,-0.11011214706236172,-1.2883063779976442,0.10361440420150761,0.13307650465231674,0.2185040664672851,0.05716608672603587,1.6419432343685407,1.0,0.7771502798742156
"MATLAB 1-25 PM Thu, Nov 7, 2024 Run11 .csv",0,5.257913498427458,2052.796226337274,0.21767626444499907,1299.798760222984,0.020926787834068022,-0.24921462254305393,-0.19636802096806072,11.891397808263214,0.0044,2.4568504089844354,0.0,0.028879076657900703,8.117323897422063,9.530536463003578,0.2915072054196006,1.252270330917215e-10,0.0001142275375226177,8.499538004076848e-05,0.9992470764168802,7229.721824008902,4.203266851904787,299788.21001942,46.146475241770794,0.12001490695306259,0.2345829453297315,0.12318840579710146,0.05335332068850185,0.9537975882061596,1.09886847518802,0.04633149266242981,0.16053021232287087,0.2771960639953613,0.031172362270265076,1.7267532384361577,5.5127576848602695,2305.2997797821004,0.08546101068052747,1142.8376260128935,0.022969553229440186,-0.24241044248008764,-0.1895676882126177,11.473632129891776,0.00696,2.447907296184942,0.0,-0.0009253776539106099,6.067946681433044,7.756751269639556,0.31117667278727523,7.712324671258554e-11,0.00011231759610028806,3.200614306125861e-05,0.9990936811594988,8895.255203533834,4.350856046209212,462909.0487274608,41.98001130225275,0.13464010848840596,0.2591220551327095,0.09749303621169916,0.17121536803526838,-0.43359620709439856,-0.47289682441651726,0.03358289480209353,0.1558286397848556,0.2039480090141296,0.023561858413423183,1.3087966967799365,4.0,0.3239405361118686
"MATLAB 1-27 PM Fri, Sep 13, 2024 Run0 .csv",True,0.0,0.0,0.0,0.0,0.0,-0.3220821222347364,-0.2658532167241175,-1.9160594660466685,0.0,-0.54457404513657,0.0,0.0,0.0,0.0,0.0,0.0,0.0,0.0,0.0,-1525.4314969635539,0.0,0.0,0.0,0.0,0.0,0.0,-0.9494157147818396,0.0,0.0,0.0,0.0,0.0,0.0,0.0,0.0,0.0,-0.1469944373906309,0.0,0.0,-0.31730905804031784,-0.2589644520885393,-1.9337612063754794,0.0,-0.5535172931990127,0.0,0.0,0.0,0.0,0.0,0.0,0.0,0.0,0.0,0.0,0.0,0.0,0.0,0.0,0.0,0.0,-0.8314295636789224,0.0,0.0,0.0,0.0,0.0,0.0,0.0,0.0,0.0
"MATLAB 1-28 PM Tue, Oct 29, 2024 Run6 .csv",True,0.0,0.0,0.0,0.0,0.0,-0.32316138669585015,-0.26713841254044784,-1.9232407226208907,0.0,-0.5459984992575756,0.0,0.0,0.0,0.0,0.0,0.0,0.0,0.0,0.0,-1532.7198276833433,0.0,0.0,0.0,0.0,0.0,0.0,-0.952184750252181,0.0,0.0,0.0,0.0,0.0,0.0,0.0,0.0,0.0,-0.14711753595462032,0.0,0.0,-0.31839252215073965,-0.2602612160248021,-1.9408865254211514,0.0,-0.5549418825829677,0.0,0.0,0.0,0.0,0.0,0.0,0.0,0.0,0.0,0.0,0.0,0.0,0.0,0.0,0.0,0.0,-0.8340744953931131,0.0,0.0,0.0,0.0,0.0,0.0,0.0,0.0,0.0
"MATLAB 1-29 PM Thu, Nov 7, 2024 Run12 .csv",0,5.281036348782035,2103.271139742919,0.2118538538391066,1326.2743370409603,0.021586844028522817,-0.2618469012122449,-0.20992360840860663,15.071278205885442,0.0094,2.452577046621419,0.0,-0.07967682164425842,4.8003357919981005,6.00912057567984,0.3459776667959343,1.265787134774853e-10,0.00012367321699979954,7.110206990506321e-05,0.9990466456193231,6538.108266925583,4.5622296712967625,192123.43014359678,11.998591743501228,0.031609066974125966,0.06277837454216496,0.20512820512820512,-0.9549537857225224,-0.29091158336565387,-1.1386661340755064,0.044463634490966894,0.15252995820606455,0.1958314681053161,0.02691913854127286,1.2838885580808472,5.577481925476137,2370.9350095239865,0.08150406557462986,1155.699355941651,0.007414513723298084,-0.26759177578081533,-0.21205798000491413,18.053988373275008,0.0066,2.443633528033077,0.0,-0.029824004953052992,4.069315401016897,6.902329813281178,0.14290501203842584,1.1129614133433298e-10,0.00011668357650097168,2.5094996189604604e-05,0.9990135109330283,8561.732001115932,4.941593279108992,274994.2709195808,10.743771096848345,0.04102089663089131,0.07583150486951715,0.11864406779661017,-0.8367194271073038,-0.023743716845166983,-0.023771104784493957,0.024988144934177448,0.15620726972818372,0.2081816923618316,0.022119095530940894,1.3327272970335413,0.0,0.25939280567785467
"MATLAB 1-30 PM Thu, Oct 31, 2024 Run1 .csv",True,0.0,0.0,0.0,0.0,0.0,-0.32531991561807766,-0.2697088041731085,-1.937603235769335,0.0,-0.5488474074995867,0.0,0.0,0.0,0.0,0.0,0.0,0.0,0.0,0.0,-1547.2964891229217,0.0,0.0,0.0,0.0,0.0,0.0,-0.9577228211928638,0.0,0.0,0.0,0.0,0.0,0.0,0.0,0.0,0.0,-0.14736373308259915,0.0,0.0,-0.32055945037158323,-0.26285474389732777,-1.9551371635124954,0.0,-0.5577910613508779,0.0,0.0,0.0,0.0,0.0,0.0,0.0,0.0,0.0,0.0,0.0,0.0,0.0,0.0,0.0,0.0,-0.8393643588214946,0.0,0.0,0.0,0.0,0.0,0.0,0.0,0.0,0.0
"MATLAB 1-30 PM Tue, Sep 10, 2024 Run16 .csv",0,5.943819102279006,2604.5772640142254,0.30497504186051283,1189.5986872644967,0.19921561514725436,0.2196508194360151,0.3298559994754988,-0.09477524065479259,0.00324,0.4497281383794077,0.16216216216216217,-1.4463426815353364,127.19479552856117,29.332484926385018,0.3648303549567288,1.2344392872372239e-11,0.0002106828892019034,0.000220145424794926,0.9983494892966459,3184.0510184948735,4.30108918805649,559703.9874465184,16.184783098759006,0.17633441815794407,0.3009312055261215,1.0,1.0395081433367948,-0.6809848311619182,1.5903196830935151,0.029385193586349417,0.1915436899984205,0.3085454964637756,0.042867614273833586,1.6108361307350814,5.866089096450061,2528.2264303292213,0.08076555793614565,1132.1876032933303,0.19879599712160836,0.22438208503322382,0.3366984916313471,-0.11225323086940309,0.002535,1.4407843492651673,0.32432432432432434,0.9647709519305921,116.82155641975483,24.348076394994976,0.3640785628828408,2.4045238640857024e-11,9.062232113470944e-05,4.676227387767763e-06,0.9994691375240018,11028.950980391442,3.9337209309566243,674470.4288976527,19.924043819515123,0.0801760332656687,0.22513396619584428,0.7666666666666667,1.1579907094643147,-0.47078353732795186,-0.6042175358151978,0.08932435750961312,0.24576594958434234,0.3224281740188598,0.05932085756363585,1.3119318382557645,0.0,0.34003317679427997
"MATLAB 1-31 PM Tue, Oct 29, 2024 Run7 .csv",0,5.7024668299712165,2228.0870504441787,0.2685828859481679,1288.6824700317752,0.015080536671745687,0.0308516756231641,0.09172080387008552,0.8480435869351188,0.00038666666666666667,0.44830368425840217,0.0,0.6108894868643309,93.14314502131334,19.15870305860564,0.042085595999761305,3.137912549009662e-11,0.00017937253420334724,0.00015491411834535422,0.9993542230529475,4009.516178865276,4.339070827553885,527620.2615312,60.0129268082407,0.28822742845059307,0.48593672216498784,1.0,10.036739107866453,-0.5869362930339933,0.05930944451237208,0.011862216591835062,0.23716251532236732,0.2516834473609924,0.008609518565939911,1.061227770412568,5.8723817031464005,2535.182632841466,0.13434290737945162,1115.7030388091737,0.015396892327995878,0.03555675361927679,0.09845172790609036,0.8306215342490586,0.0005533333333333333,0.4393597598812121,0.0,-0.4160986713497284,65.88189100303155,17.02883079739847,0.0429740921180127,2.9756719110698494e-11,0.00016550775027259962,3.991447266395643e-05,0.9994296029382086,6038.5667818703205,3.8717441563888317,657073.0789447617,53.79359099908057,0.24807935538453388,0.5481666556533531,1.0,7.155345777750124,-0.3310628856529078,-1.3037201374802043,0.0636366492509842,0.22862195283174513,0.273906911611557,0.03232879897163842,1.198077910799491,6.0,0.553570067064734
"MATLAB 1-32 PM Thu, Nov 7, 2024 Run13 .csv",0,5.50295986404006,2239.8501904755717,0.232702978872454,1347.7797218593541,0.021817511334005883,-0.2426304363502781,-0.17476439170964309,10.042053125153098,0.0038,2.4468792301373967,0.08333333333333333,-0.1314144056381244,4.344174568734618,6.316085576180012,0.25390671274513266,8.778922747966142e-11,7.50173673934009e-05,7.683773984553082e-05,0.9989702273142327,11747.357906494968,4.943861133414779,140709.79759994213,9.954327577215327,0.031228437461950052,0.06402476144473479,0.2727272727272727,-0.966029927603888,-0.4227540756008033,-0.11180962508051229,0.007091050148010258,0.15021351397037505,0.1733150064945221,0.014651293210657593,1.1537910399240319,5.704498160478998,2492.183645318192,0.09414051885328018,1122.6611113551128,0.019460598585041733,-0.2561812713341965,-0.20169503576375494,13.02498704265686,0.0052,2.437935170497257,0.0,-0.004984520702643584,3.3559640332657885,5.403691353772816,0.2877570558005649,7.542242769903977e-11,9.477424117214788e-05,2.5220095452232394e-05,0.9990859382626283,10541.7455830418,5.154707176296375,175874.46637695865,8.67446848757896,0.037972914014831056,0.07730089324589631,0.15555555555555556,-0.8472991539640669,0.011072504696267511,-0.4284178264956702,0.018741550445556615,0.15001760411262507,0.1836418783664703,0.01771510221034967,1.2241355236456246,1.0,-0.5194959566929782
"MATLAB 1-32 PM Tue, Jun 4, 2024 Run1.csv",True,0.0,0.0,0.0,0.0,0.0,-0.3296369734625326,-0.27484958743842985,-1.9663282620662237,0.0,-0.554545223983609,0.0,0.0,0.0,0.0,0.0,0.0,0.0,0.0,0.0,-1576.449812002079,0.0,0.0,0.0,0.0,0.0,0.0,-0.9687989630742294,0.0,0.0,0.0,0.0,0.0,0.0,0.0,0.0,0.0,-0.1478561273385568,0.0,0.0,-0.3248933068132705,-0.26804179964237906,-1.9836384396951838,0.0,-0.563489418886698,0.0,0.0,0.0,0.0,0.0,0.0,0.0,0.0,0.0,0.0,0.0,0.0,0.0,0.0,0.0,0.0,-0.8499440856782575,0.0,0.0,0.0,0.0,0.0,0.0,0.0,0.0,0.0
"MATLAB 1-33 PM Tue, Oct 29, 2024 Run8 .csv",0,5.694731198323868,2206.7600741458973,0.25354645247776103,1297.0085103296335,0.0011499999989607046,0.07773376171445945,0.1323152163833456,1.026790514020829,0.0002,0.4440303218953855,0.0,1.0229536857531747,74.48515286446592,14.939810675699851,0.0028155220956778693,3.696486440253231e-11,0.0001424362518474446,0.00015636934461963958,0.9994465266712584,5433.060696815899,4.542748842048409,395843.38087940926,2.250052828767522,0.010814097430115046,0.018508582828133762,1.0,-0.9715679985445708,-0.23076616956789212,-1.4999999999999996,0.010210251212120047,0.22928221424420678,0.2388365411758423,0.008388084397913758,1.0416705977963876,5.9478254135153605,2548.6429928286207,0.12879918316584882,1130.6819237612901,0.003099999997233177,0.08052322871614087,0.1371614360611913,1.009536273920419,0.0002,0.43508599172934703,0.0,-0.5894659944299752,59.87983832424672,14.66175314979709,0.007626076260713006,3.033548134003166e-11,0.00012819332957100807,3.814315101916572e-05,0.9997374281249941,7798.6696458432,4.075771739766416,469408.5307202943,1.9959803901415172,0.00935408608461237,0.021408721474823027,1.0,-0.8525890173924483,-0.18605815299267264,-1.5000000000000002,0.026486383080482456,0.2241823895772298,0.2493079841136932,0.021711498106927397,1.1120765756125897,0.0,0.9997566773873351
"MATLAB 1-34 PM Tue, Jun 11, 2024 Run0 .csv",True,0.0,0.0,0.0,0.0,0.0,-0.3317955023847601,-0.27741997907109056,-1.9806907752146679,0.0,-0.5573941322256201,0.0,0.0,0.0,0.0,0.0,0.0,0.0,0.0,0.0,-1591.0264734416573,0.0,0.0,0.0,0.0,0.0,0.0,-0.9743370340149122,0.0,0.0,0.0,0.0,0.0,0.0,0.0,0.0,0.0,-0.14810232446653562,0.0,0.0,-0.3270602350341141,-0.2706353275149047,-1.997889077786528,0.0,-0.566338597654608,0.0,0.0,0.0,0.0,0.0,0.0,0.0,0.0,0.0,0.0,0.0,0.0,0.0,0.0,0.0,0.0,-0.855233949106639,0.0,0.0,0.0,0.0,0.0,0.0,0.0,0.0,0.0
"MATLAB 1-36 PM Thu, Nov 7, 2024 Run14 .csv",0,5.490895081965969,2250.8606306610395,0.2279427332192682,1348.083717982733,0.030496416155868806,-0.23891476692912578,-0.16970517498400103,8.51265300376626,0.0018,1.4411814136533745,0.0,0.24998254155360378,16.256094027109615,11.141869017777891,0.32456807346625943,5.1590526229927103e-11,0.00011732256845815185,8.845954190070523e-05,0.9993919107656504,6920.011413032874,3.653966606008023,470252.8995838498,8.433575933599466,0.028000802986702347,0.054232162694873506,0.75,-0.9771060694852536,1.3658670871783851,0.7219448849450805,0.02653682231903079,0.15889372905095417,0.2362349045276642,0.02902409476717839,1.4867478152766382,5.850087900730117,2538.3767121656706,0.12244191973217045,1195.1898032112917,0.030520937049004257,-0.23416369922780556,-0.1628820915477916,8.49551063872295,0.00245,0.4322368129614369,0.0,-0.5225410360484407,15.265965062369183,9.482775436312636,0.3247599178127996,2.222290220451149e-11,0.00014635397464414927,2.882761106873351e-05,0.9994312678770831,6828.863174417635,3.620226211584405,703908.6964492719,7.142698106782017,0.023680412139668844,0.06265045229786144,1.0,-0.8578788808208297,0.44919081594158555,-0.4723127857081595,0.02370130181312559,0.1349369112650553,0.1777067542076111,0.01910325893801814,1.3169617752591312,2.0,0.2533820940410081
"MATLAB 1-36 PM Tue, Oct 29, 2024 Run9 .csv",0,5.756141170144572,2226.4199560616003,0.27079951638058664,1305.1112644067607,0.0010374794623959145,0.10054596830836804,0.1544096289113408,0.4049947147213504,0.00032,0.4397569595323688,0.0,0.551432580400495,105.01528966762059,20.81411186202709,0.002387754806247068,2.6338507723531373e-11,0.00017487574446780946,0.00015033278441015964,0.9993516659170499,4109.035387220994,3.909396109074581,556196.1454039322,9.057437696073478,0.040663239295050696,0.06988513549214785,1.0,0.020124895044405067,-0.08188117686019232,-1.21361462997972,0.01776569575071338,0.23088641762733456,0.2457984411716461,0.010415284261662895,1.064585971308111,5.957091289222628,2567.115448712631,0.1394980257743531,1142.191297529095,0.0027132670657816285,0.1057728363599561,0.16117114422766166,0.38790828720659043,0.00036,0.43081222357748183,0.0,-0.4390134036991746,77.584754885142,18.14016858372383,0.006237395559042675,2.525940206764751e-11,0.00017393889284591656,3.3607821759248144e-05,0.9994253031649281,5745.8414665791115,3.398795611230695,533588.7179162635,8.106236764395621,0.03558369892443497,0.08383307518733332,1.0,0.13947618746497947,-0.14444480401089327,-1.4309779720269802,0.05804656803607941,0.23274951030810676,0.276718658208847,0.03334884711385911,1.1889118814580328,0.0,0.8610182120493796
"MATLAB 1-36 PM Tue, Sep 10, 2024 Run18 .csv",0,5.972785380299631,2609.641295678107,0.3410627373381815,1201.5418571965713,0.9078203310673476,0.7947104532289488,0.6892744326156358,-1.1522302941614155,0.001615,-0.5616674945886367,1.0,-1.928894844346979,260.1204865889552,38.001083136056074,0.803563048588037,3.46640566428995e-12,0.0037280621941943874,0.00033340295738684347,0.9947951870653248,-1346.051714747487,3.145669656338151,1194309.535082809,5.977617775179293,0.10656930912542452,0.2087871040587938,0.0,4.017355859574064,-0.14155507584862007,-1.5381380368118653,0.10685343861579889,0.1620323781406178,0.2456885671615601,0.06004698181697439,1.5162930395821401,5.90722966619249,2511.710902900141,0.1360961002886837,1152.7678154665484,0.9081916041161694,0.7994393716316657,0.6960243798120243,-1.169260784147625,0.00105,-0.5706123658064732,1.0,1.384628932392796,256.1724906181126,35.49598508270554,0.803887236045525,7.686982679160654e-12,0.0032303993445855716,3.945665646233444e-05,0.9963019681920167,308.41449056814133,3.064083003665669,1106196.6902816033,7.541371061270927,0.04428223612221597,0.1297796590552495,0.0,3.1368312557507885,-0.5872360353435058,-0.8773568499281934,0.09321428298950188,0.21438653132494756,0.301093339920044,0.06455833309439311,1.4044414920062034,0.0,0.8421395117641586
"MATLAB 1-37 PM Fri, May 31, 2024 Run5 .csv",True,0.0,0.0,0.0,0.0,0.0,-0.33611256022921504,-0.2825607623364119,-2.0094158015115564,0.0,-0.5630919487096423,0.0,0.0,0.0,0.0,0.0,0.0,0.0,0.0,0.0,-1620.1797963208146,0.0,0.0,0.0,0.0,0.0,0.0,-0.9854131758962777,0.0,0.0,0.0,0.0,0.0,0.0,0.0,0.0,0.0,-0.14859471872249327,0.0,0.0,-0.33139409147580134,-0.275822383259956,-2.0263903539692163,0.0,-0.5720369551904282,0.0,0.0,0.0,0.0,0.0,0.0,0.0,0.0,0.0,0.0,0.0,0.0,0.0,0.0,0.0,0.0,-0.865813675963402,0.0,0.0,0.0,0.0,0.0,0.0,0.0,0.0,0.0
"MATLAB 1-38 PM Fri, Sep 13, 2024 Run1 .csv",True,0.0,0.0,0.0,0.0,0.0,-0.33719182469032877,-0.2838459581527423,-2.0165970580857784,0.0,-0.5645164028306479,0.0,0.0,0.0,0.0,0.0,0.0,0.0,0.0,0.0,-1627.4681270406038,0.0,0.0,0.0,0.0,0.0,0.0,-0.9881822113666192,0.0,0.0,0.0,0.0,0.0,0.0,0.0,0.0,0.0,-0.1487178172864827,0.0,0.0,-0.33247755558622316,-0.27711914719621883,-2.0335156730148882,0.0,-0.5734615445743833,0.0,0.0,0.0,0.0,0.0,0.0,0.0,0.0,0.0,0.0,0.0,0.0,0.0,0.0,0.0,0.0,-0.8684586076775928,0.0,0.0,0.0,0.0,0.0,0.0,0.0,0.0,0.0
"MATLAB 1-38 PM Thu, Nov 7, 2024 Run15 .csv",0,5.457528128673019,2276.863175665613,0.2293719941063673,1374.3260153817116,0.012256755496026546,-0.18838775595091256,-0.13118115410548287,4.47654670735033,0.0013,0.4340591430483466,0.0,-0.2832071813123131,25.68581311791783,12.053395803285765,0.08177530639532915,1.9972506006000454e-11,0.00012561500774954226,8.456500974963024e-05,0.9991156563714221,6319.035642969409,3.2222459213380263,420422.8303939978,5.559470457367472,0.017895783346745537,0.03531170523119997,1.0,-0.9909512468369606,1.4930274510652601,0.7019569066795475,0.02384523034095759,0.14065316530374378,0.2069942820072174,0.028072242418568757,1.471664584015642,5.8958496732031325,2587.6043965363638,0.13111200556409797,1222.8926872729771,0.006975846218871585,-0.18230268649733336,-0.12381591126944683,4.459684029949772,0.00135,0.4251138660416617,0.0,0.08753767418441108,25.045379558052534,13.063619742152168,0.0461187563774062,1.17752793926276e-11,0.000241234008634166,2.5139148133440255e-05,0.9988844468800663,4140.728135869455,3.058161188291464,724238.1146667135,4.716183416447734,0.01605758409423916,0.042975061986187404,1.0,-0.8711035393917834,-0.5789953079551114,1.726865836863423,0.011847116947173997,0.17497695592733525,0.2218992376327515,0.022838115425540734,1.2681626357981801,0.0,0.39599582896750685
"MATLAB 1-38 PM Tue, Sep 10, 2024 Run19 .csv",0,5.977135193196546,2699.6718055467854,0.3147675591334799,1177.1156983594706,1.2996047605037304,1.3221223721854218,1.525883648608817,-1.4309565706865155,0.00126,-0.567365311072659,1.0,-3.381695844172478,557.9502546653883,55.006024856214836,0.7822004781207297,1.6950140047489745e-12,0.00034365120368694567,0.00019149891550233598,0.9983571509445892,1263.1018841735759,4.33424978867527,274794.91212349624,2.7867101313182934,0.032138134859702135,0.06103147598987793,0.0,5.006279717692698,-0.06200812563450274,-1.56890620718737,0.10810686975717544,0.13750464638074236,0.2287885308265686,0.06049449196406317,1.6638603628932398,5.933641040967824,2618.286084742677,0.10743692737322771,1146.4477326677818,1.299238858540717,1.3267555147182493,1.5316873233262733,-1.4477633105585253,0.000805,-0.5763107233422934,1.0,2.7266095238376504,483.93423392152647,54.66096529408768,0.7820144815781517,2.928825374119088e-12,0.00027022498781587484,9.084614445961994e-06,0.999104417849912,3697.305811447308,3.7932432208179563,355531.8879205828,3.4459971074956055,0.015994734229999332,0.046368167678596514,0.0,4.126251528894025,0.36037444754687686,-1.3217395085483576,0.1569198444485665,0.18110085447629287,0.3299992001056671,0.09370707754544952,1.8221846664388093,0.0,0.8539962127166041
"MATLAB 1-41 PM Thu, Nov 7, 2024 Run16 .csv",0,5.455778429296464,2306.531959134146,0.21909041904696863,1388.533771104347,0.0019354465516186671,-0.1602481367516813,-0.10760154576051428,3.5619711793886344,0.00086,0.43121023480633547,0.0,-0.41949881337437184,34.236956481326395,13.707757353851036,0.010741650792402895,1.2979849392954874e-11,0.00010232732482369379,6.434963576295526e-05,0.9990532389595725,8113.9753683511735,3.719733089046087,447756.6710612326,9.388298519644572,0.02827990617039869,0.058838394828037044,1.0,0.0035106822223566203,0.5055506412792073,-1.328371185636916,0.016453633010387436,0.12839496344327925,0.1438591337203979,0.009455415739847893,1.1204421876248303,5.822461833580812,2626.4397596723543,0.10998258907304906,1220.8670999329504,0.0008810456431479038,-0.15563535548431046,-0.10090943916378836,3.545220377045175,0.00102,0.42226468727375166,0.0,-0.23888931570506383,33.172418243679175,13.306397912404385,0.004892181467568182,7.81657297257817e-12,0.0001229646882713598,1.863400276700756e-05,0.99890616268345,8123.520473447247,3.2943076411256085,616439.2877423312,7.967217163588456,0.02549302158995803,0.07377350238772477,1.0,0.12360659717983502,-0.7626771490105619,-1.0904136005641858,0.04796980410814283,0.15465531080961226,0.1856825792789459,0.031069130483221248,1.2006220692125447,0.0,-0.9478396710046565
"MATLAB 1-41 PM Tue, Oct 29, 2024 Run10 .csv",0,5.445027475842302,2044.1154501474234,0.23222077197992222,1253.466133869605,0.05397342510033465,-0.1789822160119832,-0.12823674156014486,4.154801923585527,0.00132,2.42978578068533,0.25806451612903225,0.0798307701239103,45.68336599320634,16.63044331156662,0.33208965799321816,4.694909000784619e-10,0.00016812344909564118,0.00012709089675682624,0.9992185332450724,4286.740636808796,3.3052264036169605,425857.47363197856,29.879336155181914,0.12028209512391938,0.19492087466037694,0.1794871794871795,0.0007416467520152681,2.7110488552502408,6.227391710768494,0.0217383480072022,0.23332903646653694,0.4127240490913391,0.04819211205830188,1.7688499268736757,5.885980327680798,2488.1841375182903,0.12849224018305477,1149.3637841814457,0.05445214254811826,-0.17446141217162037,-0.12155620308335163,4.138107058770618,0.00124,2.420840097889797,0.12903225806451613,-0.1173331989460667,26.519460009308727,13.877188057281543,0.3353997080155131,8.830585624165905e-11,9.670297833529854e-05,3.079540213588853e-05,0.999382055228168,10334.553003765897,3.279008031362307,578533.4457161567,22.14876684920528,0.09233625253392222,0.21063659499496734,0.1746031746031746,0.12096166546564435,0.6768019521140842,0.6084570491351342,0.055780014991760274,0.21491493171261203,0.3346203339099884,0.03983755956161165,1.556989694682771,2.0,0.4222049900744404
"MATLAB 1-43 PM Fri, Jun 14, 2024 Run3 .csv",True,0.0,0.0,0.0,0.0,0.0,-0.34258814699589746,-0.29027193723439393,-2.052503340956889,0.0,-0.5716386734356756,0.0,0.0,0.0,0.0,0.0,0.0,0.0,0.0,0.0,-1663.9097806395503,0.0,0.0,0.0,0.0,0.0,0.0,-1.0020273887183262,0.0,0.0,0.0,0.0,0.0,0.0,0.0,0.0,0.0,-0.14933331010642978,0.0,0.0,-0.3378948761383322,-0.28360296687753295,-2.0691422682432483,0.0,-0.5805844914941585,0.0,0.0,0.0,0.0,0.0,0.0,0.0,0.0,0.0,0.0,0.0,0.0,0.0,0.0,0.0,0.0,-0.8816832662485464,0.0,0.0,0.0,0.0,0.0,0.0,0.0,0.0,0.0
"MATLAB 1-43 PM Thu, Oct 31, 2024 Run2 .csv",True,0.0,0.0,0.0,0.0,0.0,-0.3436674114570112,-0.2915571330507243,-2.0596845975311115,0.0,-0.5730631275566812,0.0,0.0,0.0,0.0,0.0,0.0,0.0,0.0,0.0,-1671.1981113593395,0.0,0.0,0.0,0.0,0.0,0.0,-1.0047964241886675,0.0,0.0,0.0,0.0,0.0,0.0,0.0,0.0,0.0,-0.14945640867041918,0.0,0.0,-0.338978340248754,-0.28489973081379577,-2.0762675872889207,0.0,-0.5820090808781135,0.0,0.0,0.0,0.0,0.0,0.0,0.0,0.0,0.0,0.0,0.0,0.0,0.0,0.0,0.0,0.0,-0.8843281979627372,0.0,0.0,0.0,0.0,0.0,0.0,0.0,0.0,0.0
"MATLAB 1-43 PM Tue, Oct 29, 2024 Run11 .csv",0,5.580144545962247,2148.9234294218354,0.24498759878114845,1313.2175172915095,0.05592870768615121,-0.1822027736234137,-0.13774232900379502,4.133165151554309,0.00417,2.425512418322313,0.18548387096774194,0.06992766667987367,40.5318384023922,17.183939466620032,0.34408370228952584,2.3315981699961003e-10,0.00015780025600297266,0.00012994454183930257,0.9990279202142669,4652.478700305983,3.416674347524641,418356.44193684385,114.27278754939464,0.4961101380292895,0.7864941192447513,0.11834319526627218,2.992434540340991,2.9595883553939757,11.871715472606816,0.02280817389488224,0.22768044283313135,0.4126848542690277,0.03479322767451394,1.8125617164733265,5.8662629450339985,2497.334793538696,0.1243006111127048,1169.8222314749617,0.057323676503900294,-0.1801186045011799,-0.13239649488701888,4.216638599416335,0.006545,2.4165663297379316,0.11904761904761904,-0.10943340047497203,24.385431048520154,12.375696121345916,0.3584002105422086,7.069372193068567e-11,0.00010676064434610984,2.828827177949026e-05,0.999286165476956,9360.0612060503,3.347422708299493,588772.3213571894,92.35936589310424,0.36901262118923855,0.875001120826389,0.14054054054054055,4.113026870323072,-0.22679459189553755,-0.5572091715355336,0.05754587024450303,0.21442710121472677,0.3035902428627014,0.03616121948817594,1.4158203004324854,6.0,0.145045680269313
"MATLAB 1-44 PM Thu, Nov 7, 2024 Run17 .csv",0,5.444256113964105,2334.7845180519394,0.21589265712559577,1415.603556245973,0.0016408583104951008,-0.1510539405516472,-0.09922752485607961,3.1260568960034467,0.0007,0.4240879642013077,0.0,-0.2344881353269805,35.30729736433494,14.302075103595227,0.008424508204195458,1.1792082346281312e-11,0.00013248656569196093,6.126842063742102e-05,0.999345646229455,5857.221311445522,3.8415616241817836,553835.0515883862,8.444641614828054,0.026467746728037683,0.05548839996412881,1.0,-0.010334495129350252,-0.06171605265639978,-1.103793761360205,0.012297054231166824,0.12816328786886652,0.1399640679359436,0.007177622436656616,1.0920761339951839,5.861032263244305,2621.399863188087,0.11988459255161077,1243.949931294659,0.0007177074606463412,-0.1463092686420629,-0.09279325885797424,3.109585781302737,0.00084,0.41514174035397644,0.0,-0.48157182334975335,37.44805392085112,14.496469806085825,0.0036836491268638387,6.135925767249444e-12,0.00017922103329300103,1.8134884269036046e-05,0.9991449945274478,5574.931558920247,3.4331847830178424,665637.9662194757,7.059588938215602,0.022178606905768925,0.06626301756054027,1.0,0.11038193860888135,-0.3010651705910252,-1.3491058343054845,0.05536429286003111,0.14178768983254064,0.1769845414161682,0.027977547156685288,1.24823630052226,0.0,-0.9004791594517875
"MATLAB 1-45 PM Thu, Oct 31, 2024 Run3 .csv",0,5.490287146389974,2294.8267703610213,0.25596270994833725,1309.5507627432146,0.7553088735850362,6.786428122158375,6.8839872731225435,-1.947894589356021,1e-05,-0.5773364899196979,1.0,-1.055159335739386,1390.0801594944178,76.32296344658545,0.10588442162464097,3.3954828676812053e-12,0.0007233468412014468,0.00016173614534690392,0.9984598185015541,-312.72968443145874,4.140722036536616,401607.33640190144,3.4339845844506893,0.023919047108761197,0.03829192309251811,0.0,5.986896469400309,-0.5404353820209236,-1.0850747804762517,0.009051594436168653,0.2702478179335594,0.2794115352630615,0.00802591553803905,1.033908571027778,6.026204713425923,2732.741336363603,0.2006522765716566,1111.3689799748652,0.7546082965253376,6.791104594418714,6.889009971001108,-1.96430976652818,1.3333333333333333e-05,-0.5862828490299786,1.0,-0.18256071275650937,642.1651580636956,65.60550562288164,0.10578620988721274,1.1053864930539311e-12,0.0015352508937162479,4.017839907533705e-05,0.9974857410216036,649.7216481711839,3.3202386147959513,653416.5182683461,2.1049018576636733,0.011578479381073965,0.03862061120432693,0.0,5.10773700689469,0.07856278408489062,-1.8100791513427166,0.05593615174293523,0.24694248020648957,0.2872839117050171,0.032230933673212434,1.1633636766942432,0.0,-0.4125885636838921
"MATLAB 1-45 PM Tue, Oct 22, 2024 Run0 .csv",True,0.0,0.0,0.0,0.0,0.0,-0.34798446930146615,-0.29669791631604564,-2.088409623828,0.0,-0.5787609440407034,0.0,0.0,0.0,0.0,0.0,0.0,0.0,0.0,0.0,-1700.3514342384965,0.0,0.0,0.0,0.0,0.0,0.0,-1.0158725660700332,0.0,0.0,0.0,0.0,0.0,0.0,0.0,0.0,0.0,-0.14994880292637683,0.0,0.0,-0.3433121966904412,-0.29008678655884707,-2.104768863471609,0.0,-0.5877074384139337,0.0,0.0,0.0,0.0,0.0,0.0,0.0,0.0,0.0,0.0,0.0,0.0,0.0,0.0,0.0,0.0,-0.8949079248195001,0.0,0.0,0.0,0.0,0.0,0.0,0.0,0.0,0.0
"MATLAB 1-45 PM Tue, Oct 29, 2024 Run12 .csv",0,5.565582953036417,2140.1069689656492,0.24931273108713117,1313.852111070098,0.05970586070606608,-0.18741657943455206,-0.14768311226621944,4.104440125257421,0.00254,1.419814601838291,0.8306451612903226,0.04881879037477118,39.75460465236528,18.018206965894937,0.36935918206704693,1.9539559273505782e-10,0.0003180108482234675,0.00013792352042514612,0.9987581810223684,1433.0020923928723,3.5186482737245046,496771.93189423514,115.85680871149944,0.5017888585319448,0.8393869881236411,0.5217391304347826,3.9813583984596255,3.372971048738331,13.158126501859797,0.02039480090141299,0.22791004137646767,0.446060209274292,0.03971521714130274,1.9571766411883462,5.890918774390852,2498.288275268972,0.14801950935210711,1181.0570882165612,0.059084114730388174,-0.18405211255612564,-0.13738355063156038,4.1381370731880045,0.00218,2.4108679722021114,0.208,-0.059270248719037404,23.687159977335426,11.108370275353135,0.3684845157611595,6.223761723260185e-11,0.0005379795172081468,3.12700899667919e-05,0.9987621893202682,1856.505977222628,3.5087821949116687,643202.3436119158,92.52113840167578,0.35748389001876624,0.9842514413775278,0.2080536912751678,3.1024471434663092,-0.3704833123018631,-1.0698393549639993,0.061972154378891,0.21437483410835265,0.2711118710041046,0.03643536518812294,1.2646627675852804,5.0,-0.13965886133220037
"MATLAB 1-48 PM Thu, Nov 7, 2024 Run18 .csv",0,5.441869789264736,2360.071326280172,0.22445020770664284,1405.2653067049903,0.03167817660975448,0.862832000702596,0.9109816909789296,-1.1027521356912515,0.0001,0.41839014771728544,0.0,-0.7945466842596275,204.36705625716243,33.35866099711631,0.026116100198104335,1.5503370769590795e-12,0.0004116445811491156,5.6945625701195484e-05,0.9988407608687806,711.5359138334627,3.8450987042552156,667154.0814775785,1.4026019483266667,0.004748528418649248,0.010485279035990313,1.0,-1.0214106370107159,0.553049778495335,-1.2779533496539637,0.007223412990570097,0.12176070737838743,0.1302064847946167,0.005247773623802958,1.0693637348047174,5.893904213542322,2718.724948354087,0.13697071559466162,1223.831598593659,0.03163577876894962,0.8666708740157315,0.9188196844951557,-1.1189995002777604,0.00014,0.4094433828181563,0.0,0.25471975837862393,167.5976307160028,29.946280289593208,0.02609889765866709,8.610920314787236e-13,0.0007289373260343316,1.9151196799598082e-05,0.9982233249547894,1369.4227052214019,3.290925609117349,618818.5041169947,1.1246899968842026,0.004663520033939877,0.013938133915334293,1.0,0.09980221175211845,-0.8418449037117091,-0.8864701070168386,0.0351281988620758,0.14818418598175045,0.1713411295413971,0.027612602460281188,1.156271355180225,0.0,-0.0941743755697961
"MATLAB 1-50 PM Thu, Nov 7, 2024 Run19 .csv",0,5.526035120055369,2471.3407034859683,0.2653869805162074,1424.6576620831554,0.6989600951792623,8.61301106268342,8.812046488120114,-1.9766196156529092,1.3333333333333333e-05,-0.5830343064037201,1.0,1.3582456232998183,715.7417692545115,71.44440799988007,0.07797209976688674,1.292932429450729e-13,0.0026305054091087694,0.0001006455710887502,0.996582727412002,-1343.3604377497932,4.021081163919588,459511.8720983203,0.8125252885977888,0.004736239602572622,0.015522907767607558,0.0,5.975820327518942,0.9095971382744619,-0.8952928148262678,0.004567963778972672,0.10814606457948683,0.1151241886615753,0.004195063757698169,1.0645249932045338,5.9627249345271895,2779.3858907355343,0.19121553731822286,1217.0492983819008,0.6970227648060707,8.617670736346525,8.818622913517514,-1.992811042710868,1.3333333333333333e-05,-0.5919812065657988,1.0,-2.4766999974781347,361.4890039489923,62.57659895791364,0.0777559819682001,7.61942812407294e-14,0.005981759192095561,7.222027776099351e-05,0.9932141594068548,166.04047864703605,3.207058948867919,673397.5221516066,0.6451659991884466,0.004244921189686141,0.011544075074651328,0.0,1.0971572800379277,0.010255458391040433,-1.9851775207998417,0.037587352693080944,0.1102127882838249,0.131129812002182,0.019320269789254454,1.189787628496347,0.0,0.4680455349753827
"MATLAB 1-51 PM Tue, Oct 15, 2024 Run0 .csv",0,5.823920065280073,2433.3073234322637,0.3876433708051533,1256.0171189488808,0.0,-0.3523015271459211,-0.301838699581367,-2.1171346501248887,0.0,-0.5844587605247257,0.0,0.0,0.0,0.0,0.0,0.0,0.0,0.0,0.0,-1729.5047571176538,0.0,0.0,0.0,0.0,0.0,0.0,-1.0269487079513988,0.0,0.0,0.0,0.0,0.0,0.0,0.0,5.812698828153014,2021.0805007444762,0.2687446001180005,1341.996293977003,0.0,-0.3476460531321285,-0.29527384230389836,-2.133270139654297,0.0,-0.5934057959497538,0.0,0.0,0.0,0.0,0.0,0.0,0.0,0.0,0.0,0.0,0.0,0.0,0.0,0.0,0.0,0.0,-0.9054876516762631,0.0,0.0,0.0,0.0,0.0,0.0,0.0,0.0,1.0
"MATLAB 1-51 PM Tue, Oct 29, 2024 Run13 .csv",0,5.629095667631356,2154.0332285775585,0.24446173073543498,1311.166884465953,0.06607293642549388,-0.17601142239513806,-0.11642389556312621,3.475712098412825,0.001575,1.4141167853542687,0.05357142857142857,-0.23352305001319915,46.78776595212256,19.141702988820576,0.37251604783325876,1.4451125909695685e-10,0.0001596074073897758,0.00010919170985825248,0.9991697867648638,4523.378686802065,3.5847329047459424,416761.2181148822,102.71921712051281,0.40168444834371425,0.6762284783393762,0.7204301075268817,1.9702822565782598,3.83094111223123,17.479582635282366,0.014176959991455101,0.21913587644696234,0.3988073170185089,0.030083138907907262,1.8199088322948918,5.909881929913928,2539.288495974113,0.12240814961458785,1199.2481352739505,0.06726353385641536,-0.1713727606432549,-0.10617060640971587,3.4596325464119664,0.0018,1.405169614666291,0.026785714285714284,0.057726093237978074,28.182558015063133,15.14832490999192,0.3792555476664743,5.202777960759448e-11,0.00013038164940516058,1.8267968064216303e-05,0.9993207023099083,7664.580919700765,3.452343455900933,587525.0104216643,83.58742349232628,0.2999461149468078,0.8138504361208008,0.7263157894736842,2.091867416609546,0.04996163436720586,-0.012684479498338952,0.06302414983510973,0.2215835563838482,0.3513629484176636,0.03622661325079165,1.5856905365712208,2.0,0.4978667402484103
"MATLAB 1-52 PM Fri, Jun 14, 2024 Run4 .csv",True,0.0,0.0,0.0,0.0,0.0,-0.3544600560681486,-0.30440909121402765,-2.1314971632733326,0.0,-0.5873076687667368,0.0,0.0,0.0,0.0,0.0,0.0,0.0,0.0,0.0,-1744.0814185572322,0.0,0.0,0.0,0.0,0.0,0.0,-1.0324867788920815,0.0,0.0,0.0,0.0,0.0,0.0,0.0,0.0,0.0,-0.15068739431031333,0.0,0.0,-0.34981298135297206,-0.297867370176424,-2.1475207777456413,0.0,-0.596254974717664,0.0,0.0,0.0,0.0,0.0,0.0,0.0,0.0,0.0,0.0,0.0,0.0,0.0,0.0,0.0,0.0,-0.9107775151046446,0.0,0.0,0.0,0.0,0.0,0.0,0.0,0.0,0.0
"MATLAB 1-53 PM Tue, Oct 29, 2024 Run14 .csv",0,4.902515817291889,1812.088977896544,0.18706914230011126,1072.146497731243,0.02110242852037765,-0.051286195798550316,-0.001944287298830838,1.1613545834035492,0.00254,1.4112678771122575,0.0,-0.529292005325064,81.07647588308909,19.054045431621827,0.0693581324400693,9.093422247834987e-10,0.00018239809361698473,0.00013274450150547394,0.9993753037298938,3727.718786749393,3.8314958720739076,483569.8402090831,54.09164964266667,0.21606164830006244,0.33408565888005665,0.53125,-0.035255814362422866,0.48684299560584055,-1.382703355474848,0.12798651576042178,0.2779395000139872,0.4239793884754181,0.0790670076724783,1.5254376886123833,6.0693677246822775,2528.494699525648,0.16658865301519135,1124.161301699733,0.02185482259480271,-0.04656832073274819,0.002935865620973588,1.145386906459791,0.00143,0.40232043589838107,0.0,0.12388858070301494,51.79631603572137,17.355179642384826,0.07181335150717978,5.851926317864137e-11,0.0001621038941073024,3.706875965746994e-05,0.9993656712722725,6164.970167902051,3.47397505517909,645850.5760597594,24.63425392429237,0.1138333259258109,0.28916907475766557,1.0,1.0865775531811646,0.07576932246219936,0.21194157662656732,0.05028438687324521,0.23304846088091535,0.3326740860939026,0.038814599015679276,1.4274888786495552,1.0,0.3102124386945363
"MATLAB 1-54 PM Tue, Oct 29, 2024 Run15 .csv",0,5.564215288361853,2029.1234445106043,0.24506185461907345,1287.1845622983524,0.006199999994486199,-0.028518585281074815,0.02112051686261296,0.8544403562394978,0.0007,0.4098434229912521,0.0,-0.6747575489175724,80.55782287643245,18.999428636101484,0.01889667784205864,3.9449329281748105e-11,0.0001934195940438586,0.00010450897976611708,0.9990207016917059,3406.385857925912,3.5368689356667335,411509.54019626795,3.5341727718502787,0.011280385371597321,0.01962914504379816,1.0,-1.0380248498327644,0.6893558936981833,-1.5000000000000004,0.036572945713996885,0.21799367705980935,0.2647340381145477,0.03314321813315055,1.2144115447986803,5.772652970067892,2421.980568380241,0.1130150671698209,1227.8776634855137,0.008349999992580764,-0.021529909866596364,0.02998910165826968,0.8385286168242896,0.0004,0.400895846514426,0.0,-0.014917446857392462,52.60679785803528,13.17678703901888,0.02526857315775129,3.639018263815582e-11,0.00021404327125868657,1.4795288448717467e-05,0.9992793161377247,4668.585516664171,3.2272378260710464,517796.89238954993,3.037057234970415,0.008428142881512916,0.02393563893159417,1.0,-0.916067378533026,-0.39597849429452875,-1.5000000000000013,0.02660107612609866,0.21438518325487768,0.2379029333591461,0.022153072761089417,1.1096985796649421,0.0,0.7979682832260699
"MATLAB 1-55 PM Fri, Jun 14, 2024 Run5 .csv",True,0.0,0.0,0.0,0.0,0.0,-0.35769784945148986,-0.30826467866301865,-2.1530409329959994,0.0,-0.5915810311297535,0.0,0.0,0.0,0.0,0.0,0.0,0.0,0.0,0.0,-1765.9464107166,0.0,0.0,0.0,0.0,0.0,0.0,-1.0407938853031058,0.0,0.0,0.0,0.0,0.0,0.0,0.0,0.0,0.0,-0.15105669000228156,0.0,0.0,-0.3530633736842375,-0.3017576619852125,-2.1688967348826576,0.0,-0.6005287428695291,0.0,0.0,0.0,0.0,0.0,0.0,0.0,0.0,0.0,0.0,0.0,0.0,0.0,0.0,0.0,0.0,-0.9187123102472168,0.0,0.0,0.0,0.0,0.0,0.0,0.0,0.0,0.0
"MATLAB 1-55 PM Mon, Oct 28, 2024 Run0 .csv",0,5.993953420271032,2491.0759486572224,0.4630812478372638,1429.328686395303,0.0,-0.3587771139126036,-0.309549874479349,-2.1602221895702214,0.0,-0.593005485250759,0.0,0.0,0.0,0.0,0.0,0.0,0.0,0.0,0.0,-1773.2347414363894,0.0,0.0,0.0,0.0,0.0,0.0,-1.0435629207734471,0.0,0.0,0.0,0.0,0.0,0.0,0.0,6.188424671360297,2288.2961714093453,0.41158407748693515,1375.508847272243,0.0,-0.35414683779465933,-0.3030544259214753,-2.1760220539283295,0.0,-0.6019533322534841,0.0,0.0,0.0,0.0,0.0,0.0,0.0,0.0,0.0,0.0,0.0,0.0,0.0,0.0,0.0,0.0,-0.9213572419614076,0.0,0.0,0.0,0.0,0.0,0.0,0.0,0.0,0.0
"MATLAB 1-56 PM Thu, Oct 24, 2024 Run0 .csv",0,5.4708641195204555,2448.9271971370435,0.3031194726049525,1213.7397925720895,0.0,-0.3598563783737173,-0.31083507029567936,-2.1674034461444434,0.0,-0.5944299393717646,0.0,0.0,0.0,0.0,0.0,0.0,0.0,0.0,0.0,-1780.5230721561786,0.0,0.0,0.0,0.0,0.0,0.0,-1.0463319562437885,0.0,0.0,0.0,0.0,0.0,0.0,0.0,5.916657543844849,2239.3201075350025,0.28810277538106377,1245.3035295308946,0.0,-0.3552303019050811,-0.3043511898577381,-2.183147372974002,0.0,-0.6033779216374391,0.0,0.0,0.0,0.0,0.0,0.0,0.0,0.0,0.0,0.0,0.0,0.0,0.0,0.0,0.0,0.0,-0.9240021736755983,0.0,0.0,0.0,0.0,0.0,0.0,0.0,0.0,0.0
"MATLAB 1-59 PM Tue, Oct 22, 2024 Run1 .csv",True,0.0,0.0,0.0,0.0,0.0,-0.36093564283483104,-0.31212026611200966,-2.1745847027186658,0.0,-0.5958543934927701,0.0,0.0,0.0,0.0,0.0,0.0,0.0,0.0,0.0,-1787.8114028759678,0.0,0.0,0.0,0.0,0.0,0.0,-1.04910099171413,0.0,0.0,0.0,0.0,0.0,0.0,0.0,0.0,0.0,-0.1514259856942498,0.0,0.0,-0.3563137660155029,-0.30564795379400095,-2.190272692019674,0.0,-0.6048025110213942,0.0,0.0,0.0,0.0,0.0,0.0,0.0,0.0,0.0,0.0,0.0,0.0,0.0,0.0,0.0,0.0,-0.926647105389789,0.0,0.0,0.0,0.0,0.0,0.0,0.0,0.0,0.0
"MATLAB 1-59 PM Tue, Oct 29, 2024 Run16 .csv",0,5.547537368796647,2114.786941742135,0.2348560011703558,1262.5422760303393,0.007365063921575257,0.03998509234827374,0.0862445377184275,0.31825904317007003,0.00064,0.4027211523862243,0.0,-0.8819611479429887,104.59271722386309,20.391458194432282,0.018321054547496392,6.005459029408855e-11,0.00015851597623820285,9.465836089962376e-05,0.9991897022194481,4508.3008821122785,4.139603209225781,539939.0743502462,23.081501502591447,0.08921642352805888,0.15795429085055412,1.0,3.9481299728155284,0.33981889956276423,-0.5592194313786099,0.030172945261001505,0.2245182228088379,0.2800772047042847,0.025300026426134426,1.2474586748477496,5.936943642373537,2626.722129836289,0.1256453492232204,1172.775495274946,0.00794957086692056,0.044965269517971584,0.09385528191460013,0.30262699139761207,0.00061,0.3937728995946508,0.0,0.5145706023458682,64.97303231258255,17.150680162446378,0.01975723600970812,2.5477999510248856e-11,0.00017843706012530189,1.3651070560528183e-05,0.9992737088310836,5600.146674291622,3.415362432516726,661601.8562047665,16.716144068541865,0.06971958365937395,0.19610946556462622,1.0,3.0707079628960203,-0.8116260488475697,-0.49193390382584967,0.04569088220596321,0.23340593791007994,0.2670118355751038,0.03229149144848713,1.143980474386948,0.0,0.5501264755074604
"MATLAB 10-49 AM Tue, Jun 4, 2024 Run0 .csv",True,0.0,0.0,0.0,0.0,0.0,-0.3630941717570585,-0.31469065774467037,-2.1889472158671097,0.0,-0.5987033017347813,0.0,0.0,0.0,0.0,0.0,0.0,0.0,0.0,0.0,-1802.3880643155464,0.0,0.0,0.0,0.0,0.0,0.0,-1.0546390626548128,0.0,0.0,0.0,0.0,0.0,0.0,0.0,0.0,0.0,-0.15167218282222864,0.0,0.0,-0.35848069423634654,-0.3082414816665266,-2.2045233301110176,0.0,-0.6076516897893043,0.0,0.0,0.0,0.0,0.0,0.0,0.0,0.0,0.0,0.0,0.0,0.0,0.0,0.0,0.0,0.0,-0.9319369688181705,0.0,0.0,0.0,0.0,0.0,0.0,0.0,0.0,0.0
"MATLAB 11-16 AM Wed, Mar 6, 2024 Run0 .csv",True,0.0,0.0,0.0,0.0,0.0,-0.3641734362181723,-0.31597585356100066,-2.196128472441332,0.0,-0.6001277558557868,0.0,0.0,0.0,0.0,0.0,0.0,0.0,0.0,0.0,-1809.6763950353356,0.0,0.0,0.0,0.0,0.0,0.0,-1.0574080981251541,0.0,0.0,0.0,0.0,0.0,0.0,0.0,0.0,0.0,-0.15179528138621806,0.0,0.0,-0.35956415834676836,-0.3095382456027894,-2.21164864915669,0.0,-0.6090762791732593,0.0,0.0,0.0,0.0,0.0,0.0,0.0,0.0,0.0,0.0,0.0,0.0,0.0,0.0,0.0,0.0,-0.9345819005323612,0.0,0.0,0.0,0.0,0.0,0.0,0.0,0.0,0.0
"MATLAB 11-23 AM Wed, Mar 6, 2024 Run1.csv",True,0.0,0.0,0.0,0.0,0.0,-0.365252700679286,-0.317261049377331,-2.203309729015554,0.0,-0.6015522099767924,0.0,0.0,0.0,0.0,0.0,0.0,0.0,0.0,0.0,-1816.964725755125,0.0,0.0,0.0,0.0,0.0,0.0,-1.0601771335954955,0.0,0.0,0.0,0.0,0.0,0.0,0.0,0.0,0.0,-0.15191837995020746,0.0,0.0,-0.3606476224571902,-0.31083500953905224,-2.218773968202362,0.0,-0.6105008685572143,0.0,0.0,0.0,0.0,0.0,0.0,0.0,0.0,0.0,0.0,0.0,0.0,0.0,0.0,0.0,0.0,-0.937226832246552,0.0,0.0,0.0,0.0,0.0,0.0,0.0,0.0,0.0
"MATLAB 11-25 AM Wed, Mar 6, 2024 Run2.csv",True,0.0,0.0,0.0,0.0,0.0,-0.36633196514039973,-0.31854624519366137,-2.210490985589776,0.0,-0.6029766640977979,0.0,0.0,0.0,0.0,0.0,0.0,0.0,0.0,0.0,-1824.2530564749143,0.0,0.0,0.0,0.0,0.0,0.0,-1.062946169065837,0.0,0.0,0.0,0.0,0.0,0.0,0.0,0.0,0.0,-0.1520414785141969,0.0,0.0,-0.361731086567612,-0.31213177347531507,-2.225899287248034,0.0,-0.6119254579411694,0.0,0.0,0.0,0.0,0.0,0.0,0.0,0.0,0.0,0.0,0.0,0.0,0.0,0.0,0.0,0.0,-0.9398717639607427,0.0,0.0,0.0,0.0,0.0,0.0,0.0,0.0,0.0
"MATLAB 11-27 AM Wed, Mar 6, 2024 Run3.csv",True,0.0,0.0,0.0,0.0,0.0,-0.3674112296015135,-0.3198314410099917,-2.2176722421639985,0.0,-0.6044011182188035,0.0,0.0,0.0,0.0,0.0,0.0,0.0,0.0,0.0,-1831.5413871947035,0.0,0.0,0.0,0.0,0.0,0.0,-1.0657152045361784,0.0,0.0,0.0,0.0,0.0,0.0,0.0,0.0,0.0,-0.15216457707818629,0.0,0.0,-0.3628145506780338,-0.3134285374115779,-2.2330246062937062,0.0,-0.6133500473251244,0.0,0.0,0.0,0.0,0.0,0.0,0.0,0.0,0.0,0.0,0.0,0.0,0.0,0.0,0.0,0.0,-0.9425166956749335,0.0,0.0,0.0,0.0,0.0,0.0,0.0,0.0,0.0
"MATLAB 11-34 AM Tue, Mar 5, 2024 Run0 .csv",True,0.0,0.0,0.0,0.0,0.0,-0.36849049406262724,-0.321116636826322,-2.2248534987382205,0.0,-0.605825572339809,0.0,0.0,0.0,0.0,0.0,0.0,0.0,0.0,0.0,-1838.829717914493,0.0,0.0,0.0,0.0,0.0,0.0,-1.0684842400065198,0.0,0.0,0.0,0.0,0.0,0.0,0.0,0.0,0.0,-0.1522876756421757,0.0,0.0,-0.3638980147884556,-0.3147253013478407,-2.240149925339378,0.0,-0.6147746367090795,0.0,0.0,0.0,0.0,0.0,0.0,0.0,0.0,0.0,0.0,0.0,0.0,0.0,0.0,0.0,0.0,-0.9451616273891241,0.0,0.0,0.0,0.0,0.0,0.0,0.0,0.0,0.0
"MATLAB 11-35 AM Fri, May 31, 2024 Run0 .csv",True,0.0,0.0,0.0,0.0,0.0,-0.36956975852374097,-0.3224018326426524,-2.2320347553124424,0.0,-0.6072500264608146,0.0,0.0,0.0,0.0,0.0,0.0,0.0,0.0,0.0,-1846.118048634282,0.0,0.0,0.0,0.0,0.0,0.0,-1.071253275476861,0.0,0.0,0.0,0.0,0.0,0.0,0.0,0.0,0.0,-0.1524107742061651,0.0,0.0,-0.3649814788988774,-0.31602206528410354,-2.24727524438505,0.0,-0.6161992260930345,0.0,0.0,0.0,0.0,0.0,0.0,0.0,0.0,0.0,0.0,0.0,0.0,0.0,0.0,0.0,0.0,-0.9478065591033149,0.0,0.0,0.0,0.0,0.0,0.0,0.0,0.0,0.0
"MATLAB 11-51 AM Tue, Mar 5, 2024 Run1 .csv",True,0.0,0.0,0.0,0.0,0.0,-0.3706490229848547,-0.32368702845898273,-2.239216011886665,0.0,-0.6086744805818202,0.0,0.0,0.0,0.0,0.0,0.0,0.0,0.0,0.0,-1853.4063793540713,0.0,0.0,0.0,0.0,0.0,0.0,-1.0740223109472025,0.0,0.0,0.0,0.0,0.0,0.0,0.0,0.0,0.0,-0.15253387277015454,0.0,0.0,-0.3660649430092992,-0.31731882922036636,-2.254400563430722,0.0,-0.6176238154769895,0.0,0.0,0.0,0.0,0.0,0.0,0.0,0.0,0.0,0.0,0.0,0.0,0.0,0.0,0.0,0.0,-0.9504514908175057,0.0,0.0,0.0,0.0,0.0,0.0,0.0,0.0,0.0
"MATLAB 11-55 AM Tue, Sep 10, 2024 Run0 .csv",True,0.0,0.0,0.0,0.0,0.0,-0.3717282874459684,-0.324972224275313,-2.2463972684608873,0.0,-0.6100989347028257,0.0,0.0,0.0,0.0,0.0,0.0,0.0,0.0,0.0,-1860.6947100738607,0.0,0.0,0.0,0.0,0.0,0.0,-1.076791346417544,0.0,0.0,0.0,0.0,0.0,0.0,0.0,0.0,0.0,-0.15265697133414394,0.0,0.0,-0.367148407119721,-0.3186155931566292,-2.2615258824763944,0.0,-0.6190484048609446,0.0,0.0,0.0,0.0,0.0,0.0,0.0,0.0,0.0,0.0,0.0,0.0,0.0,0.0,0.0,0.0,-0.9530964225316965,0.0,0.0,0.0,0.0,0.0,0.0,0.0,0.0,0.0
"MATLAB 12-00 PM Tue, Sep 10, 2024 Run1 .csv",True,0.0,0.0,0.0,0.0,0.0,-0.37280755190708215,-0.3262574200916434,-2.2535785250351092,0.0,-0.6115233888238313,0.0,0.0,0.0,0.0,0.0,0.0,0.0,0.0,0.0,-1867.98304079365,0.0,0.0,0.0,0.0,0.0,0.0,-1.0795603818878854,0.0,0.0,0.0,0.0,0.0,0.0,0.0,0.0,0.0,-0.15278006989813336,0.0,0.0,-0.36823187123014284,-0.319912357092892,-2.2686512015220663,0.0,-0.6204729942448997,0.0,0.0,0.0,0.0,0.0,0.0,0.0,0.0,0.0,0.0,0.0,0.0,0.0,0.0,0.0,0.0,-0.9557413542458871,0.0,0.0,0.0,0.0,0.0,0.0,0.0,0.0,0.0
"MATLAB 12-04 PM Thu, Nov 7, 2024 Run0 .csv",0,5.633234971408024,2545.5399976762797,0.289777408929829,1185.196240739115,0.0679438595277998,0.6740298493682291,0.7131073831689143,-1.3107550307421278,9.5e-05,0.38705215705516316,0.10526315789473684,2.334393341745036,251.69059878737968,34.645080672861134,0.06483708270833936,8.701201310366623e-12,0.0003667129449156318,0.0040314521738401094,0.9954611523522415,839.2800675726921,4.174799972082886,483667.3141270217,13.427097600002293,0.8966438937258422,0.20452268072746393,1.0,0.9176705826417733,-0.35316336615871274,-1.6186300689507465,0.06401703178882595,0.2675560315031755,0.3029065823554993,0.02988320427651108,1.1321239168248922,5.834152494788426,2173.2808389957936,0.24571800154504647,1204.667893235441,0.06797667281888893,0.6786013303958607,0.7194408780477299,-1.3257717697005353,9.5e-05,0.3781024163711453,0.10526315789473684,1.316589818373717,185.6107540964575,33.884208480072594,0.06486839559051978,3.694071425113625e-12,0.0005457658179767901,0.010244887091112834,0.9871552500828236,1808.7524311110385,3.463441115871929,398031.11975168926,17.65914871980288,1.503753946961785,0.07349826703475658,1.0,2.041613714039922,-0.486340602287847,-1.2995893993359693,0.06857583940029138,0.20963281386776975,0.2546050679683685,0.039366333451907924,1.214528695536024,0.0,-0.5572220717920899
"MATLAB 12-06 PM Thu, Nov 7, 2024 Run1 .csv",0,5.704583729082996,2535.654795270802,0.330258161207247,1194.4633320827127,0.1372394527719493,0.4370755851164296,0.44892218758478697,-1.0179347870424966,0.000155,-0.6143722970658424,1.0,1.375959158863729,183.74061087019953,30.078952110079438,0.16900543226696899,1.1061082026303482e-11,0.0020917229304052974,0.003687457811445767,0.9939412497557879,-1407.381448312572,4.119441109114203,984933.2518379813,18.17575524643463,1.1104646899550363,0.3767061064202091,0.0,0.9149015471714319,0.4996520119837327,-1.1872313352615753,0.0468917858600616,0.2552633610725403,0.3059470725059509,0.027510403413169727,1.1985545877812342,5.931670903808861,2194.4622731097215,0.31171714678265594,1211.9283382792182,0.1373008095763044,0.44163869982809045,0.45479411434407035,-1.0328955884723536,0.00013,-0.6233221730128097,1.0,1.3104384733484529,148.27315469184683,29.562550302036097,0.16908185853264093,4.92716995225142e-12,0.004744100798175017,0.009057192610649722,0.9839573529170724,207.40650225972976,3.594201682008784,666528.9419144231,23.827395101594576,1.9463973971861048,0.4630639619525908,0.0,1.0389687823257314,-0.3947645888649379,-1.2537083171274046,0.0601698350906372,0.21511570620536805,0.2571238172054291,0.03604702053991216,1.1952814684761162,0.0,-0.553465584825373
"MATLAB 12-11 PM Tue, Apr 2, 2024 Run0 .csv",True,0.0,0.0,0.0,0.0,0.0,-0.3760453452904234,-0.33011300754063444,-2.2751222947577756,0.0,-0.615796751186848,0.0,0.0,0.0,0.0,0.0,0.0,0.0,0.0,0.0,-1889.8480329530178,0.0,0.0,0.0,0.0,0.0,0.0,-1.0878674882989094,0.0,0.0,0.0,0.0,0.0,0.0,0.0,0.0,0.0,-0.15314936559010162,0.0,0.0,-0.37148226356140823,-0.3238026489016805,-2.2900271586590826,0.0,-0.6247467623967647,0.0,0.0,0.0,0.0,0.0,0.0,0.0,0.0,0.0,0.0,0.0,0.0,0.0,0.0,0.0,0.0,-0.9636761493884594,0.0,0.0,0.0,0.0,0.0,0.0,0.0,0.0,0.0
"MATLAB 12-12 PM Tue, Sep 10, 2024 Run2 .csv",True,0.0,0.0,0.0,0.0,0.0,-0.37712460975153717,-0.33139820335696474,-2.2823035513319976,0.0,-0.6172212053078535,0.0,0.0,0.0,0.0,0.0,0.0,0.0,0.0,0.0,-1897.136363672807,0.0,0.0,0.0,0.0,0.0,0.0,-1.090636523769251,0.0,0.0,0.0,0.0,0.0,0.0,0.0,0.0,0.0,-0.15327246415409101,0.0,0.0,-0.37256572767183005,-0.3250994128379433,-2.2971524777047545,0.0,-0.6261713517807198,0.0,0.0,0.0,0.0,0.0,0.0,0.0,0.0,0.0,0.0,0.0,0.0,0.0,0.0,0.0,0.0,-0.9663210811026501,0.0,0.0,0.0,0.0,0.0,0.0,0.0,0.0,0.0
"MATLAB 12-13 PM Fri, Mar 8, 2024 Run0 .csv",True,0.0,0.0,0.0,0.0,0.0,-0.3782038742126509,-0.3326833991732951,-2.28948480790622,0.0,-0.6186456594288591,0.0,0.0,0.0,0.0,0.0,0.0,0.0,0.0,0.0,-1904.4246943925964,0.0,0.0,0.0,0.0,0.0,0.0,-1.0934055592395924,0.0,0.0,0.0,0.0,0.0,0.0,0.0,0.0,0.0,-0.15339556271808044,0.0,0.0,-0.37364919178225187,-0.3263961767742061,-2.304277796750427,0.0,-0.6275959411646749,0.0,0.0,0.0,0.0,0.0,0.0,0.0,0.0,0.0,0.0,0.0,0.0,0.0,0.0,0.0,0.0,-0.9689660128168409,0.0,0.0,0.0,0.0,0.0,0.0,0.0,0.0,0.0
"MATLAB 12-14 PM Thu, Nov 7, 2024 Run2 .csv",0,5.614784529593889,2454.3594363189986,0.3022765219074509,1202.4161119420473,0.005894296096424275,0.1793854322588181,0.2250314045125783,-0.4966570628373199,0.000215,0.37992988645013537,0.0,1.4119998315005238,137.31811396106139,26.516953025981664,0.010550613374553996,1.9733355312156926e-11,0.0006047235594236624,0.001630350446430837,0.9975987578280582,-262.0356770381195,4.087427560077612,692154.9809441007,27.19899014426253,0.9730044159783747,0.42899784982916805,1.0,5.903825405290066,-0.032016614103395555,-1.423800712601094,0.06842660993337629,0.2652129431565602,0.3179413306713105,0.035774109868410384,1.198815287395773,5.85364328116581,2182.041654331767,0.2460667650384538,1194.739861584424,0.005994319755190757,0.18393591503990936,0.23160705879643695,-0.5113941141529768,0.00038,0.37097946945137017,0.0,1.6459020863073373,103.62177816302894,24.2230069287148,0.010729652726274658,9.031220111130093e-12,0.0006764223233298428,0.003323794217811034,0.9938837985223509,1469.3243617829341,3.648941893783101,461068.21459639235,34.19959372439026,1.4620014701794581,0.19291469030208921,1.0,4.028389055468969,-0.26752122277015594,-1.4397220934581534,0.06656405270099641,0.21322418835428023,0.2580272257328033,0.03645065993910759,1.2101217395846342,0.0,-0.5577332987466158
"MATLAB 12-14 PM Tue, Apr 2, 2024 Run1 .csv",True,0.0,0.0,0.0,0.0,0.0,-0.38036240313487835,-0.33525379080595574,-2.303847321054664,0.0,-0.6214945676708702,0.0,0.0,0.0,0.0,0.0,0.0,0.0,0.0,0.0,-1919.0013558321748,0.0,0.0,0.0,0.0,0.0,0.0,-1.098943630180275,0.0,0.0,0.0,0.0,0.0,0.0,0.0,0.0,0.0,-0.15364175984605927,0.0,0.0,-0.3758161200030955,-0.3289897046467318,-2.3185284348417707,0.0,-0.6304451199325849,0.0,0.0,0.0,0.0,0.0,0.0,0.0,0.0,0.0,0.0,0.0,0.0,0.0,0.0,0.0,0.0,-0.9742558762452224,0.0,0.0,0.0,0.0,0.0,0.0,0.0,0.0,0.0
"MATLAB 12-16 PM Fri, Mar 8, 2024 Run1 .csv",True,0.0,0.0,0.0,0.0,0.0,-0.3814416675959921,-0.3365389866222861,-2.3110285776288864,0.0,-0.6229190217918757,0.0,0.0,0.0,0.0,0.0,0.0,0.0,0.0,0.0,-1926.2896865519642,0.0,0.0,0.0,0.0,0.0,0.0,-1.1017126656506164,0.0,0.0,0.0,0.0,0.0,0.0,0.0,0.0,0.0,-0.15376485841004867,0.0,0.0,-0.3768995841135173,-0.3302864685829946,-2.325653753887443,0.0,-0.63186970931654,0.0,0.0,0.0,0.0,0.0,0.0,0.0,0.0,0.0,0.0,0.0,0.0,0.0,0.0,0.0,0.0,-0.976900807959413,0.0,0.0,0.0,0.0,0.0,0.0,0.0,0.0,0.0
"MATLAB 12-18 PM Fri, Mar 8, 2024 Run2 .csv",True,0.0,0.0,0.0,0.0,0.0,-0.3825209320571058,-0.33782418243861645,-2.3182098342031083,0.0,-0.6243434759128813,0.0,0.0,0.0,0.0,0.0,0.0,0.0,0.0,0.0,-1933.5780172717534,0.0,0.0,0.0,0.0,0.0,0.0,-1.104481701120958,0.0,0.0,0.0,0.0,0.0,0.0,0.0,0.0,0.0,-0.1538879569740381,0.0,0.0,-0.37798304822393913,-0.3315832325192574,-2.332779072933115,0.0,-0.633294298700495,0.0,0.0,0.0,0.0,0.0,0.0,0.0,0.0,0.0,0.0,0.0,0.0,0.0,0.0,0.0,0.0,-0.9795457396736038,0.0,0.0,0.0,0.0,0.0,0.0,0.0,0.0,0.0
"MATLAB 12-18 PM Tue, Sep 10, 2024 Run3 .csv",True,0.0,0.0,0.0,0.0,0.0,-0.3836001965182196,-0.3391093782549468,-2.3253910907773303,0.0,-0.6257679300338869,0.0,0.0,0.0,0.0,0.0,0.0,0.0,0.0,0.0,-1940.8663479915426,0.0,0.0,0.0,0.0,0.0,0.0,-1.1072507365912994,0.0,0.0,0.0,0.0,0.0,0.0,0.0,0.0,0.0,-0.1540110555380275,0.0,0.0,-0.3790665123343609,-0.33287999645552024,-2.339904391978787,0.0,-0.6347188880844501,0.0,0.0,0.0,0.0,0.0,0.0,0.0,0.0,0.0,0.0,0.0,0.0,0.0,0.0,0.0,0.0,-0.9821906713877946,0.0,0.0,0.0,0.0,0.0,0.0,0.0,0.0,0.0
"MATLAB 12-19 PM Tue, Sep 10, 2024 Run4 .csv",0,6.110271394726324,2624.710363407664,0.45318409862080306,1506.2300056651472,6.581969122684259,5.753653866903787,1.168405424585123,-2.1325713471689838,0.00015,-0.6271923841548924,1.0,0.13648622375328645,34.15256429168333,35.913602972066364,1.0722730049190947,1.4459903352820808e-14,0.09405198921912916,0.0017027958354615268,0.9036562908062147,-1938.5466279055079,3.993550541027249,799651.3362507462,0.19204280611065278,0.015184387387133775,0.04347839420407525,0.0,2.8899802279383593,0.002447063739641897,-1.9642977545690787,0.0465893110632897,0.056825906336307505,0.083720782995224,0.024570232394981278,1.4732854853162751,5.764271301284559,2039.0407804605147,0.24105061529673577,1333.5565683803575,6.582575146446974,5.757316684772443,1.1704232382683606,-2.14702871084189,0.00017,-0.636143477468405,1.0,1.0264581421370038,101.35625977251082,43.392490125598776,1.072523161395303,3.599418326228684e-14,0.12472709172894662,0.00077402593354725,0.8739621232294668,7.0069951212262405,3.579570279142362,687262.0276711265,0.2787789947832402,0.011532944180700958,0.05095705299772033,0.0,3.015164396898015,0.4747550919587063,-1.3424698351358344,0.04424999058246613,0.06331827163696288,0.1101483738422394,0.031087078440986467,1.7395985549602213,0.0,0.8572374272128955
"MATLAB 12-20 PM Fri, Mar 8, 2024 Run3 .csv",True,0.0,0.0,0.0,0.0,0.0,-0.38575872544044704,-0.34167976988760745,-2.3397536039257747,0.0,-0.628616838275898,0.0,0.0,0.0,0.0,0.0,0.0,0.0,0.0,0.0,-1955.4430094311213,0.0,0.0,0.0,0.0,0.0,0.0,-1.112788807531982,0.0,0.0,0.0,0.0,0.0,0.0,0.0,0.0,0.0,-0.15425725266600632,0.0,0.0,-0.38123344055520453,-0.3354735243280459,-2.3541550300701313,0.0,-0.6375680668523601,0.0,0.0,0.0,0.0,0.0,0.0,0.0,0.0,0.0,0.0,0.0,0.0,0.0,0.0,0.0,0.0,-0.987480534816176,0.0,0.0,0.0,0.0,0.0,0.0,0.0,0.0,0.0
"MATLAB 12-21 PM Thu, Nov 7, 2024 Run3 .csv",0,5.697376391439709,2472.265856794587,0.2983746322613317,1211.553789075104,0.001111850231316205,0.20890575957122848,0.25268503376959844,-0.6469178588251854,0.00021,0.36995870760309646,0.0,1.7421972748490453,160.5154346753563,28.63936086288706,0.001866322948919146,1.538818372502513e-11,0.00030309942402027216,0.0008673622764374651,0.9986308301314425,1331.9988737364351,4.119732201521848,416407.54075180495,12.28881109868756,0.21357781876057375,0.1582111350485007,1.0,3.8844421569976766,-0.03720093232095658,-1.2912210439981313,0.08338409304618838,0.2768173444972319,0.3288349211215973,0.03939402011503936,1.1879129962713935,5.793480354196829,2208.130025836805,0.1952902181276764,1159.9802434213834,0.0018227618965375827,0.2135393448070632,0.2591297112090058,-0.6612633474409919,0.00025,0.3610073437636848,0.0,1.6628285408394772,111.45851549730916,23.273823844602312,0.0030590631518099516,1.0429140608327598e-11,0.00027823401820577703,0.0013414443741704596,0.9965652962381959,3581.7521619558165,3.5963543757628678,323348.9431741909,15.596130073071238,0.263488797185407,0.06363468819832156,1.0,2.0098745334696333,-0.16781331131512264,-1.4517225466742185,0.05545874595642089,0.21600580285577212,0.2487065684795379,0.02574462375946591,1.151388366383843,0.0,-0.4343225616949029
"MATLAB 12-23 PM Fri, Mar 8, 2024 Run4 .csv",True,0.0,0.0,0.0,0.0,0.0,-0.38791725436267455,-0.3442501615202681,-2.354116117074219,0.0,-0.631465746517909,0.0,0.0,0.0,0.0,0.0,0.0,0.0,0.0,0.0,-1970.0196708706999,0.0,0.0,0.0,0.0,0.0,0.0,-1.118326878472665,0.0,0.0,0.0,0.0,0.0,0.0,0.0,0.0,0.0,-0.15450344979398517,0.0,0.0,-0.38340036877604816,-0.33806705220057154,-2.3684056681614756,0.0,-0.6404172456202701,0.0,0.0,0.0,0.0,0.0,0.0,0.0,0.0,0.0,0.0,0.0,0.0,0.0,0.0,0.0,0.0,-0.9927703982445575,0.0,0.0,0.0,0.0,0.0,0.0,0.0,0.0,0.0
"MATLAB 12-24 PM Tue, Apr 2, 2024 Run2 .csv",True,0.0,0.0,0.0,0.0,0.0,-0.3889965188237883,-0.34553535733659846,-2.3612973736484415,0.0,-0.6328902006389145,0.0,0.0,0.0,0.0,0.0,0.0,0.0,0.0,0.0,-1977.308001590489,0.0,0.0,0.0,0.0,0.0,0.0,-1.1210959139430063,0.0,0.0,0.0,0.0,0.0,0.0,0.0,0.0,0.0,-0.15462654835797457,0.0,0.0,-0.3844838328864699,-0.3393638161368344,-2.3755309872071475,0.0,-0.6418418350042252,0.0,0.0,0.0,0.0,0.0,0.0,0.0,0.0,0.0,0.0,0.0,0.0,0.0,0.0,0.0,0.0,-0.9954153299587483,0.0,0.0,0.0,0.0,0.0,0.0,0.0,0.0,0.0
"MATLAB 12-25 PM Fri, Sep 6, 2024 Run0 .csv",0,5.785486945087604,2732.2210378594027,0.22052071795200623,1002.0438479612534,0.04830843740652059,-0.1957032344373439,-0.13432055334216197,2.8315733749002887,0.0044,0.3656853452400799,0.019230769230769232,-0.8323272617453195,51.908269992238104,16.84846772020625,0.24853528799690627,2.298990153126463e-11,0.00011851122464335529,4.4495918512113536e-05,0.9984877224119205,6440.662333413111,3.0327716674678924,591086.6522900857,14.457604260104818,0.10306435571242381,0.26060227534247826,1.0,-0.12386494941334769,-2.44342012204029,5.711909899180322,0.015826194584369707,0.1914764809837708,0.2368382477760315,0.027886658310092072,1.2369051622382046,6.138582997222975,2936.6285088635327,0.07246669862322325,1103.8372158846362,0.04838773881540904,-0.1911751403062136,-0.12816058026233035,2.8173956988701327,0.00286,2.3567335756118197,0.5576923076923077,0.5060044261947395,58.645280414637114,19.03065561439087,0.24891816439078285,4.116357735401759e-11,8.287990366583977e-05,3.81301716168922e-06,0.9992602131467626,12056.72507988958,3.1145739858322714,786884.8085221677,19.96672087444367,0.1374867750264582,0.39385689739091023,0.4,0.001939738327060958,-0.49759818913434156,-0.8728106573071202,0.11830603718757635,0.29248100675069366,0.4212229001522065,0.06996250083638303,1.4401718075021892,0.0,0.6749739711353322
"MATLAB 12-26 PM Thu, Nov 7, 2024 Run4 .csv",0,5.735299003756472,2467.649790672325,0.2965126128013683,1220.258636267303,0.00150707180606546,0.11710606291532466,0.15994425058283013,-0.47564088492503753,0.00019,0.36426089111907434,0.0,2.6961571614752535,157.56411204164976,28.08132995540988,0.002965152702917768,1.531377038970579e-11,0.0002551939104191543,0.0006316107236657399,0.9988455809663138,1922.1804466181857,4.352566655261935,475465.7145901479,13.38886706048054,0.1659298494444424,0.16625791540911025,1.0,-0.12663398488368927,-0.5475390516717042,-1.2374558351798906,0.07413218736648558,0.2919100843605242,0.3357801151275635,0.042003251743551163,1.1502861090364305,5.758670529777054,2210.776427367787,0.18123451775314178,1143.5329375991214,0.001681645650335583,0.12161034955402661,0.16604265553938935,-0.48976262342664345,0.00023,0.35530898622786466,0.0,1.2466427372722473,99.18859195561859,20.9775354755052,0.0033086254585708045,1.1430219956311654e-11,0.0002588853248920246,0.0008430888017060828,0.9977108079766676,3853.871625951725,3.844766206366169,429465.7922329437,16.889536623579822,0.17711171067373918,0.06967146029106197,1.0,-0.000705193387129821,0.5613363742903207,-1.2412674430040103,0.031120046377181965,0.2069333761616757,0.2391012668609619,0.01807976117793463,1.1554504705618567,0.0,-0.48822603418563515
"MATLAB 12-27 PM Fri, Mar 8, 2024 Run5 .csv",True,0.0,0.0,0.0,0.0,0.0,-0.3922343122071295,-0.3493909447855895,-2.382841143371108,0.0,-0.6371635630019312,0.0,0.0,0.0,0.0,0.0,0.0,0.0,0.0,0.0,-1999.172993749857,0.0,0.0,0.0,0.0,0.0,0.0,-1.1294030203540304,0.0,0.0,0.0,0.0,0.0,0.0,0.0,0.0,0.0,-0.15499584404994282,0.0,0.0,-0.3877342252177354,-0.34325410794562283,-2.3969069443441637,0.0,-0.6461156031560904,0.0,0.0,0.0,0.0,0.0,0.0,0.0,0.0,0.0,0.0,0.0,0.0,0.0,0.0,0.0,0.0,-1.0033501251013206,0.0,0.0,0.0,0.0,0.0,0.0,0.0,0.0,0.0
"MATLAB 12-27 PM Fri, Sep 6, 2024 Run1 .csv",0,5.755415712600472,2592.9576969631353,0.30101485675188744,1091.901553139556,0.0,-0.39331357666824324,-0.3506761406019198,-2.39002239994533,0.0,-0.6385880171229368,0.0,0.0,0.0,0.0,0.0,0.0,0.0,0.0,0.0,-2006.4613244696461,0.0,0.0,0.0,0.0,0.0,0.0,-1.132172055824372,0.0,0.0,0.0,0.0,0.0,0.0,0.0,6.093958802182487,2746.6739019176916,0.16856687047847935,1146.4957082983763,0.0,-0.3888176893281572,-0.3445508718818857,-2.4040322633898357,0.0,-0.6475401925400455,0.0,0.0,0.0,0.0,0.0,0.0,0.0,0.0,0.0,0.0,0.0,0.0,0.0,0.0,0.0,0.0,-1.0059950568155112,0.0,0.0,0.0,0.0,0.0,0.0,0.0,0.0,0.0
"MATLAB 12-28 PM Thu, Nov 7, 2024 Run5 .csv",0,5.806787933916547,2468.5090856964634,0.3140875125090975,1230.3655050217958,0.0013556456518569555,0.0795388657669655,0.1218386631598285,-0.2971931546025761,0.000265,0.35998752875605766,0.0,2.8722152561254517,139.94854980029885,27.037562784310726,0.0028604240487195703,1.4830490736530895e-11,0.0004441002232764575,0.0006267492846357369,0.9986298003115959,234.90897628785024,3.9203621839458345,734128.267644492,29.410982530682634,0.32976939393312404,0.4444217145163567,1.0,2.8650589087052865,-0.649401976816722,-0.7642730499540549,0.05378862887620928,0.29811029573281606,0.3430832028388977,0.03750337605617229,1.1508599593835867,5.812782589692128,2231.881099660107,0.19872484637033846,1158.4523925500946,0.0018305523939126183,0.08410616321377401,0.1285523637615008,-0.3111470805185319,0.00031,0.3510352180759996,0.0,1.5515109906658475,94.7459914854283,20.424363199311944,0.003861865270014775,1.1879554846495856e-11,0.00042217317614428386,0.0007806715859135332,0.9969696443216143,2361.5182125661277,3.539715411086882,535323.9080674739,37.08441740490044,0.3269339711598204,0.18478433549214351,1.0,1.991360011470298,-0.3504102946125796,-1.5516152986774348,0.03789191573858261,0.22068652351697285,0.243958854675293,0.019026149836400157,1.1054542469899857,0.0,-0.458008321392173
"MATLAB 12-29 PM Fri, Sep 6, 2024 Run2 .csv",0,5.795777136564452,2716.9772531935914,0.21691410552626741,1012.2998740354241,0.02472646887226717,-0.06146865761021836,-0.020246532529619388,0.5956450898617751,0.00029,0.3585630746350521,0.03333333333333333,-0.8508425559042403,86.24652508530247,18.72413384494597,0.074030579689492,1.259073419636702e-11,7.865778051441165e-05,3.965703790311978e-05,0.9984419526496435,10672.454585581645,3.541757306307382,433970.79710630106,9.218417597526505,0.06184463956057321,0.15874726518273047,1.0,0.8622898732349453,0.0196063579424584,-0.9866147622538524,0.012839195728302,0.19875231766700738,0.2128696501255035,0.008071543558846078,1.0710297752710916,6.091700865714515,2950.8145080972604,0.05869084265076058,1115.1262046871627,0.024749050573085095,-0.05698116956874805,-0.014144400049461825,0.5817471014743694,0.00063,1.3496106286920444,0.16666666666666666,0.29087102608670967,99.74667998402825,20.97430731006526,0.07409818887423081,2.5107635167560903e-11,6.747508909923586e-05,4.271489248222088e-06,0.999418260590564,14811.662702967551,3.21650045804849,607180.3981208093,12.790199562475257,0.08861835806727653,0.2686805648787193,0.7407407407407407,0.9887150797561073,-0.7014563048969435,-0.9123910614051014,0.08582059741020198,0.3071041550636292,0.3737316262722016,0.059473994176352254,1.2169539881177047,0.0,0.38356906755202835
"MATLAB 12-29 PM Fri, Sep 6, 2024 Run3 .csv",0,5.827929995443653,2703.90370478398,0.22218971830900644,1026.2420980446075,0.007954231745610201,-0.1336297486626678,-0.0929317282815445,1.3884718340756996,0.00037,0.35713862051404655,0.0,-0.82259450797807,69.02146259160165,16.7470776820432,0.03025324316650326,1.8191676776401186e-11,7.279933883676815e-05,4.3282194174809386e-05,0.998823990406639,11691.908047672265,3.2725136404424884,455750.8217320698,12.121474198682758,0.0800647385232084,0.2029434807282398,1.0,1.8595208377646038,-0.5850595885076192,0.7546600628621425,0.009244677126407613,0.206158356886161,0.22271204829216,0.007125244404067961,1.080295999910107,6.091336450186704,2952.534234053535,0.05708757250588936,1118.003065292533,0.007919082179238762,-0.12917348729750872,-0.08654116392389843,1.374629783216844,0.00096,1.3481860393080893,0.07894736842105263,-0.19747123411911557,71.47749631731104,18.98523163712317,0.03012265124149702,4.212599308922737e-11,6.10197663258788e-05,4.151135931899622e-06,0.9995431340507338,16380.645063644277,3.151055802330679,669997.0912398531,16.98046042656373,0.11740105059301827,0.3555138473179917,0.8157894736842105,1.9860701480419165,-0.16743246205902118,-1.1938513863505742,0.09563938230276109,0.28639651590272,0.391021683216095,0.06158911898613425,1.365315782503838,0.0,0.3741911799517657
"MATLAB 12-29 PM Tue, Apr 2, 2024 Run3 .csv",True,0.0,0.0,0.0,0.0,0.0,-0.3976306345126982,-0.3558169238672412,-2.418747426242218,0.0,-0.644285833606959,0.0,0.0,0.0,0.0,0.0,0.0,0.0,0.0,0.0,-2035.6146473488034,0.0,0.0,0.0,0.0,0.0,0.0,-1.1432481977057376,0.0,0.0,0.0,0.0,0.0,0.0,0.0,0.0,0.0,-0.15561133686988987,0.0,0.0,-0.39315154576984446,-0.349737927626937,-2.432533539572524,0.0,-0.6532385500758655,0.0,0.0,0.0,0.0,0.0,0.0,0.0,0.0,0.0,0.0,0.0,0.0,0.0,0.0,0.0,0.0,-1.016574783672274,0.0,0.0,0.0,0.0,0.0,0.0,0.0,0.0,0.0
"MATLAB 12-31 PM Fri, Jun 28, 2024 Run0 .csv",True,0.0,0.0,0.0,0.0,0.0,-0.3987098989738119,-0.35710211968357153,-2.4259286828164406,0.0,-0.6457102877279646,0.0,0.0,0.0,0.0,0.0,0.0,0.0,0.0,0.0,-2042.9029780685926,0.0,0.0,0.0,0.0,0.0,0.0,-1.146017233176079,0.0,0.0,0.0,0.0,0.0,0.0,0.0,0.0,0.0,-0.1557344354338793,0.0,0.0,-0.3942350098802662,-0.3510346915631998,-2.4396588586181958,0.0,-0.6546631394598206,0.0,0.0,0.0,0.0,0.0,0.0,0.0,0.0,0.0,0.0,0.0,0.0,0.0,0.0,0.0,0.0,-1.0192197153864648,0.0,0.0,0.0,0.0,0.0,0.0,0.0,0.0,0.0
"MATLAB 12-31 PM Fri, Mar 8, 2024 Run6 .csv",True,0.0,0.0,0.0,0.0,0.0,-0.39978916343492565,-0.3583873154999019,-2.4331099393906626,0.0,-0.6471347418489701,0.0,0.0,0.0,0.0,0.0,0.0,0.0,0.0,0.0,-2050.191308788382,0.0,0.0,0.0,0.0,0.0,0.0,-1.1487862686464203,0.0,0.0,0.0,0.0,0.0,0.0,0.0,0.0,0.0,-0.15585753399786872,0.0,0.0,-0.39531847399068804,-0.35233145549946265,-2.446784177663868,0.0,-0.6560877288437756,0.0,0.0,0.0,0.0,0.0,0.0,0.0,0.0,0.0,0.0,0.0,0.0,0.0,0.0,0.0,0.0,-1.0218646471006556,0.0,0.0,0.0,0.0,0.0,0.0,0.0,0.0,0.0
"MATLAB 12-31 PM Fri, Sep 6, 2024 Run4 .csv",0,5.803688899286319,2780.7634660798076,0.22972810850917416,984.5838117565512,1.0401334561770428,0.8910315709610656,0.6170274878183861,-1.640283195176738,0.00189,-0.6485591959699757,1.0,-1.513123600536412,362.18220574921787,36.464949320203395,0.805119171063712,7.281808729026063e-12,0.000140497849274451,5.3580656112072115e-05,0.9979155642872093,5045.230967384203,4.345951819124988,296296.1675238724,2.405179800086334,0.020498419379910097,0.04965358233648741,0.0,-1.1515553041167617,-1.1602345318441794,-0.3902468945768178,0.053344795703887976,0.19456325858831405,0.2510826742649079,0.06864858616692789,1.2904937760946225,6.054224087926949,2954.6903091383247,0.06942140673055552,1064.3010741429866,1.0404729476641017,0.8956552036130003,0.6230717796988935,-1.6539014959213936,0.00093,-0.6575123182277307,1.0,2.2966295237116,426.77403832629415,43.01626647575783,0.805284003371365,1.8543747616396316e-11,0.00019105904734162282,7.109605744084233e-06,0.999264457279503,5230.134197690046,3.1279198425324344,414533.60997867316,3.492088908781346,0.028478361899244627,0.08636820388827085,0.0,-0.02450957881484639,-0.9181525929427705,-0.7056011059028506,0.15408175379037858,0.3375782579183578,0.4356922149658203,0.11760049848462295,1.2906406284944778,0.0,0.883582127086378
"MATLAB 12-34 PM Fri, Jun 28, 2024 Run1 .csv",True,0.0,0.0,0.0,0.0,0.0,-0.40194769235715316,-0.36095770713256253,-2.447472452539107,0.0,-0.6499836500909812,0.0,0.0,0.0,0.0,0.0,0.0,0.0,0.0,0.0,-2064.76797022796,0.0,0.0,0.0,0.0,0.0,0.0,-1.1543243395871032,0.0,0.0,0.0,0.0,0.0,0.0,0.0,0.0,0.0,-0.15610373112584755,0.0,0.0,-0.39748540221153167,-0.3549249833719883,-2.4610348157552124,0.0,-0.6589369076116858,0.0,0.0,0.0,0.0,0.0,0.0,0.0,0.0,0.0,0.0,0.0,0.0,0.0,0.0,0.0,0.0,-1.0271545105290372,0.0,0.0,0.0,0.0,0.0,0.0,0.0,0.0,0.0
"MATLAB 12-34 PM Tue, Sep 10, 2024 Run5 .csv",0,5.9702744083181845,2914.460763211922,0.3380090613160194,1320.30152029365,2.8049499981979613,2.796813040342823,1.8832570950614826,-2.154652208839475,0.00033,-0.6514081042119868,1.0,-0.3932008130887607,140.02773734185539,38.99298589959211,0.8765907047497761,1.6570114327398282e-14,0.0028333499253765425,0.000310899710356704,0.9966623423836249,-1720.2951812014226,4.129491920295982,189243.6697282095,0.27160179492658076,0.003988301439126056,0.009217966896393707,0.0,0.8429066249425554,-0.44475875574999557,-0.9440001806206544,0.0197840684652328,0.05342789729436235,0.0716609859466552,0.015243606495904354,1.3412653234664502,5.766939063779704,2337.5151059090613,0.17251043126406287,1165.1728621865593,2.8013708437881557,2.801491130838943,1.8903782507011502,-2.1681586345270305,0.000195,-0.6603614969956408,1.0,1.5907047673518002,103.56906823387162,40.187490866238406,0.8754119754859412,3.580806446714046e-14,0.003586580717336482,9.205406467487118e-05,0.9961331787095759,277.7389545130155,3.5226416377016263,219280.40989725725,0.38133607055187263,0.002447800497912044,0.005713595824984074,0.0,1.970200557756772,0.17306716014647783,-0.95421517377918,0.028166138231754283,0.07201202591260271,0.1118459594249725,0.02387273134896772,1.553156684700333,0.0,0.7962974758946345
"MATLAB 12-36 PM Tue, Oct 29, 2024 Run0 .csv",True,0.0,0.0,0.0,0.0,0.0,-0.4041062212793806,-0.3635280987652232,-2.461834965687551,0.0,-0.6528325583329924,0.0,0.0,0.0,0.0,0.0,0.0,0.0,0.0,0.0,-2079.344631667539,0.0,0.0,0.0,0.0,0.0,0.0,-1.159862410527786,0.0,0.0,0.0,0.0,0.0,0.0,0.0,0.0,0.0,-0.15634992825382638,0.0,0.0,-0.39965233043237525,-0.35751851124451395,-2.4752854538465563,0.0,-0.6617860863795958,0.0,0.0,0.0,0.0,0.0,0.0,0.0,0.0,0.0,0.0,0.0,0.0,0.0,0.0,0.0,0.0,-1.0324443739574187,0.0,0.0,0.0,0.0,0.0,0.0,0.0,0.0,0.0
"MATLAB 12-37 PM Fri, May 31, 2024 Run1 .csv",True,0.0,0.0,0.0,0.0,0.0,-0.4051854857404944,-0.36481329458155354,-2.4690162222617733,0.0,-0.6542570124539979,0.0,0.0,0.0,0.0,0.0,0.0,0.0,0.0,0.0,-2086.632962387328,0.0,0.0,0.0,0.0,0.0,0.0,-1.1626314459981273,0.0,0.0,0.0,0.0,0.0,0.0,0.0,0.0,0.0,-0.15647302681781577,0.0,0.0,-0.40073579454279706,-0.3588152751807767,-2.4824107728922282,0.0,-0.6632106757635509,0.0,0.0,0.0,0.0,0.0,0.0,0.0,0.0,0.0,0.0,0.0,0.0,0.0,0.0,0.0,0.0,-1.0350893056716093,0.0,0.0,0.0,0.0,0.0,0.0,0.0,0.0,0.0
"MATLAB 12-38 PM Fri, Jun 28, 2024 Run2 .csv",True,0.0,0.0,0.0,0.0,0.0,-0.4062647502016081,-0.3660984903978839,-2.4761974788359957,0.0,-0.6556814665750035,0.0,0.0,0.0,0.0,0.0,0.0,0.0,0.0,0.0,-2093.9212931071174,0.0,0.0,0.0,0.0,0.0,0.0,-1.1654004814684686,0.0,0.0,0.0,0.0,0.0,0.0,0.0,0.0,0.0,-0.1565961253818052,0.0,0.0,-0.4018192586532189,-0.3601120391170396,-2.4895360919379006,0.0,-0.6646352651475059,0.0,0.0,0.0,0.0,0.0,0.0,0.0,0.0,0.0,0.0,0.0,0.0,0.0,0.0,0.0,0.0,-1.0377342373858,0.0,0.0,0.0,0.0,0.0,0.0,0.0,0.0,0.0
"MATLAB 12-39 PM Tue, Oct 29, 2024 Run1 .csv",0,5.501384143650874,2336.2349665757692,0.2901035184696823,1234.9464843453077,0.0,-0.40734401466272185,-0.36738368621421424,-2.4833787354102177,0.0,-0.657105920696009,0.0,0.0,0.0,0.0,0.0,0.0,0.0,0.0,0.0,-2101.209623826907,0.0,0.0,0.0,0.0,0.0,0.0,-1.1681695169388102,0.0,0.0,0.0,0.0,0.0,0.0,0.0,5.941739983514028,2401.434243542754,0.246251658757718,1157.5289041595004,0.0,-0.4029027227636407,-0.36140880305330236,-2.4966614109835725,0.0,-0.6660598545314609,0.0,0.0,0.0,0.0,0.0,0.0,0.0,0.0,0.0,0.0,0.0,0.0,0.0,0.0,0.0,0.0,-1.0403791690999908,0.0,0.0,0.0,0.0,0.0,0.0,0.0,0.0,0.0
"MATLAB 12-40 PM Fri, Jun 28, 2024 Run3 .csv",True,0.0,0.0,0.0,0.0,0.0,-0.4084232791238356,-0.36866888203054454,-2.4905599919844397,0.0,-0.6585303748170146,0.0,0.0,0.0,0.0,0.0,0.0,0.0,0.0,0.0,-2108.497954546696,0.0,0.0,0.0,0.0,0.0,0.0,-1.1709385524091516,0.0,0.0,0.0,0.0,0.0,0.0,0.0,0.0,0.0,-0.15684232250978403,0.0,0.0,-0.4039861868740625,-0.36270556698956524,-2.5037867300292445,0.0,-0.667484443915416,0.0,0.0,0.0,0.0,0.0,0.0,0.0,0.0,0.0,0.0,0.0,0.0,0.0,0.0,0.0,0.0,-1.0430241008141816,0.0,0.0,0.0,0.0,0.0,0.0,0.0,0.0,0.0
"MATLAB 12-41 PM Tue, Apr 2, 2024 Run4 .csv",True,0.0,0.0,0.0,0.0,0.0,-0.4095025435849493,-0.3699540778468749,-2.497741248558662,0.0,-0.6599548289380202,0.0,0.0,0.0,0.0,0.0,0.0,0.0,0.0,0.0,-2115.7862852664853,0.0,0.0,0.0,0.0,0.0,0.0,-1.173707587879493,0.0,0.0,0.0,0.0,0.0,0.0,0.0,0.0,0.0,-0.15696542107377343,0.0,0.0,-0.40506965098448433,-0.364002330925828,-2.510912049074917,0.0,-0.668909033299371,0.0,0.0,0.0,0.0,0.0,0.0,0.0,0.0,0.0,0.0,0.0,0.0,0.0,0.0,0.0,0.0,-1.0456690325283722,0.0,0.0,0.0,0.0,0.0,0.0,0.0,0.0,0.0
"MATLAB 12-42 PM Fri, Jun 28, 2024 Run4 .csv",True,0.0,0.0,0.0,0.0,0.0,-0.41058180804606303,-0.3712392736632052,-2.504922505132884,0.0,-0.6613792830590257,0.0,0.0,0.0,0.0,0.0,0.0,0.0,0.0,0.0,-2123.0746159862747,0.0,0.0,0.0,0.0,0.0,0.0,-1.1764766233498343,0.0,0.0,0.0,0.0,0.0,0.0,0.0,0.0,0.0,-0.15708851963776285,0.0,0.0,-0.40615311509490615,-0.3652990948620909,-2.5180373681205888,0.0,-0.6703336226833261,0.0,0.0,0.0,0.0,0.0,0.0,0.0,0.0,0.0,0.0,0.0,0.0,0.0,0.0,0.0,0.0,-1.048313964242563,0.0,0.0,0.0,0.0,0.0,0.0,0.0,0.0,0.0
"MATLAB 12-44 PM Fri, Mar 8, 2024 Run7 .csv",True,0.0,0.0,0.0,0.0,0.0,-0.41166107250717676,-0.37252446947953555,-2.512103761707106,0.0,-0.6628037371800313,0.0,0.0,0.0,0.0,0.0,0.0,0.0,0.0,0.0,-2130.3629467060637,0.0,0.0,0.0,0.0,0.0,0.0,-1.1792456588201756,0.0,0.0,0.0,0.0,0.0,0.0,0.0,0.0,0.0,-0.15721161820175228,0.0,0.0,-0.40723657920532796,-0.36659585879835366,-2.5251626871662607,0.0,-0.6717582120672811,0.0,0.0,0.0,0.0,0.0,0.0,0.0,0.0,0.0,0.0,0.0,0.0,0.0,0.0,0.0,0.0,-1.0509588959567537,0.0,0.0,0.0,0.0,0.0,0.0,0.0,0.0,0.0
"MATLAB 12-46 PM Tue, Sep 10, 2024 Run6 .csv",0,5.905265693761559,2667.458097302963,0.34859469040017693,1370.0057410138725,1.9174481486180628,2.221709660694521,1.863690332719925,-2.1692832679618324,0.000785,-0.6642281913010368,1.0,-3.3406965299984925,339.5211007862483,62.346587092149385,0.7278362277967519,8.071597468316013e-14,0.0017933997509280847,0.0003649272504049633,0.9973773197089623,-1581.5135177362918,4.356365052689129,220992.02173928684,0.5036214085337749,0.007058201842102742,0.012246386554975149,0.0,0.8179853057094828,0.9429941615473504,0.16168762274757587,0.0185542505979538,0.0553640174865722,0.1127545082569122,0.027550642642792854,2.036602713743801,5.662138058385628,2231.001665314748,0.14653083958702456,1138.65626008376,1.9169802950293753,2.2259632876805444,1.869357375281401,-2.1822862558924365,0.000535,-0.6731828014512362,1.0,1.2884978641140084,119.2681335253668,54.470632484482806,0.7277046749198262,1.6976220693491116e-13,0.002125880828134343,6.471368538035539e-05,0.9975690032514112,469.24972935894544,3.6597642658512313,281617.029512426,0.6836460565613081,0.0038803201498629073,0.008951524836176344,0.0,2.9463961723290555,1.3718309796509676,0.6895959074708715,0.038536220788955744,0.08328624367713924,0.2081900453567505,0.056152235992413514,2.4996930605227354,1.0,0.9872169002168563
"MATLAB 12-47 PM Fri, Jun 28, 2024 Run5 .csv",True,0.0,0.0,0.0,0.0,0.0,-0.41381960142940427,-0.37509486111219625,-2.5264662748555504,0.0,-0.6656526454220424,0.0,0.0,0.0,0.0,0.0,0.0,0.0,0.0,0.0,-2144.9396081456425,0.0,0.0,0.0,0.0,0.0,0.0,-1.1847837297608586,0.0,0.0,0.0,0.0,0.0,0.0,0.0,0.0,0.0,-0.1574578153297311,0.0,0.0,-0.40940350742617154,-0.3691893866708793,-2.539413325257605,0.0,-0.6746073908351912,0.0,0.0,0.0,0.0,0.0,0.0,0.0,0.0,0.0,0.0,0.0,0.0,0.0,0.0,0.0,0.0,-1.0562487593851353,0.0,0.0,0.0,0.0,0.0,0.0,0.0,0.0,0.0
"MATLAB 12-47 PM Thu, Nov 7, 2024 Run6 .csv",0,5.899154286286931,2528.130251774044,0.29667463700671837,1277.947955629359,0.0008475163847737411,-0.039229635453790324,-0.0008800572595776268,0.166379471230222,0.0003,0.33292290045695205,0.0,3.6475057684838235,126.69976200533875,25.526468141877164,0.0022560175710650446,1.2926960779051628e-11,0.0002455309865187248,0.0002815503524355486,0.9990208180570957,1916.5897375581017,3.9455906964910086,454381.70234192756,14.788310925636413,0.10640014413202688,0.18510657193009633,1.0,1.8124472347688,-0.3762773960542808,-1.2535520995266265,0.05888861417770386,0.2902083404417391,0.3348458647727966,0.03654506146208359,1.1538119967989642,5.621279368852726,2318.2223461105405,0.1421375748047781,1119.5393922866958,0.000997489451218047,-0.03488312571519181,0.005163849060840109,0.15348835835671748,0.00028,0.32396801978085377,0.0,1.9429882609027211,63.16757391240516,17.392466646413105,0.00265569552153188,1.8131206009991125e-11,0.00031162015883729437,0.00022631613968014685,0.998446460621549,3204.0496492489947,3.1544336978575114,477089.6884725351,17.52968741305133,0.08997129999935947,0.09576149742147318,1.0,3.941106308900674,0.013889019065259516,-0.8630069906319866,0.01496953070163723,0.21250987640133606,0.2320744705200195,0.010423909457362386,1.0920643993116568,0.0,-0.7813808611647152
"MATLAB 12-51 PM Fri, Jun 28, 2024 Run6 .csv",True,0.0,0.0,0.0,0.0,0.0,-0.4159781303516318,-0.3776652527448569,-2.540828788003995,0.0,-0.6685015536640535,0.0,0.0,0.0,0.0,0.0,0.0,0.0,0.0,0.0,-2159.516269585221,0.0,0.0,0.0,0.0,0.0,0.0,-1.1903218007015413,0.0,0.0,0.0,0.0,0.0,0.0,0.0,0.0,0.0,-0.15770401245770993,0.0,0.0,-0.4115704356470152,-0.37178291454340495,-2.5536639633489493,0.0,-0.6774565696031013,0.0,0.0,0.0,0.0,0.0,0.0,0.0,0.0,0.0,0.0,0.0,0.0,0.0,0.0,0.0,0.0,-1.0615386228135169,0.0,0.0,0.0,0.0,0.0,0.0,0.0,0.0,0.0
"MATLAB 12-52 PM Fri, Jun 14, 2024 Run0 .csv",True,0.0,0.0,0.0,0.0,0.0,-0.4170573948127455,-0.37895044856118726,-2.548010044578217,0.0,-0.6699260077850591,0.0,0.0,0.0,0.0,0.0,0.0,0.0,0.0,0.0,-2166.8046003050104,0.0,0.0,0.0,0.0,0.0,0.0,-1.1930908361718826,0.0,0.0,0.0,0.0,0.0,0.0,0.0,0.0,0.0,-0.15782711102169933,0.0,0.0,-0.41265389975743694,-0.37307967847966783,-2.5607892823946212,0.0,-0.6788811589870563,0.0,0.0,0.0,0.0,0.0,0.0,0.0,0.0,0.0,0.0,0.0,0.0,0.0,0.0,0.0,0.0,-1.0641835545277076,0.0,0.0,0.0,0.0,0.0,0.0,0.0,0.0,0.0
"MATLAB 12-53 PM Mon, Mar 11, 2024 Run0 .csv",True,0.0,0.0,0.0,0.0,0.0,-0.41813665927385923,-0.38023564437751756,-2.5551913011524388,0.0,-0.6713504619060646,0.0,0.0,0.0,0.0,0.0,0.0,0.0,0.0,0.0,-2174.0929310247993,0.0,0.0,0.0,0.0,0.0,0.0,-1.1958598716422242,0.0,0.0,0.0,0.0,0.0,0.0,0.0,0.0,0.0,-0.15795020958568876,0.0,0.0,-0.41373736386785875,-0.3743764424159306,-2.567914601440293,0.0,-0.6803057483710113,0.0,0.0,0.0,0.0,0.0,0.0,0.0,0.0,0.0,0.0,0.0,0.0,0.0,0.0,0.0,0.0,-1.0668284862418982,0.0,0.0,0.0,0.0,0.0,0.0,0.0,0.0,0.0
"MATLAB 12-54 PM Fri, Jun 28, 2024 Run7 .csv",0,5.16088983664613,1767.1661101613672,0.17781692938186303,819.2116984942593,0.0723922326564192,-0.16851079575174405,-0.1450208404044533,1.4376674462140713,0.00211,0.3272250839729298,0.1,0.3429284310616122,28.399699664687983,11.225531058918298,0.2887544951264895,2.2185228827515347e-12,0.0021331902046413716,0.14742419938652376,0.8503738466169692,-1782.741775792171,4.22078665319286,249313.79409278612,5.998589939992045,16.525461205536967,0.4400605329237172,1.0,-1.1986289071125655,-1.6022260876770191,2.205166088180845,0.005340133905410813,0.08398835191130635,0.0938169836997986,0.0075414437477047324,1.1170237487082912,4.840243686611644,1581.265866527391,-0.027425991281592593,704.6307016519332,0.06652556482029272,-0.15751819662707195,-0.13867320656219162,1.324999083356249,0.00255,0.3182696622450336,0.0,0.429339928606724,40.55813645173165,11.481094755960525,0.2585498814020591,6.310180932521249e-11,0.0006617656677765246,0.0889327078957559,0.9103538557541719,1375.6438269348153,4.01409559598853,203313.156636515,25.839666312290905,34.40070893763747,0.31618083352263066,1.0,-1.069473417956089,-0.8300376533715942,0.09580341584604302,0.019456695318222084,0.16644344076132161,0.19297602891922,0.015527615834601466,1.1594090343034056,2.0,0.3715522386802022
"MATLAB 12-54 PM Thu, Nov 7, 2024 Run7 .csv",0,5.8695579918253635,2465.2865727818844,0.285761172957808,1319.3281242627668,0.0008652002238134222,-0.07199518850439052,-0.03455603631797832,0.4305061895546949,0.0003,0.32580062985192426,0.0,2.6735787626682246,101.11670851898228,23.238030843245326,0.002484066105596524,1.3023044314531756e-11,0.00021312196539911328,0.000229569224261987,0.9990446480169931,2498.996674811654,2.963604117978609,459600.7376529009,8.68097245770123,0.05030137651507018,0.09155649660823974,1.0,0.7986020574170931,0.008340185649845101,-1.0340562509973512,0.0454354733228684,0.261878641764323,0.3143231987953186,0.028401739924623262,1.200262826619488,5.529402304699866,2287.254751909458,0.11991454773107119,1163.7041014097051,0.0007337352015706299,-0.06769000668264535,-0.028719970597029465,0.41789476432394057,0.00028,0.31684507286107855,0.0,1.5771520188641441,59.27669176194254,16.256381865405437,0.002107136990991085,1.899127995434728e-11,0.00028000952430983097,0.00015865192861867877,0.9984556925567873,3565.791895892779,2.5377249955526393,409900.44939936197,10.267595020956243,0.041599653136490715,0.05080585999618924,1.0,-0.07211834967027975,0.36946019542871145,-0.6509718091932597,0.008440701365470898,0.20958572371800738,0.2216505753993988,0.005642521061057602,1.0575652361590449,0.0,-0.5875198754205649
"MATLAB 12-54 PM Tue, Apr 2, 2024 Run5 .csv",True,0.0,0.0,0.0,0.0,0.0,-0.42137445265720047,-0.3840912318265086,-2.576735070875105,0.0,-0.6756238242690813,0.0,0.0,0.0,0.0,0.0,0.0,0.0,0.0,0.0,-2195.957923184167,0.0,0.0,0.0,0.0,0.0,0.0,-1.2041669780532482,0.0,0.0,0.0,0.0,0.0,0.0,0.0,0.0,0.0,-0.15831950527765698,0.0,0.0,-0.4169877561991242,-0.3782667342247191,-2.5892905585773094,0.0,-0.6845795165228765,0.0,0.0,0.0,0.0,0.0,0.0,0.0,0.0,0.0,0.0,0.0,0.0,0.0,0.0,0.0,0.0,-1.0747632813844705,0.0,0.0,0.0,0.0,0.0,0.0,0.0,0.0,0.0
"MATLAB 12-54 PM Tue, Sep 10, 2024 Run7 .csv",0,6.017299760921917,2785.5003479223597,0.3670430742015231,1344.3780685411928,3.2841709944645894,3.5906462793180705,2.6158235696845655,-2.333915077221116,0.000265,-0.6770482783900869,1.0,-0.9872686863668163,395.4033183942563,52.751879596469216,0.8183626117916123,1.3376643743706597e-13,0.023707328311716507,0.00046824915585464566,0.9751072522775794,-2162.1152061765893,3.1280226767817205,1476265.769226396,0.8322688023910002,0.017965252327194273,0.03582837140687796,0.0,0.7930639864764104,-0.6517425841067837,-1.313282200985697,0.040416929721832306,0.10064163756370541,0.1219473004341125,0.02684829486064873,1.2116982929348776,5.898910352449503,2311.1411713398156,0.18769980731979427,1181.9270364315873,3.3130801238327225,2.7924687768395087,1.4821365001811575,-2.2964143773491275,0.000945,-0.6860041059068316,1.0,0.70231534470119,281.1812823468939,56.08705103126515,1.0319385918800958,2.338392235220929e-13,0.03469136861016908,0.0001793793402532526,0.9647800265038843,27.81037661976467,2.9936672142072562,1212288.886328917,1.0988771714663406,0.011013226905090392,0.02664133445326513,0.0,0.9225917869013389,0.07232333079616281,-0.1890980201291259,0.02252995491027833,0.1187473537524541,0.214512619972229,0.055497348010604165,1.806462318473314,0.0,0.8023790662314333
"MATLAB 12-55 PM Tue, Sep 10, 2024 Run8 .csv",0,6.057773741453369,2804.850995016898,0.3741604087901569,1286.460940914072,1.7900225370648575,2.045600349562288,1.1222883752021517,-2.241095833704054,0.000695,0.3215272674889076,0.5714285714285714,-2.2585134792074824,467.7174822791201,67.04369699492537,0.7249598531145985,6.583367778260377e-13,0.008061413413711482,0.0003155507563614724,0.9910873524337204,-2087.5924525718156,2.9395194023973743,782450.1838763987,1.2751499361598815,0.021419005022465794,0.03827212560435158,1.0,1.7902949510060688,-0.1568472691123892,-1.6757216642395978,0.09453983902931216,0.1045210254192352,0.1659014022350311,0.049947932655165936,1.5872538713584028,5.846666082251689,2372.225249033325,0.1617976327164536,1126.301039766894,1.789606922353646,2.050378646721393,1.1292897365630057,-2.2535394463491576,0.000335,-0.6874286952907865,1.0,4.079670842398122,639.9199619271077,73.46990350909512,0.7246741316613577,1.297581841015849e-12,0.010937797260104453,4.7293819808615866e-05,0.9885122118116082,90.37580312602798,2.6440766783801815,633887.5774282054,1.7007861159612419,0.008942009695492113,0.021296967951256834,0.0,-0.08005314481285186,0.4238004890481498,-1.4832071678000165,0.17122129619121554,0.15335208296775818,0.3109132492542267,0.0965649180733332,2.0274471871346886,0.0,0.9359895744297152
"MATLAB 12-56 PM Mon, Mar 11, 2024 Run1 .csv",True,0.0,0.0,0.0,0.0,0.0,-0.4246122460405417,-0.3879468192754996,-2.598278840597772,0.0,-0.679897186632098,0.0,0.0,0.0,0.0,0.0,0.0,0.0,0.0,0.0,-2217.822915343535,0.0,0.0,0.0,0.0,0.0,0.0,-1.2124740844642725,0.0,0.0,0.0,0.0,0.0,0.0,0.0,0.0,0.0,-0.15868880096962523,0.0,0.0,-0.42023814853038965,-0.38215702603350754,-2.6106665157143256,0.0,-0.6888532846747416,0.0,0.0,0.0,0.0,0.0,0.0,0.0,0.0,0.0,0.0,0.0,0.0,0.0,0.0,0.0,0.0,-1.0826980765270426,0.0,0.0,0.0,0.0,0.0,0.0,0.0,0.0,0.0
"MATLAB 12-56 PM Tue, Oct 29, 2024 Run2 .csv",True,0.0,0.0,0.0,0.0,0.0,-0.42569151050165543,-0.3892320150918299,-2.605460097171994,0.0,-0.6813216407531035,0.0,0.0,0.0,0.0,0.0,0.0,0.0,0.0,0.0,-2225.1112460633244,0.0,0.0,0.0,0.0,0.0,0.0,-1.2152431199346139,0.0,0.0,0.0,0.0,0.0,0.0,0.0,0.0,0.0,-0.15881189953361466,0.0,0.0,-0.42132161264081147,-0.3834537899697704,-2.6177918347599975,0.0,-0.6902778740586967,0.0,0.0,0.0,0.0,0.0,0.0,0.0,0.0,0.0,0.0,0.0,0.0,0.0,0.0,0.0,0.0,-1.0853430082412334,0.0,0.0,0.0,0.0,0.0,0.0,0.0,0.0,0.0
"MATLAB 12-58 PM Mon, Mar 11, 2024 Run2 .csv",True,0.0,0.0,0.0,0.0,0.0,-0.42677077496276916,-0.3905172109081603,-2.6126413537462163,0.0,-0.6827460948741091,0.0,0.0,0.0,0.0,0.0,0.0,0.0,0.0,0.0,-2232.399576783114,0.0,0.0,0.0,0.0,0.0,0.0,-1.2180121554049552,0.0,0.0,0.0,0.0,0.0,0.0,0.0,0.0,0.0,-0.15893499809760406,0.0,0.0,-0.4224050767512333,-0.3847505539060332,-2.6249171538056695,0.0,-0.6917024634426516,0.0,0.0,0.0,0.0,0.0,0.0,0.0,0.0,0.0,0.0,0.0,0.0,0.0,0.0,0.0,0.0,-1.0879879399554242,0.0,0.0,0.0,0.0,0.0,0.0,0.0,0.0,0.0
"MATLAB 12-59 PM Fri, May 31, 2024 Run2 .csv",True,0.0,0.0,0.0,0.0,0.0,-0.4278500394238829,-0.3918024067244906,-2.6198226103204383,0.0,-0.6841705489951146,0.0,0.0,0.0,0.0,0.0,0.0,0.0,0.0,0.0,-2239.687907502903,0.0,0.0,0.0,0.0,0.0,0.0,-1.2207811908752966,0.0,0.0,0.0,0.0,0.0,0.0,0.0,0.0,0.0,-0.15905809666159348,0.0,0.0,-0.4234885408616551,-0.38604731784229607,-2.632042472851342,0.0,-0.6931270528266067,0.0,0.0,0.0,0.0,0.0,0.0,0.0,0.0,0.0,0.0,0.0,0.0,0.0,0.0,0.0,0.0,-1.090632871669615,0.0,0.0,0.0,0.0,0.0,0.0,0.0,0.0,0.0
"MATLAB 12-59 PM Mon, Mar 11, 2024 Run3 .csv",True,0.0,0.0,0.0,0.0,0.0,-0.4289293038849966,-0.393087602540821,-2.6270038668946603,0.0,-0.6855950031161202,0.0,0.0,0.0,0.0,0.0,0.0,0.0,0.0,0.0,-2246.9762382226922,0.0,0.0,0.0,0.0,0.0,0.0,-1.2235502263456381,0.0,0.0,0.0,0.0,0.0,0.0,0.0,0.0,0.0,-0.15918119522558288,0.0,0.0,-0.42457200497207687,-0.38734408177855884,-2.639167791897014,0.0,-0.6945516422105618,0.0,0.0,0.0,0.0,0.0,0.0,0.0,0.0,0.0,0.0,0.0,0.0,0.0,0.0,0.0,0.0,-1.0932778033838058,0.0,0.0,0.0,0.0,0.0,0.0,0.0,0.0,0.0
"MATLAB 12-59 PM Thu, Aug 22, 2024 Run0.csv",0,6.088266022681551,2870.731692825565,0.40533541303724796,1192.2913541231135,0.9655184493062436,0.9836114304039312,1.4527272000062177,-2.034179122877773,0.00032,0.31298054276287424,0.5,-0.10088981353170857,124.43319789944114,44.49379285410944,0.683011311498125,1.2512179231225722e-14,0.004680776519867491,0.0021450017838822457,0.9915090928209146,-2042.4387984506695,4.725839396350657,388368.23471308,0.12960937177903245,0.006247304646750148,0.0057971520618688805,1.0,-0.2263192618159795,1.0396765403387889,-0.19970304728557764,0.015366137325763696,0.039938024679819696,0.0742568397521972,0.017369740018017575,1.8593017643588785,5.943488984979146,1928.2708695447636,0.2847362441430602,1208.4480846439587,1.0894148956098442,1.3413695293550527,1.459859152651413,-2.1462881104500946,0.00041,0.3040237684054832,0.4,0.8263773665990026,44.30880278478194,31.2650532767746,0.6165248915964022,1.1049787351586823e-14,0.00942574711458512,0.002289749824904193,0.9881724313915361,104.83757089795752,3.822603162903739,364619.8947732682,0.21180534194962664,0.004498686283999466,0.002940537870286128,1.0,-1.0959227350979963,1.328524570934729,0.028646540906009488,0.0096746957302093,0.03525323677062984,0.0794581854343414,0.02263093523474775,2.2539259572482595,0.0,-0.3307333840857541
"MATLAB 2-00 PM Fri, Sep 13, 2024 Run2 .csv",True,0.0,0.0,0.0,0.0,0.0,-0.4310878328072241,-0.3956579941734817,-2.6413663800431046,0.0,-0.6884439113581313,0.0,0.0,0.0,0.0,0.0,0.0,0.0,0.0,0.0,-2261.5528996622706,0.0,0.0,0.0,0.0,0.0,0.0,-1.2290882972863209,0.0,0.0,0.0,0.0,0.0,0.0,0.0,0.0,0.0,-0.1594273923535617,0.0,0.0,-0.4267389331929205,-0.3899376096510845,-2.653418429988358,0.0,-0.6974008209784719,0.0,0.0,0.0,0.0,0.0,0.0,0.0,0.0,0.0,0.0,0.0,0.0,0.0,0.0,0.0,0.0,-1.098567666812187,0.0,0.0,0.0,0.0,0.0,0.0,0.0,0.0,0.0
"MATLAB 2-00 PM Tue, Jun 4, 2024 Run2 .csv",True,0.0,0.0,0.0,0.0,0.0,-0.43216709726833785,-0.396943189989812,-2.6485476366173266,0.0,-0.6898683654791369,0.0,0.0,0.0,0.0,0.0,0.0,0.0,0.0,0.0,-2268.84123038206,0.0,0.0,0.0,0.0,0.0,0.0,-1.2318573327566624,0.0,0.0,0.0,0.0,0.0,0.0,0.0,0.0,0.0,-0.15955049091755114,0.0,0.0,-0.42782239730334226,-0.39123437358734736,-2.66054374903403,0.0,-0.698825410362427,0.0,0.0,0.0,0.0,0.0,0.0,0.0,0.0,0.0,0.0,0.0,0.0,0.0,0.0,0.0,0.0,-1.1012125985263779,0.0,0.0,0.0,0.0,0.0,0.0,0.0,0.0,0.0
"MATLAB 2-01 PM Mon, Oct 28, 2024 Run1 .csv",0,5.424039306670874,2292.565500970767,0.2854210711820743,1319.4728369489633,0.0,-0.43324636172945163,-0.3982283858061423,-2.655728893191549,0.0,-0.6912928196001424,0.0,0.0,0.0,0.0,0.0,0.0,0.0,0.0,0.0,-2276.1295611018495,0.0,0.0,0.0,0.0,0.0,0.0,-1.2346263682270036,0.0,0.0,0.0,0.0,0.0,0.0,0.0,5.945379818808108,2385.5609394339704,0.2279029591949761,1147.0650436706114,0.0,-0.4289058614137641,-0.39253113752361013,-2.667669068079702,0.0,-0.7002499997463819,0.0,0.0,0.0,0.0,0.0,0.0,0.0,0.0,0.0,0.0,0.0,0.0,0.0,0.0,0.0,0.0,-1.1038575302405687,0.0,0.0,0.0,0.0,0.0,0.0,0.0,0.0,1.0
"MATLAB 2-02 PM Tue, Oct 29, 2024 Run17 .csv",0,5.655419155609541,2145.87485406047,0.26990411084979116,1283.1040402640926,0.009571127928334025,0.020479024568450355,0.051586417975818755,-0.4628991477575104,0.00043,0.307282726278852,0.0,-1.1126268497516336,110.68075482529467,22.479897030268962,0.02104448121267215,3.168328311837472e-11,0.0014907767205381555,0.00011762597752265691,0.9979674213245202,-1613.990064316884,3.478990428651341,815564.5217380417,39.30080651133743,0.19699103042620777,0.8950737163226411,1.0,2.762604596302655,0.06409646928128657,-0.7279663995806911,0.026389038562774636,0.2110280629992485,0.2449155938625336,0.016467958500521636,1.1605830541287097,5.86420994873774,2560.6807413668307,0.13442803104601578,1191.0847597941643,0.010526295580833865,0.024668813607052642,0.057972098140248174,-0.47478338511711327,0.00034,0.298325410869663,0.0,0.043928001718322035,72.16546000736304,18.052022674956554,0.023152110728618048,2.255973642291843e-11,0.0015390855956001408,2.245873071540685e-05,0.9980686013412357,648.481542673431,3.0970822735740766,967643.1460046639,32.11005198346928,0.1401977423049506,0.584564680056725,1.0,3.893497538045241,0.12479207501958067,-1.4786539669388088,0.06290238887071614,0.2179973521828651,0.2656072473526001,0.03178464094067707,1.2183966671751036,1.0,0.2808754363702641
"MATLAB 2-03 PM Thu, Oct 24, 2024 Run1 .csv",0,5.869338087854204,2823.2695766076135,0.3528520555564776,1136.0180320343231,0.0033576185905083394,-0.2967699257398,-0.26119877756190746,4.529944600232495,0.00155,0.30585827215784644,0.0,0.7524926695453762,37.48656572192233,13.44113515173637,0.024219132544539182,2.184835509879543e-12,0.0015218948771327807,0.007646798429409353,0.9905068134069981,-1639.8683570029796,4.620153497407537,723920.0890948593,13.321339186205053,1.5890375950139324,0.4666912580427277,1.0,3.7598355608323137,-0.08433384573221084,-1.602542066320037,0.036344684064388316,0.11585628939999472,0.1434183526039123,0.017815710101706447,1.2378987221725992,6.123406726467122,2644.544982082599,0.30001315874017154,1164.3458731860667,0.0032011636563909728,-0.2924378247227285,-0.25532466552062716,4.5181163004014415,0.001025,0.29690082148570796,0.0,0.12493926989349288,32.097299289938576,14.037070333852707,0.023090593764897145,1.3904425667956109e-12,0.0022364469734534012,0.014793295913089703,0.9785314679247856,437.53841675655286,4.18176829860142,531045.7942295626,17.219893567006707,2.5715391401256382,0.22919014174926775,1.0,1.89085260633105,-0.6419302104765915,-0.6864368501900158,0.02810718536376955,0.1190230962882439,0.1459191107749939,0.018897474120724827,1.2259730701477858,1.0,-0.22389434224147453
"MATLAB 2-03 PM Tue, Oct 8, 2024 Run0 .csv",True,0.0,0.0,0.0,0.0,0.0,-0.4364841551127928,-0.40208397325513334,-2.6772726629142154,0.0,-0.6955661819631591,0.0,0.0,0.0,0.0,0.0,0.0,0.0,0.0,0.0,-2297.9945532612173,0.0,0.0,0.0,0.0,0.0,0.0,-1.2429334746380278,0.0,0.0,0.0,0.0,0.0,0.0,0.0,0.0,0.0,-0.1600428851735088,0.0,0.0,-0.43215625374502953,-0.39642142933239866,-2.689045025216718,0.0,-0.704523767898247,0.0,0.0,0.0,0.0,0.0,0.0,0.0,0.0,0.0,0.0,0.0,0.0,0.0,0.0,0.0,0.0,-1.1117923253831408,0.0,0.0,0.0,0.0,0.0,0.0,0.0,0.0,0.0
"MATLAB 2-04 PM Mon, Oct 28, 2024 Run2 .csv",True,0.0,0.0,0.0,0.0,0.0,-0.43756341957390654,-0.4033691690714637,-2.6844539194884374,0.0,-0.6969906360841647,0.0,0.0,0.0,0.0,0.0,0.0,0.0,0.0,0.0,-2305.2828839810063,0.0,0.0,0.0,0.0,0.0,0.0,-1.2457025101083694,0.0,0.0,0.0,0.0,0.0,0.0,0.0,0.0,0.0,-0.1601659837374982,0.0,0.0,-0.43323971785545135,-0.3977181932686614,-2.6961703442623906,0.0,-0.7059483572822021,0.0,0.0,0.0,0.0,0.0,0.0,0.0,0.0,0.0,0.0,0.0,0.0,0.0,0.0,0.0,0.0,-1.1144372570973315,0.0,0.0,0.0,0.0,0.0,0.0,0.0,0.0,0.0
"MATLAB 2-04 PM Tue, Jun 11, 2024 Run1 .csv",True,0.0,0.0,0.0,0.0,0.0,-0.43864268403502027,-0.40465436488779405,-2.6916351760626593,0.0,-0.6984150902051702,0.0,0.0,0.0,0.0,0.0,0.0,0.0,0.0,0.0,-2312.5712147007957,0.0,0.0,0.0,0.0,0.0,0.0,-1.2484715455787108,0.0,0.0,0.0,0.0,0.0,0.0,0.0,0.0,0.0,-0.1602890823014876,0.0,0.0,-0.43432318196587316,-0.3990149572049243,-2.7032956633080625,0.0,-0.7073729466661571,0.0,0.0,0.0,0.0,0.0,0.0,0.0,0.0,0.0,0.0,0.0,0.0,0.0,0.0,0.0,0.0,-1.1170821888115223,0.0,0.0,0.0,0.0,0.0,0.0,0.0,0.0,0.0
"MATLAB 2-04 PM Tue, Oct 22, 2024 Run2 .csv",0,5.584172553274458,2297.0076327335764,0.30303782985406646,1217.5215726106799,0.0,-0.439721948496134,-0.40593956070412435,-2.6988164326368818,0.0,-0.6998395443261758,0.0,0.0,0.0,0.0,0.0,0.0,0.0,0.0,0.0,-2319.859545420585,0.0,0.0,0.0,0.0,0.0,0.0,-1.2512405810490521,0.0,0.0,0.0,0.0,0.0,0.0,0.0,5.5913728658102455,1926.5837950343152,0.21660232715834427,1234.145481677064,0.0,-0.435406646076295,-0.40031172114118707,-2.7104209823537344,0.0,-0.7087975360501122,0.0,0.0,0.0,0.0,0.0,0.0,0.0,0.0,0.0,0.0,0.0,0.0,0.0,0.0,0.0,0.0,-1.119727120525713,0.0,0.0,0.0,0.0,0.0,0.0,0.0,0.0,0.0
"MATLAB 2-04 PM Wed, Sep 18, 2024 Run0 .csv",True,0.0,0.0,0.0,0.0,0.0,-0.4408012129572478,-0.4072247565204547,-2.705997689211104,0.0,-0.7012639984471813,0.0,0.0,0.0,0.0,0.0,0.0,0.0,0.0,0.0,-2327.147876140374,0.0,0.0,0.0,0.0,0.0,0.0,-1.2540096165193935,0.0,0.0,0.0,0.0,0.0,0.0,0.0,0.0,0.0,-0.16053527942946644,0.0,0.0,-0.4364901101867168,-0.40160848507744995,-2.7175463013994063,0.0,-0.7102221254340673,0.0,0.0,0.0,0.0,0.0,0.0,0.0,0.0,0.0,0.0,0.0,0.0,0.0,0.0,0.0,0.0,-1.1223720522399039,0.0,0.0,0.0,0.0,0.0,0.0,0.0,0.0,0.0
"MATLAB 2-06 PM Thu, Oct 31, 2024 Run4 .csv",True,0.0,0.0,0.0,0.0,0.0,-0.4418804774183615,-0.408509952336785,-2.713178945785326,0.0,-0.7026884525681869,0.0,0.0,0.0,0.0,0.0,0.0,0.0,0.0,0.0,-2334.4362068601636,0.0,0.0,0.0,0.0,0.0,0.0,-1.2567786519897348,0.0,0.0,0.0,0.0,0.0,0.0,0.0,0.0,0.0,-0.16065837799345586,0.0,0.0,-0.4375735742971386,-0.4029052490137127,-2.7246716204450787,0.0,-0.7116467148180223,0.0,0.0,0.0,0.0,0.0,0.0,0.0,0.0,0.0,0.0,0.0,0.0,0.0,0.0,0.0,0.0,-1.1250169839540944,0.0,0.0,0.0,0.0,0.0,0.0,0.0,0.0,0.0
"MATLAB 2-06 PM Tue, Oct 29, 2024 Run18 .csv",0,5.798874834649419,2286.082401314314,0.27097240116622884,1327.9081174000007,0.05557004224225482,3.089020254985842,3.1301048487020218,-2.4203587020856943,3.5e-05,2.2958870933108075,0.0,-3.1477743706324235,883.6644502993333,63.57565342044951,0.015733396647652033,2.5713564232099436e-12,0.0003044493714935855,0.00010057307097050825,0.9989770219511747,939.5337453665179,4.22333368546714,449787.0814451595,4.374746866845901,0.018819435532794415,0.03513375275563013,0.25,9.740452312539924,-0.41001933177692884,-1.4122906381753144,0.024663984477519968,0.2034786349534988,0.2227255415916443,0.015913628903633965,1.0945893245379006,5.899099799609443,2648.527218918435,0.1276826856260285,1203.2438596235206,0.057004933071977924,3.0928829584581488,3.1356979839051644,-2.431795439216897,2.5e-05,2.286928695798023,0.0,0.734766823930179,447.54426914475994,47.32278391522222,0.01614166429449209,1.9047337435312108e-12,0.000649645849948168,1.7666875711076902e-05,0.998834133447681,1537.5056017480495,3.6109128899113694,702517.5693304737,3.6548815415320597,0.014803739370755329,0.045166641191519266,0.25,6.872338084331715,0.089832870016114,-0.4644191844675212,0.015444848239421827,0.22198758661746976,0.2560334300994873,0.02006501605409463,1.1533682310835045,0.0,-0.10515394619059826
"MATLAB 2-07 PM Thu, Oct 31, 2024 Run5 .csv",0,5.884375151787591,2397.472532743234,0.2768009808399013,1318.5647680875002,0.42792655873215896,2.3375609911899953,2.350119653579358,-2.3775397086142744,3e-05,-0.705537360810198,1.0,-1.9980255214852984,646.9358682228952,59.29510479344286,0.15384187486053297,1.8966041065357323e-12,0.0003579616451517931,9.187589348600791e-05,0.9987579307477356,441.11267803976534,3.903163287310085,574900.2377372358,4.268581451393899,0.02220224808560035,0.04459724828695743,0.0,7.737683277069582,-1.0552512146921895,-0.13772330887954798,0.015460751056671135,0.21272562980651852,0.2266835761070251,0.014323059274132483,1.0656147842326373,6.031762250084108,2838.1269408399226,0.13476608542769958,1125.0690404241748,0.42863848624390954,2.34232616167885,2.355701220662538,-2.388920508216927,5e-05,-0.7144958935859324,1.0,1.0125436109611174,357.7222312279996,41.074103724000864,0.15407196806610496,2.4349425539665487e-12,0.0006299028824656688,1.2613216589172852e-05,0.9988056784378487,1585.6502744171614,3.0656790496184927,727648.1648241287,3.317581993459229,0.020741208681805266,0.05974763914410719,0.0,6.869693152617524,1.1437585080259163,-0.3629317242938588,0.02544611394405366,0.20008451938629146,0.2539618873596191,0.026691973035482222,1.2692730459037151,0.0,-0.2433966675483312
"MATLAB 2-08 PM Thu, Oct 24, 2024 Run2 .csv",0,5.8047247756514295,2568.8589467485763,0.31290419781963635,1235.3581247603129,0.10740094134493544,-0.17018493771196463,-0.20466553996981252,1.2656773280403733,0.0003,-0.7069618149312036,1.0,-0.0935981556722611,61.6556664007434,14.32266900897511,0.39064357943778255,2.7143146029875068e-12,0.00032384070887723414,0.0025531277643488933,0.9968667737886491,721.961497615544,4.403414586304091,509826.62656054995,1.0448457333056749,0.04871191536467807,0.014152679924166581,0.0,-1.265085758400759,0.17848948733298398,-0.9994214103794423,0.004812610149383556,0.13514471113681792,0.1440865921974182,0.0060811997351691745,1.0661652312205374,5.914637890897433,2334.2950710852997,0.24464989713840518,1291.16659764621,0.10865661498075115,-0.16602396687188092,-0.19949554100618316,1.2543524659662708,0.0004,-0.7159204829698874,1.0,0.06925300538561856,63.59352948266587,16.78506737436129,0.3954025293923673,2.6425031529356413e-12,0.00040988239049415007,0.004150193797159375,0.9936147599962549,2424.1460063662726,4.061476840056603,339801.8934566306,1.5542719965381213,0.07653534837887356,0.007111466854381649,0.0,-1.1329517790966668,-0.004663257703621294,-1.992339442134845,0.04791342139244083,0.14069913148880003,0.1655981242656708,0.02445694202605119,1.1769662151670979,0.0,-0.6928713184499852
"MATLAB 2-08 PM Tue, Oct 29, 2024 Run19 .csv",0,5.716859557313619,2253.8719785147255,0.2608740653986986,1325.7702465358855,0.13279999990801006,7.602302457596194,7.634849257256905,-2.5919032219452878,1e-05,-0.7083862690522091,1.0,-4.72723764047566,1413.7613399360948,84.69062236343078,0.016499968941521545,1.0260185737412368e-12,0.000571332703405607,9.537837860795744e-05,0.9985804350304892,-615.780540199358,4.302745210057014,363795.25066963746,2.058350980021911,0.009192709668660934,0.01886378705832452,0.0,3.7321452061288998,0.5215491720383746,-1.5000000000000029,0.00849499583244323,0.19378691196441647,0.2036736452579498,0.007209981677047106,1.051018581148291,5.874470840106243,2664.4765446002066,0.1353231698688693,1215.2910688976365,0.13739999990391372,7.605492562121165,7.639307688101226,-2.60317214649084,1e-05,-0.7173450723538424,1.0,1.5186106052706774,832.0352536822079,63.50828079581796,0.01707383751594566,1.0073163473733325e-12,0.0013443357210249534,2.453106708302158e-05,0.9979798951208748,742.3591291318148,3.4079928871778344,610722.0925082281,1.6941785414221373,0.007330220804486675,0.022592730765707243,0.0,3.864403289189142,-0.6150841984931477,-1.5000000000000013,0.0359525752067566,0.21121982653935745,0.2395568263530731,0.03126849990750822,1.134158806386651,0.0,0.5636057592361531
"MATLAB 2-09 PM Tue, Oct 22, 2024 Run3 .csv",0,5.107882720283426,1931.3672158088687,0.2255164828588305,1365.8887808485915,0.0013331216130328255,-0.3902902978734352,-0.35803593146910667,14.817640009373054,0.0028666666666666667,2.2901892768267853,0.0,0.24928117160483831,7.636304770666625,8.199651610368965,0.02339363831333764,4.754791568571228e-12,0.0003395982082447943,0.0010405367977001504,0.9984662174004169,569.2619670180939,4.235907523169045,533476.7880330691,245.7518581111327,4.861989451472989,0.7288039096686642,0.011200203640066183,-0.2706238293414418,0.01997076350096738,-1.2314798251607577,0.028226697444915794,0.11687776040307028,0.1458118069171905,0.015859919496239314,1.247558187411676,4.170336376401265,1380.8259142255508,0.04377898093275662,1266.2534918777462,0.004561277346627722,-0.38567751057896005,-0.3522890687453678,14.706426688932735,0.004946666666666667,2.2812303382622026,0.0,0.3361444347728642,2.666123886191535,6.84200293763552,0.0795848544751245,4.471662117156666e-12,0.00044640345829401727,0.0015392061795179112,0.9962540781570375,2231.7346777830494,3.77449119013937,507752.31316720915,423.72911894318105,8.520669311636308,0.3342014016066163,0.010903714655331732,-0.13824164252504811,0.14971292772642855,-0.9822589135087356,0.025183637142181386,0.09180687078765327,0.1248759889602661,0.015199891031044183,1.3602030859879841,3.0,-0.20946908318031696
"MATLAB 2-10 PM Thu, Oct 24, 2024 Run3 .csv",0,5.720020408993147,2383.355952373687,0.30268935630989185,1294.8031516507792,0.052747249078167656,-0.22203225486159195,-0.20352112742323375,1.6438215204241895,0.00048,0.28876482270577974,0.0,0.6310865886369122,51.58628642142003,15.483298821634856,0.23306098123677135,4.774690000725492e-12,0.0003708140865381104,0.0020421993571089663,0.9974605547531104,311.7546909141179,4.5136492529938135,242386.05135835233,8.255772594672774,0.253370188812093,0.08213462165676609,1.0,0.7266071351882166,-0.10952796767416932,-1.6815046985268258,0.027634116709232354,0.15381698429584498,0.1739260601997375,0.014686555212708933,1.1307337807716709,5.750844532432335,2191.3751925876295,0.22905954432489867,1358.8166318752212,0.05246467201056798,-0.21775054963621798,-0.1977858328189881,1.6326644709357376,0.00046,0.2798057488782475,0.0,0.7821767765500816,50.45206261429264,17.25989258617965,0.23181242913593736,4.65061243552935e-12,0.0004141649733465013,0.003225835535806709,0.9936365292663739,2399.1322135179007,3.8755620142427336,258395.92226470067,12.147483351037911,0.38330171445434785,0.041893963654014904,1.0,-1.140886574239239,-0.21528447916551,-1.5781543795360182,0.049661446213722205,0.16281905949115752,0.1939128494262695,0.025194059379598947,1.1909714380631258,1.0,0.15782142078159828
"MATLAB 2-11 PM Thu, Oct 31, 2024 Run6 .csv",0,5.860577920932447,2447.0817277864594,0.2647297112270498,1331.4471314606935,0.07025323149179535,1.420753558582352,1.454293675282048,-2.263445241348458,4.5e-05,1.2873403685847742,0.3,-3.0269036155712206,550.9194115405418,49.93513583134438,0.03756477860153782,7.264211571801829e-12,0.0003142411724827669,7.796702932075633e-05,0.9987046351244852,792.6924638507821,3.800865900978791,550493.9575221824,6.906418628126648,0.036331914882046075,0.0737821875200432,0.6666666666666666,8.723838099717875,-0.027767146883466945,-1.1780690784142238,0.008881321847438783,0.23340960037708283,0.2427540957927704,0.005727165366687013,1.040034751786521,5.996320286036689,2869.3791274148193,0.12419231937285416,1123.3467811843195,0.0710231643070793,1.42503106415842,1.4539174017708467,-2.2745463533083603,8e-05,0.27838115949429243,0.3,2.0199569756020987,254.3870780392951,34.57722637578623,0.03797646579556499,6.423791177760823e-12,0.000752298951508138,9.75153755772464e-06,0.9984138950002719,1327.1504539501827,2.8852172967188165,794658.7477778714,5.126855764998804,0.03257949650950759,0.09795276037955014,1.0,6.85646849404657,-0.016647471807246173,-1.42400474120314,0.0416173514723778,0.2378106006383896,0.2691264283657074,0.023813395694230372,1.1316839015723106,0.0,-0.1526372513161494
"MATLAB 2-11 PM Tue, Oct 22, 2024 Run4 .csv",0,5.40709291028811,2149.9621699300264,0.24898252929118217,1336.2178230673962,0.0005040112739018556,-0.38995117852673505,-0.35819151892112344,13.829703022955098,0.0022,2.285915914463769,0.0,0.38476245475315646,10.111019823364735,8.269523113922272,0.008322041902568562,4.513248587207774e-12,0.00023209103980395985,0.0009513288915109533,0.9986431424317369,1910.064973462443,4.129557006177679,545668.1391749623,26.900366195279027,0.43054348556562,0.12126112356478962,0.1728395061728395,-1.278930935752466,-0.27786282660786277,-1.4712848838800674,0.02715944170951845,0.11940147944243552,0.1380621552467346,0.014169456867767622,1.156285130564865,4.812557105888871,1658.6305069852945,0.09821737762870089,1321.7146726106364,0.00020393219511953664,-0.3856778725999768,-0.35267936055751103,13.818657848523745,0.00254,2.2769565701103374,0.0,0.5402363879263868,3.9627900673511025,7.622567244377842,0.0033672506170924527,2.4296052795345406e-12,0.0003292187343097283,0.0015096255853923053,0.9958942306779981,3025.0229616066226,3.6711826974215,423760.032276027,43.63723704050856,0.6975282386356582,0.055363424794075945,0.1728395061728395,-1.1461764376676205,-0.4295431085590254,-1.0190155832931853,0.025997411608695953,0.09922946894025222,0.1234707581996917,0.01636187070131632,1.2442952634769775,1.0,-0.5901969546334134
"MATLAB 2-12 PM Mon, Sep 9, 2024 Run0 .csv",True,0.0,0.0,0.0,0.0,0.0,-0.45159385756838516,-0.42007671468375807,-2.7778102549533252,0.0,-0.7155085396572369,0.0,0.0,0.0,0.0,0.0,0.0,0.0,0.0,0.0,-2400.031183338267,0.0,0.0,0.0,0.0,0.0,0.0,-1.2816999712228074,0.0,0.0,0.0,0.0,0.0,0.0,0.0,0.0,0.0,-0.1617662650693606,0.0,0.0,-0.44732475129093485,-0.4145761244400782,-2.7887994918561274,0.0,-0.7244680192736177,0.0,0.0,0.0,0.0,0.0,0.0,0.0,0.0,0.0,0.0,0.0,0.0,0.0,0.0,0.0,0.0,-1.1488213693818112,0.0,0.0,0.0,0.0,0.0,0.0,0.0,0.0,0.0
"MATLAB 2-12 PM Wed, Sep 18, 2024 Run1 .csv",True,0.0,0.0,0.0,0.0,0.0,-0.45267312202949894,-0.4213619105000884,-2.784991511527547,0.0,-0.7169329937782425,0.0,0.0,0.0,0.0,0.0,0.0,0.0,0.0,0.0,-2407.3195140580565,0.0,0.0,0.0,0.0,0.0,0.0,-1.2844690066931488,0.0,0.0,0.0,0.0,0.0,0.0,0.0,0.0,0.0,-0.16188936363335,0.0,0.0,-0.44840821540135667,-0.41587288837634095,-2.7959248109017993,0.0,-0.7258926086575727,0.0,0.0,0.0,0.0,0.0,0.0,0.0,0.0,0.0,0.0,0.0,0.0,0.0,0.0,0.0,0.0,-1.151466301096002,0.0,0.0,0.0,0.0,0.0,0.0,0.0,0.0,0.0
"MATLAB 2-13 PM Mon, Oct 28, 2024 Run3 .csv",True,0.0,0.0,0.0,0.0,0.0,-0.45375238649061267,-0.4226471063164188,-2.7921727681017696,0.0,-0.718357447899248,0.0,0.0,0.0,0.0,0.0,0.0,0.0,0.0,0.0,-2414.6078447778455,0.0,0.0,0.0,0.0,0.0,0.0,-1.2872380421634904,0.0,0.0,0.0,0.0,0.0,0.0,0.0,0.0,0.0,-0.16201246219733942,0.0,0.0,-0.4494916795117785,-0.41716965231260383,-2.8030501299474713,0.0,-0.7273171980415277,0.0,0.0,0.0,0.0,0.0,0.0,0.0,0.0,0.0,0.0,0.0,0.0,0.0,0.0,0.0,0.0,-1.1541112328101928,0.0,0.0,0.0,0.0,0.0,0.0,0.0,0.0,0.0
"MATLAB 2-13 PM Mon, Sep 9, 2024 Run1 .csv",True,0.0,0.0,0.0,0.0,0.0,-0.4548316509517264,-0.4239323021327491,-2.7993540246759916,0.0,-0.7197819020202536,0.0,0.0,0.0,0.0,0.0,0.0,0.0,0.0,0.0,-2421.896175497635,0.0,0.0,0.0,0.0,0.0,0.0,-1.2900070776338317,0.0,0.0,0.0,0.0,0.0,0.0,0.0,0.0,0.0,-0.16213556076132882,0.0,0.0,-0.4505751436222003,-0.4184664162488666,-2.810175448993143,0.0,-0.7287417874254828,0.0,0.0,0.0,0.0,0.0,0.0,0.0,0.0,0.0,0.0,0.0,0.0,0.0,0.0,0.0,0.0,-1.1567561645243833,0.0,0.0,0.0,0.0,0.0,0.0,0.0,0.0,0.0
"MATLAB 2-13 PM Thu, Oct 31, 2024 Run7 .csv",0,5.693990716356767,2522.7005068568697,0.21478356534500986,1367.02532710365,0.01119019019035371,-0.38786953616278236,-0.3595174980072943,12.194214769542857,0.00235,2.278793643858741,0.03333333333333333,-0.47370427610255456,14.874307280201819,12.434664393009493,0.1644615425743917,2.127934291835044e-11,5.244030009359948e-05,3.9252534026507974e-05,0.998341827061143,16608.49882662441,4.499007667650253,338086.98592231027,5.388255406513214,0.024093492160298255,0.05308657611074518,0.13580246913580246,-1.292776113104173,4.43944234703983,20.036359514609977,0.00821758002042769,0.11252923440933227,0.2086905825138092,0.018762642413002087,1.8545454753089663,6.004796354580255,2996.6226388071977,0.07698234078573965,1119.7601675229762,0.01224966207286416,-0.3835068836550759,-0.35436318024307856,12.183449282754255,0.00335,2.2698336231905625,0.0,0.23489787859952319,10.661904019871043,8.525429062791519,0.1797410445394738,1.2911662694790962e-11,7.750084117393286e-05,4.161227405281453e-06,0.9981906651546035,12879.739755525925,4.883745881421698,405373.3973671374,3.4497969113726636,0.022272225275418153,0.07620505437130216,0.16129032258064516,-1.1594010962385741,0.9156703675307705,1.768993249098246,0.017438483238220198,0.11521896302700038,0.1604006338119507,0.013803892641753981,1.3921374537484983,1.0,0.5909843959909761
"MATLAB 2-13 PM Tue, Oct 15, 2024 Run1 .csv",True,0.0,0.0,0.0,0.0,0.0,-0.45699017987395385,-0.4265026937654097,-2.813716537824436,0.0,-0.7226308102622647,0.0,0.0,0.0,0.0,0.0,0.0,0.0,0.0,0.0,-2436.4728369372133,0.0,0.0,0.0,0.0,0.0,0.0,-1.2955451485745144,0.0,0.0,0.0,0.0,0.0,0.0,0.0,0.0,0.0,-0.16238175788930764,0.0,0.0,-0.4527420718430439,-0.42105994412139225,-2.8244260870844875,0.0,-0.7315909661933928,0.0,0.0,0.0,0.0,0.0,0.0,0.0,0.0,0.0,0.0,0.0,0.0,0.0,0.0,0.0,0.0,-1.162046027952765,0.0,0.0,0.0,0.0,0.0,0.0,0.0,0.0,0.0
"MATLAB 2-14 PM Tue, Oct 22, 2024 Run5 .csv",0,5.642366668346494,2378.9338591328724,0.2736376748901828,1250.3943287904115,0.0006816512573715616,-0.3975381943886986,-0.3672878896353472,14.180802390681897,0.0026,2.2759447356167297,0.0,0.5514179318402405,13.406740178865892,9.0382496020527,0.011261146233978449,4.871714522818848e-12,0.00013212104847599992,0.0008653541442494911,0.9987508018814781,5115.600594923191,4.30626347531559,517946.4393501363,3.028505691595468,0.04874512429897261,0.025287710282162087,0.125,-1.2983141840448558,-0.1341545235682092,-1.0678414340820805,0.023769410848617514,0.12132649526876559,0.1461247229576111,0.016632320583076864,1.2043925165225602,5.688138769757296,2123.032328522576,0.18573018881048467,1296.573368396591,0.0007791973026286712,-0.39329428600709665,-0.36185670811126225,14.170148778950395,0.0026,2.2669844444226523,0.0,0.680689891107435,6.92473244549133,7.600445386895607,0.012872645176153531,2.252721322476783e-12,0.00020302203584376662,0.0015305228106736325,0.9953987544433789,4902.909924562953,3.9949528239886303,561021.9234408127,4.074470323277429,0.0696739820434779,0.012542917596632555,0.125,-1.1646909596669557,-0.5018877488372478,-1.1628670721462449,0.019815231561660707,0.09434790912796467,0.108619133234024,0.012346284757102503,1.1512616891880791,0.0,-0.7374951825299614
"MATLAB 2-15 PM Thu, Oct 31, 2024 Run8 .csv",0,5.688003020896299,2394.8555545578524,0.2260173834389261,1332.2846970273024,0.028245215892433968,-0.38481537552864736,-0.3619230854574208,10.572188966248703,0.00346,2.2745202814957244,0.07462686567164178,-0.5458486136672988,28.440406959628138,16.868081005094375,0.3799804831942123,6.664297284883308e-11,8.304639621272919e-05,4.7880386530465095e-05,0.9987547588995366,9575.417686799505,4.532403859967057,368492.99995090836,15.772335971865985,0.0648658521739075,0.13915808045150846,0.09595959595959595,-0.30108321951519734,4.182474560810055,17.42777203046129,0.010180694460868805,0.12060812642325212,0.3368235969543457,0.03951748368719981,2.792710631888311,6.018185297350783,2895.137652453473,0.09051955105372722,1132.6196457094707,0.02834689273587052,-0.38062263649328165,-0.3567034720532404,10.561591292045751,0.00368,2.2655598550386973,0.029850746268656716,0.37109655162882094,15.866341132805442,12.854218500935213,0.3815894515946801,2.3054922345144482e-11,0.00011107084587623258,5.0411473818806395e-06,0.9987969840513539,8992.431597795914,4.826052146353106,454501.09802193823,9.930739245576225,0.057871717286871405,0.1889142685982666,0.11659192825112108,-0.16733589138114624,3.129310163913425,11.596023713703287,0.02600737094879149,0.12110524949742785,0.258006021976471,0.027622417289148528,2.1304280619309632,1.0,0.7079495768191361
"MATLAB 2-16 PM Thu, Oct 31, 2024 Run9 .csv",0,5.658834203076758,2386.8530218079973,0.23343101691923024,1326.1078402337864,0.02306738838607006,-0.386182991910396,-0.3621582812748307,10.664807204776313,0.00384,2.2730958273747186,0.05185185185185185,-0.5112069268928544,28.39064179016928,20.331036729330787,0.3115320980094499,6.014617880766875e-11,0.0004417424313377273,4.533864304075973e-05,0.9983521479057204,-198.3055635014166,4.534890870418234,384769.1894891822,64.29156644168539,0.27189682218140887,0.7405267885255122,0.026790914385556204,1.6961477450144613,4.083028602124857,16.114707671444442,0.00959229022264485,0.12119378413977441,0.3452267098426819,0.03727014801799123,2.8485512874532186,6.016646508924589,2903.0916295723378,0.10836222649457505,1134.1774118918881,0.022722339324539525,-0.3819474828274102,-0.35685023599082444,10.654265468101912,0.004705,2.264135265654742,0.014814814814814815,0.3419601675761967,15.871183148090246,14.474340879965629,0.3068721054582465,2.266464697595718e-11,0.0005480856421523204,5.825617586123613e-06,0.9983161607128834,1821.4601586579017,4.872463546378975,474425.774683944,39.145223053064356,0.2279929603658289,0.8217406837204587,0.02520677432059866,2.830019176904663,3.1442107901648617,12.44211687445805,0.023001256585121185,0.12410070014441453,0.2895957636833191,0.02582588699211734,2.333554632216578,9.0,0.7725564045968166
"MATLAB 2-17 PM Thu, Oct 24, 2024 Run4 .csv",0,5.723539439036424,2309.6076501751086,0.3086551893583322,1279.7537763187183,0.02575894259893397,-0.25545723790116676,-0.22879347721047116,2.007582690305977,0.00062,0.27167137325371304,0.010309278350515464,0.8566545979660674,51.26672745150951,25.22646641539841,0.1251345281603269,8.831419785862545e-12,0.0011354136013211845,0.0010184194984620438,0.9976330340925519,-1586.9745099403335,3.7881297705970387,498555.90617726085,42.33135328362967,0.6261091298535716,0.4918582506613615,1.0,1.69337870954412,2.5988353245469638,14.448629625319175,0.037815293073654194,0.1749659318899371,0.3236734127998352,0.02334959283492561,1.8499224923595015,5.696843555136068,2136.6418330687006,0.2137579712558175,1260.9917551593828,0.02576236351375395,-0.2512259284674889,-0.22344700004703788,1.9970968911601261,0.00052,0.2627106762707869,0.0,0.7027241274776246,45.30611495074174,22.05547058637796,0.12515114664380037,9.8125655799217e-12,0.0014334126565018013,0.001278363269765599,0.9950009575625904,694.1482992000776,3.4852362508894608,481110.49584835395,60.93557249356485,0.8011172181053319,0.36779638192787634,1.0,0.8273742451904722,0.17545210012940352,0.40770977782164586,0.049769713878631605,0.17713425941074015,0.2887296223640442,0.029247274736391205,1.6300044007553387,0.0,0.25297561949319397
"MATLAB 2-17 PM Thu, Oct 3, 2024 Run0 .csv",True,0.0,0.0,0.0,0.0,0.0,-0.4623865021795226,-0.43292867284706144,-2.8496228206955467,0.0,-0.7297530808672925,0.0,0.0,0.0,0.0,0.0,0.0,0.0,0.0,0.0,-2472.91449053616,0.0,0.0,0.0,0.0,0.0,0.0,-1.3093903259262214,0.0,0.0,0.0,0.0,0.0,0.0,0.0,0.0,0.0,-0.16299725070925472,0.0,0.0,-0.4581593923951529,-0.4275437638027064,-2.8600526823128476,0.0,-0.738713913113168,0.0,0.0,0.0,0.0,0.0,0.0,0.0,0.0,0.0,0.0,0.0,0.0,0.0,0.0,0.0,0.0,-1.1752706865237186,0.0,0.0,0.0,0.0,0.0,0.0,0.0,0.0,0.0
"MATLAB 2-18 PM Tue, Apr 30, 2024 Run0 .csv",True,0.0,0.0,0.0,0.0,0.0,-0.4634657666406363,-0.4342138686633918,-2.8568040772697687,0.0,-0.7311775349882981,0.0,0.0,0.0,0.0,0.0,0.0,0.0,0.0,0.0,-2480.202821255949,0.0,0.0,0.0,0.0,0.0,0.0,-1.3121593613965628,0.0,0.0,0.0,0.0,0.0,0.0,0.0,0.0,0.0,-0.16312034927324415,0.0,0.0,-0.4592428565055747,-0.4288405277389692,-2.86717800135852,0.0,-0.7401385024971231,0.0,0.0,0.0,0.0,0.0,0.0,0.0,0.0,0.0,0.0,0.0,0.0,0.0,0.0,0.0,0.0,-1.1779156182379094,0.0,0.0,0.0,0.0,0.0,0.0,0.0,0.0,0.0
"MATLAB 2-18 PM Tue, Oct 15, 2024 Run2 .csv",True,0.0,0.0,0.0,0.0,0.0,-0.46454503110175005,-0.4354990644797221,-2.863985333843991,0.0,-0.7326019891093036,0.0,0.0,0.0,0.0,0.0,0.0,0.0,0.0,0.0,-2487.4911519757384,0.0,0.0,0.0,0.0,0.0,0.0,-1.3149283968669043,0.0,0.0,0.0,0.0,0.0,0.0,0.0,0.0,0.0,-0.16324344783723355,0.0,0.0,-0.46032632061599654,-0.43013729167523207,-2.874303320404192,0.0,-0.7415630918810782,0.0,0.0,0.0,0.0,0.0,0.0,0.0,0.0,0.0,0.0,0.0,0.0,0.0,0.0,0.0,0.0,-1.1805605499521001,0.0,0.0,0.0,0.0,0.0,0.0,0.0,0.0,0.0
"MATLAB 2-19 PM Fri, Jun 14, 2024 Run6 .csv",0,5.053254120046649,762.0321739709163,0.3477459494390379,1175.0410512519181,0.0,-0.4656242955628638,-0.43678426029605244,-2.871166590418213,0.0,-0.7340264432303092,0.0,0.0,0.0,0.0,0.0,0.0,0.0,0.0,0.0,-2494.779482695528,0.0,0.0,0.0,0.0,0.0,0.0,-1.3176974323372457,0.0,0.0,0.0,0.0,0.0,0.0,0.0,4.328874809273834,657.8600127098613,0.14061845245739166,1130.3881717735203,0.7732276032606711,0.28004021461742057,-0.04728405595358387,-1.5814156381691262,0.00025,0.2570123187349669,0.6153846153846154,0.19211511070594706,11.062435546883696,26.318136023327654,1.0428587280935389,8.375253710738242e-15,0.6420035347558952,0.06314038080962044,0.29474498810364147,0.4591018150946948,3.77481538009154,128892.28989205653,0.5286301804010697,0.8640930842094025,0.9230357220683005,1.0,-0.18320548166629091,1.7291054231015937,2.1975512162999307,0.026929413080215497,0.03344870319733248,0.1001279926300049,0.023482394491124013,2.9934790607365027,0.0,0.0
"MATLAB 2-19 PM Tue, Apr 30, 2024 Run0 .csv",True,0.0,0.0,0.0,0.0,0.0,-0.4667035600239775,-0.4380694561123828,-2.878347846992435,0.0,-0.7354508973513147,0.0,0.0,0.0,0.0,0.0,0.0,0.0,0.0,0.0,-2502.067813415317,0.0,0.0,0.0,0.0,0.0,0.0,-1.320466467807587,0.0,0.0,0.0,0.0,0.0,0.0,0.0,0.0,0.0,-0.16348964496521237,0.0,0.0,-0.4624932488368402,-0.4327308195477577,-2.888553958495536,0.0,-0.7444122706489882,0.0,0.0,0.0,0.0,0.0,0.0,0.0,0.0,0.0,0.0,0.0,0.0,0.0,0.0,0.0,0.0,-1.1858504133804815,0.0,0.0,0.0,0.0,0.0,0.0,0.0,0.0,0.0
"MATLAB 2-20 PM Tue, Apr 30, 2024 Run1 .csv",True,0.0,0.0,0.0,0.0,0.0,-0.46778282448509123,-0.43935465192871315,-2.8855291035666575,0.0,-0.7368753514723203,0.0,0.0,0.0,0.0,0.0,0.0,0.0,0.0,0.0,-2509.356144135106,0.0,0.0,0.0,0.0,0.0,0.0,-1.3232355032779284,0.0,0.0,0.0,0.0,0.0,0.0,0.0,0.0,0.0,-0.1636127435292018,0.0,0.0,-0.463576712947262,-0.4340275834840205,-2.895679277541208,0.0,-0.7458368600329432,0.0,0.0,0.0,0.0,0.0,0.0,0.0,0.0,0.0,0.0,0.0,0.0,0.0,0.0,0.0,0.0,-1.1884953450946723,0.0,0.0,0.0,0.0,0.0,0.0,0.0,0.0,0.0
"MATLAB 2-21 PM Fri, Jun 14, 2024 Run7 .csv",0,5.520570283925928,864.4284841002169,0.42701502184411577,1190.4539166521843,2.309299722984114,2.476037908448385,1.651360150401302,-2.492706359746806,5e-05,-0.7382998055933259,1.0,-0.5184969683164232,13.527407502672357,28.252861607107608,0.7841691483674137,4.394770893530752e-16,0.37390387950276677,0.14526378086923114,0.48059963326452004,-2515.359118752403,4.610239134503243,155137.0456476178,0.3463232214159058,0.6731823076405592,0.5589392890335821,0.0,-0.32600453874826973,0.07820148859361654,-1.8833523332777184,0.0030454698204994274,0.017915407121181476,0.0199585175514221,0.001671504493077588,1.1140420877081294,5.814237870513669,1248.7220384576628,0.42724204557497764,1328.9130383579861,0.1660370342767042,-0.26740017723228804,-0.30457434753584645,2.197246408437554,0.00278,-0.7472614494168983,1.0,-0.32693767310435884,28.50010851904205,32.543756755961894,0.8417166907820717,3.56002008930142e-14,0.3745561418776869,0.05947928809167698,0.5657170248184354,1.5103664352757378,4.313192778445749,379855.5607662688,1.1124645576524341,1.746262284696667,1.4281790676582025,0.0,-0.19114027680886303,1.9795510744910474,4.451561612873892,0.021294675469398505,0.0357580625543407,0.1332925951480865,0.023332517189589175,3.727623523940226,0.0,0.7887884666126006
"MATLAB 2-21 PM Mon, May 13, 2024 Run0 .csv",True,0.0,0.0,0.0,0.0,0.0,-0.46994135340731874,-0.44192504356137385,-2.8998916167151014,0.0,-0.7397242597143314,0.0,0.0,0.0,0.0,0.0,0.0,0.0,0.0,0.0,-2523.9328055746846,0.0,0.0,0.0,0.0,0.0,0.0,-1.3287735742186113,0.0,0.0,0.0,0.0,0.0,0.0,0.0,0.0,0.0,-0.16385894065718062,0.0,0.0,-0.4657436411681056,-0.43662111135654613,-2.909929915632552,0.0,-0.7486860388008534,0.0,0.0,0.0,0.0,0.0,0.0,0.0,0.0,0.0,0.0,0.0,0.0,0.0,0.0,0.0,0.0,-1.1937852085230538,0.0,0.0,0.0,0.0,0.0,0.0,0.0,0.0,0.0
"MATLAB 2-21 PM Mon, Oct 28, 2024 Run4 .csv",0,5.846054482182057,2381.392994755526,0.2771982624386728,1362.1491575553855,0.0016219922786490626,-0.33110935038664246,-0.30321023950113196,4.292999133803995,0.00091,0.258851286164663,0.0,-0.1103110686380986,36.01353335304902,13.214492193546867,0.011593006823844055,7.702336394725696e-12,0.00017715354727471265,0.00013958397113650052,0.9990463918377259,3108.2165560736107,3.427496283937635,469074.047734511,18.14099320210909,0.09005403713646727,0.1439544311444245,1.0,1.6684573903110473,0.26393040646270854,-1.3973927844424032,0.017188214659690892,0.13858956298894348,0.1523258578777313,0.00869828467916804,1.0991149303925845,5.902855059165433,2600.819522812403,0.11281800713272588,1191.9308821977077,0.0009833830646622703,-0.32692710540236114,-0.29771787541641315,4.283016772415094,0.00125,0.24988937181519155,0.0,-0.1952878945960664,26.82929766994211,11.941118178739817,0.007029185600662763,8.022167530199208e-12,0.00016052967552584408,3.167722596228119e-05,0.9990959409186585,6223.7460933371885,3.2763991716988823,635802.1198062539,17.109623678777734,0.05787410366679589,0.17303089531098967,1.0,0.8035698597627556,0.02399253018268555,-1.448883872567869,0.05498648047447205,0.1396262356970045,0.1775718212127685,0.02684630745294003,1.2717654409741999,0.0,-0.6428059809509541
"MATLAB 2-21 PM Thu, Oct 24, 2024 Run5 .csv",0,5.7666341559552965,2298.288559377041,0.30500663771531844,1282.6200534837267,0.0010347063747936313,-0.26257766029297047,-0.23499543537966572,2.085995887067478,0.0005,0.25742683204365746,0.0,0.4980958670917417,48.079404189263464,15.657348830437435,0.004938408750805464,7.216835822748337e-12,0.00032763379673879747,0.0009161823231886551,0.998489386713049,509.0680315582781,3.1458277482083994,530214.8363854295,4.364861315347261,0.05199310499446873,0.03815742896770883,1.0,-1.334311645159294,1.445933197273679,0.1841403665692467,0.0025052559375762784,0.16896746540069577,0.2037301886081695,0.017480165498212158,1.2057361937994164,5.729374423060495,2176.873992064192,0.18421914771271475,1257.398068934232,9.162456938076112e-05,-0.25838834735237326,-0.22971463941470294,2.0760694632071273,0.00045,0.2484647824312366,0.0,0.34675795885712696,39.97020786981719,14.150120325363327,0.00043730239441984524,8.12928981174629e-12,0.00021541371419182565,0.0010110262932619537,0.9968013813485775,4627.381246771165,2.9345833288063035,455460.3271366975,6.172022142709812,0.0629978649066075,0.02704512401282257,1.0,-1.1990750719514351,-0.1775345966642617,-1.0196075387896852,0.030622721910476713,0.1757927618026733,0.2088936245441437,0.02042799657139018,1.1882947989555224,0.0,0.06642385043444499
"MATLAB 2-22 PM Wed, Apr 3, 2024 Run0 .csv",True,0.0,0.0,0.0,0.0,0.0,-0.47317914679066,-0.4457806310103648,-2.921435386437768,0.0,-0.7439976220773481,0.0,0.0,0.0,0.0,0.0,0.0,0.0,0.0,0.0,-2545.7977977340524,0.0,0.0,0.0,0.0,0.0,0.0,-1.3370806806296356,0.0,0.0,0.0,0.0,0.0,0.0,0.0,0.0,0.0,-0.16422823634914888,0.0,0.0,-0.468994033499371,-0.44051140316533466,-2.9313058727695687,0.0,-0.7529598069527185,0.0,0.0,0.0,0.0,0.0,0.0,0.0,0.0,0.0,0.0,0.0,0.0,0.0,0.0,0.0,0.0,-1.201720003665626,0.0,0.0,0.0,0.0,0.0,0.0,0.0,0.0,0.0
"MATLAB 2-23 PM Mon, Oct 28, 2024 Run5 .csv",0,5.808875743186828,2388.917818728685,0.26768182075092056,1366.9033968913432,0.0022720842534458352,-0.3339199498376584,-0.30696582695079433,4.071733380691443,0.0007,0.25457792380164634,0.0,-0.05779298015639565,34.75945538088026,13.275643211059451,0.01619003251532946,8.16729936457974e-12,0.0001368487343194078,0.00012080249438432341,0.999360949735549,4749.582432608766,3.3053937617640026,443609.2267696911,3.7924410913054554,0.0184412911601397,0.029639295667961113,1.0,-1.3398497160999767,0.6717486841275998,-1.0787770409294521,0.011137754917144721,0.13901760935783386,0.1513774716854095,0.006985912306594634,1.088908609381716,5.857957118301485,2604.848364277865,0.09822671306740491,1197.1072339026969,8.42650087705136e-05,-0.3299236515801293,-0.3017081672256967,4.0619188318881925,0.0011,0.24561560366332646,0.0,-0.2845407354736483,25.65042610623406,11.141680389137116,0.0006012322255693144,8.275694024671004e-12,0.00010533324003506241,2.6183847474755093e-05,0.9993319299525195,9487.336852259274,3.192301434625692,610383.1301408163,3.5625214906253664,0.012012593850886374,0.03675001493985619,1.0,-1.2043649353798167,-0.09493606992708875,-1.5302457435195957,0.04468627393245701,0.13990389883518217,0.1717298650741577,0.022912572427173115,1.2274844840204848,0.0,-0.22542274645619037
"MATLAB 2-23 PM Thu, Oct 31, 2024 Run10 .csv",0,5.628690670124516,2436.755647275008,0.2037787773529354,1321.692361220752,0.016987038012473258,-0.39849844501167253,-0.37465102270832873,10.164333113319687,0.00282,2.253153469680641,0.022900763358778626,-0.5822447169562244,24.078485311210095,16.856962029507333,0.22107246334266956,5.476743535104392e-11,7.928706963285837e-05,3.244981336114108e-05,0.9986101784461086,10034.493570004506,4.575856514814411,333787.33205258567,28.287462549727458,0.11899431186014388,0.2829205882018628,0.033932135728542916,0.6573812484296817,5.894468643388947,35.10002808256907,0.00945944547653195,0.12239704274949224,0.2910202705860138,0.024780599308233092,2.377674035651659,5.957366949752738,3023.8707554244925,0.06958858067665155,1099.364746578547,0.017319159621725894,-0.39432788486514814,-0.36970493110257174,10.154574502044987,0.00361,2.2441910142793713,0.007633587786259542,0.3142726287571539,14.57933157755836,15.614252435096079,0.225412808267405,1.4560760207125875e-11,0.00010736606794644737,3.2952179029411656e-06,0.9986172677683708,9301.050945317906,4.829314824286705,402857.4863760362,15.569659118541463,0.10073659089825202,0.3808738434278108,0.04343534057255676,1.7929901329059925,5.211344882736067,39.03849550319939,0.015925948619842548,0.12635848615005724,0.2965981435775757,0.020098147793006848,2.347275221589392,2.0,0.6819940565086642
"MATLAB 2-23 PM Tue, Oct 22, 2024 Run6 .csv",0,5.4961429927712135,2220.2165813062074,0.2652423621825434,1297.878658259242,0.000689245593030096,-0.4156157207157878,-0.38883621851349703,13.507103108855874,0.002875,2.2517290155596354,0.0,0.7535795545256976,12.114528538620359,9.659277237077726,0.01133604883539862,5.846054119206108e-12,0.00046629183853713927,0.00047409305456620407,0.99883395146302,-425.5837979115249,4.297815297724537,503319.0788918342,85.78090548786108,0.5778667170468268,0.618342410521301,0.08972267536704731,-1.3453877870406596,-0.38164953742477065,-1.1650077283126739,0.03166941642761231,0.13466133208985023,0.1656315362453461,0.018782658002228298,1.229985874005996,5.273927395088963,1898.783031387475,0.13165486698811807,1291.4291836140387,0.0011795249035478916,-0.411443206372423,-0.3836016950279959,13.497400435109725,0.003275,2.242766424895416,0.0,0.2912905210783287,4.663660595849386,6.902891707566548,0.01939969155320212,3.399740840117935e-12,0.0004603924532771551,0.0006391598684376196,0.9973733182887232,2166.354620257659,3.9964214909213904,495411.19678837486,121.88744542385264,0.6635489627277494,0.2778658073193362,0.08972267536704731,-1.2096547988081983,0.519690827873401,-0.2516796875925871,0.011942212581634512,0.08918212418860574,0.111283096075058,0.008441379505114574,1.2478184062953275,0.0,-0.5726712697886048
"MATLAB 2-24 PM Tue, Apr 30, 2024 Run2 .csv",True,0.0,0.0,0.0,0.0,0.0,-0.4774962046351149,-0.4509214142756862,-2.9501604127346566,0.0,-0.7496954385613703,0.0,0.0,0.0,0.0,0.0,0.0,0.0,0.0,0.0,-2574.9511206132097,0.0,0.0,0.0,0.0,0.0,0.0,-1.348156822511001,0.0,0.0,0.0,0.0,0.0,0.0,0.0,0.0,0.0,-0.16472063060510653,0.0,0.0,-0.47332788994105823,-0.44569845891038595,-2.959807148952257,0.0,-0.7586581644885386,0.0,0.0,0.0,0.0,0.0,0.0,0.0,0.0,0.0,0.0,0.0,0.0,0.0,0.0,0.0,0.0,-1.212299730522389,0.0,0.0,0.0,0.0,0.0,0.0,0.0,0.0,0.0
"MATLAB 2-24 PM Tue, Jun 11, 2024 Run2 .csv",0,5.7197391102659445,2098.6105419847954,0.24838078215811782,939.658434345813,0.041586030615699175,-0.3558149753777312,-0.3306066101992224,5.2427403387696225,0.00384,2.248880107317624,0.0,0.7263779286962858,23.254772805465365,15.274125784373268,0.33875744024832816,8.238559370045407e-13,0.001406685882390105,0.0725495426083287,0.9258958500181979,-1924.0286442088068,5.341961415129508,55676.17344885626,6.7954459599010075,4.818819373632649,0.3524684027290962,0.2857142857142857,0.6490741420186574,0.14209075664594686,-1.5235047710919298,0.0559020972251892,0.08290204844823694,0.1399685657024383,0.030324845560819633,1.688360762156957,4.796535254577773,1484.4903623303467,0.04834458724475574,857.181683048855,0.07544317949328819,-0.2935895360297186,-0.29229522298303645,2.6331235375190967,0.00461,1.2399172461275063,0.07142857142857142,-0.2336143250648058,15.153663490064844,10.93941609231135,0.4172238744121508,1.2627237444181868e-11,0.0008919834033673645,0.12623028034937592,0.8728683267564861,978.5701431902025,4.546753110391342,70467.67640785036,26.785492789300996,17.084094048339566,0.20598999037253204,0.8636363636363636,0.7850553377634204,-0.9957870536574832,-0.3812710621222095,0.016117746233940175,0.09687305539846416,0.1231925392150879,0.01922452310207607,1.271690447961663,2.0,0.09408886813291564
"MATLAB 2-25 PM Mon, Oct 28, 2024 Run6 .csv",0,5.4344201565190815,2174.2251617774828,0.255647480045959,1268.1242680341184,0.07390322801118514,-0.0086928292123154,0.04040819365621745,-0.7645009237156981,0.00273,0.24745565319661855,0.045454545454545456,0.16376280435401225,114.73381192581962,22.180836570584646,0.15691975790263407,5.3973340262141496e-11,0.0002688945905462945,0.00018427105340625645,0.9991555233310093,1126.2610752131554,3.9646952853519064,574801.1810926388,17.98222743164619,0.11613367010249129,0.16766421163309564,1.0,0.6463051065483163,-3.381746863251154,11.983080603865336,0.021960184276103967,0.2482732349634171,0.2772654581069946,0.033520452464506884,1.1167754677537007,6.084395186673635,2690.896370366936,0.15127149316817584,1115.8774293436738,0.07389428091671436,-0.004494818578813342,0.04610801277901633,-0.7740357848761983,0.00345,0.23849265674355125,0.045454545454545456,-0.156384135011235,96.44231231706708,22.096946325917525,0.15688807002573843,1.54398057969673e-11,0.00020796906638246098,4.4348206394647415e-05,0.9992351813632147,4804.729851148117,3.811597894624381,778232.1830626648,11.136766788945168,0.0579021389868735,0.16749376805381283,1.0,0.7824104060492296,-0.55690531103525,0.5536142839410818,0.08320450365543366,0.23148330628871913,0.3060556614398956,0.052887951247220844,1.322150034690474,0.0,0.710893323072592
"MATLAB 2-25 PM Thu, Oct 24, 2024 Run6 .csv",0,5.5035177273543585,2088.460727267922,0.2689894080169135,1294.2542138248332,0.044081329271091416,-0.3690464981174163,-0.3473770018198409,5.5287208463254185,0.0009,2.246031199075613,0.058823529411764705,1.1454143628008733,29.01896326838405,16.319496794473075,0.3946845377517579,3.784313790028061e-11,0.00024240448878851386,0.0006383683367011119,0.9989469458031913,1524.175832532214,2.971674622541944,510526.43236702465,10.67056578004526,0.0786521463173048,0.06598339436223381,0.32142857142857145,-1.3564639289220253,1.6768214953056992,3.8583025322398807,0.020541942119598422,0.20036294895059922,0.2999322736263276,0.03077132643760462,1.496944795418627,5.35032697493931,1892.877175772869,0.13530655348263393,1238.518071267412,0.04432924001102481,-0.36499703237118963,-0.34218875081433797,5.519241922693468,0.0019,2.237068067359596,0.0,0.528535238143483,17.16892192462885,11.44243048007258,0.3972821603119028,2.3088725614901974e-11,0.00016529788263397612,0.0006811569318786296,0.998137217010016,6038.415018419928,2.828416007028564,445530.1801781205,15.007015093042071,0.07944548585680103,0.03209077795548776,0.36666666666666664,-1.2202345256649612,0.014571061726178641,-0.49147715251915436,0.02736762404441831,0.16379501125391793,0.2137165153026581,0.028477132487774608,1.3047803694787197,0.0,0.3476848193808796
"MATLAB 2-25 PM Tue, Jun 4, 2024 Run3 .csv",0,5.546390509658389,901.9522518401245,0.44207634258642725,1139.3815952111836,0.11681967391958585,-0.30893782403609793,-0.33086219765194325,2.8211725666825167,0.00255,2.2446067449546074,0.27586206896551724,-0.4556199833034174,15.618315717749137,22.3013309255464,0.6757447730655178,2.429782703285716e-14,0.3974407869334774,0.09052036779981512,0.5117961438646064,-2602.8167141986187,4.500092247897754,253340.33011555395,1.7134197850107917,2.9112663539288626,2.729505764491173,0.16923076923076924,-0.3592329643923666,2.355382320829413,5.925003429335332,0.006774921417236273,0.026071680147072323,0.0767800867557525,0.011611032534612528,2.9449612116530357,6.194417469641353,1460.6334044222183,0.497343169134536,1386.2230790711005,0.08096175105147552,-0.34524041316662457,-0.3366855147566262,4.611767582352447,0.00495,2.235643477975641,0.21052631578947367,-1.3023742995542706,68.95082077757803,30.51687424747006,0.611395075741612,2.0927368596485576e-13,0.2661385440797338,0.042438984724525876,0.6910220419611554,2.5964748712014014,4.674886922965519,586653.4558106272,3.5463309129470337,4.559178857486681,4.708004221343984,0.11627906976744186,-0.22287945737915194,1.6623816047164486,2.6265809221569656,0.03347928553819657,0.05518828815535491,0.169239387512207,0.034021678973918515,3.066581573173614,3.0,-0.17994350473466503
"MATLAB 2-26 PM Fri, Jun 14, 2024 Run9 .csv",True,0.0,0.0,0.0,0.0,0.0,-0.48289252694068363,-0.4573473933573379,-2.9860666956057673,0.0,-0.7568177091663981,0.0,0.0,0.0,0.0,0.0,0.0,0.0,0.0,0.0,-2611.392774212156,0.0,0.0,0.0,0.0,0.0,0.0,-1.362001999862708,0.0,0.0,0.0,0.0,0.0,0.0,0.0,0.0,0.0,-0.1653361234250536,0.0,0.0,-0.4787452104931673,-0.4521822785917,-2.995433744180617,0.0,-0.7657811114083138,0.0,0.0,0.0,0.0,0.0,0.0,0.0,0.0,0.0,0.0,0.0,0.0,0.0,0.0,0.0,0.0,-1.2255243890933427,0.0,0.0,0.0,0.0,0.0,0.0,0.0,0.0,0.0
"MATLAB 2-26 PM Thu, Oct 31, 2024 Run11 .csv",0,5.617011152248874,2422.092590694138,0.2098017291352771,1296.2073120357181,0.018630533333731384,-0.40867637162111536,-0.3752325892475663,10.206884060824429,0.0048,2.2417578367125963,0.0,-0.36620473604966386,7.033749933242671,8.255095385992995,0.24743249175046492,3.790767007063716e-11,6.792649505289798e-05,3.7691165101801265e-05,0.9986730012236098,12083.579043275171,4.93893499664815,175566.579512944,42.71150984920687,0.1849696403152021,0.41854186605733723,0.12144212523719165,-0.36477103533304955,0.6287853545146388,0.20677602260210026,0.018108168542385034,0.1186393684148788,0.1607643103599548,0.013909993109003982,1.3550671459895687,5.95999183637097,3033.228039924372,0.06342083251263372,1087.7657644709127,0.01745690246974363,-0.4030417515946351,-0.3682290426033108,10.097571949679612,0.00449,2.232794299207731,0.0,0.2097474765110678,5.850039055943258,9.255265587281217,0.227342127873883,1.7148608216283792e-11,0.00010990357606105035,2.9804785251711146e-06,0.9989577457044614,9089.401651039547,5.359930944894389,217765.39426086546,24.201934494799286,0.16524660500894572,0.5835462108905288,0.11568627450980393,-0.22816932080753327,0.5328466628921608,0.9236153870455146,0.021349933743476907,0.1254945274982743,0.1912996470928192,0.01767513093356209,1.5243664477357373,6.0,-0.08838806158389319
"MATLAB 2-27 PM Fri, Jun 14, 2024 Run10 .csv",True,0.0,0.0,0.0,0.0,0.0,-0.4850510558629111,-0.4599177849899986,-3.0004292087542117,0.0,-0.7596666174084092,0.0,0.0,0.0,0.0,0.0,0.0,0.0,0.0,0.0,-2625.969435651735,0.0,0.0,0.0,0.0,0.0,0.0,-1.3675400708033907,0.0,0.0,0.0,0.0,0.0,0.0,0.0,0.0,0.0,-0.16558232055303243,0.0,0.0,-0.48091213871401095,-0.45477580646422566,-3.0096843822719612,0.0,-0.7686302901762239,0.0,0.0,0.0,0.0,0.0,0.0,0.0,0.0,0.0,0.0,0.0,0.0,0.0,0.0,0.0,0.0,-1.230814252521724,0.0,0.0,0.0,0.0,0.0,0.0,0.0,0.0,0.0
"MATLAB 2-27 PM Mon, Oct 28, 2024 Run7 .csv",0,5.407322288707055,2158.9916962412744,0.24393662565665883,1257.3545861126586,0.0029086549172440235,0.13125092912949676,0.15694701864732036,-1.3075934636536224,0.00023,0.2389089284705852,0.0,-0.2532775428509172,140.55346273023838,24.618478253839918,0.004711278354855505,5.970346991027994e-11,0.0001891155081821121,0.0001629250768118478,0.9993452094135327,2651.0534940841535,4.3247517348224696,364753.1642190059,15.93573295577526,0.09333293526618573,0.14096435962005183,1.0,3.6296908937262677,0.4271087622536824,-0.8993288992990114,0.010991898775100706,0.2651844950984506,0.2831042015552521,0.009919664188439363,1.0675744879056703,6.0627643037454,2693.3263108273236,0.13923316059681404,1113.3891466414716,0.0028913056615182627,0.13523564662922255,0.16192742905329371,-1.3167926996428223,0.00032,0.22994512043982107,0.0,-0.058735991110485476,119.8105697779126,24.85289126037506,0.004684315099207167,1.531559954430772e-11,0.0001945680896306119,3.541162569257466e-05,0.9992527053183335,5135.748144597697,3.9046661064024186,669505.4524114648,9.7225209139991,0.04716079181607897,0.15050654154760176,1.0,3.766540815764085,-0.156854957635776,-0.5384853763955433,0.0627772545814515,0.2616888990121729,0.3273551559448242,0.03990180878484876,1.2509325278241807,0.0,0.27242168462468397
"MATLAB 2-27 PM Wed, Apr 3, 2024 Run1 .csv",True,0.0,0.0,0.0,0.0,0.0,-0.48720958478513854,-0.46248817662265923,-3.0147917219026557,0.0,-0.7625155256504204,0.0,0.0,0.0,0.0,0.0,0.0,0.0,0.0,0.0,-2640.546097091313,0.0,0.0,0.0,0.0,0.0,0.0,-1.3730781417440736,0.0,0.0,0.0,0.0,0.0,0.0,0.0,0.0,0.0,-0.16582851768101126,0.0,0.0,-0.48307906693485453,-0.4573693343367513,-3.0239350203633055,0.0,-0.771479468944134,0.0,0.0,0.0,0.0,0.0,0.0,0.0,0.0,0.0,0.0,0.0,0.0,0.0,0.0,0.0,0.0,-1.2361041159501056,0.0,0.0,0.0,0.0,0.0,0.0,0.0,0.0,0.0
"MATLAB 2-28 PM Thu, Oct 31, 2024 Run12 .csv",0,5.412275109283332,2319.3012616825754,0.19953890339749694,1275.9276750288043,0.02308697085057925,-0.4092128493163165,-0.3754733725172049,9.978677065543785,0.0036,2.236060020228574,0.0,-0.451482581109315,8.349668921649696,8.662410371261666,0.29195926540334793,4.508289084552837e-11,6.962118287986828e-05,3.76548575371676e-05,0.9990833990083423,11702.444577535101,4.533183766231185,226349.40043393458,8.274211402688453,0.03384876041938231,0.07367804849329945,0.2641509433962264,-1.375847177214415,0.2680974806148468,-1.0933972005812973,0.015453683137893623,0.11640405035935913,0.1365926706790924,0.010623904155714363,1.1734357202984564,6.0108535734662105,3008.7623716315347,0.06886602000257619,1096.8846747687967,0.02371379883113442,-0.4050505311153725,-0.36366609835719066,9.969589704611685,0.0031,2.227095941671911,0.0,0.252645902721592,7.445481104603793,7.100578196750413,0.29974970740400586,1.2005147290456036e-11,6.880228465480137e-05,3.319965944638751e-06,0.9990971438199064,14521.278600451016,5.221895770039674,349825.40249773354,4.093800010088354,0.029757083674980728,0.09298422004250802,0.4375,-1.2387490476642964,-0.5280030518132522,-0.8858848219771378,0.02559614658355712,0.12375147319757018,0.1462570858001709,0.015327314645715587,1.1818613711908734,1.0,0.3556909274890371
"MATLAB 2-29 PM Thu, Oct 24, 2024 Run7 .csv",0,5.566705246370759,2072.0291139188225,0.28387486062285455,1276.1767359896571,0.06163186098908896,-0.34228737309720736,-0.32225856838248457,3.7708797711562503,0.004565,2.2346355661075687,0.13970588235294118,1.290306539727382,33.776981921944646,20.206588877776817,0.41903420348178566,2.1935278154386888e-11,0.00028322138672620857,0.0007109149371337884,0.9987686201802959,871.3362837228988,3.3955678084882805,504050.9086791972,89.59607940302926,0.7224123561814445,0.6099946143361306,0.34306569343065696,0.6213837873152435,0.5798690447730196,6.68253065648369,0.03723459929227835,0.20528943952392129,0.3557591938972473,0.03134342879533432,1.732963929962859,5.534172600772019,1966.396573142222,0.16171073951062462,1227.713932160215,0.061956827190578774,-0.33924967175590565,-0.31671286233621,3.8118485977983436,0.00456,2.225671352287956,0.021897810218978103,0.8396537503458923,21.913046785281693,12.660545717994982,0.42437251670316256,1.8676319090952484e-11,0.0002482565610365765,0.0007206097168124696,0.9978606852235944,4019.473568219517,3.2520564397586633,471818.4409911412,117.25923005543122,0.6555146235206954,0.2987225858185989,0.2865853658536585,-0.24139397937848717,-0.2421283584952972,1.4561427470934438,0.024210834503173878,0.1764502827355461,0.2232125854492187,0.022954723889973903,1.2650168760781038,3.0,-0.08999221721117906
"MATLAB 2-30 PM Fri, Jun 14, 2024 Run11 .csv",True,0.0,0.0,0.0,0.0,0.0,-0.49044737816847983,-0.46634376407165024,-3.036335491625322,0.0,-0.766788888013437,0.0,0.0,0.0,0.0,0.0,0.0,0.0,0.0,0.0,-2662.411089250681,0.0,0.0,0.0,0.0,0.0,0.0,-1.381385248155098,0.0,0.0,0.0,0.0,0.0,0.0,0.0,0.0,0.0,-0.1661978133729795,0.0,0.0,-0.4863294592661199,-0.46125962614553984,-3.0453109775003213,0.0,-0.7757532370959992,0.0,0.0,0.0,0.0,0.0,0.0,0.0,0.0,0.0,0.0,0.0,0.0,0.0,0.0,0.0,0.0,-1.244038911092678,0.0,0.0,0.0,0.0,0.0,0.0,0.0,0.0,0.0
"MATLAB 2-30 PM Tue, Oct 22, 2024 Run7 .csv",0,5.5811826145953205,2324.691065609896,0.2653485384398056,1231.3083081900588,0.0003954761482168609,-0.4358913485612399,-0.41212895993714194,14.958283447768103,0.0018,2.231786657865557,0.0,0.7811953999190995,11.475396646452813,8.511489008113164,0.0071083680753260305,6.318677053734177e-12,0.00014764307925174675,0.0003718361923116358,0.9992622077539853,4098.394369580882,4.50933352767976,362007.5201546119,2.988707231042985,0.022109229816216637,0.0273619450162577,0.12962962962962962,-1.3841542836254392,-0.43782821031124086,-1.1131643600786205,0.025492697954177912,0.12804484393861557,0.1469073343276977,0.01567550319892578,1.1473115965382001,5.731115090609198,2210.6711160048767,0.1531969342637533,1192.2450420768778,0.0007339988585175048,-0.4318776293080995,-0.4070563901309794,14.949363899421654,0.002,2.2228221735200457,0.0,0.5056376115607468,6.436326321769943,7.030398282641647,0.013216799709621,3.3369878969700567e-12,0.00020334958449780472,0.00047992435251024106,0.998170497814498,4908.642917956264,4.288014332455588,465049.24113890337,3.398587039912436,0.02170091674182582,0.013822629145181634,0.12962962962962962,-1.2466838428068685,0.444377967096051,-0.8597998304647052,0.013284956514835355,0.09233971728218922,0.1101335954666137,0.00984360172496033,1.1927001588064925,0.0,-0.8189284708529782
"MATLAB 2-31 PM Fri, Jun 14, 2024 Run12 .csv",True,0.0,0.0,0.0,0.0,0.0,-0.4926059070907073,-0.46891415570431094,-3.050698004773767,0.0,-0.7696377962554481,0.0,0.0,0.0,0.0,0.0,0.0,0.0,0.0,0.0,-2676.9877506902594,0.0,0.0,0.0,0.0,0.0,0.0,-1.3869233190957806,0.0,0.0,0.0,0.0,0.0,0.0,0.0,0.0,0.0,-0.1664440105009583,0.0,0.0,-0.48849638748696356,-0.4638531540180655,-3.0595616155916656,0.0,-0.7786024158639092,0.0,0.0,0.0,0.0,0.0,0.0,0.0,0.0,0.0,0.0,0.0,0.0,0.0,0.0,0.0,0.0,-1.2493287745210593,0.0,0.0,0.0,0.0,0.0,0.0,0.0,0.0,0.0
"MATLAB 2-31 PM Thu, Oct 31, 2024 Run13 .csv",0,5.757861457760656,2520.7822024670586,0.22202814386754485,1280.2725885343682,0.030353688381602448,-0.3998251716349813,-0.37094935160857384,7.943220858410019,0.0028,2.2289377496235465,0.0,-0.43842165219449863,11.707499486892669,9.508326112316396,0.323393228302748,1.710783882608127e-11,0.00011723779569231789,4.2072119954931865e-05,0.9990090206496984,5836.943673280028,4.766629291946565,293640.40489188227,2.6882066164803198,0.01350033051081926,0.031040938464208988,0.16666666666666666,-1.389692354566122,0.577124393314575,-0.5040146449693355,0.010616335272789004,0.11549417376518245,0.13764129281044,0.012003842963435641,1.1917596214877997,5.9356833628283745,3042.34543887252,0.05807989947939729,1038.7637072555137,0.031887002025877485,-0.3954698516807672,-0.3661499180420398,7.934413185120669,0.003,2.2199729947521356,0.0,0.18418639435614614,9.75419093871572,7.461995408809946,0.33882692651290514,1.429847139956945e-11,0.0001968927105878483,2.9982574260677005e-06,0.9991877496212483,5074.782843092798,4.9886420005469425,524496.7995215803,1.6525446741620753,0.013090316343845589,0.04400109141214167,0.16666666666666666,-1.25197370623525,-0.12237325093345004,-1.2849812981012103,0.0244264060258865,0.12417387008666987,0.1474798357486725,0.014954817758657972,1.1876881637476202,1.0,0.4107214136514043
"MATLAB 2-32 PM Fri, Sep 13, 2024 Run3 .csv",True,0.0,0.0,0.0,0.0,0.0,-0.49476443601293474,-0.4714845473369716,-3.065060517922211,0.0,-0.7724867044974593,0.0,0.0,0.0,0.0,0.0,0.0,0.0,0.0,0.0,-2691.5644121298383,0.0,0.0,0.0,0.0,0.0,0.0,-1.3924613900364635,0.0,0.0,0.0,0.0,0.0,0.0,0.0,0.0,0.0,-0.16669020762893716,0.0,0.0,-0.4906633157078072,-0.46644668189059113,-3.07381225368301,0.0,-0.7814515946318192,0.0,0.0,0.0,0.0,0.0,0.0,0.0,0.0,0.0,0.0,0.0,0.0,0.0,0.0,0.0,0.0,-1.2546186379494406,0.0,0.0,0.0,0.0,0.0,0.0,0.0,0.0,0.0
"MATLAB 2-32 PM Mon, Sep 9, 2024 Run2 .csv",True,0.0,0.0,0.0,0.0,0.0,-0.49584370047404847,-0.47276974315330195,-3.072241774496433,0.0,-0.7739111586184648,0.0,0.0,0.0,0.0,0.0,0.0,0.0,0.0,0.0,-2698.8527428496272,0.0,0.0,0.0,0.0,0.0,0.0,-1.3952304255068049,0.0,0.0,0.0,0.0,0.0,0.0,0.0,0.0,0.0,-0.16681330619292656,0.0,0.0,-0.491746779818229,-0.46774344582685395,-3.080937572728682,0.0,-0.7828761840157743,0.0,0.0,0.0,0.0,0.0,0.0,0.0,0.0,0.0,0.0,0.0,0.0,0.0,0.0,0.0,0.0,-1.2572635696636314,0.0,0.0,0.0,0.0,0.0,0.0,0.0,0.0,0.0
"MATLAB 2-33 PM Mon, Oct 28, 2024 Run8 .csv",0,5.328934121658989,2077.6849985463155,0.24765918118256544,1200.0691088191143,0.06152291161820299,0.02760203459868793,0.055845060558487036,-1.1794166960276173,0.001,0.22466438726052962,0.0,-0.7876226698078753,133.1793447081189,23.51138918567859,0.11729262031910573,9.76113658404512e-11,0.00043342021201625455,0.00015757022298727518,0.9989731476225361,-401.2805250145848,4.165886915033923,588310.1990085621,60.62246811056749,0.34247503980011734,0.6653586744621163,1.0,4.602000539022853,-3.3283458133505692,15.06697134119976,0.012294965982437067,0.2594756643604814,0.2745751512050629,0.016388699100413063,1.0581923043989367,6.030095695103972,2661.948151537413,0.13834413291044576,1070.264452047445,0.061695942883054224,0.0316947556051993,0.06100978976486893,-1.188056556731316,0.0007833333333333334,0.21569922660027063,0.0,0.3891771998367572,104.1941773029732,22.46845180701638,0.11762250214552965,2.646689529540728e-11,0.00038445628606525295,3.1428992247949466e-05,0.9990196630304513,2598.5260203572007,3.903595959470387,661747.5292749676,36.25825115411833,0.20569565349510177,0.6539595161504582,1.0,4.740091498622178,-0.7821560690560763,-0.18217583518978087,0.07177085995674132,0.2841444368738877,0.3375001895427704,0.04356495505887368,1.1877768688906751,0.0,0.69382479227744
"MATLAB 2-33 PM Tue, Oct 15, 2024 Run3 .csv",True,0.0,0.0,0.0,0.0,0.0,-0.498002229396276,-0.4753401347859626,-3.086604287644877,0.0,-0.7767600668604759,0.0,0.0,0.0,0.0,0.0,0.0,0.0,0.0,0.0,-2713.429404289206,0.0,0.0,0.0,0.0,0.0,0.0,-1.4007684964474878,0.0,0.0,0.0,0.0,0.0,0.0,0.0,0.0,0.0,-0.16705950332090538,0.0,0.0,-0.49391370803907264,-0.4703369736993796,-3.0951882108200257,0.0,-0.7857253627836844,0.0,0.0,0.0,0.0,0.0,0.0,0.0,0.0,0.0,0.0,0.0,0.0,0.0,0.0,0.0,0.0,-1.262553433092013,0.0,0.0,0.0,0.0,0.0,0.0,0.0,0.0,0.0
"MATLAB 2-34 PM Fri, Jun 14, 2024 Run13 .csv",True,0.0,0.0,0.0,0.0,0.0,-0.4990814938573897,-0.47662533060229295,-3.0937855442190996,0.0,-0.7781845209814815,0.0,0.0,0.0,0.0,0.0,0.0,0.0,0.0,0.0,-2720.717735008995,0.0,0.0,0.0,0.0,0.0,0.0,-1.403537531917829,0.0,0.0,0.0,0.0,0.0,0.0,0.0,0.0,0.0,-0.1671826018848948,0.0,0.0,-0.49499717214949446,-0.4716337376356424,-3.102313529865698,0.0,-0.7871499521676395,0.0,0.0,0.0,0.0,0.0,0.0,0.0,0.0,0.0,0.0,0.0,0.0,0.0,0.0,0.0,0.0,-1.2651983648062037,0.0,0.0,0.0,0.0,0.0,0.0,0.0,0.0,0.0
"MATLAB 2-35 PM Tue, Oct 8, 2024 Run1 .csv",True,0.0,0.0,0.0,0.0,0.0,-0.5001607583185035,-0.4779105264186233,-3.1009668007933215,0.0,-0.7796089751024871,0.0,0.0,0.0,0.0,0.0,0.0,0.0,0.0,0.0,-2728.0060657287845,0.0,0.0,0.0,0.0,0.0,0.0,-1.4063065673881705,0.0,0.0,0.0,0.0,0.0,0.0,0.0,0.0,0.0,-0.1673057004488842,0.0,0.0,-0.4960806362599163,-0.47293050157190525,-3.1094388489113705,0.0,-0.7885745415515946,0.0,0.0,0.0,0.0,0.0,0.0,0.0,0.0,0.0,0.0,0.0,0.0,0.0,0.0,0.0,0.0,-1.2678432965203945,0.0,0.0,0.0,0.0,0.0,0.0,0.0,0.0,0.0
"MATLAB 2-36 PM Fri, Jun 14, 2024 Run14 .csv",True,0.0,0.0,0.0,0.0,0.0,-0.5012400227796172,-0.4791957222349536,-3.1081480573675435,0.0,-0.7810334292234926,0.0,0.0,0.0,0.0,0.0,0.0,0.0,0.0,0.0,-2735.294396448574,0.0,0.0,0.0,0.0,0.0,0.0,-1.4090756028585119,0.0,0.0,0.0,0.0,0.0,0.0,0.0,0.0,0.0,-0.16742879901287364,0.0,0.0,-0.49716410037033804,-0.47422726550816807,-3.1165641679570424,0.0,-0.7899991309355495,0.0,0.0,0.0,0.0,0.0,0.0,0.0,0.0,0.0,0.0,0.0,0.0,0.0,0.0,0.0,0.0,-1.2704882282345853,0.0,0.0,0.0,0.0,0.0,0.0,0.0,0.0,0.0
"MATLAB 2-36 PM Wed, Sep 18, 2024 Run2 .csv",0,5.904256190503158,3159.7425373446986,0.3077950561729717,1008.7717672338568,0.0,-0.5023192872407309,-0.48048091805128396,-3.115329313941766,0.0,-0.7824578833444982,0.0,0.0,0.0,0.0,0.0,0.0,0.0,0.0,0.0,-2742.582727168363,0.0,0.0,0.0,0.0,0.0,0.0,-1.4118446383288532,0.0,0.0,0.0,0.0,0.0,0.0,0.0,5.7553280615209905,2574.1474953711345,0.12515129374472256,959.2776756254403,0.0,-0.49824756448075985,-0.4755240294444309,-3.1236894870027143,0.0,-0.7914237203195046,0.0,0.0,0.0,0.0,0.0,0.0,0.0,0.0,0.0,0.0,0.0,0.0,0.0,0.0,0.0,0.0,-1.273133159948776,0.0,0.0,0.0,0.0,0.0,0.0,0.0,0.0,0.0
"MATLAB 2-37 PM Thu, Oct 31, 2024 Run14 .csv",0,5.86418747712273,2633.5097343562406,0.24096445375832684,1325.4185296325984,0.05733790674353917,-0.3706652184861154,-0.3562661139788159,3.8781895056936526,0.0015,2.2161176625344963,0.0,-0.5643061401223212,29.400729167553862,12.731346605432266,0.43197820287047883,1.3330183017971468e-11,9.586989065993067e-05,5.072532975653713e-05,0.997749224370604,7657.45513704636,4.405019285544749,394603.76976161037,1.3964277621847134,0.007766053166210006,0.01707910298903746,0.36363636363636365,-1.4146136737991948,0.5475477739155074,-0.9753901355735644,0.017055851817131082,0.12423556208610531,0.1459859347343444,0.01219659130549698,1.1750736446394014,5.9609523645152445,3077.2340515447054,0.0637081338036366,1064.090877361195,0.05372721217612887,-0.3665310287088449,-0.3486207934942876,3.8698852701612543,0.0019,1.2071516902965405,0.0,-0.1111445062747735,23.76799970484138,10.892637556990838,0.4045723812028025,1.0499088965565085e-11,0.00014299921754319748,3.1729835953261287e-06,0.9989843526553542,6985.942789187494,4.2847930011939726,704258.1034778067,0.9343177460953023,0.0081975691810835,0.026892309349241344,0.625,-1.2757780916629669,-0.10191924164618206,-1.2103056384545166,0.03593715429306027,0.12332692146301269,0.1613181781768799,0.025082283543559018,1.3080532317127633,0.0,0.4557313067077974
"MATLAB 2-38 PM Thu, May 23, 2024 Run0 .csv",True,0.0,0.0,0.0,0.0,0.0,-0.5044778161629584,-0.4830513096839446,-3.12969182709021,0.0,-0.7853067915865093,0.0,0.0,0.0,0.0,0.0,0.0,0.0,0.0,0.0,-2757.1593886079418,0.0,0.0,0.0,0.0,0.0,0.0,-1.417382709269536,0.0,0.0,0.0,0.0,0.0,0.0,0.0,0.0,0.0,-0.16779809470484186,0.0,0.0,-0.5004144927016034,-0.47811755731695654,-3.137940125094058,0.0,-0.7942728990874146,0.0,0.0,0.0,0.0,0.0,0.0,0.0,0.0,0.0,0.0,0.0,0.0,0.0,0.0,0.0,0.0,-1.2784230233771574,0.0,0.0,0.0,0.0,0.0,0.0,0.0,0.0,0.0
"MATLAB 2-38 PM Thu, Oct 24, 2024 Run8 .csv",0,5.71317851123904,2160.2166250667715,0.2925512470079527,1275.1292535708963,0.04363222682236831,-0.39980867646264,-0.3850365055887025,6.313174174961959,0.001985,2.213268754292485,0.015873015873015872,1.4875715467140145,27.446746725070106,18.04218400730908,0.412604116046619,3.016665071839798e-11,0.00019934276287526475,0.0004594183177847582,0.9990432024029524,2247.237621002814,3.462129725863065,496773.70009167306,102.25568727043661,0.6679820120019828,0.7503871824375382,0.06490872210953347,1.5798482552601225,1.8168092370175861,7.66177758308263,0.0318287658691406,0.20888958233374133,0.3632524728775024,0.02924065147924128,1.7389688313758827,5.61524150223018,2102.708375385423,0.1388686963324419,1187.713008061043,0.04284087634123842,-0.3957495526505931,-0.37916432134249645,6.304981814486661,0.003085,2.2043025115286303,0.0,0.9863138620797601,16.062948853611196,10.546296840078424,0.40512078343838537,2.5881098599709084e-11,0.00015795013544492282,0.0003748550403988082,0.9986113424469754,6322.320266671699,3.2828427642167566,502578.36523586634,127.5562354527289,0.5441660393156444,0.4307506932619002,0.6122448979591837,0.7189320449086518,0.21771453009855646,0.8520206339760197,0.0197432672977447,0.1729936932634424,0.2181718742847443,0.016920204483108228,1.2611550754772463,7.0,-0.2094345177683988
"MATLAB 2-38 PM Wed, Apr 3, 2024 Run2.csv",True,0.0,0.0,0.0,0.0,0.0,-0.5066363450851858,-0.4856217013166053,-3.1440543402386543,0.0,-0.7881556998285204,0.0,0.0,0.0,0.0,0.0,0.0,0.0,0.0,0.0,-2771.73605004752,0.0,0.0,0.0,0.0,0.0,0.0,-1.4229207802102188,0.0,0.0,0.0,0.0,0.0,0.0,0.0,0.0,0.0,-0.1680442918328207,0.0,0.0,-0.5025814209224471,-0.4807110851894822,-3.1521907631854025,0.0,-0.7971220778553247,0.0,0.0,0.0,0.0,0.0,0.0,0.0,0.0,0.0,0.0,0.0,0.0,0.0,0.0,0.0,0.0,-1.283712886805539,0.0,0.0,0.0,0.0,0.0,0.0,0.0,0.0,0.0
"MATLAB 2-39 PM Mon, Oct 28, 2024 Run9 .csv",0,5.350319820064023,2046.1022439090104,0.24731853505226845,1195.1855243865216,0.07642975810214375,-0.07706106447300093,-0.02640689754097003,-0.7511875937284138,0.00136,0.21041984605047404,0.16666666666666666,-0.870351158240868,111.1761492241091,21.4094659596163,0.17747347375408562,1.533562529504027e-10,0.0001675910213899408,0.00017992891911599703,0.9989428595868038,3181.574530212075,4.518111054986549,449947.82185951184,13.398665943330391,0.06965104890544573,0.108916979835107,1.0,-1.4256898156805602,-2.3378867491763993,4.560437592042592,0.01527441501617438,0.25981428474187857,0.2844766628742218,0.030119192870463184,1.0949231030805135,6.112301331602245,2688.425967171997,0.14321765555252913,1084.7265452531783,0.07700103995922418,-0.0729376126869074,-0.02140784953182162,-0.7592680791466124,0.00054,0.2014533327607202,0.3333333333333333,1.1026724984726473,91.65946058620976,20.903507949371413,0.17876982699478733,3.086417827730137e-11,0.00015753667314148236,2.6339837615256465e-05,0.9990051016917648,6341.412966075313,3.8417806240180665,668899.2627634346,7.420096149696344,0.03850462749662649,0.11979339146385183,1.0,-1.2863578185197295,-0.9017566078537318,-0.546588029110803,0.06746360599994655,0.29047127534945805,0.3414003956317902,0.050978392944320695,1.1753327251414472,0.0,0.5192310178011622
"MATLAB 2-40 PM Fri, Aug 23, 2024 Run0 .csv",True,0.0,0.0,0.0,0.0,0.0,-0.5087948740074133,-0.48819209294926597,-3.1584168533870987,0.0,-0.7910046080705315,0.0,0.0,0.0,0.0,0.0,0.0,0.0,0.0,0.0,-2786.3127114870986,0.0,0.0,0.0,0.0,0.0,0.0,-1.4284588511509018,0.0,0.0,0.0,0.0,0.0,0.0,0.0,0.0,0.0,-0.16829048896079954,0.0,0.0,-0.5047483491432907,-0.48330461306200784,-3.166441401276747,0.0,-0.7999712566232349,0.0,0.0,0.0,0.0,0.0,0.0,0.0,0.0,0.0,0.0,0.0,0.0,0.0,0.0,0.0,0.0,-1.2890027502339203,0.0,0.0,0.0,0.0,0.0,0.0,0.0,0.0,0.0
"MATLAB 2-40 PM Fri, Jun 14, 2024 Run15 .csv",True,0.0,0.0,0.0,0.0,0.0,-0.5098741384685271,-0.4894772887655963,-3.165598109961321,0.0,-0.7924290621915371,0.0,0.0,0.0,0.0,0.0,0.0,0.0,0.0,0.0,-2793.601042206888,0.0,0.0,0.0,0.0,0.0,0.0,-1.431227886621243,0.0,0.0,0.0,0.0,0.0,0.0,0.0,0.0,0.0,-0.16841358752478894,0.0,0.0,-0.5058318132537125,-0.48460137699827066,-3.1735667203224187,0.0,-0.8013958460071899,0.0,0.0,0.0,0.0,0.0,0.0,0.0,0.0,0.0,0.0,0.0,0.0,0.0,0.0,0.0,0.0,-1.291647681948111,0.0,0.0,0.0,0.0,0.0,0.0,0.0,0.0,0.0
"MATLAB 2-40 PM Thu, Oct 24, 2024 Run9 .csv",0,5.700251736821371,2230.2292707023958,0.28603211541297974,1265.022556199405,0.03941888370195997,-0.4110311807959499,-0.3920624846693816,6.828220742335372,0.0011,2.2061464836874576,0.0,1.3920074678642766,25.831115497676738,11.90783419629144,0.3944956673323325,5.069085468905296e-11,0.00019000391099380823,0.00035636019744082694,0.9990806837833506,2457.32177945275,4.104711055521708,412066.07725486154,4.625492511419945,0.032041612898407464,0.040115204999092616,0.375,-1.4339969220915845,0.1110625298285909,-1.099602251128385,0.027812902927398714,0.20529547560214995,0.2429654908180237,0.02378639346624424,1.1834916970546197,5.689145716650341,2208.3502229192845,0.1440171082944673,1178.5809506788669,0.041401583400568626,-0.40718194411916486,-0.3884981410208365,6.820308069502825,0.0009,2.197179564608855,0.0,0.996298910172397,16.87515095808292,9.788416117619343,0.415122828582057,2.3979061642878874e-11,0.0002303338356594306,0.00029531041511094233,0.9986284435767477,4335.569894530434,3.863357195855613,465914.6402729831,5.405809689620386,0.032523444926431166,0.029175658883271952,0.22727272727272727,-1.2942926136623019,0.4527625659819949,-1.1814607778055006,0.022509233057498884,0.1748889034986496,0.2007989299297333,0.014082518909850739,1.1481513458701726,0.0,-0.564700324019306
"MATLAB 2-40 PM Thu, Oct 31, 2024 Run15 .csv",0,5.641276505112163,2576.2403718867167,0.20860574391230735,1332.8356188215353,0.059897625572292876,-0.37789933417626664,-0.3568476805180534,3.8207394530998755,0.0014,2.204722029566452,0.0,-0.5737252523293745,25.654506560707464,11.48757907808389,0.4465528749405836,1.7400242728675053e-11,7.06581428021038e-05,3.289647798592442e-05,0.9979960609114673,11316.111746001403,4.248523712990139,360509.0743547424,1.5093048086968117,0.007352435152418633,0.01655951476575667,0.2857142857142857,-1.4367659575619258,1.1986656001005322,0.22071589881927833,0.008225129842758194,0.12347534775733945,0.1423594498634338,0.008826997544807307,1.1529382378675817,5.891159880278349,3101.4937338155223,0.05014394408632139,1038.8383280424146,0.062308604665352284,-0.3737654082601568,-0.3529949049897067,3.812882717795878,0.0016,2.1957549752249,0.0,-0.26747481751609603,24.813943503907293,12.59517174383328,0.4641813115512233,9.580492923180175e-12,0.0001346590805311411,2.5975468095603394e-06,0.9990764403882729,7419.302407587936,4.159046119047788,676500.6018451516,0.8296579158105153,0.006911369186112013,0.024069783873297036,0.2857142857142857,-1.2969375453764926,0.19379479903889124,-1.8249660948828983,0.04895465433597568,0.12142858862876889,0.1525372529029846,0.024225370873073585,1.256188963616476,0.0,0.22251768714452055
"MATLAB 2-40 PM Tue, Oct 22, 2024 Run8 .csv",0,4.960327945761129,1856.319541080762,0.19600336175493446,1302.8046054932552,0.0005114117222451214,-0.4679595509394927,-0.4481328762546377,18.815058359832026,0.0023,2.203297575445446,0.0,0.5903209133433308,5.922908570220663,7.173058327957833,0.011326351167119757,4.735517718153703e-12,0.00018817691064843055,0.0001915117148462011,0.9994481588182138,2495.7496475910007,4.4271433367441695,169602.53474894847,9.745380525139712,0.021933175007050956,0.030900461119059107,0.08108108108108109,-1.4395349930322672,-0.1373937382035312,-1.6300568066151273,0.029758668839931446,0.1415785616636276,0.1600986409187317,0.01403012204227166,1.1308113250868124,4.448034338774072,1586.3207681822291,0.014708331883507897,1230.0281205750362,0.0007804876659196691,-0.46392982467260235,-0.4432916688471094,18.80725756205658,0.0021,2.194330385840945,0.0,0.38686877936152564,2.1496208718799457,4.872443979636632,0.01728563699518553,4.861023683158563e-12,0.00016153521160798098,0.00017686495338473148,0.999280419332356,6186.146100191721,3.943098686516474,152596.6536490975,13.632286927047884,0.021174790097998167,0.016206827454296864,0.08108108108108109,-1.2995824770906834,0.29974829569728734,-1.1063521524892599,0.0095876318216324,0.09710961163043974,0.1078545129299164,0.005835104626120791,1.1106471452112014,0.0,0.7933574174996224
"MATLAB 2-42 PM Wed, Sep 18, 2024 Run3 .csv",True,0.0,0.0,0.0,0.0,0.0,-0.514191196312982,-0.4946180720309177,-3.1943231362582094,0.0,-0.7981268786755593,0.0,0.0,0.0,0.0,0.0,0.0,0.0,0.0,0.0,-2822.7543650860453,0.0,0.0,0.0,0.0,0.0,0.0,-1.4423040285026087,0.0,0.0,0.0,0.0,0.0,0.0,0.0,0.0,0.0,-0.16890598178074662,0.0,0.0,-0.5101656696953998,-0.48978843274332196,-3.2020679965051073,0.0,-0.80709420354301,0.0,0.0,0.0,0.0,0.0,0.0,0.0,0.0,0.0,0.0,0.0,0.0,0.0,0.0,0.0,0.0,-1.3022274088048742,0.0,0.0,0.0,0.0,0.0,0.0,0.0,0.0,0.0
"MATLAB 2-43 PM Thu, Oct 31, 2024 Run16 .csv",0,5.84991107879762,2708.838767761806,0.2215740115201802,1290.0097418464097,0.004432456049643154,-0.2745704609873588,-0.2575032680584866,0.7988956507159344,0.0003,0.20044866720343513,0.0,-2.101203305067111,66.3099623964884,19.59403117838859,0.018414856890612223,4.2396922773550945e-12,0.00011541955627385593,3.389813572278191e-05,0.9951000273823727,5791.546742827071,4.459539894426492,311323.54694749066,0.576451571473032,0.003198824777498532,0.007692217889030225,1.0,-1.4450730639729499,-0.7502624151340428,-0.9517752780755284,0.002915516495704623,0.10363432288169858,0.1066047763824463,0.0028537503253390963,1.0286628350352476,5.874138228979511,3203.962775007568,0.050853129512686945,969.5363216456337,0.0038732702198250265,-0.2698158006864012,-0.25208519689135506,0.7912067279975865,0.0008,0.19148120707303495,0.0,0.49992503799576465,53.13329471927404,15.373967401102531,0.0160428146759221,4.1450942018082435e-12,0.00018409923692971463,3.521271383771882e-06,0.9972599898802386,5416.969708902011,3.9549146853052677,633376.0778765202,0.3486121714030356,0.00360425497613504,0.012155958854555423,1.0,-1.304872340519065,-0.07079826501551721,-1.1180884848925494,0.027356058359146146,0.13583897352218627,0.1708367371559143,0.025608650069618773,1.2576415495955726,0.0,0.32298264602638366
"MATLAB 2-45 PM Fri, Aug 23, 2024 Run1 .csv",True,0.0,0.0,0.0,0.0,0.0,-0.5163497252352095,-0.49718846366357833,-3.208685649406654,0.0,-0.8009757869175704,0.0,0.0,0.0,0.0,0.0,0.0,0.0,0.0,0.0,-2837.3310265256237,0.0,0.0,0.0,0.0,0.0,0.0,-1.4478420994432915,0.0,0.0,0.0,0.0,0.0,0.0,0.0,0.0,0.0,-0.16915217890872544,0.0,0.0,-0.5123325979162434,-0.4923819606158476,-3.216318634596451,0.0,-0.8099433823109201,0.0,0.0,0.0,0.0,0.0,0.0,0.0,0.0,0.0,0.0,0.0,0.0,0.0,0.0,0.0,0.0,-1.3075172722332555,0.0,0.0,0.0,0.0,0.0,0.0,0.0,0.0,0.0
"MATLAB 2-45 PM Thu, Oct 24, 2024 Run10 .csv",0,5.802276669065716,2237.330669122691,0.3029829807506556,1274.4357908389616,0.04103260024334884,-0.4249289897782819,-0.4129736595556673,7.784683131267377,0.00215,2.197599758961424,0.0,1.3424649420601191,23.548195894400607,11.952929650859398,0.4435956786995168,2.953369146634623e-11,0.00021617298837503084,0.0003559065977019216,0.99910593577648,1777.1696242862045,4.687694911483475,307234.8292076763,10.513354361705135,0.06838566125481013,0.09025085618279223,0.3684210526315789,-1.4506111349136328,0.15529298269977188,-0.557482870598589,0.037535146474838244,0.20292885601520538,0.2598289024829864,0.02533975465698752,1.280394063146532,5.683111346667177,2189.821920399692,0.13070598967072153,1148.1859433673121,0.0393975617157976,-0.42517515301394093,-0.41122872462516674,8.277131085299231,0.00265,2.1886320283051246,0.043478260869565216,0.9191969149199032,15.709831174006595,12.6478551911814,0.44647728765029493,3.3529065372132327e-11,0.00016267378606232193,0.00025102005470545557,0.9988017531865268,6139.905988318707,4.4419410782987745,396934.53938629304,12.5978061126881,0.055385409347482185,0.05665493184812579,0.4117647058823529,-1.3101622039474463,2.4525339582372854,7.885922359483937,0.013260700702667216,0.1726439453207928,0.2850331008434296,0.028528415306818614,1.6509881091619198,1.0,0.46219843298324065
"MATLAB 2-45 PM Thu, Oct 31, 2024 Run17 .csv",0,5.602172078062409,2595.479396121182,0.20142937618017198,1346.6466840064866,0.0007071067805408477,-0.03400825458672352,-0.014758855725982067,-1.2229481557826882,0.00015,0.19617530484041845,0.0,-1.3533904802983145,127.85627514520385,23.82639957651613,0.0014594567206756917,1.633350279054733e-12,0.00020148505655432223,3.3748220555872986e-05,0.998859229506319,2105.5777285129043,4.368763328153958,329888.69457510737,0.5016237113406757,0.0025659582007361626,0.005907539558517869,1.0,-1.4533801703839742,-0.25153660870834404,-1.1661895734564784,0.0023428544402122192,0.10202749580144876,0.1046231889724731,0.0020292220216501598,1.0254411141882351,5.8268041424539305,3135.116493194467,0.05650291429960083,1021.9972327598072,0.002122891108520895,-0.029999526566373558,-0.011875488916432753,-1.2304692659153855,0.0003,0.18720743892116976,0.0,0.46296512477904345,111.74598056396573,20.326746858624897,0.004381612198971851,1.1115359212500369e-12,0.0004366491382590164,5.702782442218116e-06,0.9985844107310191,2286.9263287968924,3.604809198662586,662694.4145732204,0.2948396050839073,0.002459687595805959,0.008435758973815608,1.0,-1.312807135661637,-0.4907020259596679,-1.3745467894385202,0.024373396635055528,0.12201540946960446,0.136929360628128,0.01622457260232708,1.122230062771201,0.0,0.9532985733013769
"MATLAB 2-46 PM Fri, Sep 13, 2024 Run4 .csv",0,5.947051438117228,2923.2137464836737,0.32956327047593253,1021.5123673664318,0.0,-0.5195875186185508,-0.5010440511125693,-3.23022941912932,0.0,-0.8052491492805871,0.0,0.0,0.0,0.0,0.0,0.0,0.0,0.0,0.0,-2859.1960186849915,0.0,0.0,0.0,0.0,0.0,0.0,-1.4561492058543157,0.0,0.0,0.0,0.0,0.0,0.0,0.0,5.976546565350716,2977.7250085212268,0.11886883093684358,1096.8498972023112,0.0,-0.5155829902475088,-0.4962722524246361,-3.2376945917334674,0.0,-0.8142171504627853,0.0,0.0,0.0,0.0,0.0,0.0,0.0,0.0,0.0,0.0,0.0,0.0,0.0,0.0,0.0,0.0,-1.3154520673758276,0.0,0.0,0.0,0.0,0.0,0.0,0.0,0.0,0.0
"MATLAB 2-46 PM Thu, Oct 31, 2024 Run18 .csv",0,5.599374991982582,2544.8182134383633,0.2141308753517315,1314.2211870787303,0.24321042993388092,0.19943321628267607,0.3434207523217132,-1.8373826739042722,0.00018,0.19332639659840734,0.14285714285714285,-1.427606342930793,180.76307156956102,27.476860585814727,0.337745355019091,9.709068264842633e-13,0.0002614016621497386,3.416472922297269e-05,0.9978220692485037,950.7142905829087,4.385524595256778,285493.1378261817,0.8516923783338554,0.004202889996890469,0.010568849978222274,1.0,0.5410817586753431,1.3509620276407992,0.6818689852346811,0.0037469607591629206,0.10041456460952755,0.110042997598648,0.00433079577178716,1.0958868170823786,5.8600948462020686,3122.8732538894706,0.07715174882692352,1002.4441391570441,0.2439939819502661,0.20353354500432197,0.3481809828897138,-1.8447919089798694,0.00014,0.18435826015325973,0.14285714285714285,0.4915620208141651,134.28932044462874,26.34078619476156,0.33878642344671794,7.012711197058874e-13,0.0007223947286046989,9.204820473113297e-06,0.9970715788114372,1380.2309725283778,3.3744801631183283,628168.0990274431,0.4588789930925692,0.004458476055332543,0.014970645270493738,1.0,0.6819030009099816,-0.6041677099908607,-1.1509982975064867,0.015065590143203744,0.1222299253940582,0.1329546201229095,0.010133338212991038,1.0877419723056843,0.0,0.3419604658595913
"MATLAB 2-46 PM Tue, Oct 8, 2024 Run2 .csv",True,0.0,0.0,0.0,0.0,0.0,-0.5217460475407782,-0.50361444274523,-3.244591932277764,0.0,-0.8080980575225982,0.0,0.0,0.0,0.0,0.0,0.0,0.0,0.0,0.0,-2873.77268012457,0.0,0.0,0.0,0.0,0.0,0.0,-1.4616872767949984,0.0,0.0,0.0,0.0,0.0,0.0,0.0,0.0,0.0,-0.1697676717286725,0.0,0.0,-0.5177499184683524,-0.4988657802971617,-3.2519452298248117,0.0,-0.8170663292306953,0.0,0.0,0.0,0.0,0.0,0.0,0.0,0.0,0.0,0.0,0.0,0.0,0.0,0.0,0.0,0.0,-1.3207419308042092,0.0,0.0,0.0,0.0,0.0,0.0,0.0,0.0,0.0
"MATLAB 2-46 PM Wed, Sep 18, 2024 Run4 .csv",0,5.939655915698392,2922.1591358607507,0.3290569343591403,1167.9367433075743,0.0,-0.522825312001892,-0.5048996385615604,-3.2517731888519865,0.0,-0.8095225116436038,0.0,0.0,0.0,0.0,0.0,0.0,0.0,0.0,0.0,-2881.0610108443593,0.0,0.0,0.0,0.0,0.0,0.0,-1.4644563122653398,0.0,0.0,0.0,0.0,0.0,0.0,0.0,5.546009570393437,2510.5133833788673,0.07350562480790118,987.4670808762155,0.0,-0.5188333825787742,-0.5001625442334245,-3.2590705488704836,0.0,-0.8184909186146504,0.0,0.0,0.0,0.0,0.0,0.0,0.0,0.0,0.0,0.0,0.0,0.0,0.0,0.0,0.0,0.0,-1.3233868625184,0.0,0.0,0.0,0.0,0.0,0.0,0.0,0.0,0.0
"MATLAB 2-47 PM Mon, Oct 28, 2024 Run10 .csv",0,5.493377718647107,2068.8227660692255,0.23747853363827987,1231.8926466629518,0.03309078016727413,-0.40068179176193996,-0.36888483449893816,4.741125562455256,0.00451,2.189053034235391,0.0375,-0.8444275922123914,45.60929284553953,17.54517910447877,0.26854433007297496,1.726179464369148e-10,0.00013859984625405567,0.0001152660735998872,0.9990551616986463,4319.848854178165,3.5290281656014093,379881.06617358583,46.980555757280335,0.19711855228688022,0.3298362654690969,0.1,1.5327746522643189,1.4386533422449348,0.48439573491364074,0.014433332681655892,0.1641541886180639,0.3305460000038147,0.0572225026599111,2.0136312255357254,5.982843568127189,2609.1231870272118,0.10900140958085391,1171.7136173885467,0.03319289519751183,-0.3967345683172081,-0.36485930829133095,4.733884139965309,0.00426,2.1800844920013946,0.0125,0.3096189871223221,28.997553260594117,15.830097735787385,0.2694616111684131,3.5818480275910695e-11,0.00010995411386285385,1.3529851161401335e-05,0.9993180566042956,9088.500843640544,3.4957657117122807,613267.085274726,31.88767200820028,0.12850378987054664,0.37883428242468437,0.08947368421052632,1.6739682057674092,1.391416481224608,0.6058431141495513,0.042215393781662,0.17135291208326814,0.3401011836528778,0.0651056353519198,1.9847995550119815,6.0,0.8914207193634335
"MATLAB 2-47 PM Tue, Oct 22, 2024 Run9 .csv",0,5.470520487056213,2308.438525255283,0.24274223631109204,1267.1212715391694,0.0008021597138156571,-0.4678485468570944,-0.4503700302448031,14.735664493967217,0.0021,2.187628580114385,0.0,0.7780165473660685,10.048682747269734,8.352008769980502,0.014039653193604808,9.58632212469138e-12,0.00011933292953493438,0.00018873692601119538,0.9992653417709875,5478.122577006308,4.66920071493108,180809.95173339325,2.858961166466188,0.013980868857097907,0.02323570991069129,0.12962962962962962,-1.4699943832060227,-0.09780954176501425,-1.6562345619316974,0.034193948507308974,0.12423552129003733,0.1459981429576874,0.01703649744424889,1.1751722972759422,5.740796514225913,2343.7576381171607,0.1258854638753569,1176.5167160389094,0.0009067986190800907,-0.46393560496782443,-0.4456560721565288,14.72847900900582,0.0018,2.1786599026174396,0.0,0.5623313505770954,8.311661942027229,6.627099839157715,0.015890708729017412,4.42208134206294e-12,0.0001565515922945063,0.0001899740215095157,0.9985752594293182,6378.5698043287175,5.059575164483004,224243.62477167777,2.713787404192133,0.011586137748540719,0.013079253428258745,0.12962962962962962,-1.3286767259467815,-1.5046293123697496,3.180142632769442,0.004104533195495627,0.0975342449214723,0.1030650341510772,0.004075115737277292,1.0567061264898079,0.0,-0.7127013841917326
"MATLAB 2-48 PM Fri, Jun 14, 2024 Run16 .csv",True,0.0,0.0,0.0,0.0,0.0,-0.5260631053852332,-0.5087552260105515,-3.273316958574653,0.0,-0.8137958740066205,0.0,0.0,0.0,0.0,0.0,0.0,0.0,0.0,0.0,-2902.926003003727,0.0,0.0,0.0,0.0,0.0,0.0,-1.4727634186763638,0.0,0.0,0.0,0.0,0.0,0.0,0.0,0.0,0.0,-0.17026006598463017,0.0,0.0,-0.5220837749100397,-0.504052836042213,-3.2804465060074994,0.0,-0.8227646867665155,0.0,0.0,0.0,0.0,0.0,0.0,0.0,0.0,0.0,0.0,0.0,0.0,0.0,0.0,0.0,0.0,-1.3313216576609723,0.0,0.0,0.0,0.0,0.0,0.0,0.0,0.0,0.0
"MATLAB 2-48 PM Thu, Oct 31, 2024 Run19 .csv",0,5.618409716058125,2555.6959399880584,0.23635595680851967,1311.0347542310433,0.6522579254263614,1.6786861996241114,1.953259576001406,-2.880496214783737,7e-05,0.18477967187237399,0.5,-2.7409891807535907,385.762455409186,46.41456613507212,0.29569746917501644,2.492193289937441e-13,0.0009933871759749873,5.479663173974963e-05,0.9969005173168172,-1906.6776046144644,4.259230335160791,419660.3889053034,0.8412476123760277,0.0050372377385714045,0.01286983209830424,1.0,2.5244675458532946,1.6767512695409816,1.6742869799845188,0.00543105304241176,0.09275382414460179,0.1102826642990112,0.007141189031036496,1.1889823984732124,5.820887312024912,3164.907394743932,0.09506988528663102,1005.02914286186,0.6514153714654045,1.6823470447359892,1.9582503978495474,-2.8875698246880335,7e-05,0.17581072384952945,0.5,-0.4190237978140543,210.81180956975246,38.9008819998108,0.295357584515802,1.6310460144898207e-13,0.0024569529752456565,2.8560342519772427e-05,0.9964490922302055,405.5629482003319,3.230803183774613,765224.6837873477,0.47306262654331055,0.005271300703021184,0.01702396195451235,1.0,3.666033410624837,-0.14792159923581105,-1.4538666384117218,0.017255038619041388,0.10222041785717007,0.116050728559494,0.010150733667407022,1.135298905954862,0.0,-0.4093475578829138
"MATLAB 2-48 PM Tue, Jun 11, 2024 Run3 .csv",0,5.470563111852253,2152.307938372622,0.16104826770912875,782.8357871538104,0.049870532320340506,-0.4012203357185772,-0.38162561775813464,4.5123985359613314,0.00459,2.1833552177513686,0.05128205128205128,0.5571317547952582,21.924796627877857,13.849962523624637,0.3926773416843292,1.2501276570720914e-11,0.0005480769865963548,0.013220229886417597,0.9861776817305276,-1118.1611378908997,5.008759166028911,42542.186081711676,21.346135268697758,3.024163709078842,0.6173471467404741,0.22,0.5216985103829532,0.11718575490792779,-1.2938561574674865,0.08410180807113651,0.1420286580843803,0.23085364818573,0.04595094795412625,1.6254018822636351,4.722460377041384,1605.391624533382,-0.016758886959056057,750.9546631363486,0.077116959516201,-0.36232736994087555,-0.3571463640468804,2.805363861910773,0.00437,2.1743861344655744,0.04918032786885246,-0.16350301722412347,12.81090307084702,10.956792684468235,0.47625600336245966,1.11818813432242e-10,0.00024902131969606545,0.02344967076405673,0.9762909133280239,3920.511362318707,4.324278872813291,53000.69620757014,73.90116957225574,9.243099455625016,0.2994141867872595,0.34375,0.6633884789106461,0.48922017801662154,1.1923348838434622,0.038435984849929786,0.14547170414299257,0.2502152478694916,0.029202682101785706,1.7200269244357003,3.0,0.17179899027599563
"MATLAB 2-49 PM Thu, Oct 17, 2024 Run0 .csv",0,5.7239426296915354,2499.330783458571,0.3408354250785631,1248.6249303364286,0.0,-0.5293008987685744,-0.5126108134595424,-3.2948607282973192,0.0,-0.8180692363696371,0.0,0.0,0.0,0.0,0.0,0.0,0.0,0.0,0.0,-2924.7909951630945,0.0,0.0,0.0,0.0,0.0,0.0,-1.4810705250873881,0.0,0.0,0.0,0.0,0.0,0.0,0.0,5.309452668766424,1717.472495137332,0.17044240352571036,1309.2501875235985,0.0,-0.5253341672413051,-0.5079431278510015,-3.301822463144516,0.0,-0.8270384549183807,0.0,0.0,0.0,0.0,0.0,0.0,0.0,0.0,0.0,0.0,0.0,0.0,0.0,0.0,0.0,0.0,-1.3392564528035444,0.0,0.0,0.0,0.0,0.0,0.0,0.0,0.0,0.0
"MATLAB 2-50 PM Fri, Jun 14, 2024 Run17 .csv",True,0.0,0.0,0.0,0.0,0.0,-0.5303801632296882,-0.5138960092758728,-3.3020419848715417,0.0,-0.8194936904906427,0.0,0.0,0.0,0.0,0.0,0.0,0.0,0.0,0.0,-2932.0793258828844,0.0,0.0,0.0,0.0,0.0,0.0,-1.4838395605577297,0.0,0.0,0.0,0.0,0.0,0.0,0.0,0.0,0.0,-0.17075246024058782,0.0,0.0,-0.5264176313517268,-0.5092398917872643,-3.308947782190188,0.0,-0.8284630443023356,0.0,0.0,0.0,0.0,0.0,0.0,0.0,0.0,0.0,0.0,0.0,0.0,0.0,0.0,0.0,0.0,-1.3419013845177352,0.0,0.0,0.0,0.0,0.0,0.0,0.0,0.0,0.0
"MATLAB 2-50 PM Thu, Oct 3, 2024 Run1 .csv",0,5.894091021569041,2499.3028043794466,0.3178989838830639,1310.7337600834926,0.0,-0.5314594276908019,-0.5151812050922031,-3.3092232414457636,0.0,-0.8209181446116482,0.0,0.0,0.0,0.0,0.0,0.0,0.0,0.0,0.0,-2939.3676566026734,0.0,0.0,0.0,0.0,0.0,0.0,-1.486608596028071,0.0,0.0,0.0,0.0,0.0,0.0,0.0,5.868224744752492,2721.5193168413844,0.14597310762082522,1142.5163715262324,0.0,-0.5275010954621486,-0.5105366557235271,-3.31607310123586,0.0,-0.8298876336862907,0.0,0.0,0.0,0.0,0.0,0.0,0.0,0.0,0.0,0.0,0.0,0.0,0.0,0.0,0.0,0.0,-1.3445463162319258,0.0,0.0,0.0,0.0,0.0,0.0,0.0,0.0,1.0
"MATLAB 2-50 PM Tue, Mar 19, 2024 Run0 .csv",True,0.0,0.0,0.0,0.0,0.0,-0.5325386921519156,-0.5164664009085334,-3.3164044980199856,0.0,-0.8223425987326538,0.0,0.0,0.0,0.0,0.0,0.0,0.0,0.0,0.0,-2946.6559873224624,0.0,0.0,0.0,0.0,0.0,0.0,-1.4893776314984124,0.0,0.0,0.0,0.0,0.0,0.0,0.0,0.0,0.0,-0.17099865736856665,0.0,0.0,-0.5285845595725704,-0.51183341965979,-3.323198420281532,0.0,-0.8313122230702458,0.0,0.0,0.0,0.0,0.0,0.0,0.0,0.0,0.0,0.0,0.0,0.0,0.0,0.0,0.0,0.0,-1.3471912479461166,0.0,0.0,0.0,0.0,0.0,0.0,0.0,0.0,0.0
"MATLAB 2-50 PM Tue, Oct 22, 2024 Run10 .csv",0,5.482464984613987,2226.1644646055615,0.23880618536150575,1302.7504607835467,0.0006457079639984205,-0.46600367095865003,-0.4501515967847478,11.677914408712166,0.0018,2.1762329471463406,0.0,0.9218473901524876,12.91942392758052,9.096014184028256,0.009549874819340026,4.802664592366177e-12,0.00012227793966345754,0.00018260063056364356,0.9992446620255561,5217.968496123179,4.401508573838336,323382.1058843227,3.0229195919439245,0.0113588908554286,0.019443906415561873,0.13333333333333333,-1.4921466669687538,-0.6752988919423362,-0.5860625006782736,0.017656946182251,0.13068380490938822,0.1468045282363891,0.012618554703179187,1.1233567031368459,5.464840969932133,2125.91691086777,0.0956801791161935,1237.3448070112613,0.0008669969274088798,-0.4621465951713878,-0.445530183655951,11.671176423979169,0.0015,2.1672631875457995,0.0,0.6434734715156,8.946801143656065,7.190951281860125,0.012840322643053596,3.679567933290597e-12,0.00016466209672642314,0.0001593087748501903,0.9988865234679385,6066.280846207932,4.129619418470954,372825.03693774814,3.456520711880901,0.00954246206774432,0.011084495200773559,0.13333333333333333,-1.3498361796603073,-0.49734384008331967,-1.0838534413654366,0.008776106238365153,0.10056423314412431,0.1087463557720184,0.0056451468533127245,1.081362154039079,0.0,0.04205520793637943
"MATLAB 2-51 PM Mon, May 13, 2024 Run1 .csv",True,0.0,0.0,0.0,0.0,0.0,-0.5346972210741432,-0.5190367925411941,-3.33076701116843,0.0,-0.8251915069746649,0.0,0.0,0.0,0.0,0.0,0.0,0.0,0.0,0.0,-2961.232648762041,0.0,0.0,0.0,0.0,0.0,0.0,-1.494915702439095,0.0,0.0,0.0,0.0,0.0,0.0,0.0,0.0,0.0,-0.17124485449654547,0.0,0.0,-0.5307514877934141,-0.5144269475323155,-3.337449058372876,0.0,-0.8341614018381558,0.0,0.0,0.0,0.0,0.0,0.0,0.0,0.0,0.0,0.0,0.0,0.0,0.0,0.0,0.0,0.0,-1.3524811113744981,0.0,0.0,0.0,0.0,0.0,0.0,0.0,0.0,0.0
"MATLAB 2-51 PM Thu, May 23, 2024 Run1 .csv",True,0.0,0.0,0.0,0.0,0.0,-0.5357764855352569,-0.5203219883575244,-3.337948267742652,0.0,-0.8266159610956705,0.0,0.0,0.0,0.0,0.0,0.0,0.0,0.0,0.0,-2968.52097948183,0.0,0.0,0.0,0.0,0.0,0.0,-1.4976847379094367,0.0,0.0,0.0,0.0,0.0,0.0,0.0,0.0,0.0,-0.17136795306053487,0.0,0.0,-0.5318349519038359,-0.5157237114685784,-3.3445743774185486,0.0,-0.8355859912221109,0.0,0.0,0.0,0.0,0.0,0.0,0.0,0.0,0.0,0.0,0.0,0.0,0.0,0.0,0.0,0.0,-1.355126043088689,0.0,0.0,0.0,0.0,0.0,0.0,0.0,0.0,0.0
"MATLAB 2-51 PM Thu, Oct 24, 2024 Run11 .csv",0,5.5457756656023065,2065.9245914540847,0.265500451882317,1284.119204571744,0.02659611987157361,-0.4582279722881915,-0.4425071842441196,9.354997488194952,0.00616,2.171959584783324,0.0,0.753964848623822,11.522253563183082,10.718494189447766,0.33825348555930235,4.912181925453474e-11,0.00013497061535113034,0.00025825973948630503,0.9993822495141109,4428.633848882942,4.262563053678659,328747.10128591466,84.98884987606372,0.3616936670365015,0.5005470348028939,0.1554959785522788,1.499546226620222,0.2854695016745532,3.6999301376169997,0.026134272217750526,0.1860217685492959,0.2780101597309113,0.022661084026942953,1.4945033686056932,5.367221200778273,2095.1547500497495,0.07443347306026099,1123.2044738144507,0.023601554514023557,-0.45582622858249683,-0.43482047547749425,9.548429316244643,0.00673,2.1629894193939343,0.0,0.4249546172827576,7.056942601182513,7.596528906240287,0.3061471635490272,5.3108799214329285e-11,9.798628897196941e-05,0.00015850584200425918,0.9991993378445663,10197.338304447918,3.9432092520028346,423350.94551160024,98.36876015110325,0.30652231570644495,0.36649183719961664,0.17585301837270342,-0.35777097480287967,-0.5374965204306162,1.0005562739166143,0.0250898265838623,0.16218381144279656,0.2054746794700623,0.019043747628088862,1.2669247173447686,5.0,-0.02676581267212701
"MATLAB 2-51 PM Thu, Oct 31, 2024 Run20 .csv",0,5.604886459598436,2529.941165928032,0.2744105191186668,1318.2556911947386,0.3291499996827847,7.426914978476187,7.441957612943487,-3.2023100307541696,1.5e-05,-0.8294648693376816,1.0,-4.271504425494179,1110.3451428423564,77.28634602375166,0.041325323135376436,6.106772475619994e-14,0.0030907094278377492,0.00011465017405856924,0.9943762840828606,-2661.3668838574804,4.397773760875195,409521.2219318955,0.27878281030788127,0.002350449103454252,0.006467880913168382,0.0,2.4967771911498806,0.08668592141789466,-1.4999999999999991,0.00212680101394655,0.08552096048990883,0.0876980936527252,0.0017379839908264656,1.0254573048565476,5.808414246002034,3137.041306218547,0.13641265906795308,1020.6990382826211,0.3309499996811893,7.430048112809698,7.445732753593274,-3.2088242653729657,1.5e-05,-0.838435169990021,1.0,-1.0009263306461547,110.00693179590652,39.096874953411046,0.041555489979947985,6.105322359740165e-14,0.007323107264042847,9.27427083145853e-05,0.9914779608396203,135.39033706468717,3.280750826484637,711924.7935680755,0.1530391351692662,0.002428359648053143,0.0067995699388660735,0.0,0.6395840934829295,0.149360142824623,-1.4999999999999996,0.015008404254913357,0.09895450393358862,0.1145786738395691,0.012285213342062984,1.1578924585026098,0.0,-0.4738190860185399
"MATLAB 2-52 PM Thu, Oct 3, 2024 Run2 .csv",0,5.870362345789214,2396.0285998164977,0.28383992747659487,1262.1029629625496,0.004487016373076333,-0.13463511260983108,-0.1202775761635016,-0.8594670350023605,0.00043,0.16911067654131284,0.0,-2.158259108119738,135.219779346467,23.45097699965375,0.011096062178559997,6.86337543487149e-12,0.00032993733254252415,0.00016878914768580857,0.9974477311166579,32.75700957357958,3.815390835791178,752528.7875272701,7.237842333970411,0.0559703269718404,0.08939745464658365,1.0,5.4940081556795395,-0.13617764780597466,-1.4621873001442125,0.03826699733734132,0.15659488081932066,0.1799614202976227,0.018518760749112077,1.149216496452795,5.9409617666748815,2717.4439959254787,0.09507163757126363,1056.0154616334892,0.004607805872488389,-0.1305603445931307,-0.11571400363427142,-0.8659253320926066,0.00033,0.16014024062602394,0.0,0.07381740987300976,86.94897648502416,18.677036812744138,0.011390657874214397,6.446080801025207e-12,0.00047816304853634734,9.16670144605495e-06,0.9989317855882902,2089.102846081501,3.367673401351667,849648.1907342259,5.815980141225608,0.02947716811698267,0.10346561497006854,1.0,2.6369391617687388,0.0017349784430517618,-1.4130006185121733,0.04710639357566829,0.16775622973442075,0.2012236475944519,0.023459847289906938,1.199500298218518,0.0,-0.966381767147484
"MATLAB 2-52 PM Tue, Oct 15, 2024 Run4 .csv",True,0.0,0.0,0.0,0.0,0.0,-0.5400935433797118,-0.5254627716228457,-3.3666732940395407,0.0,-0.8323137775796927,0.0,0.0,0.0,0.0,0.0,0.0,0.0,0.0,0.0,-2997.674302360988,0.0,0.0,0.0,0.0,0.0,0.0,-1.508760879790802,0.0,0.0,0.0,0.0,0.0,0.0,0.0,0.0,0.0,-0.17186034731649255,0.0,0.0,-0.5361688083455232,-0.5209107672136297,-3.3730756536012363,0.0,-0.841284348757931,0.0,0.0,0.0,0.0,0.0,0.0,0.0,0.0,0.0,0.0,0.0,0.0,0.0,0.0,0.0,0.0,-1.365705769945452,0.0,0.0,0.0,0.0,0.0,0.0,0.0,0.0,0.0
"MATLAB 2-52 PM Tue, Oct 22, 2024 Run11 .csv",0,5.49012532734166,2335.275887778672,0.2381438322189424,1288.1890884863362,7.378202337253875e-05,-0.46801126944410876,-0.45354796750403636,10.627545601805519,0.0013,2.166261768299302,0.0,0.8572613259817371,13.330475007971444,9.15559979581927,0.0010084810269086657,6.770699027612862e-12,0.0001361807170809819,0.0001712336279456437,0.9993437235502701,4333.401747509138,4.343660792456624,377043.9949382372,2.2422647185067084,0.01111812316938475,0.020054519812505014,0.20588235294117646,-1.5115299152611437,-0.39098568707467374,-1.0148822703825535,0.016925898492336208,0.12801405310630795,0.1417252647876739,0.010776653230445113,1.1071070819855973,5.710376304118723,2304.4292014245875,0.12551526125890008,1184.4964476885264,0.000914446836220124,-0.46399073405931673,-0.4490075312147346,10.621199179772372,0.0018,2.157291061858114,0.0,0.5961973900651615,11.203170611916091,7.500627517753421,0.012481949686470276,2.6646503057679637e-12,0.00020070919647055267,0.00016224074835003593,0.9983100702397242,4973.912943676164,4.187063379053551,514478.61339982337,2.165518732882099,0.0084337274523454,0.01103898414175102,0.20588235294117646,-1.3683507016596426,-0.650816999080759,-0.7699756013723666,0.011723589003086052,0.09359705209732053,0.1028080189228057,0.007436280468828187,1.098410864648897,0.0,-0.633208119970608
"MATLAB 2-53 PM Thu, Oct 24, 2024 Run12 .csv",0,5.5236398719397135,2075.661687608936,0.2591717040222105,1290.069460528208,0.023730507395556447,-0.46831361082899015,-0.44928316332528423,10.11963923852578,0.0024,2.164837314178296,0.0,0.6171587142463287,10.0815024398454,7.592488285689711,0.3209494344731314,4.568879184138925e-11,0.00014289717324224822,0.0002477657655232659,0.999365425094005,3981.347316830348,4.327955110164377,319300.10670580296,17.793037483120788,0.07743968906195972,0.10962373088157702,0.27450980392156865,-1.514298950731485,0.3586945074712988,-0.6951423052647754,0.017180825471877992,0.17768305169211487,0.2033016157150269,0.012008780798016936,1.1441812473330506,5.346026428572886,2105.805273154277,0.0713878500955473,1124.7426118951869,0.020409410013985375,-0.46846073662827853,-0.4463042951545497,11.113398757407388,0.00585,2.155866472474159,0.0,0.41932424812963337,6.211408796672881,7.1204747757039115,0.29208458006538585,5.84736977265477e-11,0.00010145712751918145,0.00014960299737416062,0.9990948782274935,9847.458750875881,4.01186309413174,422251.39191980334,20.44650419196808,0.06513437998049537,0.08077426773383069,0.20634920634920634,-1.3709956333738333,-0.7445854373325911,-0.2573094980346009,0.02898489236831661,0.15868135703021077,0.200395416021347,0.025850695522903526,1.2628793941004326,2.0,0.08232529375358993
"MATLAB 2-54 PM Fri, Aug 23, 2024 Run2 .csv",True,0.0,0.0,0.0,0.0,0.0,-0.543331336763053,-0.5293183590718368,-3.388217063762207,0.0,-0.8365871399427094,0.0,0.0,0.0,0.0,0.0,0.0,0.0,0.0,0.0,-3019.5392945203557,0.0,0.0,0.0,0.0,0.0,0.0,-1.5170679862018264,0.0,0.0,0.0,0.0,0.0,0.0,0.0,0.0,0.0,-0.17222964300846078,0.0,0.0,-0.5394192006767886,-0.5248010590224181,-3.394451610738253,0.0,-0.8455581169097961,0.0,0.0,0.0,0.0,0.0,0.0,0.0,0.0,0.0,0.0,0.0,0.0,0.0,0.0,0.0,0.0,-1.3736405650880241,0.0,0.0,0.0,0.0,0.0,0.0,0.0,0.0,0.0
"MATLAB 2-54 PM Fri, Jun 14, 2024 Run18 .csv",0,5.802957388129248,2343.377929458577,0.23025644461967415,946.0488595879076,0.0416250143232149,-0.43377576986141764,-0.42520355498202855,5.6046916885302185,0.00409,0.16198840593628505,0.0,0.9430220806326494,31.84111247617267,14.578293780299097,0.37623787925101954,1.999611258140105e-13,0.0008780902805186341,0.05281708015955983,0.9461193123681264,-1949.3537784628957,4.618658318789426,378135.28101732425,2.4953841346888437,1.4877095477751379,0.09657092873081506,1.0,0.48016297832783206,0.014299046219962959,-1.38752413459946,0.03213348954916002,0.06209901281197862,0.0901949965953827,0.01749015982099557,1.4524384931604661,4.821138981628408,1557.1534225053167,0.05108295596666712,964.4692355366666,0.05033917375525356,-0.40559581559155067,-0.3958978230740471,3.99849707750643,0.00485,2.153017293706249,0.0,0.18500992016628046,16.029247792652196,12.76574998068307,0.37314023754453746,1.6479318983724477e-12,0.0011158880760254323,0.1318777513588564,0.8669886471411132,776.9494681125651,3.6173130848244788,242120.7207224609,9.037865420388222,5.451818756641835,0.05252983150126044,0.4015151515151515,-1.3762854968022147,-0.22212486872446116,-1.027555088791416,0.024823976457118972,0.05764263734624188,0.0852031183242797,0.013117639915389235,1.4781266480312194,1.0,0.04969489140561701
"MATLAB 2-54 PM Fri, Sep 13, 2024 Run5 .csv",0,5.96206074976522,2750.334698096201,0.3131932573897605,1113.03393116417,1.2200944855317355,1.2692901327021673,1.3843112475891055,-2.8692444653196234,0.00107,-0.8394360481847205,1.0,-5.418751913405416,582.2043857926425,74.48352623778821,0.6723098593856391,1.0682214400704818e-12,0.0004664463777966816,0.00019775136703753394,0.9972907269335954,-896.0551318102766,4.288683762405956,256072.4650001517,2.732091987358534,0.03768940204171416,0.08335146235002007,0.0,3.477393942857491,0.592253936641013,0.15202219211822765,0.06209744930267336,0.11579853236675258,0.2348540902137756,0.0482084302584581,2.0281266559575637,5.92837577574942,2795.527055941938,0.06841676678271555,1128.4443218040642,1.2198546493849147,1.273193869489816,1.3888054113986592,-2.8753671372385687,0.0010666666666666667,-0.8484072956777062,1.0,5.113506812413212,787.3495091404263,86.78622264404952,0.6721777022387485,1.8141048476422538e-12,0.00045687797450941745,9.58533924217889e-06,0.9985164696605742,2185.5211355564966,3.580271636794629,387409.2610718796,3.340190812786916,0.020338219070201783,0.06661242801647943,0.0,1.6210695714835945,1.5783598495423614,2.1467012493997997,0.08631711870431895,0.17045940667390821,0.4506215870380402,0.09701066290725958,2.643571251541941,2.0,0.8328158701490549
"MATLAB 2-55 PM Tue, Oct 22, 2024 Run12 .csv",0,5.296173261637174,2136.0811377710124,0.22653440898431887,1324.9465571186447,0.0008825756774057744,-0.47023541373907113,-0.4567739465888627,9.690304678473403,0.001925,2.159139497694274,0.0,0.6967389951743613,12.185781201004202,9.601638614131852,0.011562068754733191,7.228360417404511e-12,0.00046931776176125766,0.00014225539143419329,0.9990312258975563,-912.7159921042366,3.864237251746568,425697.5513625503,61.926272504226475,0.1926681591156303,0.4017186495235219,0.5390946502057613,-1.5253750926128506,-0.3501226697092389,-1.1576526786831787,0.025850752294063556,0.12831983115836862,0.1519782447814941,0.014963895130866236,1.1843706729470906,5.246978828268208,2005.6299303231774,0.09516317507298971,1245.4299725074432,0.001056224901783226,-0.4663408574436384,-0.45229135089924155,9.684237944083009,0.002665,2.1501681149383387,0.0,0.3995526950529219,8.750313176229485,7.640420265709068,0.013837840938578793,3.9822913690535205e-12,0.000957181119609407,0.0001216245145305505,0.9980507511996796,1042.6979082150617,3.4815464012563795,498412.53175014484,70.06842214432459,0.1599126932841437,0.3210680930771301,0.5390946502057613,-1.3815753602305962,-0.617797026612371,-0.2758871208760576,0.010176196694374057,0.0967183275714175,0.1111488056182861,0.007022195518295135,1.149201070874732,0.0,-0.19538452380874347
"MATLAB 2-55 PM Wed, Apr 3, 2024 Run3.csv",True,0.0,0.0,0.0,0.0,0.0,-0.5476483946075079,-0.5344591423371581,-3.416942090059096,0.0,-0.8422849564267316,0.0,0.0,0.0,0.0,0.0,0.0,0.0,0.0,0.0,-3048.6926173995125,0.0,0.0,0.0,0.0,0.0,0.0,-1.528144128083192,0.0,0.0,0.0,0.0,0.0,0.0,0.0,0.0,0.0,-0.17272203726441843,0.0,0.0,-0.5437530571184759,-0.5299881147674694,-3.422952886920941,0.0,-0.8512564744456164,0.0,0.0,0.0,0.0,0.0,0.0,0.0,0.0,0.0,0.0,0.0,0.0,0.0,0.0,0.0,0.0,-1.384220291944787,0.0,0.0,0.0,0.0,0.0,0.0,0.0,0.0,0.0
"MATLAB 2-55 PM Wed, Nov 6, 2024 Run0 .csv",True,0.0,0.0,0.0,0.0,0.0,-0.5487276590686218,-0.5357443381534885,-3.424123346633318,0.0,-0.8437094105477372,0.0,0.0,0.0,0.0,0.0,0.0,0.0,0.0,0.0,-3055.9809481193015,0.0,0.0,0.0,0.0,0.0,0.0,-1.5309131635535334,0.0,0.0,0.0,0.0,0.0,0.0,0.0,0.0,0.0,-0.17284513582840785,0.0,0.0,-0.5448365212288977,-0.5312848787037323,-3.430078205966613,0.0,-0.8526810638295714,0.0,0.0,0.0,0.0,0.0,0.0,0.0,0.0,0.0,0.0,0.0,0.0,0.0,0.0,0.0,0.0,-1.3868652236589778,0.0,0.0,0.0,0.0,0.0,0.0,0.0,0.0,0.0
"MATLAB 2-56 PM Thu, Oct 3, 2024 Run3 .csv",0,5.922691763177222,2363.313667273262,0.32141082389394887,1270.0280606218346,0.05264453433200672,-0.13095692390140323,-0.10777953434973381,-1.3812943513362064,0.00498,0.15486613533125726,0.024390243902439025,-2.3839376163722967,138.50725728835445,26.152080017031217,0.12568827594298915,8.00647323241762e-12,0.013780680050393072,0.0001731620526528685,0.9839337614271884,-2991.8697718605426,4.018761381926511,793340.4169494726,13.418322379844948,0.1315310473692938,0.5193414880499846,1.0,0.4663178009761251,-1.9549675832802709,7.014226774902525,0.03330724596977239,0.16621876902696564,0.200037522315979,0.02741229301301794,1.203459293357701,6.00548945486651,2729.133548633504,0.14082233193957905,1097.7630465602383,0.02132342870939052,-0.11633024213077331,-0.10128164302407172,-1.4371935231865942,0.000325,0.14589434678647362,0.0,0.5048256610536158,107.631592422931,22.051389092915045,0.04963672677594394,7.294269347472518e-12,0.014438480946960637,2.1471391742903427e-05,0.9848270471896964,68.20849442593244,3.666754738791523,817077.585727881,10.469019853911359,0.07730644680195867,0.41709437708820635,1.0,-0.3895101553731686,-0.22599109009078494,-1.3135620044830232,0.05729479849338531,0.19182950004935265,0.2349087059497833,0.0304132116784733,1.2245702871005113,0.0,-0.09077524256307827
"MATLAB 2-57 PM Mon, Oct 28, 2024 Run11 .csv",0,5.645154051160838,2134.8528862860408,0.2643184914195232,1271.3868536221241,0.00684862583752862,-0.39588150062860683,-0.38371472992347766,2.994868923785015,0.0010233333333333333,0.1534416812102517,0.010362694300518135,-1.0299830781392578,43.142431885319304,23.614173681451625,0.04418334667211412,2.7036907343278024e-11,0.0014476614781595688,0.00011559412011877787,0.9974536811852655,-2381.547301393921,3.2782078345289567,450863.3499029108,80.18585971335563,0.3627909013988678,1.1066616415503336,1.0,1.463548765505784,6.0481550600928164,52.37594229066441,0.01166142344474791,0.1478181104030016,0.3231323957443238,0.01829655114434247,2.186013573461038,5.875091525270763,2600.958109578601,0.12808982517696105,1207.216985201218,0.0071024493830289135,-0.39196803292085947,-0.37927840671393065,2.98902593950882,0.00211,0.14446975740251855,0.0,0.31982147003833317,25.302610220711767,18.213116823955332,0.04581178637789379,1.4496237739765969e-11,0.0021449256401572733,1.979520643848002e-05,0.9972127776555949,464.91717893888193,3.290353462388471,663303.405219926,61.05172681467091,0.2682815053844274,1.0556473515253528,1.0,-0.39215508708735936,0.6855968213541439,2.887039534382107,0.024949110746383674,0.15079021186408598,0.234411381483078,0.018667296707424872,1.5545530348771148,3.0,0.46418471162480357
"MATLAB 2-58 PM Fri, Jun 14, 2024 Run19 .csv",True,0.0,0.0,0.0,0.0,0.0,-0.5519654524519629,-0.5395999256024795,-3.445667116355984,0.0,-0.8479827729107539,0.0,0.0,0.0,0.0,0.0,0.0,0.0,0.0,0.0,-3077.8459402786693,0.0,0.0,0.0,0.0,0.0,0.0,-1.5392202699645576,0.0,0.0,0.0,0.0,0.0,0.0,0.0,0.0,0.0,-0.1732144315203761,0.0,0.0,-0.548086913560163,-0.5351751705125207,-3.4514541631036293,0.0,-0.8569548319814365,0.0,0.0,0.0,0.0,0.0,0.0,0.0,0.0,0.0,0.0,0.0,0.0,0.0,0.0,0.0,0.0,-1.3948000188015501,0.0,0.0,0.0,0.0,0.0,0.0,0.0,0.0,0.0
"MATLAB 2-58 PM Tue, Apr 30, 2024 Run3 .csv",True,0.0,0.0,0.0,0.0,0.0,-0.5530447169130767,-0.5408851214188098,-3.452848372930206,0.0,-0.8494072270317594,0.0,0.0,0.0,0.0,0.0,0.0,0.0,0.0,0.0,-3085.134270998459,0.0,0.0,0.0,0.0,0.0,0.0,-1.541989305434899,0.0,0.0,0.0,0.0,0.0,0.0,0.0,0.0,0.0,-0.1733375300843655,0.0,0.0,-0.5491703776705849,-0.5364719344487836,-3.458579482149301,0.0,-0.8583794213653915,0.0,0.0,0.0,0.0,0.0,0.0,0.0,0.0,0.0,0.0,0.0,0.0,0.0,0.0,0.0,0.0,-1.3974449505157407,0.0,0.0,0.0,0.0,0.0,0.0,0.0,0.0,0.0
"MATLAB 2-58 PM Tue, Oct 22, 2024 Run13 .csv",0,5.199469125748067,2124.424932428295,0.19039426585543776,1324.1389873160997,0.0010544548345126216,-0.4773489814422131,-0.46527031730327884,9.541270512027761,0.0017,2.1491683188472352,0.0,0.6215226457003975,11.58123539124068,9.158383959968793,0.013734351487422575,7.456248185793753e-12,0.00010377225305602065,0.00010144669850012668,0.999614044820213,6540.345458936454,3.627349343633466,426741.5895628108,2.9785295890722145,0.008519407340628546,0.015467012483789172,0.21875,-1.5447583409052403,0.010469230529380842,-1.440438556596392,0.029367202520370506,0.12036962234056912,0.1426145374774933,0.01526766003133824,1.1848050588211143,5.239531326092216,2082.677947226964,0.03597870677157397,1236.5348982794292,0.0007729363198181005,-0.4734455085157255,-0.46091869845313016,9.535595340337217,0.0016,2.1401959892506532,0.0,0.5138983351675255,9.329762581504642,7.48954263187715,0.010063183081300922,3.4931695287368973e-12,9.583400542210786e-05,8.326997569511625e-05,0.9992955819905681,10427.359031787286,3.2453231816520813,538785.0083896938,3.153692771209168,0.006809323095968171,0.010572737914582919,0.21875,-1.4000898822299315,-0.5350553963397505,-0.5396309110090876,0.008309944868087699,0.09881385399745057,0.1067744064331054,0.005799414343768661,1.0805610965832808,0.0,-0.8212971266079826
"MATLAB 2-58 PM Tue, Oct 8, 2024 Run3 .csv",0,5.7347914054802995,2265.904553074102,0.2782656758972702,1292.0610939055496,0.0,-0.5552032458353042,-0.5434555130514704,-3.4672108860786506,0.0,-0.8522561352737705,0.0,0.0,0.0,0.0,0.0,0.0,0.0,0.0,0.0,-3099.710932438037,0.0,0.0,0.0,0.0,0.0,0.0,-1.547527376375582,0.0,0.0,0.0,0.0,0.0,0.0,0.0,5.953096184601492,2650.391659954931,0.1512506841424731,1182.991360066508,0.0,-0.5513373058914285,-0.5390654623213093,-3.4728301202406455,0.0,-0.8612286001333016,0.0,0.0,0.0,0.0,0.0,0.0,0.0,0.0,0.0,0.0,0.0,0.0,0.0,0.0,0.0,0.0,-1.4027348139441222,0.0,0.0,0.0,0.0,0.0,0.0,0.0,0.0,0.0
"MATLAB 2-58 PM Wed, Sep 18, 2024 Run5 .csv",0,5.925452298497291,3099.202442961826,0.2678807900934674,1101.1238117701957,0.05458031605672218,-0.28155965339669325,-0.25354070912453075,0.12564386089378665,0.00222,0.1463194106052239,0.05555555555555555,-1.2623213875522088,69.22015124338357,18.834974037070253,0.19867409895436652,4.233834313243773e-11,0.00022504031363572256,0.00019133859176377103,0.9993554574457068,1333.7848848032545,4.857070085138964,741629.5542967187,15.31482834125031,0.30844307535810933,0.5387618577591196,1.0,0.44970358815407696,-2.026766376022316,5.135509704041759,0.027255501151084882,0.25370339072412906,0.285358225107193,0.02982763240349091,1.1247710339728358,5.575815657333291,2662.8955589225648,0.02016054783751972,963.0789492636801,0.054359802777755685,-0.2777636273877811,-0.24946222651403738,0.1200805642603413,0.00208,0.13734681048274333,0.05555555555555555,0.6426462915930183,65.90947336578634,16.65630616830296,0.1979187661401496,1.9368176676075258e-10,4.545972562843441e-05,9.74762186151449e-06,0.9998406798673556,21993.98843802017,4.125020318609567,699689.077185113,24.249898893846087,0.21040417464514866,0.3978477162261419,1.0,0.5946202543416872,-1.0946207965779158,1.155139343611138,0.09227890819311141,0.3641390861736403,0.4268945837020874,0.055193059599781845,1.1723393612805466,0.0,0.40414476506232494
"MATLAB 2-59 PM Thu, Oct 17, 2024 Run1 .csv",True,0.0,0.0,0.0,0.0,0.0,-0.5573617747575317,-0.5460259046841311,-3.481573399227095,0.0,-0.8551050435157816,0.0,0.0,0.0,0.0,0.0,0.0,0.0,0.0,0.0,-3114.287593877616,0.0,0.0,0.0,0.0,0.0,0.0,-1.5530654473162646,0.0,0.0,0.0,0.0,0.0,0.0,0.0,0.0,0.0,-0.17382992434032316,0.0,0.0,-0.553504234112272,-0.5416589901938349,-3.48708075833199,0.0,-0.8640777789012117,0.0,0.0,0.0,0.0,0.0,0.0,0.0,0.0,0.0,0.0,0.0,0.0,0.0,0.0,0.0,0.0,-1.4080246773725036,0.0,0.0,0.0,0.0,0.0,0.0,0.0,0.0,0.0
"MATLAB 3-00 PM Fri, Sep 13, 2024 Run6 .csv",0,5.867869883780984,2901.6417245118673,0.25854679617751786,971.6489614334256,2.4185721558311606,3.951358956774148,4.584838894929313,-3.255420544480242,0.00016333333333333334,-0.8565294976367872,1.0,-1.3193344364940773,850.7769444666854,61.79748633346505,0.5362925535456552,2.4605747400583143e-12,0.0003116728747512509,0.00011378877641081009,0.9984436976374136,81.92293116372275,4.5813458368752755,332644.5051055864,1.9186006034850303,0.029087291545751705,0.07228718295020016,0.0,5.444165517213394,0.1307728002898677,-1.3801421483357967,0.10136648476123811,0.19881321191787718,0.2926446068286896,0.06335964276481944,1.4719575424875229,5.825620005601458,2994.2585234900735,0.04408356773933894,1008.9823896526526,2.4200399910961696,3.9563789644357312,4.589144241299719,-3.260871966056587,6.666666666666667e-05,-0.8655023682851668,1.0,1.089658394868252,1221.135950826484,84.97493087464113,0.5364792453753094,5.004060375803513e-12,0.0003907005868737488,9.58104668572976e-06,0.9991543385732857,2557.3402552787898,3.8089699066203124,464613.6055425246,2.3453655417891954,0.02380489585263029,0.0710229458477919,0.0,4.589330390913306,1.2579884818451923,0.680509265078745,0.043072218298912,0.26823862433433526,0.3940049874782562,0.0569684959173773,1.468860006481261,0.0,0.6294915586131467
"MATLAB 3-00 PM Mon, Oct 28, 2024 Run12 .csv",0,5.65340659462295,2140.7102633677796,0.24112615284735184,1277.3538548674737,0.0035049568043503906,-0.3977036371564623,-0.38559629646120813,3.5047641638341016,0.0041,0.14204604824220723,0.0,-0.9105010160062793,39.99656319923329,14.094189891077033,0.021660048248774055,1.849592318424788e-11,0.00012159815074913684,0.00010317311214286732,0.9987296038448207,5084.497524380019,3.402656083983312,593910.1042526149,2.559397860598396,0.013459112990866022,0.021656825602718248,1.0,-1.5586035182569473,-1.3657581345637588,0.5188804060841101,0.017274314761161813,0.14004199862480166,0.1605702638626099,0.023053726023046395,1.146586491476798,5.824852050340082,2594.853807767698,0.07682626950036087,1219.6902635047375,0.0017439578215898092,-0.3938544958098187,-0.38125251821078965,3.499368679786307,0.0018,0.13307304233087824,0.0,0.5088184210814759,25.118216743869404,10.238777787312493,0.010777368358028372,1.34396420806366e-11,8.693469595142913e-05,8.187286192031704e-06,0.9993015401276267,11494.852879981794,3.4658396722505533,706517.673522275,2.0207249243513963,0.007937934373267466,0.022712626351275276,1.0,-1.4133145408008851,-0.920294527184055,-0.1846268491679215,0.014723438620567325,0.1477799010276794,0.1685191023349762,0.017370144305690772,1.1403384436115727,0.0,0.8945805370338248
"MATLAB 3-00 PM Thu, May 23, 2024 Run2 .csv",True,0.0,0.0,0.0,0.0,0.0,-0.5605995681408729,-0.5498814921331222,-3.5031171689497613,0.0,-0.8593784058787983,0.0,0.0,0.0,0.0,0.0,0.0,0.0,0.0,0.0,-3136.152586036984,0.0,0.0,0.0,0.0,0.0,0.0,-1.561372553727289,0.0,0.0,0.0,0.0,0.0,0.0,0.0,0.0,0.0,-0.1741992200322914,0.0,0.0,-0.5567546264435375,-0.5455492820026233,-3.5084567154690056,0.0,-0.8683515470530768,0.0,0.0,0.0,0.0,0.0,0.0,0.0,0.0,0.0,0.0,0.0,0.0,0.0,0.0,0.0,0.0,-1.415959472515076,0.0,0.0,0.0,0.0,0.0,0.0,0.0,0.0,0.0
"MATLAB 3-00 PM Tue, Oct 15, 2024 Run5 .csv",0,4.667262011274822,1648.113434431652,0.18194363520827883,1296.878621132106,0.013776377928493365,-0.4231368746830313,-0.41126668807403477,3.6897375810485045,0.002785,2.139197140000196,0.0,0.1607455705061218,11.625421316539091,9.328439863001298,0.09943830833221161,2.8440343747149232e-11,0.00015810794636765107,0.000605607266679521,0.9990737540182365,3175.4935642153187,2.254444845712895,451824.08304928686,330.3160906115986,3.299018692719103,0.6333642248547026,0.10362694300518134,0.43585841080237,-1.239217840359802,6.605333492020344,0.015488540828227926,0.18768280921710861,0.2163759803771973,0.013468139759921116,1.1528811897039375,3.573015045160882,1120.9729978640046,-0.03460879463245961,1085.7037914689245,0.013752148771114844,-0.41929613263500387,-0.4069460460634684,3.6844539720578102,0.00205,2.1302238635629682,0.0,0.2761584668190418,3.067371474049409,8.570940394214677,0.0992634215488683,3.0851854236855827e-11,0.00015891827418450843,0.0007075257696454071,0.9981547097611214,6280.930968343117,1.9621849437731613,300748.28169805155,569.1893245782194,5.461308446825185,0.3377920964327066,0.08287895310796074,1.5813955957707333,0.31840588541066245,-0.5566135862587172,0.03077548533678054,0.15724774858189952,0.2115723657608032,0.0206977719364684,1.3454715102048647,4.0,0.08743953376433465
"MATLAB 3-02 PM Fri, Aug 23, 2024 Run3 .csv",0,5.89592864948122,2578.1437160228743,0.34621834440864035,1338.439690175824,0.4852156892132371,-0.11996309745495431,-0.18140188409367575,-1.4174586800293212,0.00289,-0.8622273141208094,1.0,1.3496734812211404,253.67969071976046,44.62413230647618,1.095802097229263,6.328468514071971e-13,0.0010130311024212552,0.0006546046023675943,0.99659474661707,-2166.9541745937067,3.9191644196913065,558908.7261458797,2.1267789344770893,0.03443354282840567,0.04803648982139187,0.0,-0.5669106246679716,1.1365049881252915,0.5044939847646415,0.0546420800685883,0.08237775603930153,0.2210748612880707,0.05281950014981869,2.6836718055611795,5.580418604038067,1907.2500230392475,0.16043243539230612,1144.4701055854082,0.48883914854564825,-0.09291102876099033,-0.13624281023835527,-1.5226873515899837,0.00294,-0.8712007258209868,1.0,1.7330755452359667,122.38710640755815,34.86505587888602,1.0489873540903454,8.089057508366187e-13,0.0009379474584784662,0.0002391276864084619,0.9986515162467138,1064.7201047558906,3.379643643830836,388417.5920591107,3.1294843536307466,0.011573800060204262,0.012830518957858488,0.0,-1.4212493359434575,1.09252599036434,0.5217521645272343,0.0587861293554306,0.0700809848308563,0.1889473152160644,0.04335237765149326,2.6961281390679295,0.0,0.698912102995488
"MATLAB 3-02 PM Thu, Oct 17, 2024 Run2 .csv",0,5.633521072300222,2229.516287275206,0.3462711421087065,1245.016060431147,0.47100697272607756,0.914620531898831,0.9010629191223742,-2.8579920491836424,0.0034233333333333333,-0.863651768241815,1.0,0.8492860565370391,328.2310122179946,35.75341511032966,0.3185799033042221,8.689329830163006e-12,0.0006385559647210374,0.06524292158638596,0.9340102019549872,-1695.326359952038,4.123554428231724,500012.2640689304,19.23184321907658,6.612693297851879,0.2920960053102465,0.0,10.430320339861687,-3.523465098595379,12.10610632279396,0.021105608642101314,0.22174640995264056,0.2653386664390564,0.04546909530120746,1.1965860754892315,5.873065153115302,2138.0473848492898,0.21509039952860284,1278.550396660828,0.5000654899547082,1.0005394242829009,0.9493104248539378,-2.8964972275916763,6e-05,-0.8726253152049419,1.0,1.6786260779081643,390.2972702337975,48.17547132569246,0.32044296602978417,5.938902547212855e-12,0.0006648997938983241,0.1279329505237233,0.8689575252195486,1306.899976799254,3.356520525216804,390513.0516201102,28.144411061497348,12.794983178069561,0.16132533440492777,0.0,11.576105732342352,-0.6242375660498819,-0.8073481056241381,0.07369751036167149,0.29588624521305684,0.3617303001880646,0.05436490335393315,1.222531652079994,0.0,0.4065407168554877
"MATLAB 3-02 PM Thu, Oct 24, 2024 Run13.csv",0,5.489744970970822,2052.7811870114806,0.2543403102681774,1360.4434881141099,0.04863741119678444,-0.44738091180365014,-0.4453722754953562,4.968242813127407,0.00154,2.134923777637179,0.0,0.7877680504432404,21.732082997915665,14.412005355115818,0.4138096368020063,2.247301845014336e-11,0.00020284730138246378,0.00022409980521311562,0.9990731488909299,1759.9415165213868,3.2625966237881863,499730.70821928646,60.22837418250809,0.21105724971944764,0.3041281649102644,0.2336448598130841,0.4275513043913457,0.8612589307954407,2.0227845816800993,0.028190715312957804,0.1956166336115669,0.2954158735275269,0.023918944908718928,1.5101776780093759,5.230044485759056,1977.3600930495104,0.07009951049935298,1235.1452881882537,0.04705770155648873,-0.4479218163187271,-0.4418363378441674,5.263130017017917,0.00443,2.125950095411103,0.0,0.5351748646203018,13.543138188364544,10.035640283307524,0.415826523694919,2.209338174909508e-11,0.00019594507501557022,0.000115528271209081,0.9988091556889557,5097.393520146337,3.058500131471571,538635.392016474,73.50673045331476,0.13852871275085438,0.23201586104427285,0.25365853658536586,0.573460800628161,-1.2598441886031633,3.2820626167930467,0.018834397196769825,0.17075015515089034,0.2131324481964111,0.01910054804213334,1.2482123252425037,2.0,0.04080231982690598
"MATLAB 3-02 PM Tue, Oct 22, 2024 Run14 .csv",0,5.11355509275189,2035.8739442729925,0.191910034769565,1328.1745059545713,0.0010304731913641722,-0.46237089053825475,-0.45250747130674784,5.461876646162951,0.001,2.133499323516174,0.0,0.5656937203211014,16.32805496823498,10.301847115110629,0.009944252760214102,6.1340570177385765e-12,0.00010895541786122575,0.00011716013786335276,0.9993973006071732,5999.939997074397,3.020109865921195,443259.6447507614,2.6448802435087604,0.006227146604401892,0.012577187135114933,0.3333333333333333,-1.5752177310789959,-0.4131919782902145,-1.5520008754318753,0.025964320898056018,0.12790055844518874,0.1426588726043701,0.01460434594509038,1.1153889735790792,5.033774429160083,1887.924546347605,0.047042763949232846,1249.4589745776295,0.0007917543804050457,-0.45849694708750405,-0.44823310177591136,5.456816787286457,0.0011,2.124525506027148,0.0,0.18743020879003322,11.214749182674737,8.474925577287147,0.007636888170789015,3.434807419725795e-12,0.00021368066033323677,8.84900540913885e-05,0.9989286472967328,4674.866905310454,2.5467034263042945,487499.79275202635,2.967820214924134,0.005378966452241565,0.008352090897779826,0.3333333333333333,-1.4291841310860296,-0.03134455337087313,-1.018132939476391,0.00958281278610229,0.09531723870171435,0.1078821420669555,0.007576179802589065,1.131821940463065,0.0,-0.3340416266506391
"MATLAB 3-03 PM Fri, Aug 23, 2024 Run4 .csv",0,5.930425617904115,2485.291636718831,0.373318497037277,1305.8936800063573,0.2325388737390399,-0.21439301236259023,-0.2567426672976778,-0.646175705538063,0.00383,-0.8679251306048317,1.0,0.8556221746528668,273.25119707926757,42.43311270822377,0.6593440542836457,5.275868915685565e-12,0.0010512923467273947,0.0010299672751026107,0.9966748376638804,-2231.835301899457,4.0099722549451045,799939.8652170466,4.453840600883355,0.10438270336867796,0.13828751671806666,0.0,0.4220132334506628,1.7987191564985454,2.4176404520973396,0.04652104139328011,0.0937319027966466,0.3076497983932495,0.07116488118337076,3.2822314410996483,5.707342375678689,1918.6594289953164,0.16752094050881328,1080.4627753775194,0.24950091379303216,-0.16994291145419543,-0.2500298658889448,-1.0511836272800803,0.00371,0.12310091664319289,0.8,3.7210344791555827,281.9289594890771,40.68784527762355,0.6343579571304481,5.991231948404544e-12,0.0005134905938077842,0.00035290122283378574,0.9989820761415374,1945.47298078743,3.619287179663089,516924.94543349266,6.236260461096989,0.032184250650378644,0.02881472957895344,1.0,0.5681709371997796,1.8029253199207207,2.5731769613154762,0.045841236114502006,0.08985740709304807,0.2978677988052368,0.06692297157985652,3.3148942134151755,1.0,-0.0775643710565381
"MATLAB 3-03 PM Thu, Oct 10, 2024 Run0 .csv",True,0.0,0.0,0.0,0.0,0.0,-0.5681544193686691,-0.5588778628474346,-3.5533859649693165,0.0,-0.8693495847258372,0.0,0.0,0.0,0.0,0.0,0.0,0.0,0.0,0.0,-3187.1709010755085,0.0,0.0,0.0,0.0,0.0,0.0,-1.5807558020196786,0.0,0.0,0.0,0.0,0.0,0.0,0.0,0.0,0.0,-0.1750609099802173,0.0,0.0,-0.5643388752164902,-0.5546266295564631,-3.55833394878871,0.0,-0.8783236727407622,0.0,0.0,0.0,0.0,0.0,0.0,0.0,0.0,0.0,0.0,0.0,0.0,0.0,0.0,0.0,0.0,-1.4344739945144112,0.0,0.0,0.0,0.0,0.0,0.0,0.0,0.0,0.0
"MATLAB 3-03 PM Wed, Sep 18, 2024 Run6 .csv",0,5.937311278730117,3058.885944233494,0.2746197067132709,1119.4613385440325,0.031041463006316942,-0.2916168616466025,-0.2784630589146213,0.03944478169590182,0.0007266666666666667,0.1292259611531572,0.009259259259259259,-1.2062741960534882,72.14909933425263,19.042967004450052,0.11181405637528266,7.627012027637468e-11,0.0002545781228352379,0.0002113784608744455,0.9993113293316906,730.9029250246008,4.70521555910208,885068.3766894263,57.02393446927338,1.135552232481685,1.957973928995258,1.0,16.41647516250998,-0.8634012930608909,1.1517307793793714,0.020435441434383417,0.28403375186302043,0.3063454461097717,0.014738715818061368,1.0785529680906072,5.607984690381412,2662.9727684783998,0.028006696486910287,971.1743954782854,0.03132539048587521,-0.2878055171437315,-0.2737233937427743,0.03455273540505788,0.0004766666666666667,0.12025173787528287,0.10185185185185185,0.47916674032756773,68.93018679357544,17.074871313672535,0.11283678791339852,2.79934225768883e-10,7.503011029344699e-05,9.656669998058568e-06,0.9998152498337737,13325.520193472194,4.023875152179484,851230.6525757763,87.09064543933607,0.7179471893831874,1.4319826145900585,1.0,15.562881073771399,-0.31978894281073955,-1.3583386491927292,0.10093052268028258,0.397773104398339,0.4720476615428925,0.05441357300900687,1.1867259408021043,0.0,-0.05712840969693812
"MATLAB 3-04 PM Tue, Oct 15, 2024 Run6 .csv",0,4.900473262802404,1746.9748842885238,0.21253439934586563,1304.370792886,0.0014393738020652698,-0.34393643334057056,-0.3351482546816166,0.8655996369826617,0.00056,0.12780150703215165,0.0,0.4267828727493422,25.423850983835944,12.143166645529277,0.006358317700849459,2.979390659726944e-11,0.0003776318679831591,0.0006319986811231321,0.9988100909608042,-556.8169418680313,1.807596213958526,359190.0582263093,355.24569647681955,2.5052886643249273,0.9876877453129144,1.0,0.4137061270396387,0.1867186227566975,-0.8237789886214268,0.01626456618309019,0.22910309427662898,0.2528123867511749,0.010279934266901835,1.103487438916553,3.854725697268348,1223.1165832365532,-0.005449597047660515,1126.7385364819695,0.001511809000834504,-0.340135349093063,-0.3309201576290035,0.8607635282203674,0.0005433333333333334,0.1188271484913278,0.0,0.4202860480317383,8.444198655810057,10.799003193908991,0.006678473147981144,3.293509502930376e-11,0.0003047734632982347,0.000698517046765657,0.9979245062782937,3274.3156030673813,1.6354130033752305,250849.65203159634,596.7437188453621,3.6023199378479984,0.5472847877765723,1.0,-1.4397638579427925,0.2558201646340717,-1.1632023997067793,0.03660603642463692,0.19565515179383125,0.235957328081131,0.020415043431198383,1.2059857658630302,0.0,-0.578714900153545
"MATLAB 3-04 PM Tue, Oct 22, 2024 Run15 .csv",0,5.133086304465105,2066.155824477136,0.20003963762328406,1333.333589426473,0.0035020110809152708,-0.43767792715619525,-0.4277334504160448,4.425870352404749,0.0028,2.1263770529111463,0.0,0.6635842482051867,20.989207541067426,11.517887751395925,0.02619025383346832,2.5171955121353907e-12,0.00020076194055122397,0.00011884993866835989,0.9993028505156766,1768.5153685826326,2.803813332125444,453640.6176106978,1.9634436202441652,0.005194618687419028,0.0100860184328608,0.2857142857142857,-1.5890629084307029,-1.5715447979914676,1.260023359718816,0.018593124151229837,0.12121504798531532,0.1424725365638733,0.02551533493108691,1.175370046309211,5.192798696392288,1989.162160633654,0.05699234421350269,1232.864955989751,0.0009267625841398124,-0.4327226010005843,-0.423816921484588,3.420990170283914,0.0007,2.1174025591073726,0.0,0.09751367015404556,14.764277764104826,9.01718389255579,0.00687169489590421,1.860799912097175e-12,0.0004805340540027882,8.904749642934525e-05,0.9985889582151625,2078.0815634127116,2.430071977875744,468219.0812080218,2.095552986625916,0.007236758703874039,0.009742880287708219,0.4,-1.4424087896569833,0.11762507174420632,-1.263197717258287,0.006467788219451903,0.09846501231193537,0.1048011720180511,0.0043388144943613495,1.0643493516869007,0.0,-0.21435811756163908
"MATLAB 3-05 PM Fri, Jun 14, 2024 Run20 .csv",0,5.601247384914483,2277.7686629255813,0.17887225836688608,882.263424133605,0.05245624376495664,-0.4456407080946199,-0.4507686462133551,4.317968016516742,0.00485,1.1249525987901405,0.0,0.6570220300811441,28.279039258842694,13.46064248785269,0.4135924123896486,5.339963706039503e-13,0.0004938260481036915,0.044189587254348614,0.9552128338484883,-1282.013878203288,3.6274866046726424,592320.89211523,4.384264241447972,1.3836689067387051,0.0929580691517406,0.8620689655172413,1.4081680560989558,-0.25646613939659507,-1.5785971556789344,0.03772051870822905,0.07142962344085109,0.1012408685684204,0.019451273415953124,1.4173512849644965,4.628586326513409,1513.5517091086483,0.00728078767936699,932.2129200245622,0.04181380843594661,-0.37611390829920316,-0.3516136854850692,1.6132167801515536,0.00446,0.11597796972341778,0.019230769230769232,0.04985005617459162,13.457832885380714,10.159755751154144,0.21714823401260602,2.3888973481910975e-12,0.0007722606703130322,0.1277913739027808,0.871423507832938,1128.4059143911998,2.823721591479685,273535.47191939957,14.621797295552378,5.083553362186263,0.046177392631631134,1.0,0.554946278628826,-0.9244621428228436,0.9622632712362873,0.010223262608051308,0.06427016707567067,0.0795346474647522,0.00887138703535639,1.2375049122108144,0.0,0.31353066238175387
"MATLAB 3-05 PM Fri, Sep 13, 2024 Run7 .csv",0,5.766507479932894,2843.6395095379826,0.22840144498419926,948.395236363217,0.04340100937692511,-0.42902113015220034,-0.42200384205669716,3.3107307583685,0.009806666666666667,2.1235281446691348,0.07246376811594203,-0.5861077861654365,26.93466223262055,21.45312105031827,0.3002914691312752,1.6154599056287865e-10,0.00010660733006468173,9.870464717732182e-05,0.9994734492663332,6151.666318362924,5.130005770420811,171948.13812863576,89.65088369404677,1.2506261716355584,2.9366189735697374,0.04225352112676056,3.4053990206286144,0.8891591493296939,7.3392227936586,0.04360584616661073,0.25118043627715914,0.4591050171852112,0.041205080633648625,1.827789711610432,5.790684469847847,3013.0744404062766,-0.012861727115346944,994.452419612466,0.04472595231281632,-0.42728633943588645,-0.4186104493646765,3.406062795615174,0.013903333333333334,0.11455338033946272,0.9238095238095239,0.7934691655269807,39.6270413548607,23.509518626312342,0.31393273962715923,3.40254390966791e-10,3.19758196736946e-05,1.4930087814799042e-06,0.9993544318329516,31253.442195731604,4.865114862168808,324389.0718531158,114.5128775642717,1.1383383373647606,3.348986008235211,1.0,3.552301346914635,-0.1640635757025603,2.9512302018930194,0.13337484002113342,0.40007438985506694,0.8732394373416902,0.09332262651522888,2.182692667876178,1.0,-0.021681075318279286
"MATLAB 3-05 PM Mon, Oct 28, 2024 Run13 .csv",0,5.8933937819813735,2340.4203471768856,0.267305093546765,1348.0735036163348,0.0021076579927226907,-0.31879667302868603,-0.3119890379710095,0.40392653913371657,0.0003,0.12210369054812942,0.0,-1.9210490933761475,78.5892195280613,17.614052130908625,0.008238402584716892,1.44165737968404e-11,0.00012303265840303795,0.00012494013052635424,0.9971898377489781,4874.181543064078,3.6392284850640526,722493.928265931,1.665518699674146,0.007662591264910368,0.014201046351598554,1.0,-1.597370014841727,-0.3417840262679372,-1.4793316801362844,0.0027219519019126837,0.15991760581731793,0.1618707609176636,0.001807325756697643,1.0122135088901771,5.925213022618125,2696.7737545501686,0.08891725935981964,1196.7928381759598,0.0018190351516595706,-0.3131063267740389,-0.30580721340140515,0.3993141804856233,0.0004,0.11312879095550765,0.0,0.529073827797981,45.48341985424642,13.51949626655635,0.0070578187529923625,1.2201548012213817e-11,0.00011830526831455047,8.593275455548039e-06,0.9985236840037197,8440.23007791032,3.463437530621637,626705.9172334163,1.3294863289653496,0.005788557271608534,0.01794958216153662,1.0,-1.4503435847995556,-0.8599140541062497,-0.944521610539701,0.02060908734798428,0.17672656238079068,0.1924542880058288,0.018158187615839223,1.0889946899501717,0.0,-0.4121173345277921
"MATLAB 3-05 PM Mon, Sep 9, 2024 Run3 .csv",True,0.0,0.0,0.0,0.0,0.0,-0.5757092705964653,-0.5678742335617469,-3.603654760988871,0.0,-0.8793207635728761,0.0,0.0,0.0,0.0,0.0,0.0,0.0,0.0,0.0,-3238.189216114034,0.0,0.0,0.0,0.0,0.0,0.0,-1.6001390503120683,0.0,0.0,0.0,0.0,0.0,0.0,0.0,0.0,0.0,-0.17592259992814321,0.0,0.0,-0.5719231239894429,-0.563703977110303,-3.608211182108415,0.0,-0.8882957984284474,0.0,0.0,0.0,0.0,0.0,0.0,0.0,0.0,0.0,0.0,0.0,0.0,0.0,0.0,0.0,0.0,-1.4529885165137464,0.0,0.0,0.0,0.0,0.0,0.0,0.0,0.0,0.0
"MATLAB 3-05 PM Thu, May 23, 2024 Run3 .csv",True,0.0,0.0,0.0,0.0,0.0,-0.576788535057579,-0.5691594293780773,-3.610836017563093,0.0,-0.8807452176938817,0.0,0.0,0.0,0.0,0.0,0.0,0.0,0.0,0.0,-3245.477546833823,0.0,0.0,0.0,0.0,0.0,0.0,-1.6029080857824098,0.0,0.0,0.0,0.0,0.0,0.0,0.0,0.0,0.0,-0.1760456984921326,0.0,0.0,-0.5730065880998647,-0.5650007410465657,-3.615336501154087,0.0,-0.8897203878124025,0.0,0.0,0.0,0.0,0.0,0.0,0.0,0.0,0.0,0.0,0.0,0.0,0.0,0.0,0.0,0.0,-1.4556334482279372,0.0,0.0,0.0,0.0,0.0,0.0,0.0,0.0,0.0
"MATLAB 3-05 PM Tue, Oct 15, 2024 Run7 .csv",0,4.892839786706957,1744.8946189567182,0.21521248541772467,1307.717001858426,0.0014162351523961628,-0.34661198577072927,-0.3389446254005605,0.7153305075397887,0.00059,0.11783032818511274,0.0,0.44490530365057024,25.961355698330667,12.42675340301215,0.006124106155184757,3.00715377289018e-11,0.00038964887158776933,0.0006362024366183695,0.9987666812154481,-689.5179021505228,1.8743809370196538,352332.6263750304,357.5320973781452,2.4007786334955177,1.1480362139341473,1.0,1.3943228787472488,0.23966139469861703,-0.8742832195857919,0.01938360661268232,0.2326647850733537,0.2590160918235779,0.011976608950682791,1.113258681333818,3.841693451031497,1221.0075785694128,-0.005880957473064247,1122.3949933866618,0.0014451242529098336,-0.342837339237514,-0.3347975051889778,0.7108859614773451,0.00048666666666666666,0.10885502280364245,0.0,0.4198679346887636,8.802550510215703,10.960286667096774,0.0062491126453508095,3.2289133980059645e-11,0.00035480831806834236,0.0006752807129132245,0.9980124808503917,2812.8215434288577,1.7122026019924115,236945.30276221526,600.9823828791334,3.307927174299832,0.5626441376320269,1.0,0.5417216200578723,0.20966213424977456,-1.209126315148882,0.03356136977672575,0.19932130984159616,0.2398780953884125,0.01967892693640459,1.203474408125491,0.0,-0.6302025724973888
"MATLAB 3-05 PM Wed, Apr 3, 2024 Run4.csv",True,0.0,0.0,0.0,0.0,0.0,-0.5789470639798064,-0.571729821010738,-3.625198530711538,0.0,-0.8835941259358928,0.0,0.0,0.0,0.0,0.0,0.0,0.0,0.0,0.0,-3260.054208273402,0.0,0.0,0.0,0.0,0.0,0.0,-1.6084461567230925,0.0,0.0,0.0,0.0,0.0,0.0,0.0,0.0,0.0,-0.17629189562011144,0.0,0.0,-0.5751735163207082,-0.5675942689190914,-3.629587139245431,0.0,-0.8925695665803125,0.0,0.0,0.0,0.0,0.0,0.0,0.0,0.0,0.0,0.0,0.0,0.0,0.0,0.0,0.0,0.0,-1.4609233116563185,0.0,0.0,0.0,0.0,0.0,0.0,0.0,0.0,0.0
"MATLAB 3-05 PM Wed, Nov 6, 2024 Run1 .csv",True,0.0,0.0,0.0,0.0,0.0,-0.5800263284409202,-0.5730150168270682,-3.63237978728576,0.0,-0.8850185800568984,0.0,0.0,0.0,0.0,0.0,0.0,0.0,0.0,0.0,-3267.342538993191,0.0,0.0,0.0,0.0,0.0,0.0,-1.6112151921934341,0.0,0.0,0.0,0.0,0.0,0.0,0.0,0.0,0.0,-0.17641499418410087,0.0,0.0,-0.57625698043113,-0.5688910328553543,-3.636712458291103,0.0,-0.8939941559642676,0.0,0.0,0.0,0.0,0.0,0.0,0.0,0.0,0.0,0.0,0.0,0.0,0.0,0.0,0.0,0.0,-1.4635682433705093,0.0,0.0,0.0,0.0,0.0,0.0,0.0,0.0,0.0
"MATLAB 3-06 PM Tue, Oct 22, 2024 Run16 .csv",0,5.191398906420992,2030.7755528861571,0.21131074269598252,1323.7534769610468,0.0004630334757022191,-0.41844559304615236,-0.4115002127876506,2.3610390214625676,0.0006,0.11355696582209607,0.0,0.4726130527885976,27.7380497706243,12.970737805693387,0.002846633936508494,3.406601461809968e-12,0.00014157080659999205,0.00013229837944769173,0.9994297471173703,3784.9442723659695,2.6405833119369646,426483.8337438037,1.5210788691536756,0.00405521037556641,0.006891129040501396,1.0,-1.6139842276637753,-0.15326636957546177,-1.3585737733878622,0.019531069099903056,0.12354518552621203,0.1419925606250763,0.013033803607684547,1.1493168270401792,5.339150453448131,2127.71730049171,0.06160796621022274,1256.00001771698,0.0005932958784397051,-0.4143404446859715,-0.4073877969358237,2.3567622879857746,0.0008,0.10458125465177737,0.0,0.3837311196900331,20.263259539987306,10.128143808650798,0.0036398520181924604,2.0218518302268393e-12,0.00027176401971533616,8.41083997987353e-05,0.9987863863191417,3675.197280954769,2.376312750968223,535937.3798296497,1.5790314530708698,0.0032671249472425745,0.0056405096996124515,1.0,-1.4662131750846998,-0.2490573024316132,-0.5336008808045438,0.00441423654556275,0.0962960026661555,0.104511387348175,0.005297650649040878,1.0853138703015646,0.0,-0.6449600522387702
"MATLAB 3-06 PM Tue, Oct 8, 2024 Run4 .csv",0,5.594244731324762,2080.372129091579,0.26365956245581973,1203.2453323575312,0.0,-0.5821848573631476,-0.5755854084597289,-3.6467423004342043,0.0,-0.8878674882989095,0.0,0.0,0.0,0.0,0.0,0.0,0.0,0.0,0.0,-3281.9192004327697,0.0,0.0,0.0,0.0,0.0,0.0,-1.6167532631341168,0.0,0.0,0.0,0.0,0.0,0.0,0.0,5.898217981159717,2532.6955858135825,0.1380702535616694,1145.6870355985232,0.0,-0.5784239086519737,-0.5714845607278798,-3.650963096382447,0.0,-0.8968433347321776,0.0,0.0,0.0,0.0,0.0,0.0,0.0,0.0,0.0,0.0,0.0,0.0,0.0,0.0,0.0,0.0,-1.4688581067988906,0.0,0.0,0.0,0.0,0.0,0.0,0.0,0.0,0.0
"MATLAB 3-06 PM Wed, Sep 18, 2024 Run7 .csv",0,5.942523423764164,3053.1372289074952,0.275158010874899,1116.7760301778956,0.05662940918412836,-0.28111724709167407,-0.2564206045600014,-0.35389055375732204,0.00492,0.11070805758008495,0.06060606060606061,-1.2142688670165682,83.16971326183567,20.587687648179408,0.18742344839491645,8.028889698398183e-11,0.00023699254458784885,0.00020628681208783984,0.9993164260461131,927.450118496351,4.426632044522406,879082.3143384826,18.22958752482292,0.3561793512444715,0.6159694946483919,1.0,0.3804777013955418,-3.109462424334839,9.960415712537769,0.03302260160446163,0.2909402843316396,0.3185009813308716,0.04039071157486799,1.0947297383122645,5.640817784482127,2677.156321812998,0.02697532714676601,970.881956555435,0.056792288364829,-0.27728862302987156,-0.2523813249480389,-0.358055412177015,0.00469,1.1017320758838673,0.15151515151515152,0.5817306925116658,79.71980914418305,18.471441050831654,0.18791781917929484,2.7970239100615326e-10,7.081486102673753e-05,8.450714341643892e-06,0.9997994337005676,14118.497434077768,3.4092880046791527,953497.6435226918,27.35667633997478,0.22742549537441345,0.4629855790097074,0.8333333333333334,0.5284969614869186,-1.2581030440895205,1.454901104237016,0.10345312714576721,0.41527432163556416,0.5018485772609711,0.08269477378305601,1.2084748589424767,0.0,0.520642311299726
"MATLAB 3-07 PM Wed, Nov 6, 2024 Run2 .csv",True,0.0,0.0,0.0,0.0,0.0,-0.5843433862853751,-0.5781558000923896,-3.6611048135826483,0.0,-0.8907163965409206,0.0,0.0,0.0,0.0,0.0,0.0,0.0,0.0,0.0,-3296.4958618723476,0.0,0.0,0.0,0.0,0.0,0.0,-1.6222913340747995,0.0,0.0,0.0,0.0,0.0,0.0,0.0,0.0,0.0,-0.17690738844005852,0.0,0.0,-0.5805908368728173,-0.5740780886004055,-3.665213734473791,0.0,-0.8996925135000877,0.0,0.0,0.0,0.0,0.0,0.0,0.0,0.0,0.0,0.0,0.0,0.0,0.0,0.0,0.0,0.0,-1.4741479702272722,0.0,0.0,0.0,0.0,0.0,0.0,0.0,0.0,0.0
"MATLAB 3-08 PM Fri, Sep 13, 2024 Run8 .csv",0,5.76167272891545,2800.4895655264236,0.23301212220767042,947.0187840900275,0.06416919918005816,-0.2980678433095647,-0.27609099617710087,-0.16827440034074836,0.007566666666666667,0.10785914933807383,0.05714285714285714,-0.8367430448582803,53.6934123142756,18.137081808579307,0.22330999001693624,2.4749959964787945e-10,0.00011500604511499829,0.00011157148341760566,0.9994747728374633,5386.8439551548445,4.8847335934359215,399805.2955833623,78.90317689742504,1.078623729420335,2.501536919060941,1.0,5.374939630454859,-1.7335793039462177,4.405879855958015,0.06464447021484382,0.31889089179039,0.3860047459602356,0.04874610370987427,1.2104602417241825,5.789633851856098,3007.379514287415,-0.00586856705116065,992.7768791595062,0.0711500479202285,-0.29978845217715855,-0.27162485280715865,-0.1056604947544626,0.009793333333333333,0.09888289711595721,0.9065420560747663,1.2260060837899225,78.37612909981286,19.481906905131236,0.2524073067930954,5.18579808108472e-10,3.693895746745422e-05,2.6813976018174164e-06,0.9994917719750356,27057.93126012441,4.400979049513363,632449.4313651742,96.81895852357272,0.951713254430888,2.7860565001476054,1.0,5.523207098058537,-0.9802606219209622,0.770103186007284,0.22741125047206895,0.5110197573398876,0.6657414054870606,0.13100353956629904,1.3027703839721898,0.0,-0.1664778799989211
"MATLAB 3-08 PM Mon, Oct 28, 2024 Run14 .csv",0,5.773375678984408,2302.7029122635167,0.2500705031081796,1348.57140549139,0.0013499999987832967,-0.2340519155198767,-0.22827619203732452,-0.6751672940698179,0.0002,0.10643469521706828,0.0,-1.9505838566600973,89.69257646696983,19.34612780078623,0.003830330543281061,8.967745372352679e-12,0.00023122774631447547,9.392711490931475e-05,0.998710539583982,1008.0913984161816,3.879909004903921,689836.366620632,1.2741606515577868,0.005484826257184605,0.010517535474388337,1.0,-1.6278294050154822,-0.7050703152743805,-1.5000000000000058,0.005007941722869891,0.14898872931798296,0.1524235236644745,0.004655022971878842,1.0230540549088163,5.850472374418734,2693.365526799706,0.07418145030378864,1197.908096328297,0.0014999999986910484,-0.2331577654034101,-0.22707161678268034,-0.6791643399038607,0.0002,0.09745830773200215,0.0,0.6133710624442662,56.87053009457066,14.33385472884552,0.004290617849027643,8.575120115714409e-12,0.00019134809796770595,6.352726440968704e-06,0.9990404096589448,5221.062661555978,3.917988603436074,615568.6158843198,1.0343859111285991,0.004462894024327777,0.014093597213714112,1.0,-1.4794378336556537,0.688855067116221,-1.5000000000000062,0.01000656664371491,0.16778896490732828,0.1805699038505554,0.009063582844328554,1.0761727027178825,0.0,0.40994567801835585
"MATLAB 3-08 PM Tue, Oct 1, 2024 Run0 .csv",True,0.0,0.0,0.0,0.0,0.0,-0.5875811796687164,-0.5820113875413806,-3.6826485833053146,0.0,-0.8949897589039373,0.0,0.0,0.0,0.0,0.0,0.0,0.0,0.0,0.0,-3318.360854031716,0.0,0.0,0.0,0.0,0.0,0.0,-1.6305984404858238,0.0,0.0,0.0,0.0,0.0,0.0,0.0,0.0,0.0,-0.17727668413202677,0.0,0.0,-0.5838412292040827,-0.577968380409194,-3.6865896916108074,0.0,-0.9039662816519529,0.0,0.0,0.0,0.0,0.0,0.0,0.0,0.0,0.0,0.0,0.0,0.0,0.0,0.0,0.0,0.0,-1.4820827653698445,0.0,0.0,0.0,0.0,0.0,0.0,0.0,0.0,0.0
"MATLAB 3-10 PM Mon, Oct 28, 2024 Run15 .csv",0,5.751322380529708,2284.978744270816,0.23919706099919713,1331.7387583291093,0.0008999999992228003,-0.16786044450266718,-0.16249658373054815,-0.6895298072182623,0.0002,0.10358578697505716,0.0,-2.0087981544738756,91.87270786719773,19.280746202572683,0.002138783270010024,1.1635191961343788e-11,0.00016482243439746384,9.093119438409058e-05,0.9981625128543847,2730.337771777416,3.9343400723421977,680348.9603119704,1.2544352697576187,0.005166335930399228,0.009987215458372606,1.0,-1.6333674759561652,0.7054691558826562,-1.5,0.010023272633552543,0.15723399202028907,0.1704255127906799,0.009330215540785093,1.083897385043106,5.870890498344526,2732.013237665985,0.07335317303259489,1187.0715535561772,0.0019499999982514615,-0.16127469368986663,-0.155615144720819,-0.6934149779952046,0.0004,0.09460912896409213,0.0,0.7018079452566545,60.86851542153198,13.51466840813079,0.004602856131191313,1.0222511980505641e-11,0.00016110858253939007,5.863862824048516e-06,0.9986165025072054,6198.406607314354,3.8105575101615616,675366.0109858155,0.9877104907788785,0.004649545142300408,0.014461053950087625,1.0,-1.4847276970840353,-0.7035019736031582,-1.4999999999999991,0.02056218206882482,0.1612896923224131,0.1755208396911621,0.01902716185793688,1.0882334584673978,0.0,-0.9999396961067528
"MATLAB 3-10 PM Tue, Oct 22, 2024 Run17 .csv",0,5.272661759949579,2104.7220991744025,0.22222376629339247,1365.3560716314398,0.00014999999988746238,-0.2666897088771677,-0.2615317794602652,-0.6967110637924843,0.0003,0.1021613328540516,0.0,0.2971465153325357,59.38173876940001,16.756172818851685,0.0004643244080494137,1.5735854981067185e-12,0.00025157828467413303,0.00012530884025117815,0.9989222867904707,637.6845439181529,3.0153847582016,284558.56130436645,0.7047487653717385,0.0018072346964167737,0.0036166585172980655,1.0,-1.6361365114265065,-0.4323534760763087,-1.500000000000001,0.014033031463623044,0.11472795685132342,0.1269552421569824,0.011739055317473114,1.1065763362412562,5.376503964476223,2141.927741082396,0.0805670261875776,1256.9950099928997,0.0013999999987802103,-0.26300815771110553,-0.25756190856789885,-0.700540297040877,0.0004,0.09318453958013706,0.0,0.7171627680616237,45.00077438641326,13.34516968750263,0.004334365325141225,9.451796099801619e-13,0.0006907008505923404,7.877085441864787e-05,0.9980277657178149,1444.9493798392068,2.5791750315461646,301097.8397616504,0.7323426862638425,0.0018480781093694147,0.003869258396701631,1.0,-1.487372628798226,-0.6951456453450596,-1.5000000000000002,0.008599729537963868,0.0978988138834635,0.1040249860286712,0.007844777738593737,1.0625765716886024,0.0,-0.6936232077978819
"MATLAB 3-11 PM Fri, Aug 23, 2024 Run5 .csv",0,5.79269102950203,2403.306970127725,0.3609043890920175,1301.216370060604,0.24986147062887387,-0.21371897338584311,-0.22131697531176886,-1.0041653503679866,0.00385,-0.899263121266954,1.0,1.6088955233540565,291.47750432140936,41.830430935813524,0.6625867696898323,3.813436495547895e-11,0.0011404480068318624,0.0012103633027284097,0.9966431001392771,-2466.320947266381,3.782680226993728,763329.957257556,13.243705539335362,0.36746329015994894,0.40317723597162614,0.0,-0.6389055468968481,1.21244675465069,0.4383311387706543,0.14907011747360238,0.1781454649236467,0.5088573825359345,0.1304837685156902,2.8564150243961093,5.610226884651404,1924.12024293203,0.129700224869989,1027.323557989119,0.2264794440238148,-0.19480362188257722,-0.21055867254533056,-1.1079396461863475,0.00475,-0.908240049803818,1.0,4.11079912056955,273.4892155443084,35.62558238503299,0.5773295237791634,4.3493152764750197e-11,0.0003785840667289244,0.0003405231669878126,0.9991665928905825,2639.2198739996384,3.427588206222225,539650.7849718182,18.386441581353637,0.10584811201611027,0.08809038921054643,0.0,-0.49001756051241663,0.9586720439078938,-0.37324052227892235,0.1517475736141205,0.17684142841742587,0.4483714187145233,0.12908253671526745,2.5354433218904093,2.0,0.3528633493930097
"MATLAB 3-11 PM Thu, Oct 24, 2024 Run14.csv",0,5.5413320042525465,2045.3267396921924,0.30512198131075796,1381.3209620298665,0.05447161402926974,-0.4649091350618148,-0.4631021709168939,4.138665647563635,0.002295,2.0993124246120405,0.0,0.5390833835241312,22.25949274819465,12.372817076517675,0.4289471535570164,1.9401460002376815e-11,0.013065791042841134,0.00028990372704935203,0.986076968734119,-3272.0440453665296,2.806299342119945,481718.4412139213,101.43409722567628,1.3211251409386318,12.76651094751499,0.17959183673469387,0.3583254176328108,-0.03570300133075087,-0.15021869765547757,0.03275145053863529,0.1888116660163661,0.2414420330524445,0.022331217671513078,1.278745313499413,5.309700852585328,1983.2892904204634,0.12639457248509692,1253.9952101814918,0.053170638570795264,-0.4633530731779761,-0.4590554362636552,4.28494903950927,0.004335,2.090335360812227,0.0,0.3567394117489049,15.34567292241492,11.208909619003956,0.4259716497081328,2.0958995291138236e-11,0.01653222007671475,0.00016273022982180168,0.9824616369347766,59.42708434655737,2.6102583239770367,506203.7313555018,120.00179017883099,0.8086977789780305,3.369829981362006,0.41201716738197425,0.5073375077733926,-0.5875578934776585,1.0110576684153347,0.023806678056716907,0.16893959129601716,0.226073807477951,0.021421687151534426,1.3381931715569435,4.0,0.10722459530071454
"MATLAB 3-11 PM Tue, Oct 22, 2024 Run18 .csv",0,5.30170238374491,2126.4388864916104,0.256787132105246,1338.6822519125,0.0,-0.5929775019742851,-0.5884373666230324,-3.7185548661764254,0.0,-0.9021120295089651,0.0,0.0,0.0,0.0,0.0,0.0,0.0,0.0,0.0,-3354.802507630662,0.0,0.0,0.0,0.0,0.0,0.0,-1.6444436178375308,0.0,0.0,0.0,0.0,0.0,0.0,0.0,5.4987967339301225,2166.2603211487167,0.13882007651507794,1252.997634434257,0.0,-0.5892585497561917,-0.5844522000905081,-3.722216286839168,0.0,-0.911089228571728,0.0,0.0,0.0,0.0,0.0,0.0,0.0,0.0,0.0,0.0,0.0,0.0,0.0,0.0,0.0,0.0,-1.495307423940798,0.0,0.0,0.0,0.0,0.0,0.0,0.0,0.0,-1.0
"MATLAB 3-12 PM Tue, Oct 8, 2024 Run5 .csv",0,5.673180734589,2233.7077187432246,0.25250299264593623,1223.815461335641,0.4452097477532761,1.5886057316265592,1.7676774354613523,-3.2757338723398672,0.00019,-0.9035364836299706,1.0,-4.894593306211023,660.4279544848456,53.007212594426996,0.2039755336194163,1.2697384598776026e-11,0.0002456429105948775,0.00012018300318136116,0.9981289652955394,701.2422449384326,4.1978707646094495,438294.12785847945,8.504672910757606,0.0471298845134043,0.08334069570673154,0.0,4.352787346692128,-1.1117848891977784,0.3507175164171277,0.041784893274307205,0.2579472654395633,0.2957699120044708,0.03744389611432856,1.146629375971304,5.903408710235226,2661.942397560186,0.07453732126039536,1094.3953975579232,0.44584673616590864,1.5918079841957986,1.7696010338757686,-3.2793393554740593,6.5e-05,0.0874861820443169,0.6666666666666666,0.8873143861948758,510.9078004164794,45.268648669103065,0.20431534796498296,8.247149689819045e-12,0.0003299844860154136,8.61522230762295e-06,0.9992742335044446,3028.246102023622,3.561730622361123,701122.719415617,6.42044765317201,0.028854126821942744,0.09963495622136488,1.0,4.502047644345011,-0.4374637441666518,-1.477659486283401,0.0756582152843476,0.2839634891351064,0.3292159461975098,0.038095986774353954,1.1593601247830592,0.0,0.05776542034701509
"MATLAB 3-13 PM Fri, Aug 23, 2024 Run6 .csv",0,5.851663756271485,2492.2793358385575,0.32639269295673345,1327.132217328545,0.036263536708311665,-0.5272791816415074,-0.5336077583062979,10.967229635157324,0.00742,2.0950390622490236,0.027210884353741496,0.7050816846701886,22.55892748306824,23.842308032827287,0.5344123269271436,6.664123677330355e-11,0.0003314033425797112,0.00041341767371920837,0.9981519370209359,-357.48457183679784,4.280923296779856,555066.4449108621,72.7610707391763,0.7852629336414387,1.0445203079999175,0.03879849812265332,0.3500183112217865,3.241614211652347,20.437632475655953,0.0664570701122284,0.20573231101036069,0.6601712429523469,0.061034360908325994,3.208884592362843,5.534416336452593,1945.2130893097155,0.08481960652489584,1049.078945340915,0.03593428913632871,-0.5235686287220304,-0.5296957280135954,10.96368008955168,0.00845,2.0860615926603616,0.027210884353741496,0.8200870900929138,15.868293007953358,20.70278628638755,0.5295602364514181,1.0062888967181387e-10,0.00010620441220307556,0.0001041135607535904,0.9997174080295629,9413.1438354744,4.14183455667644,298262.70896061655,106.10256535678685,0.27876674177650945,0.4060312624628317,0.04,-0.5005972873691795,4.87038286489142,35.39881512637164,0.036143730282783504,0.20090666651725766,0.6205883276462556,0.049572107058672,3.0889384528857717,4.0,0.8608522505195113
"MATLAB 3-13 PM Mon, Oct 28, 2024 Run16 .csv",0,5.716968748143767,2311.0968685926478,0.25662892324728065,1330.3699264173702,1.1428706255896999,2.2991347020728505,2.357607043318633,-3.3900968855795957,0.00114,-0.9063853918719817,1.0,-5.638528197493292,888.631086836107,61.022168000518796,0.3947262426317917,8.717609922109081e-13,0.0005242064718659852,8.856834092024844e-05,0.9973374179114259,-1474.1014853696704,4.628109847666303,671954.5544076695,2.2128182398301925,0.009879931437969178,0.02102084640263504,0.0,7.3472492757514445,-1.8412856505796205,1.721739849808941,0.02136374831199639,0.1367576193809509,0.1667983853816986,0.044708961606961375,1.2196642946603684,5.862028751272144,2780.313329458937,0.1143346894097517,1183.257476980231,1.1418449321436683,2.3022743886768566,2.360957505491891,-3.393590493656688,0.000795,-0.9153629967235932,1.0,0.7471378141459408,356.7733575698065,41.19240027592884,0.3944491872703251,7.305125364994783e-13,0.001214502111484317,1.995670347973862e-05,0.997672439935476,821.4662045471126,3.8426801728518525,744275.5819607482,1.6638468586086892,0.008181288311390223,0.025926171827866294,0.0,4.49675778091663,-1.5589883006650969,1.132113103949071,0.02878056526184078,0.14139389872550964,0.1771361804008484,0.042045506218155185,1.252785176712086,0.0,0.842433863156521
"MATLAB 3-13 PM Tue, Oct 15, 2024 Run8 .csv",0,4.883466766001319,1723.773329300979,0.2018584554303937,1279.4550251830503,0.0009925487692857174,-0.36105884574213054,-0.3573781500981674,0.5527631117629732,0.00057,0.09219015400701269,0.0,0.682167087831052,26.259495526802056,12.401717098554716,0.0042015186957034,3.317212257150227e-11,0.00025707602754504965,0.0004587122960567491,0.9990999442853576,502.44288906848396,2.036882623579061,326068.18916777085,117.1115924117741,0.4534574677070465,0.2807899507544797,1.0,0.3444802402811038,0.1538439261507813,-1.5480688773465965,0.026111140847206116,0.2411763062033542,0.2625931012630463,0.013658673478427216,1.0888014058961246,3.922581292055095,1260.7875419031175,-0.011881535094722784,1107.4537360514676,0.0009226827926745604,-0.3573566921212693,-0.35333925604493777,0.5493254412144313,0.00042,0.08321241389245171,0.0,0.4085209075861733,9.449856063599185,10.21607682109876,0.0039057718105033872,3.293467560409049e-11,0.00029649130960151106,0.0004394824811066947,0.9983431353728796,3367.19189751183,1.9084712950512774,241746.10264524457,189.9989879054524,0.5195982988285254,0.13232918965773388,1.0,0.4941128492024389,0.3323182796058164,-1.180780834098294,0.021294996738433852,0.20197510333948354,0.2277540445327759,0.012436604476981774,1.1276342517818279,0.0,-0.6615782162765605
"MATLAB 3-13 PM Tue, Sep 17, 2024 Run0 .csv",True,0.0,0.0,0.0,0.0,0.0,-0.5983738242798537,-0.594863345704684,-3.754461149047536,0.0,-0.9092343001139929,0.0,0.0,0.0,0.0,0.0,0.0,0.0,0.0,0.0,-3391.2441612296084,0.0,0.0,0.0,0.0,0.0,0.0,-1.6582887951892378,0.0,0.0,0.0,0.0,0.0,0.0,0.0,0.0,0.0,-0.1785076697719209,0.0,0.0,-0.5946758703083008,-0.5909360197718222,-3.757842882067528,0.0,-0.9182121754915032,0.0,0.0,0.0,0.0,0.0,0.0,0.0,0.0,0.0,0.0,0.0,0.0,0.0,0.0,0.0,0.0,-1.5085320825117519,0.0,0.0,0.0,0.0,0.0,0.0,0.0,0.0,0.0
"MATLAB 3-13 PM Wed, Sep 18, 2024 Run8 .csv",0,5.94506179176719,3024.842804727726,0.2767977548739426,1111.6939650187558,0.10847402489241698,-0.3264114223159785,-0.2925985417903858,-0.06160540197658104,0.00644,0.08934124576500158,0.08108108108108109,-0.6378092333328046,69.86650956652119,18.77408318263869,0.3972801159350431,1.510669712940754e-10,0.00021510890557121354,0.00020556971070304704,0.9993774574394133,1247.3814221472985,4.743820405526416,727654.4053806951,26.409297192343576,0.526316310251279,0.8796692857129645,1.0,-0.6610578306595791,-2.1723776920162945,9.390102414723977,0.04628137469291688,0.33770866709786496,0.4490525090694428,0.04720432923873844,1.3297038329765796,5.66778275794075,2703.2796862641885,0.024423189341622936,969.3142751789029,0.10822023014326375,-0.32278989021589166,-0.2881327839775383,-0.0649311974680229,0.00694,0.08036323512454169,0.7297297297297297,0.11403739295383324,71.33002972885136,19.303292393673473,0.39645547309994994,4.753209582626933e-10,5.477701972868286e-05,7.052606604357714e-06,0.9998288776787803,18252.70674876166,3.714046415099777,850153.3150933882,38.444705314969504,0.317468338843131,0.6812115105315351,1.0,-1.5111770142259426,-1.146559495414754,1.5663775125574846,0.1333645594120026,0.46151705300485774,0.5685331058502198,0.09219277517764829,1.2318788702358863,0.0,0.5105738509958319
"MATLAB 3-14 PM Fri, Sep 13, 2024 Run9 .csv",0,5.773618115159074,2878.5236582843686,0.22396933228606616,940.5822566651245,0.019138748672474632,-0.5157881606428354,-0.5119337374134832,8.031215681755517,0.019613333333333333,2.087916791643996,0.0,-0.23826076386332293,18.043571896805865,14.637957513673761,0.22584141868004096,3.748138062631326e-10,0.00047629121187014805,6.647830041076869e-05,0.9987336986991836,-1308.9236433622764,5.163751351829017,204276.0319051876,151.147692637739,2.001752702194019,7.704837768057386,0.025426944971537004,1.3361731338700795,0.9452703378110665,0.6302650826309306,0.06717815846204758,0.25453111256246513,0.4835722243785859,0.0723291058387005,1.8998550688372573,5.738799961675435,3105.5103239434443,0.0060524101765093985,948.7677559892522,0.01918057855084692,-0.5118581395137642,-0.5073295477211115,7.994612379318188,0.0241,2.0789386457405867,0.0,0.4815757214394026,27.061521236476302,16.115843894495963,0.225694599155545,8.137699885603917e-10,0.0004085578768446975,5.319176985922383e-06,0.9990404479368735,2445.28500013875,4.795592220430736,396726.1620308277,170.34145548801803,2.1340074141730065,8.07461519825246,0.08038585209003216,2.4861780540598666,1.4526649970106331,1.2498719394563542,0.095186232328415,0.3379327596415879,0.7778193211555482,0.14352284391297235,2.3016984857594296,22.0,0.1995223670340272
"MATLAB 3-14 PM Thu, Jun 27, 2024 Run0 .csv",True,0.0,0.0,0.0,0.0,0.0,-0.6016116176631949,-0.5987189331536751,-3.7760049187702025,0.0,-0.9135076624770095,0.0,0.0,0.0,0.0,0.0,0.0,0.0,0.0,0.0,-3413.109153388976,0.0,0.0,0.0,0.0,0.0,0.0,-1.666595901600262,0.0,0.0,0.0,0.0,0.0,0.0,0.0,0.0,0.0,-0.17887696546388915,0.0,0.0,-0.5979262626395663,-0.5948263115806107,-3.7792188392045443,0.0,-0.9224859436433683,0.0,0.0,0.0,0.0,0.0,0.0,0.0,0.0,0.0,0.0,0.0,0.0,0.0,0.0,0.0,0.0,-1.5164668776543242,0.0,0.0,0.0,0.0,0.0,0.0,0.0,0.0,0.0
"MATLAB 3-15 PM Mon, Oct 28, 2024 Run17 .csv",0,5.637233419979795,2282.7402317477445,0.29548654798355317,1326.0871304481325,0.0,-0.6026908821243087,-0.6000041289700053,-3.783186175344425,0.0,-0.9149321165980151,0.0,0.0,0.0,0.0,0.0,0.0,0.0,0.0,0.0,-3420.3974841087656,0.0,0.0,0.0,0.0,0.0,0.0,-1.6693649370706032,0.0,0.0,0.0,0.0,0.0,0.0,0.0,5.872119392048651,2842.741482503465,0.17330544828000044,1191.6880016856526,0.0,-0.5990097267499881,-0.5961230755168735,-3.786344158250216,0.0,-0.9239105330273234,0.0,0.0,0.0,0.0,0.0,0.0,0.0,0.0,0.0,0.0,0.0,0.0,0.0,0.0,0.0,0.0,-1.5191118093685148,0.0,0.0,0.0,0.0,0.0,0.0,0.0,0.0,0.0
"MATLAB 3-15 PM Thu, Oct 24, 2024 Run15.csv",0,5.441444180242689,2122.6541160196566,0.24698590163272563,1418.0093399583923,0.04758663673751827,-0.41867014674942293,-0.4116893249543343,2.2102326334039026,0.0005,1.0836434292809793,0.0,0.3705177938454321,35.981380831201555,13.987348136655156,0.25708609821545403,9.906170413463952e-12,0.00013373889804986058,0.0001534912217238876,0.9989848897129848,4041.9801109407977,2.2932095969608075,435534.31629282166,3.2580720245244548,0.01043549085666987,0.01633832487235373,0.625,-1.6721339725409448,0.6085636914094493,-0.7998162231031016,0.02520612597465513,0.17875933865706126,0.2143179309368133,0.019744100613359895,1.198918795218688,5.284962535991098,2051.636182668961,0.061062422207214806,1250.3807986305048,0.04759127646940938,-0.4149131910244813,-0.4082198396207803,2.207130588026661,0.0008,1.0746648775887215,0.0,0.47402800030828385,25.69948963770535,12.373122278331058,0.2570000891650057,1.182726671902146e-11,9.216340044871605e-05,5.722308966317684e-05,0.9990119181378141,10839.57311984935,2.109636896950542,467371.9933597213,3.8752438830485803,0.008391108086486252,0.01582728199819734,0.625,-1.5217567410827055,0.18137870060314384,-1.1039437847439284,0.025818304121494245,0.1692538446187973,0.1983052396774292,0.017833561438175344,1.1716439300038533,0.0,-0.8700395139347079
"MATLAB 3-16 PM Fri, Sep 13, 2024 Run10 .csv",0,5.741783692126081,2941.5058457030254,0.18544972438563895,926.8730945682764,0.04556511953473368,-0.4214481766416267,-0.4283745207577936,1.6358027608407308,0.004856666666666666,-0.9177810248400262,1.0,-0.0195185622542718,33.01814669012179,17.283950825984984,0.24844499919851123,7.443532216711657e-11,4.75893121978269e-05,3.7059307761333784e-05,0.9989265824467419,17555.5915153766,4.645721208550112,463739.50934328313,45.42915368437371,0.5220500284776206,1.6183919433525777,0.0,0.3250969919887139,-0.671175019131664,-0.5440702159259296,0.06540395021438597,0.24140380795016608,0.3240268087387085,0.0398193074553262,1.3422605529304599,5.6852571162921315,3185.3817899007136,-0.032878675397386065,917.5263520833391,0.045540359853351066,-0.41777480328197225,-0.42421660354479296,1.6327566529920392,0.002013333333333333,-0.9267597117952335,1.0,0.16688806092751782,46.12976329639537,23.542355972229906,0.2483091606436456,1.4290484490458592e-10,3.138390520772777e-05,1.5364868816984521e-06,0.9993380107719646,31842.37283911672,4.134197344428164,753935.2636589467,47.72118538017307,0.6447658526133244,1.7949150324323082,0.0,0.4755983272031037,0.4991107045827859,1.1585893711789739,0.1027007150650025,0.29364825129508976,0.5478652262687683,0.059817054323743034,1.8657193559045364,3.0,-0.28773096245688456
"MATLAB 3-16 PM Thu, Oct 17, 2024 Run3 .csv",True,0.0,0.0,0.0,0.0,0.0,-0.60592867550765,-0.6038597164189964,-3.8047299450670913,0.0,-0.9192054789610318,0.0,0.0,0.0,0.0,0.0,0.0,0.0,0.0,0.0,-3442.2624762681335,0.0,0.0,0.0,0.0,0.0,0.0,-1.6776720434816275,0.0,0.0,0.0,0.0,0.0,0.0,0.0,0.0,0.0,-0.1793693597198468,0.0,0.0,-0.6022601190812535,-0.600013367325662,-3.8077201153872324,0.0,-0.9281843011791886,0.0,0.0,0.0,0.0,0.0,0.0,0.0,0.0,0.0,0.0,0.0,0.0,0.0,0.0,0.0,0.0,-1.5270466045110869,0.0,0.0,0.0,0.0,0.0,0.0,0.0,0.0,0.0
"MATLAB 3-16 PM Thu, Oct 3, 2024 Run4 .csv",0,5.857853286485742,2295.0449496150663,0.31693912418949793,1191.2823962481293,0.0,-0.6070079399687637,-0.6051449122353267,-3.8119112016413133,0.0,-0.9206299330820373,0.0,0.0,0.0,0.0,0.0,0.0,0.0,0.0,0.0,-3449.550806987923,0.0,0.0,0.0,0.0,0.0,0.0,-1.680441078951969,0.0,0.0,0.0,0.0,0.0,0.0,0.0,5.880982481419254,2705.7193578496776,0.12322279337516595,1061.7571481084196,0.0,-0.6033435831916754,-0.6013101312619248,-3.814845434432905,0.0,-0.9296088905631437,0.0,0.0,0.0,0.0,0.0,0.0,0.0,0.0,0.0,0.0,0.0,0.0,0.0,0.0,0.0,0.0,-1.5296915362252776,0.0,0.0,0.0,0.0,0.0,0.0,0.0,0.0,0.0
"MATLAB 3-17 PM Fri, Sep 13, 2024 Run11 .csv",0,5.800302669714375,2958.8293615806306,0.20410243159514632,940.7892327097999,2.9444326632737057,1.3255127938517601,0.2556698911876588,-3.285757346624507,0.00048333333333333334,-0.9220543872030429,1.0,-0.52105468677211,366.4644566183447,49.07827807473353,1.5227723758224974,7.248005149438277e-12,0.00012435742080026902,4.6861293195479685e-05,0.9989794768514827,4576.292061241387,4.472311176772881,346317.2876820178,3.9923582513281457,0.05029080117816416,0.1480944535402692,0.0,0.3167898855776896,-1.4866509274688158,2.5645766897132356,0.03819904893636705,0.23190612554550172,0.2903661668300629,0.03982902785421232,1.252084938019849,5.693790642389279,3173.7085100195677,-0.010518846308570945,929.0818099327182,2.9441643125380392,1.3291729509795385,0.25949310404112613,-3.2886356418875486,0.0006333333333333333,-0.9310334799470986,1.0,0.9158165593728963,492.4752424959408,50.605181735569005,1.5226335928601977,1.6460865804093448e-11,0.00014968119502582704,4.220572328714884e-06,0.9993042981263927,6676.218064359827,3.559987232603184,477913.74719379836,4.4338526653898995,0.061114648803360705,0.1690373451704155,0.0,1.4676635320605316,-0.18931087421070567,-0.45602801791547476,0.10331433892250066,0.2854086643457413,0.4206709599494934,0.07788629334651498,1.4739249802167766,1.0,0.33292707765282004
"MATLAB 3-17 PM Thu, Jun 27, 2024 Run1.csv",True,0.0,0.0,0.0,0.0,0.0,-0.6091664688909911,-0.6077153038679874,-3.8262737147897576,0.0,-0.9234788413240484,0.0,0.0,0.0,0.0,0.0,0.0,0.0,0.0,0.0,-3464.1274684275013,0.0,0.0,0.0,0.0,0.0,0.0,-1.6859791498926517,0.0,0.0,0.0,0.0,0.0,0.0,0.0,0.0,0.0,-0.17973865541181505,0.0,0.0,-0.6055105114125189,-0.6039036591344504,-3.8290960725242487,0.0,-0.9324580693310537,0.0,0.0,0.0,0.0,0.0,0.0,0.0,0.0,0.0,0.0,0.0,0.0,0.0,0.0,0.0,0.0,-1.5349813996536592,0.0,0.0,0.0,0.0,0.0,0.0,0.0,0.0,0.0
"MATLAB 3-17 PM Wed, Sep 18, 2024 Run9 .csv",0,5.93001779302419,3033.8419627127,0.27135935833138863,1105.858031262709,0.04562315617361084,-0.2949167013731384,-0.283700499973367,-0.6334229682113937,0.00111,0.07509670455494599,0.03125,-0.7155709588077785,82.22074513245846,20.295020728112252,0.14468428703594302,1.5299428742700922e-10,0.00021499820504052372,0.00019574468338432127,0.9994183660073491,1177.080525828886,4.798887970811633,764969.7089533092,24.5257563888704,0.5012952669101672,0.8599994372301558,1.0,0.3112518146370069,-0.7709324096404715,1.2302471058646205,0.05035876065492634,0.360948371514678,0.4069032967090607,0.03233951128530162,1.1273171700471682,5.688661950693293,2737.3462904667854,0.021844883135341164,970.8367210124104,0.04571341433534268,-0.29126494354397364,-0.2797004233576821,-0.6361893884173351,0.00049,-0.9338826587150088,1.0,0.19690655940969776,82.51625944352422,18.952328249966673,0.14497052189724108,4.688950246744883e-10,6.376690659890464e-05,5.861161266823416e-06,0.9998068324011044,15679.086311806108,3.949057680402517,819168.2481465923,35.04875742327093,0.29933586055355044,0.6649768634747076,0.0,0.46237366863215,-0.1498457579598381,-1.4392870495113228,0.16022425711154947,0.49012259881943465,0.6014156341552735,0.08441915890077076,1.2270718297909788,0.0,0.08219194406163507
"MATLAB 3-18 PM Thu, Jun 27, 2024 Run2.csv",True,0.0,0.0,0.0,0.0,0.0,-0.6113249978132187,-0.6102856955006482,-3.840636227938202,0.0,-0.9263277495660596,0.0,0.0,0.0,0.0,0.0,0.0,0.0,0.0,0.0,-3478.7041298670797,0.0,0.0,0.0,0.0,0.0,0.0,-1.6915172208333344,0.0,0.0,0.0,0.0,0.0,0.0,0.0,0.0,0.0,-0.17998485253979388,0.0,0.0,-0.6076774396333625,-0.6064971870069761,-3.843346710615593,0.0,-0.9353072480989637,0.0,0.0,0.0,0.0,0.0,0.0,0.0,0.0,0.0,0.0,0.0,0.0,0.0,0.0,0.0,0.0,-1.5402712630820408,0.0,0.0,0.0,0.0,0.0,0.0,0.0,0.0,0.0
"MATLAB 3-18 PM Thu, Oct 24, 2024 Run16.csv",0,5.51618638170525,2187.739270306038,0.2630216535626036,1409.2038776953982,0.7617542752412412,1.3365707360028292,1.4966791068166123,-3.3478124840198324,4e-05,0.07224779631293488,0.4,1.1096029073560407,422.8339489160704,42.6261664389592,0.39084866451063266,8.747154124423456e-13,0.0005689219003831325,0.00014235041819943896,0.9988315367698046,-1730.3357771349658,4.0359899621209525,424461.2842774847,2.0653946067920597,0.006600085004875625,0.012185534972758216,1.0,2.305713743696324,0.10139173812185019,-1.66867700815772,0.02357022404670711,0.1606104867458343,0.1761254680156708,0.011713809238100522,1.096600051367685,5.525041058975973,2212.2330373614273,0.10708651823094442,1244.1582537135555,0.7613687055883983,1.3401140945334675,1.4996060471910986,-3.3504670291686733,9e-05,0.06326816251708123,0.4,0.24612449825195398,257.1961460287088,39.15159201838428,0.39067087743514894,8.158471755721276e-13,0.0009664089579378619,6.107224395456113e-05,0.9980390141015852,1032.7294732772511,3.2979055683447256,722563.824135771,2.278330181108166,0.004784030102476282,0.011985192064328631,1.0,0.45708380520376846,-0.3255866228477922,-1.2019004380207468,0.04289198637008668,0.1534545402526855,0.1844527614116669,0.02886672678694548,1.2020026328835773,0.0,-0.9638196801355972
"MATLAB 3-18 PM Tue, Oct 15, 2024 Run9 .csv",0,4.637765299032795,1601.189700400014,0.17257436738281473,1244.149870530732,0.000996041312977464,-0.40039222257623786,-0.3998560873210949,0.8450482635437147,0.00066,0.07082334219192932,0.0,0.6569341743273399,19.488802135494108,11.563374881155944,0.004674246642337339,4.821898723607692e-11,0.00010603005184055439,0.00034031990805705127,0.9993937240335214,5932.289664288206,1.652039656628234,307249.73627627274,150.63031950354213,0.40041780769893054,0.29961727711332165,1.0,-1.6970552917740174,0.05300808977531756,-1.4761031348624998,0.028881443738937362,0.2436343182655091,0.2702650058269501,0.01649097284002665,1.109305978529754,3.692929788136461,1180.908320579576,-0.03938110402933234,1053.404097842136,0.0008468109859155038,-0.3967617593471639,-0.3960407150673324,0.8424496559234234,0.00054,0.06184357313312616,0.0,0.33971350770776554,6.711925275224406,9.378447311866049,0.003974097144054425,6.189724534083456e-11,7.026187085787904e-05,0.00029409889951998846,0.999009576358806,14218.37426418,1.4863895475874243,223194.58983259904,241.00702709725124,0.4250337701158183,0.15518161266550823,1.0,-1.5455611265104223,0.3677797209578699,-0.27456364250552223,0.016048673391342166,0.20122780358537715,0.2339905190467834,0.013230526615747291,1.162814058880813,0.0,-0.39716868628026103
"MATLAB 3-19 PM Thu, Jun 27, 2024 Run3.csv",True,0.0,0.0,0.0,0.0,0.0,-0.6145627911965599,-0.6141412829496391,-3.8621799976608684,0.0,-0.9306011119290762,0.0,0.0,0.0,0.0,0.0,0.0,0.0,0.0,0.0,-3500.5691220264475,0.0,0.0,0.0,0.0,0.0,0.0,-1.6998243272443587,0.0,0.0,0.0,0.0,0.0,0.0,0.0,0.0,0.0,-0.1803541482317621,0.0,0.0,-0.610927831964628,-0.6103874788157646,-3.864722667752609,0.0,-0.9395810162508289,0.0,0.0,0.0,0.0,0.0,0.0,0.0,0.0,0.0,0.0,0.0,0.0,0.0,0.0,0.0,0.0,-1.5482060582246129,0.0,0.0,0.0,0.0,0.0,0.0,0.0,0.0,0.0
"MATLAB 3-19 PM Thu, Oct 17, 2024 Run4 .csv",0,5.2640431861766,2030.782718983694,0.24504009220563364,1345.0175352145675,0.0008929416972295484,-0.5501831935714288,-0.5500264788239183,11.39735631505809,0.0023366666666666666,2.067974433949918,0.0,0.11799113739000061,6.916069415535622,7.235872346796951,0.013641265197263278,6.109050605189144e-12,0.0001879815298418074,0.002429933127667188,0.9972231889881331,1797.0423947405297,3.9110589884553844,568406.0183566915,224.97976404702726,11.686095928820595,0.7728599093837419,0.07931570762052877,-1.7025933627147003,0.4589078042376408,-0.5237846972109184,0.01349635154008863,0.10537810105944301,0.1294495749473572,0.008045033412124133,1.2284295659715452,4.643737065321632,1555.7677512242713,0.05241808995906766,1335.479780182068,0.0007243900443838009,-0.5465524339888048,-0.5461842428103557,11.3948695824949,0.0039766666666666665,2.0589943943652163,0.0,0.34351521797038803,4.1181108886695785,8.671877051243053,0.01106634031354511,5.273267074454108e-12,0.00019961786479251966,0.003931905443461357,0.9938816530243634,4978.9213708772595,3.4956356705377862,594479.0475596299,392.0279358141764,21.659259042950758,0.3923652531969501,0.07993730407523511,-1.5508509899388037,0.031323576052083586,-0.8153381164840843,0.03215726345777513,0.10738639027530969,0.1587595915794372,0.020132063322232756,1.478395829978273,5.0,-0.21363865679938124
"MATLAB 3-19 PM Wed, Sep 18, 2024 Run10 .csv",0,5.8882899715213695,3088.2267717440673,0.25004784126287016,1083.1635028404858,0.026630345440831104,-0.528588576833968,-0.5274116746614257,7.523571500421775,0.01443,2.0665499798289124,0.02631578947368421,-0.14844974219836649,16.440060821617404,13.816128743615677,0.30216176699242836,2.4611216367700564e-10,0.00013246994379736212,0.0001338339862417418,0.9993992339354,4029.2012984967355,5.2636652648217215,126273.65318889692,54.40181854503808,0.9599340828653656,1.7922507260242821,0.0441400304414003,-0.7053623981850414,0.3883135306309924,-0.12752179013349263,0.08753537088632582,0.25855712800695185,0.3992905056476593,0.05434307311090913,1.5443028344471845,5.7030835604804135,2750.0599542546597,0.01488310305491164,980.3623644691124,0.02548827447397584,-0.5257149357014139,-0.5246810067661374,7.621141705485654,0.01899,2.057569804981261,0.23478260869565218,-0.07173197969968734,16.810808561060448,13.478135417310485,0.2916951896444489,6.058340392525786e-10,4.395678021082856e-05,5.301698732928939e-06,0.9997405452362161,22743.71645150512,4.956104321609692,99634.77226932006,80.62240583057785,0.6835109472454841,1.5687638324643782,0.10828025477707007,1.4465040783470056,0.3404278004289493,1.0435128798635098,0.10227824628353122,0.33932651740571734,0.6491067373752595,0.08249171723387465,1.912926647578067,5.0,-0.06679797999607814
"MATLAB 3-21 PM Thu, Jun 27, 2024 Run4.csv",True,0.0,0.0,0.0,0.0,0.0,-0.6178005845799011,-0.61799687039863,-3.8837237673835348,0.0,-0.9348744742920929,0.0,0.0,0.0,0.0,0.0,0.0,0.0,0.0,0.0,-3522.4341141858154,0.0,0.0,0.0,0.0,0.0,0.0,-1.708131433655383,0.0,0.0,0.0,0.0,0.0,0.0,0.0,0.0,0.0,-0.18072344392373035,0.0,0.0,-0.6141782242958933,-0.614277770624553,-3.8860986248896254,0.0,-0.943854784402694,0.0,0.0,0.0,0.0,0.0,0.0,0.0,0.0,0.0,0.0,0.0,0.0,0.0,0.0,0.0,0.0,-1.556140853367185,0.0,0.0,0.0,0.0,0.0,0.0,0.0,0.0,0.0
"MATLAB 3-21 PM Thu, Oct 17, 2024 Run5 .csv",0,5.433561378391483,2187.5614420925876,0.26277434016507895,1306.202901460134,0.0006261240444510867,-0.5555250720270295,-0.5559820662707675,11.909252991608136,0.00167,2.0637010715869017,0.0,0.13570263119718723,7.803888577431062,6.535098100272376,0.009882822952922277,6.093978498295111e-12,0.00017891135406993146,0.0017971864285967274,0.9978450510727128,2047.592959474393,3.9782709876293025,517468.6705258731,53.165461720960785,1.9371284532961741,0.2756848207912073,0.14285714285714285,-1.7109004691257244,-0.41342659141109217,-0.5106979770063629,0.004488610327243847,0.10656076252460475,0.1133103036880493,0.0032244164477454517,1.0633398354472743,5.148421201189818,1804.3223190031647,0.09795004582196304,1360.1254377530242,7.380294104575682e-05,-0.5519011789082584,-0.5521745346169933,11.906934071630596,0.00164,2.054720626213351,0.0,0.44096403706188564,5.6375094775338095,8.954676638950751,0.0011648097786843142,3.0317602723616244e-12,0.0001718891362781354,0.003068549157925317,0.9945171134829139,5785.805519865296,3.551401223225376,524025.86158399074,86.45347499260326,3.4125429041661866,0.13545903961026848,0.14285714285714285,-1.5587857850813758,-0.32514083152705364,-1.064296741695659,0.03417611807584767,0.116476568632488,0.1505820095539093,0.0208296974342041,1.2928094579179465,4.0,-0.04338641176256975
"MATLAB 3-21 PM Thu, Oct 24, 2024 Run17.csv",0,5.481935430857018,2189.5177938163247,0.27960953878322775,1423.5156925035324,2.518832115705591,4.174400882239025,5.14873273287335,-3.6980856136853437,2e-05,-0.937723382534104,1.0,-0.22581347589675937,964.7374411180415,65.918034424324,0.5253740056948327,2.795764498710887e-13,0.001709817572643709,0.0001563625775779046,0.9972837966938138,-2953.7416522698422,3.9564610523220325,299806.7924439111,2.233722984088923,0.007842504617823208,0.017380591016279763,0.0,6.286330495403934,-1.3794191301502319,0.46420839411164083,0.007981126010417922,0.14709677596886953,0.1557332372665405,0.010615151297344614,1.058712784429067,5.555368669175872,2225.52747071465,0.14134832644635167,1275.9312530946268,2.5187019647252997,4.178014843224418,5.152428696407557,-3.700348596134334,2e-05,-0.9467039631706041,1.0,0.268710447718639,338.85049037919066,53.34758276636835,0.525346859009893,2.0685493480911298e-13,0.004817169703801494,7.971192994662414e-05,0.9943604007669014,206.4200478513756,3.0872640581273556,550852.9076146767,2.382510969190595,0.005966047323995338,0.017085547746631995,0.0,5.4385692832044334,1.2791022184990664,0.40163300828383175,0.004404277205467266,0.14256463368733718,0.1583066022396087,0.007534101974960534,1.1104198716407865,0.0,-0.9841776953152858
"MATLAB 3-24 PM Tue, Oct 8, 2024 Run7 .csv",0,5.854004630971229,2375.1049058940152,0.2529525716235256,1253.1893448677622,0.0266666304547665,-0.35226180162553716,-0.3501524580895724,-0.17192175596900405,0.0019,0.06085216334489041,0.008928571428571428,-1.8149442865352692,97.835578750097,22.016683879824495,0.09921486023120235,7.808123687803024e-11,0.00013711294671410655,9.56730582429991e-05,0.9972727959691593,3729.0679962419076,3.913414229431977,414819.557078039,91.3416013339686,0.4832812887494611,0.9475072605468504,1.0,6.283561459933592,0.06569528813813426,-1.2514797977218692,0.08104300558567046,0.2570926311612129,0.3354427826404572,0.0439522490010259,1.3047545591849885,5.9185030866505715,2751.54627357198,0.04739161704191269,1088.892609710369,0.026914048976614664,-0.3486151033525497,-0.34876806267324456,-0.1741288008894446,0.00172,0.05187144744544092,0.008928571428571428,0.35070909721808086,69.04398191910893,17.35567213414958,0.10012163692500219,6.854620118472831e-11,8.755268617462988e-05,5.3984380982985696e-06,0.9992771341565981,11413.437757506044,3.6543107817996887,607923.2712783488,71.94131692635857,0.34917028935476974,1.1890431587550576,1.0,6.435924351490243,-0.07202034138656903,-0.8077560284420042,0.08036914378404617,0.28440837025642396,0.375476759672165,0.054610996529886345,1.3202029157356843,0.0,0.2333707463339372
"MATLAB 3-25 PM Wed, Sep 18, 2024 Run11 .csv",0,5.889762422457309,3085.8711983663734,0.2443455386990087,1083.3748891300231,0.004036909831073835,-0.4131495575029328,-0.41493765384843084,0.8875992110484558,0.00111,0.05942770922388485,0.0,-0.11682921766002197,50.53201453557329,15.730072375195968,0.01931830802101578,4.8526353274573274e-11,0.00012864245042459957,0.0001245835034648403,0.9995886598648578,4218.69878311816,4.6943055097402295,603804.4972276795,15.607082680608812,0.2672018384362509,0.5060264294490597,1.0,0.2807924244632516,-0.28595503267816436,-1.5590416197479202,0.05441719174385079,0.24565028260151545,0.2767597806453705,0.025950997535012,1.1266414095452912,5.695116731160277,2804.110576267327,0.005157769723141942,986.6405714471756,0.003881743314915814,-0.4095929319863264,-0.4110648265533363,0.8854481036565653,0.00048,2.050446858061486,0.08333333333333333,-0.32336969221399686,53.562088999902315,14.861432975989326,0.018580122205732047,1.2532562724578786e-10,5.8125222715599676e-05,3.824727220428359e-06,0.9997691128648379,17200.262917814496,4.220002131008423,610511.4360959312,22.74952064257701,0.19326236563691654,0.4527811139123963,0.17391304347826086,1.4332794197760519,-0.5337229959022026,-0.9821086240304742,0.07451240926980979,0.31922229724625745,0.3804589998722076,0.0481629353853739,1.191830906406611,0.0,-0.04998587976309514
"MATLAB 3-26 PM Wed, Sep 18, 2024 Run12 .csv",0,5.87765095243028,3127.831119192695,0.23971520685174846,1070.0414905196617,0.011166962692416661,-0.2284089072349163,-0.23112284982732334,-1.3196040476931694,0.00048,0.05800325510287929,0.0,-0.35056070839448467,91.1698543207056,20.830723624275755,0.02828597298373076,2.753052021869913e-11,0.00014237259954904725,0.00010992625968409827,0.9996246880546404,3462.3115338509756,4.428461418293708,606458.7990136478,7.698274110743179,0.1303680191019883,0.25383353934609104,1.0,3.27802338899291,0.1473347760288422,-1.344859897073035,0.041211749315261864,0.22964921057224277,0.2680257606506347,0.023404442285324453,1.1671094360950112,5.722304153412973,2841.493551575646,0.00876570900725629,991.6596604583126,0.011409434682032553,-0.2248155451974415,-0.2261615906537573,-1.3216992175565094,0.00032,0.04902226867753079,0.5,-0.27817644068357944,96.72281394235979,20.346533296705218,0.02890074140567304,6.409356185183261e-11,7.360192970519937e-05,3.6369261740318537e-06,0.999722246330978,13582.826569020728,3.543827122079647,703168.521168251,11.07496369961976,0.09808566251031514,0.23506541516787918,1.0,3.430634488061861,-0.43718724717342633,-1.5217417095590264,0.10960639297962194,0.30713364261847276,0.3667498075962067,0.05489667425248337,1.1941049650877558,0.0,-0.08978676628458962
"MATLAB 3-28 PM Thu, Oct 17, 2024 Run6 .csv",0,4.343545415076296,1498.4421830453534,0.16768554003112146,1292.032422363503,0.0003437948503861404,-0.5715581819752582,-0.5730080453433075,15.073378711889614,0.00221,2.0565788009818737,0.0,-0.08236877321784417,1.9511503042485492,5.1774576126856005,0.006521395343145237,1.0720853206379817e-11,0.00034982287104826115,0.0006967464337756272,0.9988413258114781,-710.8867325095785,3.678344469783963,279583.22646965395,234.979315393998,3.2487920344680092,0.3478451662808535,0.14349775784753363,-1.7247456464774313,-0.3522150662283587,-1.1342682702012001,0.017361860573291768,0.11390849986829252,0.130811755657196,0.009865530173071778,1.1483932788900564,3.362344014243872,1074.4418528744934,-0.05610953957945511,1104.8848816636294,0.0002023517285326455,-0.567961019587099,-0.5693583542888138,15.071339479554823,0.00273,2.0475976792935757,0.0,0.2033945153625991,0.38150873693540444,5.818042060891595,0.00383838099566654,1.3108872947377035e-11,0.00042188972829400263,0.0007869964047411765,0.9979389892073315,2365.402431679723,3.018985287904936,147509.83296338315,420.4007871477423,5.779155090520294,0.21491139918777907,0.14349775784753363,-1.5720104436523297,-0.3130753967591587,-1.0601922257106886,0.035540387034416226,0.13077654457092283,0.1681053078174591,0.020678820077006516,1.2854392840016668,1.0,0.7186144584158214
"MATLAB 3-28 PM Tue, Oct 15, 2024 Run10 .csv",0,4.908428214920219,1755.776539303831,0.18995940813023288,1221.5499689217477,0.0010986416186303332,-0.4798774947599942,-0.4817932412409547,2.966076443394674,0.001,0.055154346860868175,0.0,0.8287134679041345,16.78286627337231,10.487674974263863,0.00755194643750204,7.786794463952496e-11,0.0002350126278720655,0.0002699033310372759,0.999333740506959,678.8030753222884,2.6439306902740882,365225.5028077911,134.88056414959837,0.3379363838449848,0.3603655545648155,1.0,-0.7275146819477727,-0.08483826874720021,-1.4091629908266345,0.034109133481979415,0.23858016848564148,0.2686959278583526,0.017645620929238895,1.1262290975979572,4.360419327279152,1435.3821105354234,0.004208013238749558,1121.842030340414,0.0011117763761746885,-0.47628306143290877,-0.4781551183064041,2.9640931485884336,0.00092,0.04617308990962066,0.0,0.5720426027938118,7.72167414170125,8.472652720488625,0.007642156121423646,4.5438351911730056e-11,0.0002879352043542307,0.00023743749908480686,0.9988112711271101,3468.8751358737227,2.4910816920757615,310182.9553102195,194.8497008424294,0.2862753826117642,0.19907677535310725,1.0,-1.5746553753665204,-0.45748087369164825,-0.3614448258280336,0.017461614608764692,0.19400609194368554,0.2164100348949432,0.011700845184385288,1.1154806157208759,0.0,-0.42079094648899
"MATLAB 3-28 PM Wed, Sep 18, 2024 Run13 .csv",0,5.820695464768747,3115.2935950484652,0.2292716939853392,1060.1860503080266,0.26103138078830224,1.4070902979335322,1.3728215613016823,-3.4411688194847203,8e-05,-0.9462701072601374,1.0,1.8292523437170698,457.055846542083,40.21704405438021,0.12836398914154318,4.0191440064972675e-12,0.0002294519331688126,9.447715448549827e-05,0.9996050128413707,775.7490679534644,3.974346723130218,325422.52279954636,1.2943800056313528,0.02251625961667604,0.045266448084549396,0.0,1.2697162825818857,0.13513123153716797,-1.4660595281358582,0.028873733282089198,0.22571090197563173,0.2509368181228638,0.017754320552148057,1.1117620634467869,5.669990627762706,2831.0991424383656,0.01753949943556876,979.2939198336969,0.26099833788987853,1.4112040610226133,1.3753481161172638,-3.44309617676241,4e-05,-0.9552514994743344,1.0,-3.8553397712742488,532.3707573506689,46.49537864736147,0.12831461277776035,9.274762343213447e-12,0.0003562609665145182,6.2457812571596594e-06,0.999488517144963,2805.4954403887305,2.87296963987946,360262.79730473866,1.8691523496122107,0.01741801107566937,0.04219523364275296,0.0,3.4226996929192888,1.4953501542007517,0.24366554319739686,0.004124451875686608,0.24265861463546753,0.3349814403057098,0.04619032802144064,1.3804638290255373,0.0,0.6975145610416295
"MATLAB 3-29 PM Tue, Oct 8, 2024 Run8 .csv",0,5.608323075399701,2141.836540783283,0.24905801102349992,1174.4021950788288,0.07241393283418936,-0.2419531807585077,-0.2216636331070303,-1.3483420741781353,0.001095,0.05230543861885706,0.057692307692307696,-1.269900373598488,95.03367811944626,20.12947043632366,0.18781456995781412,2.322366637699644e-10,0.00019825029007543573,0.00019807974674294356,0.9986395446114705,1449.2374083231985,3.9250608102568885,364388.49153974885,95.58020165152764,0.5840143741123711,0.9093127356359457,1.0,4.266947247111545,-1.0434421565798007,1.225434271467825,0.04610692560672769,0.3373893022995729,0.3804737782478333,0.03265902058250399,1.1276995911091603,5.668262222341447,2524.5192818964456,0.017067813120304365,1101.713363640342,0.07214889783401435,-0.23830391143597712,-0.2177486464125698,-1.3502134939272756,0.002795,1.0433239111417105,0.2692307692307692,0.4101226656194027,69.46120835899548,17.816583145913327,0.1870957696841672,2.5107121319506376e-10,0.00010542526719142685,7.716773309808707e-06,0.9996627249829655,9482.192946856081,3.685340227097793,512862.5770887194,84.6915476324123,0.3142504582552945,1.0262293658121686,0.8157894736842105,3.4200547612050984,-0.384868923295983,-0.9290057598425552,0.12573361665010446,0.37151531476240895,0.4697685790061951,0.07162476570706744,1.264466255735974,0.0,0.1931773242287062
"MATLAB 3-29 PM Tue, Oct 8, 2024 Run9 .csv",0,5.842674908161628,2363.5281225353,0.24860457448197879,1240.9768577934958,0.024822805121333898,-0.37902867245058103,-0.3801488287851842,0.044483670525626184,0.002305,0.0508809844978515,0.0,-1.6158999719565705,89.28230428314441,21.04355332100328,0.09946446500874385,8.675175154164414e-11,0.00014154127961193147,9.224741057161765e-05,0.9975561142670982,3452.4930619052066,3.8076281298307504,400530.1432859352,69.05350404910716,0.35873751565741674,0.7193090374634765,1.0,3.264178211641203,0.00842958023204321,-1.261484341969742,0.0850183886289596,0.2642915542721749,0.335365035533905,0.045458744122386846,1.2689207434473546,5.8961078892220105,2774.6614748867637,0.04321430938961976,1085.9691202253055,0.02481877139880235,-0.37542805549511515,-0.3782454102078122,0.04266818830503638,0.001375,0.04189932175775557,0.0125,0.28535052117817616,64.72222057242057,16.868900071447293,0.09944023199268232,8.64178976595276e-11,8.29097980293821e-05,5.721424067371172e-06,0.9992274134244896,12051.982240631887,3.6320196184770297,593275.2010666182,54.47615706391662,0.2685259883582561,0.938838583327275,1.0,2.417409829490907,-0.07937979336002572,-0.4550687729710998,0.06437235534191144,0.30022423489391803,0.392159618139267,0.049109821577256546,1.306222391666128,0.0,0.2154732647431355
"MATLAB 3-31 PM Thu, Oct 10, 2024 Run1 .csv",True,0.0,0.0,0.0,0.0,0.0,-0.6296724936521522,-0.6321340243782638,-3.9627175896999782,0.0,-0.9505434696231541,0.0,0.0,0.0,0.0,0.0,0.0,0.0,0.0,0.0,-3602.6057521034973,0.0,0.0,0.0,0.0,0.0,0.0,-1.7385908238291383,0.0,0.0,0.0,0.0,0.0,0.0,0.0,0.0,0.0,-0.1820775281276139,0.0,0.0,-0.6260963295105333,-0.628542173923444,-3.964477134392018,0.0,-0.9595252676261995,0.0,0.0,0.0,0.0,0.0,0.0,0.0,0.0,0.0,0.0,0.0,0.0,0.0,0.0,0.0,0.0,-1.5852351022232833,0.0,0.0,0.0,0.0,0.0,0.0,0.0,0.0,0.0
"MATLAB 3-31 PM Thu, Oct 17, 2024 Run7 .csv",0,5.330553304025216,2331.153378047693,0.24133500853124967,1230.898839209747,0.0006324555314742684,-0.579485091492018,-0.5823192202398618,16.034101971608127,0.0022,2.0480320762558404,0.0,0.07151943271884793,7.303780773240668,6.232114186274303,0.012336583849829252,8.548272790015226e-12,0.00015523373137741676,0.0007515241874460579,0.9987409811185474,2823.89432293453,4.7548048682996065,286786.1129900728,1.9736162386019118,0.035148944515028945,0.01585782207490644,0.2857142857142857,-1.7413598592994797,0.14796535876589204,-1.2382949052590373,0.011153657734394057,0.10863436138629909,0.1194780266284942,0.006675817042573336,1.099818005130398,5.613638501944161,2177.9435247112633,0.12213156991217272,1273.472907950403,0.0008350352982846781,-0.5761020158884286,-0.578738937904985,16.03239836444464,0.0024,2.0390501429898453,0.0,0.477549729481284,6.25511849247494,7.742934107526331,0.016348309095540872,4.111100923816685e-12,0.00022757086178437598,0.0013545397641910723,0.9964068041777924,4378.446328167842,4.658217552020242,504071.86566013825,2.462465025978363,0.04899715354521469,0.00902409538313295,0.23529411764705882,-1.587880033937474,-0.04838163966051887,-1.215062035257488,0.023813745975494377,0.108365394949913,0.132089763879776,0.017246580635981237,1.2189293818458238,0.0,-0.9026462938559887
"MATLAB 3-31 PM Tue, Oct 15, 2024 Run11 .csv",0,5.226664776076571,1864.5885099305451,0.2380267465852889,1239.1355813236155,0.04109706244315528,-0.522401022671239,-0.522854416110031,5.123010906116745,0.00845,2.046607622134835,0.0989010989010989,0.8615367675799612,16.36866031538876,12.481801584848288,0.37555572036490303,1.478153592813753e-10,0.00022301850150174764,0.0003882307178471315,0.9991985234540477,863.1567364633538,3.1142517071903812,438903.8303098605,195.08503603187307,0.7478886771256797,0.7291953948267843,0.11261261261261261,0.25587110523017875,-0.4286915209456976,0.03924704465284323,0.09818431496620184,0.26677829769941475,0.4132933378219605,0.061109047901729815,1.5492014957214684,4.866284195023239,1653.86848567513,0.05333815448249471,1165.1831417616665,0.04053372236726436,-0.5200357852996992,-0.5203357018941466,5.221364236580323,0.00763,2.0376255536058903,0.043478260869565216,0.680884504786906,9.773171037552226,10.488912198301145,0.37452341310892817,1.257339225267945e-10,0.00022065139687143894,0.0003128576345482335,0.998672053673267,4526.01736419161,2.9735444321408884,420090.14967163675,271.2507993233126,0.5954222794742664,0.42808077379764664,0.12345679012345678,-0.5905249656516647,0.1640092940580986,-1.133281551080406,0.09619806915521623,0.238172059033228,0.3504017114639282,0.060845082730124525,1.4712125044652813,3.0,0.22185573276480616
"MATLAB 3-33 PM Mon, Aug 26, 2024 Run0 .csv",True,0.0,0.0,0.0,0.0,0.0,-0.6329102870354935,-0.6359896118272548,-3.9842613594226446,0.0,-0.9548168319861707,0.0,0.0,0.0,0.0,0.0,0.0,0.0,0.0,0.0,-3624.470744262865,0.0,0.0,0.0,0.0,0.0,0.0,-1.7468979302401624,0.0,0.0,0.0,0.0,0.0,0.0,0.0,0.0,0.0,-0.18244682381958216,0.0,0.0,-0.6293467218417987,-0.6324324657322326,-3.985853091529034,0.0,-0.9637990357780646,0.0,0.0,0.0,0.0,0.0,0.0,0.0,0.0,0.0,0.0,0.0,0.0,0.0,0.0,0.0,0.0,-1.5931698973658555,0.0,0.0,0.0,0.0,0.0,0.0,0.0,0.0,0.0
"MATLAB 3-33 PM Tue, Oct 8, 2024 Run10 .csv",0,5.500953614157821,2153.1795595649623,0.21140788207763744,1151.4272535107757,0.05617314712967969,-0.25043355183605226,-0.2398748079939439,-1.391416613435391,0.00326,0.04375871389282371,0.038461538461538464,-0.48885802002193846,90.04422921965674,18.96650041859565,0.1464535743917254,3.163163713646721e-10,0.00020047406886158193,0.00015769967896466606,0.9986474484220542,1349.6704639746963,3.832347413869757,376463.22212830745,50.422672220351984,0.27016332198877374,0.48961564126905077,1.0,2.250333034289496,-2.009669558110632,5.837843076113709,0.0656171122193337,0.357471038882549,0.4173432552814484,0.050184026759325505,1.1674882994327578,5.563621277715191,2645.7660702748567,-0.00032380842575518987,1096.0250141381753,0.056705530685691,-0.24690218629164096,-0.23682923001841316,-1.39295240801323,0.00464,0.03477637483798035,0.038461538461538464,0.43512125848346633,70.57518228201265,16.95597721973166,0.14785238818515237,3.177429123402717e-10,0.00010591815022636013,7.173135256765014e-06,0.9996498724261771,9437.946851316816,3.620848456241353,553397.0981369728,40.14306904518495,0.15504903232002076,0.5989592055380203,1.0,3.4041851709199538,-1.5211815022536732,2.9168131292580854,0.09149372667074207,0.38653004554601816,0.4583962976932526,0.06848464179452537,1.1859266905001267,0.0,0.2889333195871536
"MATLAB 3-34 PM Thu, Oct 3, 2024 Run5 .csv",0,5.770296312522168,2335.2046436654523,0.26191923372274334,1196.3751575536037,0.0,-0.6350688159577209,-0.6385600034599155,-3.998623872571089,0.0,-0.9576657402281818,0.0,0.0,0.0,0.0,0.0,0.0,0.0,0.0,0.0,-3639.047405702444,0.0,0.0,0.0,0.0,0.0,0.0,-1.7524360011808453,0.0,0.0,0.0,0.0,0.0,0.0,0.0,5.779892657178939,2820.765995700675,0.08003557484408244,1078.18713655747,0.0,-0.6315136500626424,-0.6350259936047582,-4.0001037296203785,0.0,-0.9666482145459747,0.0,0.0,0.0,0.0,0.0,0.0,0.0,0.0,0.0,0.0,0.0,0.0,0.0,0.0,0.0,0.0,-1.598459760794237,0.0,0.0,0.0,0.0,0.0,0.0,0.0,0.0,1.0
"MATLAB 3-34 PM Tue, Oct 1, 2024 Run1 .csv",True,0.0,0.0,0.0,0.0,0.0,-0.6361480804188346,-0.639845199276246,-4.005805129145311,0.0,-0.9590901943491874,0.0,0.0,0.0,0.0,0.0,0.0,0.0,0.0,0.0,-3646.335736422233,0.0,0.0,0.0,0.0,0.0,0.0,-1.7552050366511867,0.0,0.0,0.0,0.0,0.0,0.0,0.0,0.0,0.0,-0.18281611951155038,0.0,0.0,-0.6325971141730642,-0.6363227575410211,-4.0072290486660505,0.0,-0.9680728039299298,0.0,0.0,0.0,0.0,0.0,0.0,0.0,0.0,0.0,0.0,0.0,0.0,0.0,0.0,0.0,0.0,-1.6011046925084278,0.0,0.0,0.0,0.0,0.0,0.0,0.0,0.0,0.0
"MATLAB 3-35 PM Thu, Mar 7, 2024 Run0 .csv",True,0.0,0.0,0.0,0.0,0.0,-0.6372273448799484,-0.6411303950925762,-4.012986385719533,0.0,-0.960514648470193,0.0,0.0,0.0,0.0,0.0,0.0,0.0,0.0,0.0,-3653.6240671420223,0.0,0.0,0.0,0.0,0.0,0.0,-1.7579740721215282,0.0,0.0,0.0,0.0,0.0,0.0,0.0,0.0,0.0,-0.1829392180755398,0.0,0.0,-0.6336805782834859,-0.6376195214772838,-4.014354367711722,0.0,-0.9694973933138847,0.0,0.0,0.0,0.0,0.0,0.0,0.0,0.0,0.0,0.0,0.0,0.0,0.0,0.0,0.0,0.0,-1.6037496242226186,0.0,0.0,0.0,0.0,0.0,0.0,0.0,0.0,0.0
"MATLAB 3-36 PM Tue, Oct 15, 2024 Run12 .csv",0,5.385950259642039,2015.172105494638,0.2479310010834499,1250.2558664536746,0.058364480214258135,-0.44642621735402893,-0.40861559111606927,1.1798843628291973,0.00073,0.038060897408801475,0.17307692307692307,1.207393952411458,39.366991492504134,16.352580865672486,0.3041711537581301,6.768837185959694e-11,0.00014911539122737803,0.000309136506032436,0.9993466396858602,3040.9218759859514,2.358548779749114,351311.40047375514,70.36047858834888,0.27472100328576754,0.3187906956194312,1.0,-0.7607431075918694,1.2423636765761144,0.16514243693470965,0.029071956276893657,0.2648487435166652,0.3567833995819092,0.041793071154242786,1.347121360080982,5.201546789768978,1848.9953833486197,0.07552933229011538,1192.7881117221254,0.05833853614739366,-0.44290717981861816,-0.4052162856206205,1.178572318365557,0.00108,0.029078017302160197,0.19230769230769232,1.3294594654799752,29.466670425545132,16.79292945153618,0.3040732312845996,6.129407477744893e-11,0.00013240126037707584,0.000245206890906548,0.9985522660700167,7541.863749832608,2.1894086294543653,349803.0876739123,91.7236306438552,0.21645669892695016,0.19839335391898966,1.0,-0.6063945559368094,1.59201939756464,0.8864156545852713,0.015914704203605634,0.2283868580368849,0.3605865824222565,0.05041334300186852,1.578841206195941,0.0,0.8808755517239861
"MATLAB 3-36 PM Tue, Oct 8, 2024 Run11 .csv",0,5.718590130987163,2286.784657079406,0.23145159256922326,1213.343246960119,0.4089357144258411,0.47321797136292054,0.5337992122261888,-3.1273458980581172,0.0007833333333333334,-0.9633635567122041,1.0,-3.103486394437506,385.79469130013706,40.358072217804846,0.367548356230209,3.1561701348387444e-11,0.00018091265857452082,8.971541575394743e-05,0.9972000224665429,1843.8514977460572,4.162182436829853,397823.50962784264,27.934853644568285,0.14272739357635708,0.29451582328790904,0.0,9.236487856937789,-1.9736765354822865,3.366682447352175,0.031307024955749496,0.29497019008353903,0.3332742166519165,0.04501044572442142,1.1298572800103268,5.873293878378586,2812.6785825298116,0.04411262726357437,1077.0351147538684,0.40882643307311406,0.47675633866076617,0.5380869496009038,-3.128602004993207,0.00047,-0.9723465720817948,1.0,0.4007521871283948,286.2210359657192,32.638307468664074,0.3674501349691539,2.526703434055841e-11,0.00017335231793645385,7.867395280635083e-06,0.9990781113237074,5763.280948397481,3.6496759660318716,646296.3027904322,20.01320674361074,0.10661406235513507,0.38322261498850013,0.0,8.390960512349,-0.2662156047767053,-0.6983916960547121,0.09217112243175501,0.3139041925801172,0.3861576700210571,0.051201745221950784,1.2301768474229562,0.0,0.3110562473376724
"MATLAB 3-37 PM Thu, Aug 29, 2024 Run0 .csv",True,0.0,0.0,0.0,0.0,0.0,-0.6404651382632895,-0.6449859825415671,-4.0345301554422,0.0,-0.9647880108332096,0.0,0.0,0.0,0.0,0.0,0.0,0.0,0.0,0.0,-3675.48905930139,0.0,0.0,0.0,0.0,0.0,0.0,-1.7662811785325523,0.0,0.0,0.0,0.0,0.0,0.0,0.0,0.0,0.0,-0.18330851376750806,0.0,0.0,-0.6369309706147513,-0.6415098132860724,-4.035730324848739,0.0,-0.9737711614657498,0.0,0.0,0.0,0.0,0.0,0.0,0.0,0.0,0.0,0.0,0.0,0.0,0.0,0.0,0.0,0.0,-1.6116844193651907,0.0,0.0,0.0,0.0,0.0,0.0,0.0,0.0,0.0
"MATLAB 3-37 PM Tue, Oct 15, 2024 Run13 .csv",0,5.340933621453951,2084.7431808275187,0.2363146460268505,1224.397493603119,0.0049376242356669936,-0.26428671075062893,-0.26737117869231963,-1.3416844093564277,0.00037,0.0337875350457848,0.0,1.3591515075549283,67.65417935002175,17.820677582767832,0.013088200295754977,3.160923634126305e-11,0.0001348312118556553,0.00025066554156608946,0.9994377781340361,3729.733143548694,2.9959164130268805,628235.5443006358,26.148084499854583,0.10574633756340904,0.1394227149079191,1.0,4.230949785997106,-0.035337841801551584,-1.499589648231461,0.039366701245307945,0.23224995480643376,0.2593720579147339,0.021556557412853443,1.116779799293846,5.410219341922252,1975.0697930559254,0.09061663172871692,1179.823848860755,0.004743349435263699,-0.2607567427513984,-0.26415657755700395,-1.3428286412344166,0.00033,0.02480424915029511,0.0,1.877851958915234,57.260842822314096,16.60416319905249,0.012573234518949013,1.8925106358780868e-11,0.0001622413219429423,0.0002182894468674366,0.9989959237109914,6157.4690821511085,2.681198744035582,416369.6670523386,30.782839271373437,0.08420652362773323,0.08684186262988824,1.0,1.3856706489206185,-0.00517884595862654,-1.205302238432497,0.023581789731979413,0.20726655156524096,0.2271031534671783,0.013154696792782037,1.0957057554734944,0.0,-0.8414785398380848
"MATLAB 3-38 PM Thu, Oct 17, 2024 Run8 .csv",0,5.583368082248123,2385.9560990525483,0.2732328807250582,1206.7184600699575,0.0007381734207019833,-0.5954136672273422,-0.6003563742160503,17.955508231079918,0.0032,2.032363080924779,0.0,0.2102590502196863,6.585025503198036,6.074346670904352,0.015635954699342515,7.420604089628309e-12,0.00011423368371855789,0.0006309686787296883,0.9990435519079247,5055.546951343637,4.997038190235935,211474.05890504134,1.743043632384916,0.022488975678887045,0.016653917239635146,0.2222222222222222,-1.7718192494732352,-0.08600745030318009,-1.0777374701633904,0.010095879435539301,0.10665063023567196,0.1178716814517975,0.007248004777771241,1.1052131730617039,5.838929461957862,2323.3420275937897,0.16380646858968184,1226.100251830745,0.0007912016170931417,-0.5918978988774113,-0.5969033412004153,17.954419936730478,0.002,2.02337965976634,0.0,0.46001504453138486,6.7265381091930845,7.290482351491716,0.01676274613970545,3.5010192649155774e-12,0.00019506184128461105,0.0009321061812098516,0.9964888011674695,5108.578872243452,4.974082843807089,393874.6745810758,2.006404847850774,0.026421230887136844,0.011088961523405915,0.2222222222222222,-1.616974282793572,0.009519130042433674,-1.5004590634001818,0.027358628511428854,0.10409806013107298,0.1259483850002289,0.015528158137367411,1.2099013645561072,0.0,-0.6732604289574808
"MATLAB 3-38 PM Tue, Oct 15, 2024 Run14 .csv",0,5.323593237870811,2123.1922041598823,0.24481847628299896,1227.3512388552342,0.21206515866141631,1.3101770666187087,1.291508428285729,-3.506071174662801,6e-05,-0.9690613731962263,1.0,2.2429738606559897,309.96507151696045,37.914344574871606,0.10853540588454173,3.9759535738875785e-12,0.0002669888204559957,0.00021853574600469325,0.9992754865257715,45.40747997373546,4.001208606002212,548990.2365371195,8.555728343580112,0.035735520602954506,0.052728735613069434,0.0,5.225411715056424,-0.014673540980593015,-1.5804572002124468,0.037899786829948406,0.2100809180736542,0.2357574987411499,0.018490296871111013,1.122222336530791,5.489720678071227,2062.163563621244,0.1073805069478885,1184.1115333861205,0.2120658492499257,1.313568635319439,1.2943498931819675,-3.50710353148369,5e-05,-0.978044929617615,1.0,3.8795621589559035,292.97155002533043,37.29256092634995,0.10854298115838686,2.495709670612023e-12,0.000506753998986534,0.00018570184357931318,0.9987756983166811,1970.9281038021402,3.633455165384794,499098.819059873,9.623107738645261,0.029401391140286292,0.034818531653318295,0.0,6.380380785492237,0.8596675571371087,-0.47249790262437497,0.013263913393020577,0.19620922207832334,0.2174361681938171,0.01000716518832876,1.1081852620924226,0.0,-0.8005350132234502
"MATLAB 3-38 PM Tue, Oct 8, 2024 Run12 .csv",0,5.856647274963256,2323.543462610911,0.260118579152752,1226.881522594247,3.2076057533795654,6.52616779751968,7.001273227397243,-3.8965879593668915,5.333333333333333e-05,0.029514172682768125,0.4,-6.85449314278883,2001.784207908721,94.0291478424462,0.4473055531317404,4.447107180953879e-12,0.0006369445868284247,0.00011094897786375661,0.9965453622955335,-2140.070859157344,3.79124478424868,410500.8590637817,4.465329741667337,0.023807450159676377,0.04956313193021284,1.0,5.222642679586082,-1.1754060034080696,-0.2331333228711694,0.026424378156661987,0.26324052262306213,0.2902980577945709,0.03320133080728488,1.1027863601769734,5.897765894198119,2810.5558062989076,0.07436088250799189,1096.5508253294545,3.208070465791459,6.529860166570826,7.004053124173592,-3.8975643786592307,5.6666666666666664e-05,-0.9794695190015701,1.0,1.886428323142605,1499.6442575171352,75.99431711369337,0.44735944062366256,4.718262960804362e-12,0.0010445660789122307,1.4832636019651684e-05,0.9977659857232166,955.1966178743332,3.2992804997171254,674093.2060316084,3.4488220284159854,0.018500332118198175,0.0642088282464545,0.0,5.377735853778047,-1.1216508213806964,-0.3351328721681526,0.047305580377578815,0.30432299327850343,0.357893705368042,0.061857582454290676,1.1760324171118839,0.0,0.9182761746978514
"MATLAB 3-39 PM Tue, Oct 15, 2024 Run15 .csv",0,5.409282448651545,2187.363492912061,0.25813019991528996,1220.7055546476286,0.2584817334788909,4.388138534965948,4.362588033939934,-3.870435438130741,2.5e-05,-0.9719102814382374,1.0,4.507158701902363,738.6004679001362,59.18623791320436,0.05134718587766509,1.0518038151428998e-12,0.000678863147864351,0.00022880512064730796,0.9989610685775638,-2240.4101690024754,4.448629123980422,391364.2899420197,2.422195380442519,0.011614264240389818,0.02160465124270153,0.0,4.219873644115741,-0.008945019504343505,-1.980909654624504,0.04547932654619219,0.18880740255117415,0.2133181416988373,0.02356621298505159,1.129818740242559,5.643555361989675,2165.5634762092545,0.13554098588333613,1177.285013175488,0.25813523993856446,4.3911183710350885,4.36600636259578,-3.8713559198945298,1.5e-05,-0.9808941083855252,1.0,4.905735901860868,469.93571599311144,53.70018798379993,0.05128378854219731,7.096438449135756e-13,0.0014273567697674744,0.0001966826068462373,0.9976443650423242,698.9453416084942,3.935080805677138,502942.8616865343,2.6088154118415923,0.009828971602926992,0.014670416048203986,0.0,4.375090922063856,0.02227420434535577,-1.9353799198385138,0.03740230172872544,0.180425172150135,0.203489236831665,0.020119626658540963,1.1278317454636428,0.0,-0.9805561911252783
"MATLAB 3-40 PM Mon, Aug 26, 2024 Run1 .csv",0,5.896075895357992,2309.4614490055624,0.38327476175048314,1291.0861044246474,0.3028373689271381,-0.29417286819936117,-0.3936971576684636,-1.1775886920305014,0.00247,0.02666526444075701,0.7931034482758621,3.2286464689640204,272.57372024149095,52.7737637189104,0.8584607782804657,1.2506016572731934e-12,0.0014651336350639916,0.001520683398946319,0.9947852333762421,-3040.2466894479458,4.108737490367895,820383.2093472824,2.5400404318326806,0.06333701055047955,0.07023421088289336,1.0,0.21710460864539938,2.1769846524149816,4.402585124046356,0.0339305078983307,0.07793428453905825,0.2855972492694855,0.05704948782717314,3.6645906350285795,5.680150902261614,1701.7391983156754,0.1852847664999542,1088.4245425936317,0.28478122191675054,-0.31418175556871203,-0.3896903971336725,-0.978451236068703,0.00384,0.01768130223051989,0.8064516129032258,2.3391298065913007,185.9469003144178,40.256413999948926,0.8649391713555646,8.931745087483976e-13,0.0010480512671097399,0.0007013238884884472,0.9979524293524048,952.1981039195773,3.7415894023847325,614359.6577690333,3.4866546743500426,0.02087614788297991,0.013992353694382356,1.0,0.37244599034966486,2.135280446580076,4.42466541154205,0.0286825782060623,0.053158107303803916,0.2042840564250946,0.04060978170895795,3.8429520309590917,2.0,0.40813065038557006
"MATLAB 3-41 PM Thu, Oct 3, 2024 Run6 .csv",0,5.956833719299807,2451.307360225858,0.2545158261982904,1180.3708062703934,0.004610080281365174,-0.2738353744376451,-0.28063235358503513,-1.3847719488017605,0.00047,0.02524081031975145,0.0,-1.761434273151068,130.5743792375046,21.845978398017355,0.012320336261571758,2.6534931289684968e-11,0.00016492162442906862,8.894322902587576e-05,0.9973140456950231,2320.6926162468826,4.140726632078342,469495.8654841357,16.658682010861302,0.1023954848188991,0.2230821761709694,1.0,2.214335573175058,-0.9804021587786276,0.40691232918513265,0.008755866289138853,0.24723484692750153,0.2609687650203705,0.009613244130673776,1.0555500903838861,5.815446038993013,2909.0507013782485,0.022697276299936203,1028.2515698430175,0.004633464583481226,-0.27033060433426376,-0.27708716116919985,-1.3855805555084482,0.00042,0.016256712846564825,0.0,-0.1947608644871743,88.08597216679223,19.657789584788578,0.012382830285043882,5.532800952789545e-11,0.00011730868740140649,6.437076433560267e-06,0.9992902458996907,8518.467540944539,3.888725029081936,642186.3014483687,13.713753563569082,0.09104224319381074,0.30871254346764393,1.0,3.369801058635474,0.09550723366404126,-1.5961300524323423,0.05013724565505978,0.27921689382305853,0.3156834518909455,0.02568495565049496,1.1306029788118623,0.0,-0.167750835685023
"MATLAB 3-41 PM Tue, Oct 15, 2024 Run16 .csv",0,5.4280889590401085,2212.011126049093,0.2850875045410412,1227.4619360920371,0.49554999953227696,11.049650735656394,11.043482440536383,-3.9919798746126594,1e-05,-0.9761836438012541,1.0,7.933124566146286,1389.0340356251538,71.88152169197467,0.042359226410723275,4.801162181542996e-13,0.0012226303534555647,0.0002543791302526629,0.9982142891607969,-2917.3475559200174,4.397169833794735,415903.8228828382,1.480589687483758,0.008122234004135313,0.016749177629662045,0.0,3.2115665377047167,0.6282571611752628,-1.4999999999999956,0.006687536239624037,0.1638311445713043,0.1719926631450653,0.005844713435822637,1.0498166486910483,5.783115439520129,2223.7884183184456,0.1782627083201192,1183.8791377822458,0.4946999995330268,11.054001306109718,11.047716064831668,-3.9927325437907975,6.666666666666667e-06,-0.9851678765373901,1.0,3.0183348794030196,396.19019652849005,59.08525344164194,0.04228349686933258,2.4986208038015183e-13,0.0034331695342195087,0.0002301247002071614,0.9948435083821513,289.77406984019433,3.8380340420554075,501098.545945031,1.5084562571687088,0.007076634223121846,0.011288846304941908,0.0,1.3671561269212833,-0.6611400560569972,-1.4999999999999907,0.005854485630989031,0.17576928774515788,0.1801837384700775,0.005195902462232604,1.0251150288059423,0.0,-0.9992755986348805
"MATLAB 3-41 PM Tue, Sep 17, 2024 Run1 .csv",0,5.9950947081865245,3083.0580725519153,0.2986567798082724,1036.9808320475918,0.0,-0.6501785184133133,-0.6565527448885402,-4.099161464610199,0.0,-0.9776080979222597,0.0,0.0,0.0,0.0,0.0,0.0,0.0,0.0,0.0,-3741.0840357794937,0.0,0.0,0.0,0.0,0.0,0.0,-1.791202497765625,0.0,0.0,0.0,0.0,0.0,0.0,0.0,5.956183508393465,3201.2820295390406,0.05989083034814072,1025.1342724785086,0.0,-0.6466821476085476,-0.6531806887124377,-4.099858196259787,0.0,-0.9865924659213452,0.0,0.0,0.0,0.0,0.0,0.0,0.0,0.0,0.0,0.0,0.0,0.0,0.0,0.0,0.0,0.0,-1.6354888047929075,0.0,0.0,0.0,0.0,0.0,0.0,0.0,0.0,1.0
"MATLAB 3-44 PM Thu, Aug 29, 2024 Run1 .csv",True,0.0,0.0,0.0,0.0,0.0,-0.651257782874427,-0.6578379407048707,-4.106342721184421,0.0,-0.9790325520432652,0.0,0.0,0.0,0.0,0.0,0.0,0.0,0.0,0.0,-3748.372366499283,0.0,0.0,0.0,0.0,0.0,0.0,-1.7939715332359663,0.0,0.0,0.0,0.0,0.0,0.0,0.0,0.0,0.0,-0.1845394994074022,0.0,0.0,-0.6477656117189694,-0.6544774526487005,-4.106983515305459,0.0,-0.9880170553053003,0.0,0.0,0.0,0.0,0.0,0.0,0.0,0.0,0.0,0.0,0.0,0.0,0.0,0.0,0.0,0.0,-1.638133736507098,0.0,0.0,0.0,0.0,0.0,0.0,0.0,0.0,0.0
"MATLAB 3-44 PM Tue, Sep 17, 2024 Run2 .csv",0,5.871163364881461,2992.9415631483785,0.27218639980550713,1049.0349681733812,1.9634999982662942,1.8206629504815643,1.8138768612959042,-3.813520977463088,0.0008,-0.9804570061642708,1.0,-9.611160020871655,1274.5253350521907,87.5556714679731,0.7939749292355269,2.4419168600282837e-12,0.0003649540006493007,0.00011194401131907366,0.9980481484995453,-1020.9375630052054,4.271288807849513,273534.39973604726,0.7432174216352464,0.011240026794046546,0.027635804658845256,0.0,0.2032594312936924,-0.6061689365261869,-1.5000000000000007,0.06978477478027345,0.13940013368924456,0.1947828459739685,0.06050990554452294,1.3972931073953268,5.875693965950591,3198.256723595887,0.02431929569557606,1046.4506014407264,1.9619999982676162,1.82455092198736,1.8176257812317878,-3.814105834055577,0.00041,-0.9894416446892553,1.0,7.21251748412881,1281.5187928270489,77.89228938686595,0.7932400743913062,6.200999217534417e-12,0.00039069570532411523,7.933848697695523e-06,0.9993479420309715,2557.867743137662,3.5775055901997495,351026.35103493085,0.8905574296370705,0.010064131964175512,0.02942234219115142,0.0,0.3592213317787112,0.4755151270909748,-1.5,0.17646761953830725,0.25562241991360984,0.4576554512977601,0.1485521044259319,1.7903572442997344,0.0,0.8314107231142596
"MATLAB 3-44 PM Tue, Sep 17, 2024 Run3 .csv",0,5.956039482079154,3034.1154081801374,0.2893209553396598,1063.4492762315706,0.12790106408186475,0.8498170202056305,0.8631916663151701,-3.720701233938792,0.00105,-0.9818814602852763,1.0,-5.4176928223553995,685.1051981597232,63.953684093707906,0.0850839728996046,9.003961468535344e-13,0.000432540954035825,0.00015331375887366494,0.9976393922422173,-1456.4867544044382,4.277762751297894,305883.1720183992,0.5634410274577709,0.009791015972966327,0.0231800748939461,0.0,0.20049039582335082,0.17082096048146447,-0.9989207938191322,0.03841108649969102,0.10932833462953567,0.1812651300430298,0.04899638283945635,1.6579885777758843,5.956098838019823,3197.4778862284115,0.03978918345884222,1035.5826140237443,0.12589292617474632,0.850300792065116,0.8622290181352426,-3.7212301530027307,0.00044,-0.9908662340732104,1.0,7.691894043428393,845.8379769941401,72.6185465249543,0.08391556399197021,2.173507608588133e-12,0.0004440330546466217,8.601187803842459e-06,0.9986057604182474,2248.944644927337,3.500255162779863,393008.9393172318,0.6822366551010347,0.007930403033794973,0.02423098442157197,0.0,-0.6434235999354796,-0.2552163142634516,-1.1250158626141358,0.12110268414020545,0.24744237482547757,0.3893285953998566,0.11010330675758968,1.5734111656277634,0.0,0.9763735648086905
"MATLAB 3-45 PM Wed, Nov 6, 2024 Run3 .csv",True,0.0,0.0,0.0,0.0,0.0,-0.6544955762577682,-0.6616935281538616,-4.127886490907088,0.0,-0.9833059144062819,0.0,0.0,0.0,0.0,0.0,0.0,0.0,0.0,0.0,-3770.237358658651,0.0,0.0,0.0,0.0,0.0,0.0,-1.8022786396469905,0.0,0.0,0.0,0.0,0.0,0.0,0.0,0.0,0.0,-0.18490879509937042,0.0,0.0,-0.6510160040502349,-0.658367744457489,-4.128359472442476,0.0,-0.9922908234571655,0.0,0.0,0.0,0.0,0.0,0.0,0.0,0.0,0.0,0.0,0.0,0.0,0.0,0.0,0.0,0.0,-1.6460685316496702,0.0,0.0,0.0,0.0,0.0,0.0,0.0,0.0,0.0
"MATLAB 3-47 PM Thu, Oct 3, 2024 Run7 .csv",0,5.947528957061193,2438.1748128168465,0.25799663563034186,1187.1855551732042,0.0016230582786602857,-0.2177248411064412,-0.22547872435881866,-1.8350447452153889,0.00025,0.015269631472712542,0.0,-2.1456454629316695,157.11475978941553,23.15529814365619,0.0037068819917709765,7.142613699176929e-11,0.00017494678927360208,9.509889261990296e-05,0.9964791101901678,1918.3725567548927,4.444546582432423,447177.28556757566,22.469147725002863,0.14371333452456078,0.30577415581541,1.0,2.194952324882668,-0.5118189014527432,-1.0965623080218967,0.008127785325050374,0.3190406295009281,0.3256472897529602,0.005262868853628415,1.0207078962399454,5.847019486927866,2914.7439460755672,0.02723878684042444,1036.0170882442574,0.001429536419764838,-0.2143221958208789,-0.22226450878034731,-1.8354617892222267,0.00033,0.006284587158879473,0.0,-0.30177435451253415,110.68214532216973,21.448204732160903,0.0032654422924342985,1.1861897544063103e-10,8.952382886169612e-05,8.811716878577907e-06,0.999028017111806,11159.353099778471,4.128786717746123,679580.5632942623,17.811892495109984,0.123689585857365,0.40576619335287195,1.0,2.351286536636139,-0.20924447055923778,-1.405910070263449,0.04604331433773046,0.3538085600604182,0.3910685884952545,0.026368466245397595,1.1053112689768545,0.0,-0.06161407519256344
"MATLAB 3-47 PM Tue, Oct 8, 2024 Run13 .csv",0,5.815185417502823,2333.886843326848,0.23922260077557256,1214.1333936365554,0.2689236709030916,0.32865589394786865,0.40923607926313443,-3.04223800297183,0.00199,0.013845177351706983,0.09090909090909091,-1.6164226551408165,314.5868200333842,35.10230834078012,0.272933057759615,3.0232466626679364e-11,0.00015304397318664987,8.369577684361053e-05,0.9971068855515,2730.3519468454356,4.256590063913499,362643.0520621774,10.475438917590626,0.05234319475587771,0.11154354861478177,1.0,-0.8078167105876735,-2.6969467513103917,5.594875225289,0.01519859552383418,0.2880025029182434,0.3239503467082977,0.06407405429005113,1.1248178172960495,5.858319823488656,2822.8892121550252,0.035193199990469604,1081.5703799385487,0.27080819479881996,0.3317670668571049,0.4125387267196292,-3.0425991094501184,0.00331,0.004859997774924518,0.09090909090909091,-0.1728801698996468,223.95787433977168,28.55975570704765,0.27494613436065035,3.152889682284406e-11,0.00015160308931402803,7.725262539818549e-06,0.999335059184114,6591.78558765454,3.8320094638771978,591569.8046537767,7.852755543559115,0.04168395607392908,0.14764815689815844,1.0,0.3486416049219483,-1.859954089482254,3.3105367932301197,0.03627705693244937,0.2855612671375275,0.3700318920612335,0.07584443604039358,1.2958056103702067,0.0,0.8466714758357134
"MATLAB 3-48 PM Mon, Aug 26, 2024 Run2 .csv",0,5.720281351267829,2320.886605851564,0.33550731873260736,1369.185348481477,0.15826394995557228,-0.414823369856101,-0.47259911577296254,-0.049389256590503194,0.00461,-0.9875792767692986,1.0,1.8783279398974817,121.18697508613488,40.769318862447555,0.6515332843260734,9.615289639218316e-13,0.001235604940765745,0.0009491388952728894,0.9959653937290112,-2986.0474696261563,3.9446063294846874,789569.5822567173,4.07085321166856,0.07952961977718252,0.09650959608147619,0.0,-1.8105857460580146,1.7475174039754402,2.976021945868683,0.045685099363327,0.07271188046874065,0.2475744163990021,0.049154275207120485,3.404868844032112,5.422875138182975,1736.7641223236928,0.13332156861194155,1133.7473986599687,0.2154705081639306,-0.3916609912085182,-0.4442580364584723,-0.3496974258357959,0.00479,-0.9965645916090305,1.0,1.7173390622102471,76.40619199378843,32.25702146180929,0.8205105604052474,9.5232151220411e-13,0.000879328765759523,0.0003327716218475232,0.998643270989037,1135.6881633759083,3.6423221974357625,509728.74647988676,5.76885199352153,0.023671808075269925,0.02014082439166471,0.0,-0.6540033267922425,1.6513831148630675,2.626562781449464,0.038383778631687196,0.06579172194004053,0.2026455843448639,0.03868891672228801,3.0801076240191056,3.0,0.16541835071206323
"MATLAB 3-49 PM Thu, Oct 17, 2024 Run9 .csv",0,3.8500198740984275,1316.3177291439192,0.10245080955621756,1174.765104784083,0.015500632231430196,-0.5744926341769266,-0.5900343114872117,7.845788973525423,0.0026,2.010996269109696,0.0,-0.04199442158829299,0.5779629746684236,4.084397065859084,0.18383102757546274,1.6249633634520073e-11,4.0081668428121824e-05,0.00013196370495325703,0.9997558338415593,21143.57883667011,3.201641559530398,83875.44882026674,17.898553925466206,0.04452394880188687,0.0288482211505153,0.4,-1.8133547815283562,-0.1771249771485492,-1.5458339333057447,0.014044597148895221,0.11793208003044126,0.1279967963695526,0.008391913874703944,1.0853433292833756,2.981359629313914,985.3658656571034,-0.10729467159522735,939.626748313072,0.019632361022477028,-0.5632298605735351,-0.5865548002707462,7.8455397421042345,0.0016,1.0020108190070145,0.0,0.02754706949058114,-0.4229289229155353,3.5656573204716255,0.21311724967292842,2.561116906080587e-11,4.063779649606083e-05,0.00010056699294202665,0.9995655302096677,24596.942167042922,2.4033363012189968,45527.20175167686,29.740865758805885,0.06160451249977366,0.028199433597243556,0.5714285714285714,-1.6566482585064333,-0.8642576783748519,-0.30220458234091785,0.005088901519775396,0.12624020437399544,0.1314234519004821,0.004870836704439195,1.0410586116537877,0.0,-0.48767659116190926
"MATLAB 3-49 PM Wed, Nov 6, 2024 Run4 .csv",True,0.0,0.0,0.0,0.0,0.0,-0.6598918985633369,-0.6681195072355133,-4.163792773778198,0.0,-0.9904281850113097,0.0,0.0,0.0,0.0,0.0,0.0,0.0,0.0,0.0,-3806.679012257597,0.0,0.0,0.0,0.0,0.0,0.0,-1.8161238169986975,0.0,0.0,0.0,0.0,0.0,0.0,0.0,0.0,0.0,-0.1855242879193175,0.0,0.0,-0.6564333246023439,-0.6648515641388031,-4.163986067670836,0.0,-0.9994137703769406,0.0,0.0,0.0,0.0,0.0,0.0,0.0,0.0,0.0,0.0,0.0,0.0,0.0,0.0,0.0,0.0,-1.659293190220624,0.0,0.0,0.0,0.0,0.0,0.0,0.0,0.0,0.0
"MATLAB 3-50 PM Mon, Aug 26, 2024 Run3 .csv",0,5.8088624338951576,2433.71248866321,0.3162116081172027,1319.629598715309,0.022508450970047274,-0.5681683593682759,-0.5808047031299558,6.629133980287557,0.00479,2.0081473608676847,0.009259259259259259,0.6500612679780349,21.84973913425554,16.878310171342687,0.24254063544716706,7.217562180582437e-12,0.0004114359945930144,0.0004441899165750858,0.9973976511782925,-1389.7806789863048,3.9426649973279333,632756.1298768234,29.77745282460085,0.2897803278647105,0.3849575853149902,0.15966386554621848,1.1811071475309611,0.4699616998671105,2.1693533550876705,0.036384039521217326,0.14953721885327934,0.2853505146503449,0.031767517939466985,1.9082240317062522,5.547980645110769,1890.015692544352,0.10869899740986383,1127.1472195068807,0.023386760503089285,-0.5629520268917065,-0.5773483281541432,6.4289946237264335,0.00469,1.9991616402391044,0.0,0.5783863392797216,14.16710620439213,13.159567886392866,0.24730946340607318,8.56740788029492e-12,0.00023994969510260372,0.0001458222196447243,0.9995415198154325,4165.629464075891,3.8524442624299895,359430.79230390495,43.20513076943932,0.10822685828384265,0.14291629537489844,0.08793103448275862,1.3380618780651852,1.3916969466890265,4.9289345582992965,0.0219320732355118,0.13180546503022028,0.2306885159015655,0.020833512285780408,1.7502196578015439,2.0,0.24443759812531138
"MATLAB 3-50 PM Thu, Mar 7, 2024 Run1 .csv",True,0.0,0.0,0.0,0.0,0.0,-0.6620504274855643,-0.670689898868174,-4.178155286926643,0.0,-0.9932770932533208,0.0,0.0,0.0,0.0,0.0,0.0,0.0,0.0,0.0,-3821.2556736971756,0.0,0.0,0.0,0.0,0.0,0.0,-1.8216618879393804,0.0,0.0,0.0,0.0,0.0,0.0,0.0,0.0,0.0,-0.18577048504729632,0.0,0.0,-0.6586002528231876,-0.6674450920113288,-4.178236705762179,0.0,-1.0022629491448507,0.0,0.0,0.0,0.0,0.0,0.0,0.0,0.0,0.0,0.0,0.0,0.0,0.0,0.0,0.0,0.0,-1.6645830536490056,0.0,0.0,0.0,0.0,0.0,0.0,0.0,0.0,0.0
"MATLAB 3-51 PM Tue, Sep 17, 2024 Run4 .csv",0,5.961197287211403,2976.1017645442384,0.2814287927527652,1060.273427336784,0.5655860149142581,0.14742030733592681,0.03707490468896546,-2.885323542220127,0.00363,-0.9947015473743264,1.0,-2.874111623177388,268.5729302640362,49.31246265852778,0.6977805384181635,1.88901794879744e-11,0.00018728118464040656,0.0001347887544649566,0.9980926528912808,1500.8362790732904,3.822896972060302,464216.91913082637,4.037514771795866,0.06145740896813271,0.14284806672262823,0.0,-0.8244309234097216,-0.38924191557723653,-1.2065009759046041,0.14488655209541318,0.17071198591819176,0.2873770797252655,0.07644570827053337,1.6834030614756115,5.91331803769687,3167.0996316667242,0.0037440237427557033,1043.6793474793312,0.5654425171469158,0.15077461568241068,0.040258143425920045,-2.885349023527114,0.00251,-1.0036875385288058,1.0,1.8613991175357976,292.0491657684316,45.860502590775305,0.697682403143126,4.169193158994923e-11,0.00010044553999946949,2.661474197648633e-06,0.9995137928570758,9950.803120400913,3.2289471406675108,625020.0839748235,4.872815149052394,0.049139063941850004,0.14826835037656685,0.0,-0.6672279853631964,0.32607025761545316,-0.13891302243896053,0.230231671333313,0.2932132530212402,0.6228397810459138,0.14621582683781872,2.124187002559518,1.0,0.8887965295243868
"MATLAB 3-52 PM Thu, Aug 29, 2024 Run2 .csv",0,5.918045386977135,2401.1345189773283,0.4042635630016532,1348.3914815181151,1.052304351959276,0.29515770941017216,0.15953970876124735,-3.1925077990899036,0.00066,-0.9961260014953319,1.0,0.06339158387814689,208.023445219318,48.921972919205835,1.0968739997465646,1.4482912561071927e-13,0.002291725969691875,0.0011446944217548933,0.9943541534101551,-3401.943568957678,4.004364531145789,387578.8958825659,0.5671943241057724,0.013134115177643542,0.0202602597723851,0.0,-0.8271999588800631,1.4051718670646443,0.8474810782286637,0.030266434550285357,0.050749263167381244,0.1221638357639312,0.02920992903508572,2.407204127496598,5.707696981457897,2016.290523360516,0.16965981541019476,1104.4206924333196,1.0531823614327749,0.2989550403291733,0.16276137937822766,-3.192477342868341,0.00102,-1.0051121279127608,1.0,2.470875474281125,254.24535983861898,45.648072568985484,1.0973824904521272,2.8602252374948575e-13,0.003431828671687546,0.00023980731405592247,0.9956833869131384,290.13202061265116,3.1064358640691547,340112.64671114285,0.7745176206273541,0.004015611155720133,0.008326258561638341,0.0,-0.6698729170773869,1.5877047759877885,1.1100715813479898,0.025443061888217926,0.05422526562213893,0.1602245783805847,0.04279207986302112,2.954795638938626,1.0,0.9810457279149943
"MATLAB 3-52 PM Thu, Oct 17, 2024 Run10 .csv",0,4.251750825521032,3588.7283826009925,0.0649878212200964,4493.923649784986,2.5000000002901174e-05,-0.6285532208763964,-0.6378104863246558,25.803301249500088,0.0002,-0.9975504556163375,1.0,0.7236883976715598,5.50670764036971,6.943950475422664,0.0006805498845242694,8.07368263430171e-13,0.007832997272716146,0.03976506293463375,0.9523984064358603,-3721.5326742772218,2.955279093420577,1582480.7093263192,11.360250795996365,39.69768553190176,81.83654527367625,0.0,-1.8299689943504045,-0.21077827190131587,-1.5000000000000024,0.0038163548707962347,0.17509655038515726,0.1786898374557495,0.003131968734445204,1.0205217467887755,4.572210864948379,3956.184533706429,-0.11328096082365359,4596.349721857841,3.0000000000949406e-05,-0.6251206451619419,-0.6346053838276061,25.8033876432502,0.0004,-1.006536717296716,1.0,0.540057700553254,7.751728227926515,8.538144819878186,0.0008167710320464491,6.549390885553004e-13,0.014548008598685274,0.07933790040248057,0.9061125391754868,62.28430049576501,3.278837819929731,2005177.2290139957,9.570643391570982,60.189345956426536,28.983430270443005,0.0,-1.6725178487915777,-0.009396681417912433,-1.4999999999999993,0.008541901111602773,0.19461642861366277,0.2031364834308624,0.006974501481928673,1.043778702948624,0.0,-0.5810876154157862
"MATLAB 3-52 PM Thu, Oct 3, 2024 Run8 .csv",0,5.93305149407483,2423.6296308161113,0.25311109372101814,1181.5752079398048,0.003533948061732144,-0.1214616034592697,-0.1323306826126598,-2.406862311450201,0.00028,0.001025090262656958,0.0,-1.9912265678925674,198.2483647857092,25.842401378156385,0.006485428363517625,6.701912428794916e-11,0.00018034874854127382,8.829172930711794e-05,0.9968792016420575,1677.0992878180891,4.087905558303287,363798.96358392463,18.806955230241595,0.11451733126163263,0.2528225613424643,1.0,1.1672619701792541,-0.03658963190437391,-0.6639075840753157,0.016925737857818646,0.3265863234466977,0.3523929369449616,0.014767496977073953,1.0790192719214582,5.850892527113137,2939.1274267659173,0.02388854514802824,1033.2439294397823,0.0037316193095716854,-0.11791646268834255,-0.12733214823713146,-2.4067199801715393,0.0003,-0.007961306680670965,0.0,-0.031211064560472408,137.89407441659873,24.493247423878582,0.006846786215109616,1.0470075222481224e-10,0.00010741118248877047,9.68077406165959e-06,0.9989279672196583,9300.0369614597,3.8664305899871647,639595.3383197547,14.440798694538339,0.10343292301568754,0.33627900178417025,1.0,1.3248372194942315,-0.41261026992339134,0.4847974782485909,0.022598224580287984,0.3664249332083596,0.3959017598628998,0.01851202618298302,1.080444380234843,0.0,0.4441304300636942
"MATLAB 3-52 PM Tue, Oct 1, 2024 Run2 .csv",True,0.0,0.0,0.0,0.0,0.0,-0.667446749791133,-0.6771158779498256,-4.214061569797753,0.0,-1.0003993638583486,0.0,0.0,0.0,0.0,0.0,0.0,0.0,0.0,0.0,-3857.6973272961222,0.0,0.0,0.0,0.0,0.0,0.0,-1.8355070652910874,0.0,0.0,0.0,0.0,0.0,0.0,0.0,0.0,0.0,-0.1863859778672434,0.0,0.0,-0.6640175733752965,-0.6739289116926429,-4.213863300990541,0.0,-1.009385896064626,0.0,0.0,0.0,0.0,0.0,0.0,0.0,0.0,0.0,0.0,0.0,0.0,0.0,0.0,0.0,0.0,-1.677807712219959,0.0,0.0,0.0,0.0,0.0,0.0,0.0,0.0,0.0
"MATLAB 3-53 PM Mon, Aug 26, 2024 Run4 .csv",0,5.828619161801903,2410.6005857832406,0.3243591212248391,1319.4337206807918,0.03269256198194823,-0.5142432018888036,-0.5157510739099139,2.2788221800317148,0.0045,1.9981761820206458,0.03076923076923077,0.8057373544484521,40.55609423889815,14.44115405061007,0.21190022064761502,1.1654887837925484e-11,0.0004075788882618414,0.0004987522515375856,0.9974483108272509,-1417.7335074421576,3.16584478674794,653967.8851934079,25.603115804047608,0.2817671085150738,0.3650303727446443,0.3146067415730337,-0.8382761007614286,-0.747495447427069,-0.45783712074743166,0.07229517102241509,0.17945101770987873,0.2300620412826538,0.041800628806677155,1.2820325246335393,5.617368458980034,1925.2655956139208,0.10939474916616504,1113.26230013005,0.04466490567776427,-0.5055895622170652,-0.5119256757743258,1.9790733860719225,0.00378,-0.010810485448581098,0.016129032258064516,0.779358948401623,29.35611389535626,15.743444211777378,0.28001061116473613,1.3242806444469448e-11,0.00018126367835173942,0.00015574524299647195,0.9995349469351306,5514.259425959282,3.0769068202467182,360137.5250879354,36.22154830368782,0.10060769086871695,0.13089092199530425,1.0,0.31954735606585016,-1.6235699406135398,2.7915352637128876,0.02202379554510117,0.17188127606145798,0.208964946269989,0.021850915734850686,1.2157516575294178,1.0,-0.22429042713962477
"MATLAB 3-53 PM Thu, Aug 29, 2024 Run3 .csv",0,5.881994466142395,2482.7332771945294,0.3248649856660915,1284.5168734057443,0.023779792837744198,-0.5506028691801376,-0.5638862696845788,4.17165992532934,0.00145,1.9967517278996403,0.0,0.39060701819464494,28.636103023374265,11.673859618441487,0.1998261457983787,1.8699240456021994e-11,0.0003761372611677531,0.00043494973150922815,0.9961398334023186,-1223.932714835556,2.9004044106618276,628574.996040325,35.71787282103527,0.4160152992057205,0.6341901222462397,0.17159763313609466,-0.8410451362317701,-0.044360940684556205,1.8747113522508227,0.011413243114948207,0.18849502195914583,0.2330022954940796,0.012001984026462494,1.2361190925486627,5.621234469461451,2100.3310990559066,0.08115456006557464,1028.8628929890317,0.023804947067204908,-0.5471905257978493,-0.5609224396670847,4.171970069193653,0.00142,1.9877649251674638,0.0,0.3662335656434608,24.297590244479576,10.871344490866935,0.20005169931927624,4.2861326407569534e-11,0.0001335150889529926,7.606657363744367e-05,0.9989997239978221,7482.298306744532,2.875035551990885,413022.1623730967,50.18271769851528,0.15042176579310726,0.3502056528666277,0.17159763313609466,-0.6830975756483406,-0.018983913221022938,1.0362829961423312,0.018138528466224713,0.20320195347070694,0.2489141082763672,0.014533670676895172,1.2249592291062792,3.0,0.7332404352624291
"MATLAB 3-53 PM Thu, Oct 3, 2024 Run9 .csv",0,5.949352558768856,2425.385181771776,0.25685423682740127,1182.9482761401766,0.18333074552475598,0.1611790924531865,0.22452853379884885,-3.0355933383381997,0.00066,-0.004672726221365275,0.08333333333333333,-2.258148471318188,298.1340743750521,32.20867153310006,0.2203855748381507,3.913851514832858e-11,0.00018812736614374668,9.017690349035454e-05,0.9971373340116009,1420.7688043518556,4.218862794295324,393658.16994524415,12.121334154583641,0.0729589790430039,0.16407545073669977,1.0,-1.8438141717021115,-2.5377117436667582,5.380941947665612,0.02411798775196078,0.3196642965078354,0.3504826712608337,0.0435010483321173,1.096408560761001,5.870418794068162,2947.1508627137223,0.026058625464021407,1040.9459609060232,0.1841273371982899,0.16463203355742995,0.23328079569127214,-3.035227256945337,0.00033,-0.013659664216491008,0.08333333333333333,0.1520045926204995,205.61893965578767,29.93822974882136,0.22133349845076708,5.771363744533321e-11,0.00012104924655918701,9.891849953648749e-06,0.9988688501250237,8251.756029201115,3.8997752914587744,574287.229054282,9.303427684838569,0.06733991911982046,0.21630799949557986,1.0,-1.6857425073625314,-2.02663033233878,3.6348595913029156,0.016183927655220032,0.35023502637942633,0.3849452006816864,0.03413704434854912,1.0991053769266839,0.0,0.8905176593134836
"MATLAB 3-53 PM Wed, Nov 6, 2024 Run5 .csv",0,5.604350306509022,2066.8031473833353,0.3217918148197508,1234.2305086803933,0.0,-0.6717638076355881,-0.682256661215147,-4.242786596094642,0.0,-1.0060971803423708,0.0,0.0,0.0,0.0,0.0,0.0,0.0,0.0,0.0,-3886.850650175279,0.0,0.0,0.0,0.0,0.0,0.0,-1.8465832071724528,0.0,0.0,0.0,0.0,0.0,0.0,0.0,5.587000422909913,2261.5557236919667,0.15412980756594755,1040.0117305001934,0.0,-0.6683514298169838,-0.6791159674376942,-4.242364577173229,0.0,-1.015084253600446,0.0,0.0,0.0,0.0,0.0,0.0,0.0,0.0,0.0,0.0,0.0,0.0,0.0,0.0,0.0,0.0,-1.6883874390767222,0.0,0.0,0.0,0.0,0.0,0.0,0.0,0.0,0.9999999999999998
"MATLAB 3-54 PM Thu, Oct 3, 2024 Run10 .csv",0,5.885083486727167,2398.006383953795,0.23983919237113802,1185.2995796391965,1.3831461033765107,1.6093569258854936,2.490458140156142,-3.84996385227479,0.00014,-1.0075216344633764,1.0,-4.128561765293198,968.5200191636361,59.33290874385676,0.6060582352990175,8.977258362906413e-12,0.0003756326846802433,7.889497050278314e-05,0.997156025759316,-1239.5349849511495,3.932998583212116,457794.9314742183,3.3255275673588844,0.019943398016577817,0.045130739308847,0.0,2.1506477573572056,-0.7725955344144343,-1.0461012278462243,0.06742842704057689,0.2977259585261345,0.3441954362392426,0.05395170430119004,1.1560813774625198,5.833318067663511,2948.76363842736,0.02508639808447735,1042.4547995489966,1.3822012680910236,1.611631770722457,2.4954872658119793,-3.8494858958248273,0.00011,-1.0165088429844011,1.0,1.3069871063614602,612.2585008122659,51.92664641397123,0.6059451437835061,1.5398138557352617e-11,0.0003765069390583973,1.1417108901679108e-05,0.9982864022036188,2651.4422408793416,3.5429615525139373,683096.4996836893,2.557545891540166,0.018164218852537734,0.058197876993441824,0.0,1.308967629209087,-1.0198944746252236,-0.7619580567198683,0.0449985474348068,0.32322620630264287,0.3713503801822663,0.055853602617559416,1.1488869805147044,0.0,0.9696390733598225
"MATLAB 3-55 PM Thu, Sep 5, 2024 Run0 .csv",0,5.650971697233725,2504.4082705646933,0.23738915388539317,1305.3091528926107,0.10317436957243464,-0.274655670244496,-0.24902705323395613,-1.757124106780128,0.0029,-1.008946088584382,1.0,1.7402267579939328,131.43863383429337,26.983628969351802,0.25840967523061353,2.0719906051071696e-11,0.0001638194354740068,7.285251560691376e-05,0.9991609237511409,2197.732539962568,4.1582948868042,535586.7651701622,8.375605039071,0.0675233647499748,0.12775176233228427,0.0,0.14787872188686446,-1.2100680711131686,1.223835275618388,0.06941917061805733,0.25472794694900514,0.3329176080226899,0.060203470783164736,1.3069536028935915,5.901391126252173,3039.142302450691,0.023510816788169464,1294.3320908549317,0.07790795686884813,-0.25389227145001536,-0.24580949569645694,-1.856591212900133,0.00181,-0.017933432368356206,0.8333333333333334,0.3722794383562831,114.76738454280753,21.456900119415796,0.18699730856250052,3.0704560640828715e-11,0.00011526601650391665,2.2268903872389408e-05,0.9988532428442961,8665.635138092552,3.6659544503657853,744382.2085123227,8.536660244642734,0.07768213137436956,0.16599458442040382,1.0,1.3063226974948963,-1.397671627460918,1.475814679390023,0.06473442554473874,0.26964209193984673,0.3141400754451752,0.04722120513684829,1.1650261025094528,1.0,0.25154485760120987
"MATLAB 3-55 PM Tue, Sep 17, 2024 Run5 .csv",0,5.900410728789756,3077.3088691351445,0.24738964916357573,1030.2715447537964,0.005914743443373872,-0.6269586058923727,-0.6391122487055745,16.5358776546745,0.00739,1.9896294572946125,0.014423076923076924,-0.4804809631500764,8.951999481705045,11.708667634471784,0.12311354501926973,5.2500646863284924e-11,7.777264190052057e-05,7.837006530335639e-05,0.9975738211800927,8918.08047520107,5.536762794755584,44044.6142976125,26.48422220639047,0.3637254008514375,0.9956157191308868,0.071,0.1451096864165229,1.5399234563507358,6.822280532661498,0.04357661068439482,0.13844023638619823,0.2908853375911713,0.027150374546910605,2.101161809488004,5.892513495967775,3294.0846203320007,-0.03424463201340208,990.5763158842364,0.003800899430709849,-0.6242451555235006,-0.6360062592881279,16.836470486477122,0.00553,1.980641978247689,0.009478672985781991,0.19172555142076259,12.391270205917758,17.605340832913967,0.08026112692491534,1.176897549020608e-10,2.5901049684230662e-05,9.13543412131729e-07,0.9995744198314764,38592.0428715307,5.516444735507852,116822.36575279642,33.20269953940212,0.42407994682255434,1.2661044759524802,0.0585325638911789,0.3036777657807055,3.2585402097986,22.362820210746758,0.0840455859899521,0.22843356356236605,0.6697893953323365,0.05643121723210293,2.932097126565524,2.0,0.16446832105355758
"MATLAB 3-56 PM Thu, Oct 10, 2024 Run2 .csv",True,0.0,0.0,0.0,0.0,0.0,-0.676080865480043,-0.6873974444804684,-4.271511622391531,0.0,-1.011794996826393,0.0,0.0,0.0,0.0,0.0,0.0,0.0,0.0,0.0,-3916.0039730544363,0.0,0.0,0.0,0.0,0.0,0.0,-1.8576593490538187,0.0,0.0,0.0,0.0,0.0,0.0,0.0,0.0,0.0,-0.18737076637915873,0.0,0.0,-0.672685286258671,-0.6843030231827455,-4.270865853355916,0.0,-1.0207826111362661,0.0,0.0,0.0,0.0,0.0,0.0,0.0,0.0,0.0,0.0,0.0,0.0,0.0,0.0,0.0,0.0,-1.698967165933485,0.0,0.0,0.0,0.0,0.0,0.0,0.0,0.0,0.0
"MATLAB 3-56 PM Thu, Oct 3, 2024 Run11 .csv",0,5.931397243307261,2435.1333104149576,0.2491442291822634,1186.1547869294704,2.9516353004408358,2.561173200526035,1.8014173574968435,-3.878688878571679,0.00107,-1.0132194509473986,1.0,-3.5265462317248515,1418.452400017451,73.18807217029277,0.9114674121626033,8.22071515566879e-12,0.0003763916043877033,8.512558567753079e-05,0.9958196305074724,-1277.5913399404913,3.955454181263422,477795.8266440521,2.2877470987689725,0.013979607611145584,0.03274855185723339,0.0,1.1395716154758402,-0.6083825228483443,-1.1097566038825848,0.13962834179401404,0.2336480462551117,0.3585240352153778,0.11660874028564121,1.5344619437729798,5.877691469196597,2981.0175809503307,0.03784234261873323,1025.7567110653451,2.951601506551227,2.5646979134313126,1.8049002106742795,-3.877987172007516,0.00101,-1.0222072005202212,1.0,1.1911484447885352,739.5268017001758,62.79374872010282,0.9114194503047511,1.2589857115924112e-11,0.00045754182311646144,1.221578733123623e-05,0.9981777866306683,2181.609934217084,3.502817213690459,715520.7848729874,1.6967195227299945,0.013482622971051192,0.04293228208015701,0.0,0.29838790235232415,-0.48381599870724706,-1.2199126339758077,0.1599834659695626,0.2530181595683098,0.3923864340782166,0.12488707695381669,1.5508232086886244,0.0,0.9981756332623976
"MATLAB 3-56 PM Tue, Sep 17, 2024 Run6 .csv",0,5.940773025912514,3047.9160962266233,0.26398419923421695,1033.984574588329,0.012330384057175733,-0.6253621457718271,-0.6434678361543308,14.714315883178507,0.01555,1.9853560949315958,0.0,-0.47113750145279326,10.292841053509516,13.551686880480544,0.2331888359652037,1.781452764419698e-10,9.468471348015345e-05,0.00010074496943477576,0.9979986879805592,6609.649686736734,5.535104558683278,35216.345469714324,44.944330787485654,0.6614775972774604,1.6839229689336992,0.04482323232323232,0.1368025800054986,1.0579176147252212,0.20019320074789393,0.04818296611309053,0.16046017003686802,0.3397779870033264,0.050533412274721995,2.1175222918264236,5.904554995977583,3243.0214416257018,-0.026561182113535725,1006.4833394195175,0.010305347153072613,-0.6238634390144443,-0.6405965510962892,15.415080527960846,0.02611,1.9763682100958238,0.18781725888324874,0.39284073684666926,14.87007809652492,15.161927590330764,0.20211011264885648,4.377105758243685e-10,2.907449584870623e-05,1.2754384496623604e-06,0.9994839486098259,34376.65622168652,5.52966315675528,91615.9746828284,57.06670115724881,0.6662925536621159,2.0150565257194457,0.10359712230215827,0.2957429706381334,1.4456028008730921,1.6089131016336164,0.09231408715248113,0.2715427955213537,0.7338208842277527,0.1142438249692928,2.702413381356112,11.0,0.47144316356946775
"MATLAB 3-56 PM Wed, Nov 6, 2024 Run6 .csv",0,5.731865709321296,2282.125229200874,0.2890768565425451,1305.2708043120383,0.0012210734644295365,-0.27096151636806776,-0.28275303229141824,-1.6262998312327097,0.00023333333333333333,-0.016068359189409742,0.0,2.4757708867428714,102.41257931028721,20.812685871008163,0.002990209640923671,3.915561737980112e-11,0.000207591631668799,0.00024295567157146515,0.9993315126543477,876.0606938040796,2.9924617276309244,1084183.660500398,8.526717513937662,0.04819836518193635,0.07398353361325927,1.0,-1.8659664554648425,0.5974053722573914,-1.4379292060904916,0.0290464153885841,0.31909267857670787,0.3470386672019959,0.01712233584300933,1.0875795356695093,5.39991583531509,2281.664878639471,0.07017565393650962,1065.9408460122913,0.0008124038397505116,-0.26733567895197796,-0.27969331535349284,-1.6254862496114466,0.00023333333333333333,-0.025056379288131314,0.0,0.8051421070069016,75.62509723538037,19.338805239564223,0.0019882619688456806,8.846113149153499e-11,0.00012708995264348056,0.00014045952051530559,0.9990956088089359,7861.326470170711,2.7494982208376206,397326.593158777,9.87486600504306,0.048839071099720535,0.05650999836960943,1.0,-1.7069019610760572,0.9937641961357769,0.37566661679713276,0.02642502069473268,0.2919076156616211,0.3606187093257904,0.031136928247712276,1.2353864372754806,0.0,-0.41668389021118474
"MATLAB 3-57 PM Thu, Aug 29, 2024 Run4 .csv",0,5.888417958702931,2511.515145995389,0.33303693788933586,1275.403199092477,0.003532227330819963,-0.5198307103518636,-0.5324382278876492,1.8998253574197168,0.00105,-0.0174928133104153,0.0,0.6131965056246209,36.340853042865234,12.22483702145408,0.02199843458341627,2.720527255711939e-11,0.0003321434216275411,0.0004008578771151413,0.9964138145201725,-945.2068238223901,2.505906780719439,598881.9511235841,34.38452520534259,0.39756106341983577,0.6282533485245609,1.0,1.131264509064816,-0.9647840006935672,0.7115644579325111,0.01353313684463503,0.20665693915659378,0.2220116817951202,0.00974734720690886,1.074300639026166,5.645275740600788,2138.3107571874007,0.08069133766276537,1019.8037427137908,0.0035403399505847667,-0.5164519297277239,-0.5294900790688571,1.9006948765695295,0.00062,-0.02648096867208638,0.0,0.12825975256481448,38.349985756825475,11.970327735986467,0.022048959342578563,6.226463272374391e-11,0.00011224802944605174,6.893598413480566e-05,0.9991673170149037,8901.424122506489,2.499835046406456,391631.4089353188,47.94878498136032,0.15518321436606,0.3803775466392281,1.0,1.290453107209752,-0.5811930177358633,-1.0226360253409967,0.029118861556053255,0.2533409364954118,0.2768709397315979,0.017569710824916387,1.0928788041983584,0.0,0.5753327068259535
"MATLAB 3-57 PM Thu, Oct 3, 2024 Run12 .csv",0,5.977844615663342,2465.6462412099895,0.25699861210992636,1191.8290269524382,0.002187000553213515,-0.401617188033319,-0.4142234238098581,-0.7073819017159817,0.00041,-0.01891726743142086,0.0,-0.8472150339023221,96.8999082236104,19.24500932839241,0.007814623580180285,3.3001775854492636e-11,0.00013892842414141144,7.905825791492844e-05,0.9971597553068571,3225.0615067455783,4.426732078535167,439850.0273954223,20.539170731464697,0.11612677833784847,0.27333101572752994,1.0,3.1284954735944743,-0.14993682297245087,-1.1995518379624217,0.017469967603683578,0.2520341660579046,0.2713296914100647,0.011529977795494872,1.0765591651876556,5.845224125503066,2954.486454215559,0.012057876501793657,1064.2404370144218,0.0024890847406613143,-0.3982426070584871,-0.4110868431106507,-0.7064564450376185,0.00057,-0.027905558056041446,0.0,-0.02088692484048245,70.03846795001579,16.825699214784578,0.008894035385065495,5.2248030016638765e-11,0.00010330914667638729,8.091823049923621e-06,0.9987021542951098,9667.122287085707,4.216332504091568,585492.1591937782,15.935777986671784,0.11087258241311096,0.36250038803593,1.0,3.2878081754955613,-0.779203535654891,-0.5739640696470678,0.022612521052360557,0.2714958410461744,0.2922166764736176,0.016187382234361794,1.0763210049465144,1.0,0.16269582427453824
"MATLAB 3-58 PM Thu, Sep 5, 2024 Run1 .csv",0,5.535415471898961,2495.4767273814864,0.2192507212260697,1313.1803262091523,0.14954775690819505,-0.13586200828617945,-0.0925586199102979,-2.4145801599650154,0.00163,-0.020341721552426417,0.15789473684210525,2.415536586990325,185.53880759978108,30.911294592524108,0.27354907034502013,1.9283717117453204e-11,0.00018765661331175836,6.157950788380438e-05,0.9991120580765306,1364.4165771815692,4.077880596950688,632344.4628074013,7.312242188682422,0.05756445732775458,0.10898569151845444,1.0,2.125726438124133,-1.1699946533119603,1.022832968075753,0.09779268801212315,0.2851680338382721,0.3567107927799225,0.06910938041625762,1.2508793078196998,5.827192618641472,3037.6524977937574,0.012837437446886868,1301.3573646304435,0.1494693612768647,-0.13278607140483834,-0.08988360733319078,-2.4135987657581017,0.00365,-0.029330147439996512,0.10526315789473684,0.4868277584058594,144.82194789208097,24.319077845196254,0.27355300404312755,2.7111723296555064e-11,0.000138610177315625,2.057245776253191e-05,0.9988329927344879,7206.0581126021925,3.514824553078505,911710.3935482216,7.3544895920545645,0.06712229391991789,0.14674988127470648,1.0,3.2851632437813705,-1.5545017381207265,2.4014654630688046,0.0714110386371613,0.27198572278022765,0.3354222214221954,0.0612654425309322,1.2332346639136875,0.0,0.4685789848774197
"MATLAB 3-59 PM Tue, Oct 1, 2024 Run3 .csv",0,5.978937788358344,2494.5088158155677,0.32365191942241744,1274.7315830996577,0.0,-0.6836357167078392,-0.6963938151947807,-4.321780418411086,0.0,-1.021766175673432,0.0,0.0,0.0,0.0,0.0,0.0,0.0,0.0,0.0,-3967.0222880929614,0.0,0.0,0.0,0.0,0.0,0.0,-1.8770425973462084,0.0,0.0,0.0,0.0,0.0,0.0,0.0,5.84434085207481,2640.378591440563,0.11369151626277793,1114.4600965665427,0.0,-0.6802695350316237,-0.6933803707365853,-4.320743086675622,0.0,-1.0307547368239516,0.0,0.0,0.0,0.0,0.0,0.0,0.0,0.0,0.0,0.0,0.0,0.0,0.0,0.0,0.0,0.0,-1.7174816879328203,0.0,0.0,0.0,0.0,0.0,0.0,0.0,0.0,0.0
"MATLAB 3-59 PM Tue, Sep 17, 2024 Run7 .csv",0,5.759562108671321,3068.845119935669,0.2218616680033911,976.2440134401162,0.008420461434022036,-0.5980732421152101,-0.6113790110871955,7.271154336442817,0.00273,1.9768093702055625,0.0,-0.3375721113405644,14.794405340266785,9.539515876130936,0.09718712396572418,4.152161374379793e-11,7.100986109955746e-05,6.72286137040421e-05,0.9978098576001884,10077.397723515027,4.858827338735642,313825.85907881917,15.640057634242515,0.21511627417512286,0.6290806173604883,0.1636828644501279,0.1201883671834505,-0.3002095006311203,-1.1851284535287048,0.03464597404003142,0.15147557506273532,0.1845703458786011,0.01955894894467986,1.2184825560302988,5.721319274367041,3236.0722755031406,-0.049407414221514095,954.01654990303,0.007925470884093311,-0.5946703905231214,-0.6091771347482272,7.272247605706831,0.00217,1.9678206737920934,0.0,0.05675629339067835,19.548217790669867,10.03935140023568,0.0914309226541097,1.027556123318627e-10,3.321210255116851e-05,7.932971833017984e-07,0.999597110727552,30097.3751718222,4.732544207116717,462128.2311581614,20.366968312083245,0.25871833408722117,0.7853279202084069,0.05939629990262902,-1.720126619647011,-0.18086015019812943,-1.5364958832059117,0.08552519053220753,0.22720981478691102,0.2826987600326538,0.041797768448430125,1.244218962538142,0.0,0.12310025381918904
"MATLAB 3-59 PM Tue, Sep 17, 2024 Run8 .csv",0,5.734099268056526,3036.6876208490858,0.21977667667733428,945.8492760635623,0.04074209151342416,-0.493898167368538,-0.5135642069908951,0.8639090735634225,0.00268,-0.024615083915443092,0.8653846153846154,-0.5479446485829624,37.90170299707249,14.340994474280054,0.21231330980041258,1.8869319217295387e-11,8.8175620118563e-05,6.311606845130972e-05,0.9976717929302384,7333.000160615431,4.4664006921224555,547752.1762244378,6.731345495862187,0.09241501130702294,0.2752567773846624,1.0,-1.882580668286891,-0.45988343406872334,-0.9788708266897066,0.03473175287246705,0.14858686706194507,0.1775904548168182,0.022369575912502163,1.1951961726387412,5.696916110693743,3219.6116456197924,-0.04569346952824491,934.6576792574863,0.039476627227058594,-0.48670646342570445,-0.5073238987754298,0.7650572802574684,0.00117,-0.03360391559186171,0.8627450980392157,0.28463418953058905,46.26431848468748,14.946119281679623,0.20168920074591865,4.729408338155189e-11,5.362986413470074e-05,1.0456096006864165e-06,0.9995716434559437,18638.340029080544,4.079924987204173,888135.0689054359,8.760927947830554,0.11118256187684862,0.3391790602137865,1.0,-1.7227715513612019,-0.13123340793696117,-1.6028151597131335,0.08924853801727295,0.23017199088545406,0.2844830882549286,0.04282585192390044,1.2359587591893517,0.0,0.2936671861169429
"MATLAB 4-00 PM Mon, Aug 26, 2024 Run5 .csv",0,5.745862912542867,2312.7657808376175,0.32877531729054404,1291.0518639335799,0.03804793763314764,-0.5932904913060918,-0.610199402723762,6.356782822407709,0.00788,1.9739604619635513,0.29906542056074764,0.5820003049107297,25.516510191079586,14.934151478113485,0.4065688212144971,8.31774575954451e-11,0.0004281307172520022,0.0005102439872742014,0.9979376233048394,-1657.9692145965942,4.070135411300093,573852.7370653994,62.33267420992907,0.7586734795688601,0.9685739502366899,0.14465408805031446,-0.8853497037572327,0.5790113056277064,-0.8228868664825928,0.12458267033100137,0.19665226545289294,0.3866389310359955,0.07447993786746523,1.9661046372670083,5.587916820018042,1910.399059790892,0.08541526589986323,1008.2263745713315,0.03439845358464466,-0.591669927444191,-0.6068706626256741,6.5579899669258594,0.00848,1.9649714950241832,0.2018348623853211,0.8742895841828332,22.965861434314448,14.325209108830462,0.3745068439313311,9.03856177734295e-11,0.000147050228900387,0.00013084720148351248,0.9996568190264152,6798.063671859979,3.9607542440995247,297964.8984850188,83.2112466542906,0.2514319777521115,0.347233344719469,0.09205020920502092,0.27458351692460736,0.5923961208090492,-0.8373687178342308,0.11621907353401187,0.20163251991665693,0.3913423097133637,0.06817483757834412,1.9408690119784333,4.0,0.07081346342492886
"MATLAB 4-00 PM Wed, Nov 6, 2024 Run7 .csv",0,5.70386565862132,2261.9129877856876,0.28721227068331806,1305.59587660886,0.0026348624233709485,-0.09935277507341733,-0.11188459898225056,-2.550469442394627,0.00016,-0.02746399215745421,0.0,3.057240647564914,153.25072910179338,25.048064180108053,0.0044764906994627105,6.960001871515172e-11,0.0002010771836299191,0.0002319686723619725,0.9992536009336913,973.3270590712882,3.1339558509369247,1162652.3001258015,12.823270563061737,0.06958726286826791,0.11230764976506388,1.0,-0.8881187392275738,0.7893693053788605,-0.7801453232639721,0.016348738670349194,0.37107680175039504,0.4043003749847412,0.01907154792588293,1.0895328758834513,5.389940012594673,2297.3979324139364,0.06964174820859204,1043.4754847556483,0.002832374222689717,-0.0963658919941145,-0.10941742700366364,-2.5492083605449625,0.00016,-0.03645309435977184,0.0,0.8809690070128746,107.10299675370914,21.543162144981316,0.0048150181265175975,1.3859804454461083e-10,0.00016096965758042556,0.00012475179966137847,0.9988744690055326,6205.358724245674,2.997009725108934,597785.3131150897,14.11734756001421,0.0723440435186068,0.0869688511347004,1.0,-0.7280614147895834,0.16064083558309122,-1.6954503264969791,0.08375419497489928,0.33545520504315696,0.3878803145885467,0.039029771843691365,1.1562805070758857,0.0,0.48419825730785837
"MATLAB 4-01 PM Thu, Oct 17, 2024 Run11 .csv",0,4.889458573882263,2102.0073110706735,0.20569833558768358,1170.1628537283812,0.010185624113994702,-0.6269463247826977,-0.6448197943278149,11.645513953023668,0.0036,1.9711115537215402,0.0,0.4415017408446878,2.6445987229642878,4.9180954415636355,0.1640574525106529,4.983234824376438e-12,7.283821909080042e-05,0.0002614993595546137,0.9994667868341811,9718.271698058452,4.51811160003938,12117.74342086086,2.929009718256125,0.018115883265869076,0.022644706382337128,0.25,-1.8908877746979154,-1.9117301049316704,2.277471907494875,0.00393104791641237,0.12120492801070211,0.1265530133247375,0.006743862891511367,1.0441243223506818,5.770145014938655,2326.4527818870333,0.11745340752837069,1075.1466356507076,0.01318709943575202,-0.619629712785112,-0.6419641904691866,11.646830972401883,0.0022,1.962122316256273,0.0,0.5643866192263788,3.2974429646435475,5.439971680843038,0.19963169578729298,2.0500953812121778e-12,0.000175621926783547,0.0003012787747281577,0.9984718937650804,5685.348703614277,5.495900498582075,11495.93456638799,2.0761016423763747,0.014720198289866718,0.017073779142971385,0.2,-1.730706346503774,0.2102867458754672,-1.2843469258147597,0.012342192530631957,0.10486759439110752,0.1174559593200683,0.008684984222824719,1.120040561643972,0.0,-0.5386699810842746
"MATLAB 4-02 PM Thu, Sep 5, 2024 Run2 .csv",0,5.604987264821114,2474.054242767244,0.24221525976424402,1297.214145815338,0.4475092552381926,0.7111315524280686,0.6021950087497665,-3.564859957068272,0.00108,-1.0303129003994653,1.0,4.330638887931302,471.88444103529974,48.193344757213715,0.31936594955906916,9.223211476516346e-12,0.00021491723578499276,7.445533111012183e-05,0.9989790767093568,637.4513630973424,4.2054154841567435,477135.7421481545,3.0866812318755668,0.024463491440264003,0.04841629557008108,0.0,2.1063431898317435,-1.3597576212245508,0.6947678139170899,0.105880314707756,0.2902283424139023,0.3645503997802735,0.09299267517472073,1.2560813211701376,5.863346614441898,3039.0019100541185,0.027970960834993203,1315.9911876835354,0.446922201208362,0.7152296790649073,0.6051390444883677,-3.5634870001615067,0.00238,-1.0393022731276818,1.0,0.8276921376860432,294.15409216605497,35.83766924872844,0.3187747515006717,1.1921573664307155e-11,0.00019701620646181702,2.4407854097652912e-05,0.9990691803315663,5070.999986618828,3.5746816686344935,780652.5497908789,3.062714238239092,0.028755657038849556,0.06284721541874158,0.0,2.266648721782035,-1.607816640579766,1.6049592863175732,0.05708774060010907,0.2521561947464943,0.3322378027439118,0.07944994795507593,1.3175873116182122,0.0,0.6763547257060081
"MATLAB 4-02 PM Wed, Nov 6, 2024 Run8 .csv",0,5.748403284889405,2243.9026461169997,0.34177830298273193,1317.7252108358232,0.004282410506731002,-0.1152817449175203,-0.1289401864224261,-2.6220404628331604,0.0002,-0.031737354520470884,0.0,3.0137892478090804,152.56627622827347,24.894152784825817,0.00743591751952774,6.158271271561805e-11,0.004686099615381502,0.0004586422418994357,0.994428967627998,-3805.8323597633944,3.0890324309624884,1007795.310421966,52.20776488454334,1.3271743946358396,5.795230974115476,1.0,6.103574154361402,0.6154843247630475,0.1614303478123551,0.011520707607269254,0.3715675580501556,0.4021632933616638,0.012180382807403575,1.0823423214665535,5.390014247715946,2281.276716649064,0.11606904346427141,1046.4389304141705,0.0042162931569018625,-0.11189496078650552,-0.1260077188016695,-2.6206115683978464,0.00018,-0.04072686251163682,0.0,0.9849879381159453,109.3159081901313,23.232684440657696,0.007320476722290918,1.2414531546991187e-10,0.0014414443891717203,0.00021061921258609125,0.9973159143095045,691.88650065271,2.8877617038108596,591462.264051802,57.95807906224311,0.7712351358554002,1.9172503147834892,1.0,5.264003790067845,-0.014113769797110313,-1.7034693663893907,0.09754563212394718,0.35187044334411627,0.4150648152828217,0.04794281565824856,1.1795955674427125,0.0,-0.18163274170367832
"MATLAB 4-05 PM Thu, Oct 10, 2024 Run3 .csv",True,0.0,0.0,0.0,0.0,0.0,-0.6922698323967491,-0.7066753817254234,-4.379230471004862,0.0,-1.0331618086414764,0.0,0.0,0.0,0.0,0.0,0.0,0.0,0.0,0.0,-4025.3289338512755,0.0,0.0,0.0,0.0,0.0,0.0,-1.8991948811089396,0.0,0.0,0.0,0.0,0.0,0.0,0.0,0.0,0.0,-0.18921724483899993,0.0,0.0,-0.6889372479149982,-0.7037544822266879,-4.377745639040998,0.0,-1.0421514518955919,0.0,0.0,0.0,0.0,0.0,0.0,0.0,0.0,0.0,0.0,0.0,0.0,0.0,0.0,0.0,0.0,-1.738641141646346,0.0,0.0,0.0,0.0,0.0,0.0,0.0,0.0,0.0
"MATLAB 4-05 PM Thu, Oct 3, 2024 Run13 .csv",0,5.936164186863349,2449.5173399756654,0.24281792931830015,1178.8700317452583,0.001904783852321409,-0.3418455257404174,-0.3567105778522055,-1.486382724722053,0.00032,-0.034586262762482,0.0,-0.633798963818113,117.4504915954631,21.365916705603517,0.005418960172341967,2.958282411614737e-11,0.00013446534748871872,6.605485650090354e-05,0.9973809698602069,3384.765641042476,4.279616196635246,452851.631648428,16.611477327243733,0.09013409462935087,0.22079041545588277,1.0,0.09803608342071923,-0.0015299805465212003,-1.0428069913876945,0.019597411155700684,0.2607769563280303,0.2776201391220093,0.01114886911226812,1.06458846299591,5.812494773885701,2993.55125230204,0.002899909940953793,1048.7663063192122,0.0023595523379088506,-0.33871714090779687,-0.35400124647398273,-1.4848419552296388,0.00045,-0.04357604127954695,0.0,-0.1025782770700294,88.94681203295207,18.84361205343118,0.006716562346355504,4.409123645584574e-11,0.00010641744236907946,8.253981768173415e-06,0.998704120461272,9384.778455749229,3.9938048378873283,645183.5262491938,12.3847122589852,0.09164399108441994,0.2960499355899448,1.0,0.25871392663946313,-0.07540736612330799,-0.9375819708083464,0.020209749937057486,0.26813603347745435,0.2903584563732148,0.013658812728023025,1.0828774208656629,1.0,0.6389488688039773
"MATLAB 4-05 PM Wed, Nov 6, 2024 Run9 .csv",0,5.699452281466664,2243.060443073694,0.287264198255302,1314.3395566134407,0.02573936131933203,0.8664549706331899,0.8607542252493736,-3.693585983463678,6e-05,-0.03601071688348756,0.0,4.787784154460059,390.4301480916298,38.135991238438095,0.016490253174233277,3.800678783569625e-11,0.0002671752316078605,0.00021628976593177798,0.9989541196907168,-300.95826219036053,3.364531425003513,917959.1477863408,11.87222193849911,0.05849782012598149,0.10486903714237851,1.0,3.0952670479503777,0.5127948696958784,-0.17355924487499141,0.006774600148200971,0.39674678921699524,0.4162862801551819,0.010178794998764678,1.0492492730104988,5.388217522175104,2291.146029127362,0.06929790752369411,1039.4485353393993,0.025489017221787702,0.8694958224832448,0.8630019885088263,-3.6919892764427145,6e-05,-0.045000630663501795,0.0,2.1450265319367467,269.7748047589145,35.92103567472777,0.01633283175979875,6.730383996658752e-11,0.0002092903990295611,0.00010074024596320522,0.9981735188125331,4769.32302408935,3.349044109372004,635802.4701499807,12.875227354969885,0.060689064304246046,0.08171656063051003,1.0,1.2560689949252724,-1.7193925717867993,1.3959925837226805,0.024594751000404425,0.4087093794345856,0.4352218770980835,0.04003430768449275,1.0648688261086048,0.0,-0.16577900661258677
"MATLAB 4-07 PM Mon, Aug 26, 2024 Run6 .csv",0,5.661844772615451,2245.7808030412775,0.33667339482496644,1282.9843309385042,0.035243063227124456,-0.6149807965830764,-0.6361309692403355,7.999349771488742,0.02081,1.9625648289955069,0.18548387096774194,0.5131729079829459,16.510539715513346,12.812094938275518,0.4376561647659078,5.551922426760499e-10,0.0004717314102526989,0.0005523932397785165,0.9978381278532761,-1931.9264111365537,4.7031922973274884,389638.3428662367,148.83147486226767,1.995651375538516,2.533708917376557,0.07961783439490445,-0.9075019875199635,0.09734658712634557,0.6479823940336962,0.08672336339950568,0.27648472771529226,0.5196533071994782,0.08167972009114567,1.8795009456529068,5.676880131851609,1952.5954360006058,0.09933482994717688,995.0102935786588,0.03620810824087014,-0.6100892932114955,-0.6318447741023046,7.801000415841219,0.0209,1.9535747799525431,0.07377049180327869,0.666298537798547,15.483100765592482,13.213163699673478,0.44103334048292425,4.700479445743315e-10,0.0001336155161741009,0.00012601579965510653,0.9996654044752493,7481.656570279504,4.514404150208305,220824.6343114336,183.727069494013,0.6176620702927066,0.8829682934358539,0.06418219461697723,-0.7465759367889184,0.17730090226169604,1.7164405086551326,0.08124267429113385,0.293526595664806,0.5656191956996919,0.06601180394711902,1.9269776710305435,5.0,0.04901419581342787
"MATLAB 4-08 PM Thu, Sep 5, 2024 Run3 .csv",0,5.5578809302598415,2485.937755436061,0.2287116006390278,1320.7822502391705,0.42448241250192903,0.12276765448850602,0.18968383421446733,-3.2079434961195314,0.00246,-1.0388596251254987,1.0,4.443951101794814,370.4605405545329,42.01868663265173,0.5180692720047803,1.5309111704817995e-11,0.00030316379988223137,6.653869774239147e-05,0.9989048542251459,-759.5477869382421,3.6388498260182516,690128.0578619768,4.186933789660485,0.032571336877657085,0.06323506256690453,0.0,0.08972897700969495,-0.9185544612472296,-0.818749468304266,0.15659857541322708,0.2767881594101587,0.3720944392681122,0.11726370036544459,1.3443293241338543,5.880188985958217,3023.213541677529,0.019682756388862438,1310.0270104363062,0.4240494184265684,0.12586525855503683,0.194858461231447,-3.2062349140414668,0.00467,-1.047849809431412,1.0,0.5649034886150898,248.06672858989418,32.800811479305494,0.5176786645378945,1.929715400262457e-11,0.000260976713294788,2.3390027955223654e-05,0.9988837407892268,3827.4822614572936,3.2063130811800615,799197.8638042206,4.208023829221371,0.038444128549139624,0.08539006070317331,0.0,0.2507791314968908,-0.9340786559899968,-0.6462155344119216,0.08274300068616869,0.2209649872779846,0.3245459794998169,0.09620829347715189,1.4687665385264064,0.0,0.8564675110467698
"MATLAB 4-08 PM Tue, Jun 4, 2024 Run4 .csv",True,0.0,0.0,0.0,0.0,0.0,-0.6976661547023177,-0.7131013608070751,-4.415136753875974,0.0,-1.0402840792465042,0.0,0.0,0.0,0.0,0.0,0.0,0.0,0.0,0.0,-4061.7705874502217,0.0,0.0,0.0,0.0,0.0,0.0,-1.9130400584606466,0.0,0.0,0.0,0.0,0.0,0.0,0.0,0.0,0.0,-0.18983273765894698,0.0,0.0,-0.6943545684671072,-0.710238301908002,-4.413372234269358,0.0,-1.049274398815367,0.0,0.0,0.0,0.0,0.0,0.0,0.0,0.0,0.0,0.0,0.0,0.0,0.0,0.0,0.0,0.0,-1.7518658002173,0.0,0.0,0.0,0.0,0.0,0.0,0.0,0.0,0.0
"MATLAB 4-09 PM Mon, Aug 26, 2024 Run7 .csv",0,5.808206252222579,2303.2318959171157,0.34999396936176974,1301.1050151647967,0.027941766819263268,-0.6226675566353529,-0.6447865566847668,8.777814002554223,0.02403,1.9582914666324904,0.07575757575757576,0.35881288382169674,13.133664683396923,14.770045179927408,0.36727854714570385,3.1172988623982403e-10,0.0004247140084406143,0.0005372319677542754,0.9978152979521395,-1719.6772681139378,4.782946616147309,366947.07740497653,164.84438549460688,2.1006717325305213,2.563452788924556,0.04309063893016345,0.08419090606901225,0.8118818086983731,5.842337050219772,0.07111338287591937,0.26244989315668743,0.6278965556621552,0.06782380656083083,2.3924435560249564,5.7692179451682435,1985.6686170301832,0.10742271026912023,1027.7639585433315,0.0277082924007492,-0.6198387902202047,-0.6412850659065082,8.879635459787906,0.02115,1.949301011800678,0.05263157894736842,0.518933005237729,12.720446177383817,13.61863339292633,0.366515477361325,3.666901411757001e-10,0.00013947601273245577,0.00011683916418603919,0.9996629629271389,7167.275170424479,4.7051394317094255,231910.15779225694,209.0201057499834,0.669700731245161,1.0080127758417003,0.05131004366812227,0.24548926806850946,0.4850650602682166,5.307804297410128,0.057178820371627886,0.2760756563512903,0.6157731473445893,0.06455590488946589,2.2304507231200916,5.0,0.07795023618950171
"MATLAB 4-09 PM Thu, Oct 3, 2024 Run14 .csv",0,5.928660944600166,2457.0349291533607,0.24055124217479476,1181.8159569560248,0.0013041840350790804,-0.3189766839615787,-0.33487175277715053,-1.8294732644629406,0.00026,-0.04313298748851535,0.0,-0.6315336399621011,136.20271588093647,22.479487440125705,0.0034244213865721367,3.0824397262247055e-11,0.0001355732619666052,6.363068953596874e-05,0.9969725155483293,3277.407474470817,4.140089076112798,396029.88276611303,14.45684197709371,0.07759523478015082,0.19165708458115832,1.0,4.081421870598671,0.01841799833085477,-1.2317644397279923,0.02394096851348876,0.26137665313023783,0.2829551327228546,0.014661532525701425,1.08255702770004,5.785949142869651,3012.504466853812,-0.002906173341842261,1041.2000245411027,0.0023757306223967075,-0.3156734970249846,-0.3319318301163394,-1.8275968697992262,0.00038,-0.052123577583277125,0.0,-0.11013581617231719,98.1236869715749,19.769285965043387,0.00623800210188612,4.537605373453712e-11,0.00010224801210338156,8.292860471069497e-06,0.9985472098723605,9765.93274852858,3.772704369233351,612889.0173263563,10.690389369453925,0.08158348084380895,0.26042610973304664,1.0,4.2428443363543185,-0.3342754702607866,-0.327226838325438,0.012821847200393643,0.26661931895292723,0.2867351841926575,0.011435825614931122,1.0754478907182332,2.0,0.6333643839383077
"MATLAB 4-09 PM Thu, Sep 5, 2024 Run4 .csv",0,5.46021449116536,2416.6024105888996,0.22192476662988717,1303.5008114398659,0.18792648424021927,-0.15032894857448187,-0.0817069488217611,-2.5866712719098746,0.003545,-0.04455744160952069,0.7837837837837838,2.733507372716398,196.33049260104627,32.60319346456879,0.3413276745349281,2.7924861415802957e-11,0.00016193115829141134,6.366566915577588e-05,0.9989042235614934,2085.0612549048974,4.239020993951497,500453.1104515946,15.808031983846835,0.11397315236787728,0.21800384113449336,1.0,3.0786528351283295,-0.9521417787099935,-0.2324786323793986,0.10599950551986703,0.2821173846399462,0.3842968797683716,0.09589709508891,1.3621878717571148,5.809360466852501,2950.809907555587,0.011071204681417673,1321.3907587644367,0.1867910474714566,-0.13136781844395817,-0.07392859428689436,-2.634739189763252,0.00366,-0.05354816696723219,0.4166666666666667,0.280451700650229,143.94622069535868,25.520392345354065,0.3298813050213896,3.4394303242656004e-11,0.00011438463345721192,2.240649876728294e-05,0.9990497644128573,8734.125679447789,3.718077330209532,798754.9782662165,15.797990482342962,0.1331582039326118,0.29441256108879443,1.0,4.240199404640128,-0.9803916662183277,0.11964313693660733,0.059127156436443395,0.252703190975719,0.3449144363403321,0.07387147685840598,1.3648994102867231,0.0,0.5788916663672786
"MATLAB 4-10 PM Thu, Mar 7, 2024 Run2 .csv",True,0.0,0.0,0.0,0.0,0.0,-0.7019832125467728,-0.7182421440723965,-4.4438617801728615,0.0,-1.0459818957305265,0.0,0.0,0.0,0.0,0.0,0.0,0.0,0.0,0.0,-4090.923910329379,0.0,0.0,0.0,0.0,0.0,0.0,-1.924116200342012,0.0,0.0,0.0,0.0,0.0,0.0,0.0,0.0,0.0,-0.19032513191490466,0.0,0.0,-0.6986884249087945,-0.7154253576530533,-4.441873510452046,0.0,-1.0549727563511873,0.0,0.0,0.0,0.0,0.0,0.0,0.0,0.0,0.0,0.0,0.0,0.0,0.0,0.0,0.0,0.0,-1.7624455270740629,0.0,0.0,0.0,0.0,0.0,0.0,0.0,0.0,0.0
"MATLAB 4-10 PM Wed, Jun 19, 2024 Run0 .csv",True,0.0,0.0,0.0,0.0,0.0,-0.7030624770078865,-0.7195273398887267,-4.451043036747084,0.0,-1.0474063498515318,0.0,0.0,0.0,0.0,0.0,0.0,0.0,0.0,0.0,-4098.212241049168,0.0,0.0,0.0,0.0,0.0,0.0,-1.9268852358123536,0.0,0.0,0.0,0.0,0.0,0.0,0.0,0.0,0.0,-0.19044823047889406,0.0,0.0,-0.6997718890192162,-0.7167221215893161,-4.448998829497718,0.0,-1.0563973457351423,0.0,0.0,0.0,0.0,0.0,0.0,0.0,0.0,0.0,0.0,0.0,0.0,0.0,0.0,0.0,0.0,-1.7650904587882537,0.0,0.0,0.0,0.0,0.0,0.0,0.0,0.0,0.0
"MATLAB 4-12 PM Thu, Mar 7, 2024 Run3 .csv",True,0.0,0.0,0.0,0.0,0.0,-0.7041417414690002,-0.7208125357050572,-4.458224293321306,0.0,-1.0488308039725376,0.0,0.0,0.0,0.0,0.0,0.0,0.0,0.0,0.0,-4105.500571768957,0.0,0.0,0.0,0.0,0.0,0.0,-1.9296542712826947,0.0,0.0,0.0,0.0,0.0,0.0,0.0,0.0,0.0,-0.19057132904288349,0.0,0.0,-0.700855353129638,-0.7180188855255789,-4.45612414854339,0.0,-1.0578219351190974,0.0,0.0,0.0,0.0,0.0,0.0,0.0,0.0,0.0,0.0,0.0,0.0,0.0,0.0,0.0,0.0,-1.7677353905024444,0.0,0.0,0.0,0.0,0.0,0.0,0.0,0.0,0.0
"MATLAB 4-12 PM Thu, Oct 3, 2024 Run15 .csv",0,5.901425883842765,2422.304794223959,0.24217687920882078,1167.6909440910113,0.17492874614343973,0.16188808421161482,0.2168022676466832,-3.265393548713308,0.00023,-0.05025525809354292,0.08333333333333333,0.3599605057877812,285.22575000421307,32.86920555921447,0.2017378760437717,1.1873122523395369e-11,0.0001801043948030942,6.276976047377359e-05,0.9981157927273949,1429.0847081947795,4.361613049206989,392968.6339594579,6.252215069500287,0.032096838599369626,0.08005204115721846,1.0,0.06757669324696369,-0.6048750441882176,-0.5807010867973807,0.027467056810855928,0.25566820075114566,0.2762714517116547,0.017315493924420514,1.0805858957037962,5.811332703154451,3034.8465244234053,0.0072334738864260895,1044.0411969671827,0.17483056433982025,0.16517027290167008,0.21428434971092503,-3.263237466406843,0.0002,-0.059246524503052456,0.08333333333333333,0.2749695396160574,211.37787046593903,28.53362172123867,0.20162464714935005,1.652054846639578e-11,0.00021132775963937005,9.017926838658216e-06,0.9983898819932376,4724.366944016186,3.772516991666453,588907.7572031579,4.354396567055149,0.03457654984135111,0.10838067372270832,1.0,0.229619677783365,-0.8259148978634333,0.29436613164615943,0.016192923188209474,0.2637474744518598,0.2802243459224701,0.012748653198226849,1.0624721488039033,1.0,0.5491336277485138
"MATLAB 4-12 PM Wed, Nov 6, 2024 Run10 .csv",0,5.352532784861616,2167.140691822958,0.20688917527231676,1357.3507624179306,0.00121471103154214,-0.6261438188492764,-0.6432829274083363,8.02753820584504,0.00168,1.9483202877854513,0.0,0.21257788997952443,11.99539814062063,8.289304531508915,0.015154251568963214,4.1016891844573655e-11,0.00014841122498556977,8.32955052732244e-05,0.9991715324049787,2612.3753323041437,3.9098514136630698,445822.53409762983,72.49435048813474,0.18551342612973604,0.42287643967987276,0.3351063829787234,-0.9351923422233774,0.41274186569450705,-1.0079418165284422,0.026345988512039203,0.17847748633384705,0.2070411872863769,0.014791906389388315,1.1600409191056213,5.131193596292883,2167.9599017528594,0.007455013619315609,1139.4805721372868,0.0032680328950137347,-0.6228658298085302,-0.6404124134688111,8.029750225680054,0.00362,1.9393288861129925,0.0,0.0676692435554326,7.269616683165445,6.6112085419090825,0.04077067824420031,5.994793570558152e-11,0.0001878564436582952,4.334203554363263e-05,0.9989125958856141,5317.425244686329,3.5658174348204397,533213.7600678353,77.78223215026904,0.21615469344833582,0.3285158310968133,0.3333333333333333,-1.7730252539308258,-0.08673309300060603,-0.5643805863725517,0.019586488008499103,0.144695394449234,0.1695837879180908,0.012622632413457782,1.1720054294996158,0.0,-0.5236314509528438
"MATLAB 4-12 PM Wed, Nov 6, 2024 Run11 .csv",0,5.373038288646844,2191.25075008597,0.20915273845958007,1359.4735665483113,0.0012704985886689852,-0.6253295349250381,-0.6426681232267057,8.521532078488217,0.0013,1.946895833664446,0.0,0.19665094764726712,12.046175311349478,7.677931745943467,0.015484443507552124,3.891511339051964e-11,0.00013062521704121545,8.920110504292381e-05,0.9992372926074223,3522.285209797383,3.9537381892389742,448617.77366994374,6.95550747491003,0.01984449576037578,0.041348673326304,0.2413793103448276,-1.937961377693719,-0.07048251496705374,-1.2235569962410522,0.019346821308136003,0.1775760224232307,0.1940542078018188,0.011630696418360481,1.0927951034927135,5.2088462321021165,2202.1896340294084,0.015161817341180439,1132.859946896718,0.003212594569909187,-0.6221974122001411,-0.6400091774069364,8.523800035851782,0.0027,1.9379042967290374,0.0,-0.05981606776044936,7.703092314738331,6.289883513317606,0.03922182813416083,5.5047212505177055e-11,0.00020449186700071672,4.7432156350296035e-05,0.9989511900617978,4885.041174074158,3.5826081487231365,573824.9158945018,7.134222674300782,0.021686924569598705,0.03208854770224498,0.2413793103448276,-1.7756701856450166,0.10223563369705943,-0.6461517885020487,0.01139155745506279,0.1380085774568411,0.1553213703632354,0.009643342436097078,1.1254472238278703,0.0,-0.8138468783514342
"MATLAB 4-14 PM Thu, Mar 7, 2024 Run4 .csv",True,0.0,0.0,0.0,0.0,0.0,-0.7084587993134552,-0.7259533189703786,-4.486949319618194,0.0,-1.0545286204565598,0.0,0.0,0.0,0.0,0.0,0.0,0.0,0.0,0.0,-4134.653894648114,0.0,0.0,0.0,0.0,0.0,0.0,-1.9407304131640606,0.0,0.0,0.0,0.0,0.0,0.0,0.0,0.0,0.0,-0.19106372329884114,0.0,0.0,-0.7051892095713252,-0.7232059412706302,-4.4846254247260795,0.0,-1.0635202926549174,0.0,0.0,0.0,0.0,0.0,0.0,0.0,0.0,0.0,0.0,0.0,0.0,0.0,0.0,0.0,0.0,-1.7783151173592073,0.0,0.0,0.0,0.0,0.0,0.0,0.0,0.0,0.0
"MATLAB 4-14 PM Thu, Oct 17, 2024 Run12 .csv",0,5.36686783693772,2258.82260690519,0.2340034049102115,1265.3054844082296,0.0001376841169748542,-0.6644475876240433,-0.6821385148266705,17.508069663323596,0.0038,1.9440469254224348,0.0,0.29699054834181876,5.474496661391795,6.219351482716285,0.0030535077189077124,4.158084513668858e-12,0.00012282517935280481,0.00016081771652384915,0.9994736871216727,3995.425799561008,5.16946700715004,42048.78713561083,3.569923525016377,0.014562270645325923,0.025025754857703548,0.08108108108108109,-1.9434994486344017,-0.5507701246955082,-0.8665052985344399,0.013286241590976772,0.0993723094463348,0.1095373201370239,0.008269239503889863,1.102292185291101,5.752880500111569,2336.74324269407,0.08628158833676236,1206.254933425397,0.0008892402925646516,-0.661186959435979,-0.6794027052468548,17.51044949574426,0.0032,1.9350551179611275,0.0,0.20705572825461482,6.676748756072694,6.225799594544351,0.019723327165613678,2.7040039331330276e-12,0.00012444577437468454,0.00012072155292790558,0.9982887392265296,8021.877353752938,5.5303606501970926,87251.61982783656,3.657404083810842,0.01346712250735467,0.019742816844408206,0.08108108108108109,-1.780960049073398,-0.05629916564221844,-1.222212842137265,0.014139050245285056,0.09638704836368556,0.1100153684616088,0.008974763158254812,1.1413916115213028,0.0,-0.8495139571596024
"MATLAB 4-14 PM Thu, Oct 3, 2024 Run16 .csv",0,5.8361860819018005,2412.6706749070568,0.23835802234039896,1172.0119476203263,1.6013416159673994,2.5357493355576883,3.553576285604484,-4.101307832372566,0.00025,-1.057377528698571,1.0,0.3865038078120086,962.0121859524656,60.97964476479471,0.4932719504013869,2.7417242736902583e-12,0.00042990245655866107,6.542358697003409e-05,0.9981488438118467,-1827.4274852191106,4.255259355194359,530444.5083806564,1.6296397028963423,0.008772720522144326,0.022441948346717446,0.0,1.0537315158952567,-1.1412287683923237,-0.6769468809155277,0.041964161396026545,0.22150214910507202,0.2638402676582336,0.06354162946636567,1.1911408928726828,5.79674661623517,3029.888976260785,0.02339888240129301,1044.523001717943,1.5987048709431608,2.540877192666211,3.556300527064357,-4.09887206242335,0.00022,-1.0663694714228276,1.0,1.985919406824191,711.8921820536599,49.08476991598022,0.4921767337192975,3.438271379270219e-12,0.0006549076947558294,1.335945318880116e-05,0.9973255779578513,1522.849076204069,3.7062773564805402,702896.3422062858,1.1049289402258093,0.00917485110360831,0.0285897885277801,0.0,1.216395019212411,-1.1411049188098408,-0.6772104177044227,0.04120243251323702,0.2248121839761734,0.2655127942562104,0.061468994372922296,1.1810427244652835,0.0,0.9938271168302326
"MATLAB 4-15 PM Thu, Oct 10, 2024 Run4 .csv",0,5.832849417693476,2352.689745705667,0.2914963701056749,1264.3252203042514,0.8264298322664211,3.862836736580501,3.75309108962537,-4.308492089158292,1.5e-05,-1.0588019828195763,1.0,-2.740203778479379,944.1229733120532,64.00957788598294,0.18065882851420467,2.0554357031374314e-12,0.0005229800515224658,0.00017673349291259235,0.9986469076459418,-2246.987338254635,4.283306436287928,462057.6042414417,2.454288120613882,0.016221190743737346,0.028283772743345148,0.0,4.050962480424915,-0.2627392381221302,-1.654630443313969,0.017643613517284384,0.2028266194462776,0.2131748557090759,0.010533685563731214,1.05102010915061,6.043798100100208,2733.5873626054554,0.1075620149964388,1128.1996652575265,0.8236623181466615,3.866093727374707,3.7558037629653067,-4.306000381680526,2.5e-05,-1.0677940608067826,1.0,1.349380323185576,423.47341945431845,44.568602086577684,0.18005384568414257,1.4613738184879615e-12,0.0009553579460964449,2.050142601531003e-05,0.9988256049034074,1045.498819562416,3.603737662269969,718251.8465545214,1.969771045356782,0.010681977074482776,0.03318335711312384,0.0,3.2137500874982203,0.2622059287800189,-1.0492190513894462,0.0071880733966827315,0.21128611505031583,0.2222706246376037,0.007384336377742426,1.0519887905775163,0.0,-0.8945818688406032
"MATLAB 4-15 PM Wed, Jun 19, 2024 Run1 .csv",True,0.0,0.0,0.0,0.0,0.0,-0.7127758571579101,-0.7310941022356998,-4.515674345915083,0.0,-1.060226436940582,0.0,0.0,0.0,0.0,0.0,0.0,0.0,0.0,0.0,-4163.807217527272,0.0,0.0,0.0,0.0,0.0,0.0,-1.951806555045426,0.0,0.0,0.0,0.0,0.0,0.0,0.0,0.0,0.0,-0.1915561175547988,0.0,0.0,-0.7095230660130125,-0.7283929970156815,-4.513126700908767,0.0,-1.0692186501907377,0.0,0.0,0.0,0.0,0.0,0.0,0.0,0.0,0.0,0.0,0.0,0.0,0.0,0.0,0.0,0.0,-1.7888948442159702,0.0,0.0,0.0,0.0,0.0,0.0,0.0,0.0,0.0
"MATLAB 4-16 PM Thu, Mar 7, 2024 Run5 .csv",True,0.0,0.0,0.0,0.0,0.0,-0.7138551216190239,-0.7323792980520303,-4.5228556024893045,0.0,-1.0616508910615874,0.0,0.0,0.0,0.0,0.0,0.0,0.0,0.0,0.0,-4171.095548247061,0.0,0.0,0.0,0.0,0.0,0.0,-1.9545755905157676,0.0,0.0,0.0,0.0,0.0,0.0,0.0,0.0,0.0,-0.19167921611878821,0.0,0.0,-0.7106065301234343,-0.7296897609519444,-4.520252019954439,0.0,-1.0706432395746925,0.0,0.0,0.0,0.0,0.0,0.0,0.0,0.0,0.0,0.0,0.0,0.0,0.0,0.0,0.0,0.0,-1.791539775930161,0.0,0.0,0.0,0.0,0.0,0.0,0.0,0.0,0.0
"MATLAB 4-16 PM Thu, Sep 5, 2024 Run5 .csv",0,5.644340647616035,2572.4736650045725,0.25903951003987336,1276.4198964151394,1.5009399583288336,1.0136156123916076,0.5947355049604859,-4.030031858570935,0.00064,-1.0630753451825932,1.0,3.785435339665823,642.9551226184154,67.05118360948782,0.8683231376910432,3.1318388839725636e-13,0.0016966274051927062,7.856069484764484e-05,0.997907486319513,-3590.2126144539034,3.612265499690911,523572.9543840683,0.3174798968095348,0.0029041086917422146,0.007584233070543438,0.0,0.0426553740138913,-0.2737452353174566,-1.5034766421068166,0.0936132991313935,0.11584408831596368,0.1859389519691467,0.05760710222215347,1.605079332680317,5.885141851247507,3097.47166508613,0.05487259628168384,1273.0733654023525,1.499082235408725,1.0168600042378906,0.5974634739405952,-4.0273723385075195,0.00087,-1.0720678289586476,1.0,1.681614380839806,317.42152184522985,39.7335286580002,0.8672484086280988,4.630288597815147e-13,0.0023956413150546096,3.398876808291872e-05,0.9973662442210153,416.32536471691293,2.9272987913305273,958444.2369858996,0.3325968946410336,0.003952854318512945,0.00895589025927884,0.0,0.20581529235564822,-0.24198178651498697,-0.8205855423638484,0.028413033485412603,0.09326016020774838,0.1424853873252868,0.03440650578997443,1.5278269628519103,0.0,0.9589927153577804
"MATLAB 4-18 PM Thu, Mar 7, 2024 Run6 .csv",True,0.0,0.0,0.0,0.0,0.0,-0.7160136505412513,-0.734949689684691,-4.537218115637749,0.0,-1.0644997993035985,0.0,0.0,0.0,0.0,0.0,0.0,0.0,0.0,0.0,-4185.67220968664,0.0,0.0,0.0,0.0,0.0,0.0,-1.9601136614564503,0.0,0.0,0.0,0.0,0.0,0.0,0.0,0.0,0.0,-0.19192541324676704,0.0,0.0,-0.712773458344278,-0.73228328882447,-4.534502658045783,0.0,-1.0734924183426027,0.0,0.0,0.0,0.0,0.0,0.0,0.0,0.0,0.0,0.0,0.0,0.0,0.0,0.0,0.0,0.0,-1.7968296393585426,0.0,0.0,0.0,0.0,0.0,0.0,0.0,0.0,0.0
"MATLAB 4-18 PM Wed, Nov 6, 2024 Run12 .csv",0,5.424522684322973,2187.153653651577,0.21829652522155835,1335.2019004517817,0.0021242955469840965,-0.6164929150915001,-0.6354348855903369,5.456100661650076,0.0048,1.9340757465753957,0.0,0.15347968389220829,16.586870402374117,8.981163731820489,0.021116257941016844,4.70545561548956e-11,7.792256554558243e-05,9.045554211148163e-05,0.9992647347699541,8630.85663980966,3.1036091814805,412114.60931037215,10.562636405819418,0.029894701482447397,0.06373820717235448,0.25,-1.9628826969267918,-2.3497327788035376,7.413403959089241,0.010600593090057397,0.17368623286485668,0.2004005563259125,0.019017443599987752,1.1538079502354222,5.323403808539567,2285.3261359520775,0.017389378460315075,1111.645998769799,0.00233175120933985,-0.6133937646489767,-0.6327800528500485,5.458872056770593,0.0022,1.9250829922734423,0.0,0.09728792458048872,10.977215139952968,7.301179249839522,0.023210013105988768,5.1216074468845616e-11,8.469421120993097e-05,4.103599309985563e-05,0.9991803018891854,11797.504075131226,2.8182713231505647,519422.45318588876,10.526277054893606,0.04034802187987515,0.062367826800869566,0.25,-1.7994745710727333,-0.1644373751426145,-1.372945873571232,0.024036064147949232,0.15073801779747006,0.170713369846344,0.014353556296909252,1.1325170142260501,2.0,-0.276543042283509
"MATLAB 4-20 PM Thu, Mar 7, 2024 Run7 .csv",True,0.0,0.0,0.0,0.0,0.0,-0.7181721794634788,-0.7375200813173515,-4.551580628786194,0.0,-1.0673487075456096,0.0,0.0,0.0,0.0,0.0,0.0,0.0,0.0,0.0,-4200.248871126218,0.0,0.0,0.0,0.0,0.0,0.0,-1.965651732397133,0.0,0.0,0.0,0.0,0.0,0.0,0.0,0.0,0.0,-0.19217161037474587,0.0,0.0,-0.7149403865651216,-0.7348768166969957,-4.548753296137127,0.0,-1.0763415971105128,0.0,0.0,0.0,0.0,0.0,0.0,0.0,0.0,0.0,0.0,0.0,0.0,0.0,0.0,0.0,0.0,-1.802119502786924,0.0,0.0,0.0,0.0,0.0,0.0,0.0,0.0,0.0
"MATLAB 4-20 PM Thu, Oct 17, 2024 Run13 .csv",0,5.397038111216834,2285.782990383851,0.2357586550928679,1291.8371409216672,0.003574613872418318,-0.6055784402233351,-0.6254052772346657,4.24126745589155,0.004883333333333333,1.9312268383333846,0.0,0.47821075530104284,19.5266711560426,9.668987473431766,0.031446462713457586,4.420122032417482e-12,0.00012624921512276727,0.00015965593944140943,0.9994820955376892,3709.20188097342,3.8399971001920696,328848.13759373984,45.10045763579168,0.17824620532432123,0.3210483792108056,0.06502463054187192,8.031579232132525,-0.7455725067309235,2.5786448425978143,0.013510005474090592,0.10615584914882975,0.118538635969162,0.008365773483150757,1.1166472400684364,5.66681599862174,2244.8793959425357,0.07129017548124844,1163.9872768109824,0.003456088552168501,-0.602301713372032,-0.6225235807344657,4.210817281594726,0.0012966666666666667,1.9222338135055321,0.0,0.4229118624445003,19.463169482168265,10.270368026997163,0.030390640152537708,2.8686633812905308e-12,0.00019615485874293723,0.00010651067870315693,0.9980701838690483,5088.174671100187,3.767934585099772,472349.0492195272,48.74766883490355,0.14523567257838899,0.23518463119111188,0.06544372830937036,1.1952355654988853,-0.02498054073386402,-1.1366113460386598,0.017883762121200547,0.10345840182141201,0.1229368090629577,0.0109072698992806,1.1882728410513141,2.0,0.09221773393171655
"MATLAB 4-20 PM Thu, Oct 17, 2024 Run14 .csv",0,5.387957502792281,2269.6936418518585,0.23407055317029354,1296.135560712995,0.0006749149600267596,-0.5949449942110854,-0.6148904730609479,3.4348569451620934,0.0009,1.9298023842123793,0.0,0.46372208806800463,21.51715521588038,10.09366825433684,0.005382710179301813,3.9365142813395645e-12,0.00014945882826673581,0.00014938973159552007,0.9994984697157733,2472.624658947754,3.6206736309639385,325516.0316963029,1.400238462559501,0.005418128442778238,0.009606023336777006,0.2857142857142857,-1.9711898033378157,0.49135510135631416,-1.239519793153347,0.014109654128551433,0.10269340619444844,0.1173782122135162,0.009635967369442389,1.1429965814091538,5.641484042526012,2240.857214984683,0.06644333267587588,1167.2285459799643,0.0008778452275467362,-0.5917787434684365,-0.612270344680457,3.43779615286826,0.0011,1.920809224121577,0.0,0.6049558005224556,23.1650812361829,10.621036319040803,0.00700435039128192,2.8289583866666296e-12,0.000251518923543741,9.827709471936185e-05,0.9975828612478912,3966.233821267147,3.5100950729258527,453624.8259353317,1.5285335090266048,0.004618211282235857,0.007727799336399516,0.2857142857142857,-1.8074093662153055,-0.7304305134678221,-0.8389679664951619,0.015957111716270428,0.10911661833524702,0.1223386061191559,0.011465065500605507,1.1211729980788627,0.0,-0.8867118547961831
"MATLAB 4-20 PM Wed, Jun 19, 2024 Run2 .csv",True,0.0,0.0,0.0,0.0,0.0,-0.7214099728468201,-0.7413756687663426,-4.57312439850886,0.0,-1.0716220699086265,0.0,0.0,0.0,0.0,0.0,0.0,0.0,0.0,0.0,-4222.1138632855855,0.0,0.0,0.0,0.0,0.0,0.0,-1.9739588388081573,0.0,0.0,0.0,0.0,0.0,0.0,0.0,0.0,0.0,-0.1925409060667141,0.0,0.0,-0.718190778896387,-0.7387671085057841,-4.5701292532741435,0.0,-1.080615365262378,0.0,0.0,0.0,0.0,0.0,0.0,0.0,0.0,0.0,0.0,0.0,0.0,0.0,0.0,0.0,0.0,-1.8100542979294962,0.0,0.0,0.0,0.0,0.0,0.0,0.0,0.0,0.0
"MATLAB 4-21 PM Wed, Nov 6, 2024 Run13 .csv",0,5.39772535313287,2139.6750330059035,0.2203847916941757,1349.5053393083426,0.0012093984560504953,-0.5665983283551519,-0.5867608647208109,1.419994365234147,0.0006,-0.07304652402963185,0.0,0.30810456758430405,28.330651471947878,11.692178010520504,0.007757979372721552,2.851820230315065e-11,9.890271371984646e-05,9.832731098061723e-05,0.9993241271644456,5874.71011574528,2.6421710285674815,449341.8306314997,7.931018221418448,0.0215227904645381,0.04261328995175261,1.0,-1.9767278742784988,0.47805401330147185,-1.1048301901823794,0.019157111942768035,0.18909745494524632,0.2144297325611114,0.013385846632365379,1.1339641383497208,5.392624888038484,2212.1881682128314,0.021870019616897635,1173.8218443999028,0.0007816067360417387,-0.563374243144944,-0.5842638725800964,1.4230454479974135,0.0014,-0.08203995464633307,0.0,-0.036852990035142995,20.42918169645288,9.89088051403192,0.0050135133850819835,3.372285652395558e-11,9.759523196935947e-05,4.207017807717622e-05,0.9991697260436861,10237.89488360846,2.4028564777496837,566597.9027300633,8.340916249074022,0.022561709183664753,0.040422694534889836,1.0,-1.812699229643687,-0.5034316934713137,-0.9603847212768022,0.033585304319858594,0.16512618005275723,0.1877888190746307,0.018428568855016994,1.137244372846467,0.0,-0.7692415693299622
"MATLAB 4-22 PM Thu, Oct 10, 2024 Run5 .csv",0,5.63134238130942,2248.878021931885,0.2582135305637897,1247.1089309195067,0.001363121229858934,-0.3743077877924644,-0.3948460607075548,-1.6874579088002735,0.00049,-0.07447097815063763,0.0,-1.9286695277444057,99.48912959135241,20.89877622339072,0.0039028759185046136,2.349730055971916e-11,0.0002750884734897447,0.0001786421111710695,0.9981857122181017,-608.0916977542693,3.795056528752752,385339.1689414108,14.231235458360045,0.09834707215651745,0.1544983000009016,1.0,0.02050309025116004,0.6226274547755222,-0.9895663513029818,0.024596357345581105,0.17617640577513594,0.2058537769317627,0.01581681970665361,1.1684525860659554,5.951427064139574,2650.3836589119105,0.06808718174729728,1098.0383372205022,0.0019357011053268416,-0.3710719931406698,-0.3923106366860417,-1.6843508885084573,0.00051,-0.08346454403028813,0.0,0.5531996709455003,74.48694477774055,17.493608355776985,0.005541884560033104,1.3784643398644217e-11,0.00021340117793420757,8.198469368090896e-06,0.9991272148168949,4681.919867963099,3.7779944154594998,627945.8665070817,10.707149686159951,0.04725093389882725,0.16692991745720992,1.0,0.18465583864212243,-0.5899657822852108,-0.9419526724154741,0.045721081495285004,0.2103639732147085,0.2399725484848022,0.027084915007208735,1.1407492681262188,0.0,-0.9053823245900364
"MATLAB 4-22 PM Thu, Sep 5, 2024 Run6 .csv",0,5.556291407906935,2478.0041434962613,0.23027639368341482,1315.21498530481,0.2864597937852952,0.1883722329620744,0.23736874291655408,-3.4946571671478255,0.00059,-1.075895432271643,1.0,4.909557234016387,388.12122288152113,43.28984410262797,0.3137497470359149,2.2576198731965646e-11,0.00021587315851824798,6.471308963826044e-05,0.9992559097390188,384.9241383218732,3.6634295157885317,441002.50755811343,5.520459308420826,0.041602368094070225,0.08110293552071084,0.0,0.017734054780818465,-0.8866052161228289,-0.777243403155695,0.15611458361148844,0.3384371268749237,0.4337748813629151,0.11106932295618363,1.2817000468250204,5.851492896211157,3054.3835900593203,0.009291826639707096,1332.8701737225906,0.2870847051914805,0.1915888279645751,0.24054259881413642,-3.491494209327459,0.00277,-1.0848891334142432,1.0,0.7142442114360353,215.76458722940902,30.678422797426464,0.31443074756083483,2.538684023091422e-11,0.0001880138496727708,2.4469458249961657e-05,0.9994452923131945,5315.806756005909,3.1915716599672974,850974.2236571565,5.377958803997497,0.05049111267963865,0.11484082077877324,0.0,0.18201090692793165,-1.1590649422549233,0.33328029881224763,0.02367720663547518,0.25851497054100037,0.3706879234313965,0.08205231147615447,1.4339127929637852,0.0,0.6899355510530055
"MATLAB 4-22 PM Tue, Oct 1, 2024 Run4 .csv",0,5.990449909303248,2476.384799725782,0.29107543357748006,1226.1684110936812,0.36909999967297336,1.0945729676958353,1.0737835463554466,-4.3018464245101935,6e-05,-1.0773198863926488,1.0,-5.905670380865751,841.769174817807,58.36862559993239,0.20276877437785915,1.1909892423459761e-12,0.0005128566359527717,0.00013523991246870446,0.9969422224833008,-2307.3667808766113,4.440828967774646,347516.47019210155,1.1051235724210338,0.007522620128326372,0.015142853546268356,0.0,-0.9850349806895227,-0.5849564985513862,-1.5000000000000016,0.016779239177703853,0.1555505422751109,0.1690684723854065,0.014455708858027211,1.086903780035607,5.849284246919259,2740.0969992771543,0.06818443913134078,1040.6370835098937,0.3688999996731501,1.0968753630498336,1.0754458341370725,-4.298627529161277,4e-05,-1.0863137227981983,1.0,-0.38942693211969304,900.2795647078253,61.3884373918,0.20275915136859216,2.7160006127979543e-12,0.0009369417488824945,1.5729604169454305e-05,0.9984955859565363,1065.6965463941149,3.5132345357257497,571132.8890223533,1.0577747088422937,0.006048251756283005,0.020172340725742463,0.0,0.17936597521374087,-0.36050324463535244,-1.500000000000001,0.035151330232620265,0.21427809357643124,0.2457714545726776,0.029163427255445545,1.1469742448731137,0.0,0.9893018797055211
"MATLAB 4-23 PM Thu, Oct 17, 2024 Run15 .csv",0,5.4282073937406725,2242.2080727416587,0.2330671283854068,1273.266471593002,0.0013212115640210444,-0.5482862953105616,-0.5695016480059396,1.3915693839425787,0.0009,-0.07874434051365409,0.0,0.8389151913723817,33.81281511782238,11.877291599025288,0.007400916228947275,1.9603741117640754e-12,0.0002184994166621155,0.000163157008006802,0.9995418348983087,316.01886948093124,3.23760764011229,270359.5900265538,0.9011734562722044,0.005687694940810557,0.007566037118900635,1.0,-1.9878040161598642,-0.9449037741706477,-0.2728386410614405,0.005757141113281322,0.10121463159720097,0.1068136012554168,0.00546014403629185,1.0553177892352341,5.699792961324226,2277.3970243115646,0.06336610207585328,1159.3844891969381,0.0005999999994642124,-0.5450080996067396,-0.5666509283453499,1.3948442168200454,0.0007,-0.08773831218215333,0.0,0.3784849091601416,34.22422597375647,12.34826324349317,0.0033594624859788666,1.6460435836526678e-12,0.0002937185497079736,0.00010098102422372634,0.9982233122931266,3398.5708879660447,2.7682967921759345,338865.6793968822,0.9618996190467444,0.004421399427818171,0.006355315709957149,1.0,-1.82327895650045,0.035047610975863445,-1.833964033326726,0.024525356888771083,0.09977877318859098,0.1170890700817108,0.013378586354324514,1.1734867681766519,0.0,-0.7117726951379735
"MATLAB 4-23 PM Wed, Nov 6, 2024 Run14 .csv",0,5.36863204888386,2146.427216277503,0.2171288294308924,1350.2308850125573,0.0013543710659906633,-0.5382744486703952,-0.5593868438324117,0.3840380789768316,0.0005,-0.08016879463465987,0.0,0.25632990437243713,35.54198477407396,13.302821710062387,0.0071428887223652275,2.2470951781868386e-11,0.0001511715414462171,9.346435323895938e-05,0.9993373853527622,2344.7746311938226,2.2728672523861695,357297.90956561005,6.605639577926429,0.017661404914283724,0.03705148014890468,1.0,-1.9905730516302058,1.3808634604576164,0.08610992396720007,0.008462547659873948,0.1893197302818298,0.2247765231132507,0.01769544424543458,1.1872852490262813,5.433587788473837,2229.9032713205434,0.026989902702928698,1189.224383651545,0.002731616441188912,-0.5358693415040006,-0.556847692291448,0.387368849382848,0.0013,-0.08916290156610818,0.0,0.14495572109694937,26.060994557737732,11.043845016873396,0.014466604679582926,2.403637879630348e-11,0.0001168883987453045,3.954151065486954e-05,0.9991382647935411,8547.796663470654,2.070402968112085,436005.3542386553,6.786198200232847,0.027833313674992283,0.04522558469791934,1.0,-1.8259238882146407,-1.3474206063497858,0.8350744293810521,0.02043961793184282,0.17265698325634,0.1899689507484436,0.01884464046357567,1.1002679831744826,1.0,-0.8458420013232307
"MATLAB 4-24 PM Thu, Oct 10, 2024 Run6 .csv",0,5.587696176142893,2205.2225780327663,0.25381224799623586,1232.8312845087485,0.031002523048812833,-0.43504967281959567,-0.4614720397353571,-1.2233591911787922,0.00061,-0.0815932487556652,0.17647058823529413,-1.5459877217348579,84.98086018675252,18.58498788600395,0.10548120066771567,3.254456322301598e-11,0.00021430285786701867,0.00018431761983552978,0.9980437380606355,384.03267703190795,4.075324111112548,370427.79975813464,18.253901114629127,0.12377380876658758,0.1920469034982488,1.0,0.006657912899453056,0.3140624833776564,-1.1649214294209664,0.028795183002948754,0.18456949546056634,0.2128882837295532,0.016705082710420687,1.1534315743688925,5.9434974621548315,2624.6816185069074,0.06499712012840553,1097.7502213888918,0.030647115251906176,-0.4319659370202856,-0.45964445631370887,-1.2199724832442254,0.00056,-0.09058749095006324,0.17647058823529413,0.2507517910589598,61.81598591009097,15.898548266385179,0.10430962222511084,1.7931961910484926e-11,0.0001789240818859864,8.496949603972647e-06,0.9992263668673107,5584.63878274382,3.893084510743685,546705.3188817492,13.438104696253097,0.056901990142898956,0.20268924695919727,1.0,0.17143118007116853,-0.598012718106503,-0.9679605397367488,0.04047957718372344,0.2027637924516902,0.240688978433609,0.029127094718324472,1.187041214426657,0.0,-0.9351137028990723
"MATLAB 4-24 PM Thu, Oct 17, 2024 Run16 .csv",0,5.446397568331509,2293.6022340582667,0.2536919822139689,1315.9818165274994,0.0008381527299756605,-0.4970940887421243,-0.518607235503453,0.36992560333282043,0.0006,-0.08301770287667098,0.0,0.05646911325311576,35.509903314172625,12.086607036968894,0.003597994121992986,2.284931853133021e-12,0.00015837722477442438,0.00013375391857664703,0.9992397801275199,2028.8185974673452,4.627621352027537,349477.0309935738,0.8127336350289169,0.0033884006122350116,0.006008607397888289,1.0,-1.9961111225708885,0.15862377390720964,-1.7263370054149658,0.017264355421066288,0.09956512928009031,0.1102415418624878,0.008542781044739465,1.1072304396086634,5.725707961998149,2293.1236558837923,0.07929823685743734,1157.7360122981195,0.0008845902998682363,-0.4938084919862443,-0.5158412202025757,0.3733682487959378,0.0006,-0.09201208033401831,0.0,0.5606593899514076,37.7786996636165,13.230421174488246,0.0037957103653807577,1.617322116334647e-12,0.00018933730083451798,8.044485472905806e-05,0.9972341247890241,5266.971275040058,4.30842275132807,339555.3885246864,0.8578038832389785,0.003048013531963558,0.005514912619714184,1.0,-1.831213751643022,0.023010744434508852,-1.3746302466789155,0.011159601211547798,0.11193385863304135,0.1224844622611999,0.007438347156754069,1.0942574816682336,0.0,-0.7511310276334549
"MATLAB 4-25 PM Thu, Sep 5, 2024 Run7 .csv",0,4.553069771037422,1833.9089209793349,0.14270965637770625,998.4470496566291,0.5327796308503783,1.4606433117322977,1.20945756715397,-4.237751707282786,0.00038,-1.0844421569976763,1.0,3.2888745327066884,869.6394724265846,68.78782836630506,0.24308227669673915,8.061462229321677e-11,0.000337744069788376,6.118603527722562e-05,0.9995707004679675,-1328.1581329392006,3.618173618211452,467077.2647945639,4.173867727119504,0.018882216014259955,0.036776605541332864,0.0,1.0011198419587704,0.011217535009112758,-1.0171542452458013,0.11187278538942336,0.3248956808447838,0.51224227309227,0.13240778703255054,1.5766361429008637,5.1384866488631395,2202.091341704575,-0.01627911230667467,1214.9538319378426,0.5320336221052907,1.4645913755049467,1.2118620143352172,-4.2342531242911186,0.0007,-1.0934366697179734,1.0,-0.25344453326102007,638.6265687893515,57.99465685003993,0.24265702805382328,7.47210739504028e-11,0.00043989609587321134,2.8239681880697355e-05,0.9993687994589757,2271.829208838939,2.906688382437509,923870.9486405468,3.958162757828995,0.01632137182510071,0.033466417282691875,0.0,2.166141316642787,-0.882046046695003,-0.8269060146344902,0.07988772213459011,0.27847439348697667,0.3794322240352631,0.10121543927007365,1.3625390086467966,0.0,0.7141099084789294
"MATLAB 4-26 PM Thu, Oct 10, 2024 Run7 .csv",0,5.601611091488573,2204.5495513159767,0.25984366990436525,1231.7877843078397,0.020134115787990892,-0.47366000899207994,-0.4937276271616218,-0.7782574052161277,0.0008433333333333333,-0.0858666111186821,0.008620689655172414,-1.4441267409895697,75.69868701968119,21.921682460237363,0.07787542605631363,3.563223972512921e-11,0.00042277310676573377,0.0001811397517762087,0.9977145272694065,-1935.0681416432926,3.8933525801963818,569055.692131135,62.70101461315575,0.4268832863625784,0.8064553661967577,1.0,6.998350806488428,0.058855528982499884,-1.0601542296118116,0.0289270639419556,0.1896367253311749,0.2256555151939392,0.016024787405932394,1.1899357300114857,5.935514784011717,2628.1728768773723,0.08170819557329084,1102.7134757566125,0.01999189860615067,-0.4704828115347275,-0.4913347481002991,-0.7747028846959094,0.0007466666666666666,-0.09486125910192844,0.008620689655172414,0.1803096745702234,52.94527293798132,17.80577289767241,0.07732535354531013,2.014455182735324e-11,0.0006070057367581265,1.2342509839087645e-05,0.998836500957933,1645.5141038575377,3.8558765387066978,681739.4773279962,46.88964716582752,0.22059096078831214,1.1496890328543796,1.0,7.163496384928596,-0.15777685497684923,-0.6833841837439545,0.04920492291450501,0.20265077450152094,0.291491893529892,0.02982175230109523,1.4383951615625545,0.0,-0.7928943543406939
"MATLAB 4-26 PM Thu, Oct 17, 2024 Run17 .csv",0,5.487279461787004,2310.937398932735,0.2620986361751001,1314.373755955734,0.010382950596179687,-0.38727473936814844,-0.4116128230506645,-1.7520892179682725,0.00042,-0.08729106523968744,0.0,0.26561588880696846,64.7084962005259,17.206602491501968,0.030007908275048404,1.2363920692025174e-12,0.00019969436534194972,0.0001376152406088729,0.9992831517200181,701.7773325621229,4.34965969684995,517882.75497086765,4.315980625963464,0.017656676551037743,0.03193105985762835,1.0,-0.004418228981912797,-0.8650798197157372,0.24849597455872185,0.006446584463119492,0.09833546650820763,0.1063805305957794,0.00564033898373386,1.0818124362780166,5.767153752346467,2342.961444500345,0.09082566762128952,1149.479597580025,0.010217329707609123,-0.3840874558458308,-0.408331512110072,-1.7484787599195055,0.00039,-0.09628584848588329,0.0,0.30002592368343545,60.11519003611843,16.96724884593781,0.029528025934215867,9.443254153633445e-13,0.0003463416440437826,8.128552066869889e-05,0.997232845328883,2879.332770051811,4.175346601269852,482876.4190091579,4.501186537487242,0.01579028916554963,0.027799470863454984,1.0,0.16085145321440564,-0.35577096559410915,-0.8723273879704392,0.017923599481582703,0.1034360001827108,0.1182424259185791,0.010195311189778546,1.1431457684917632,1.0,-0.6549260720295887
"MATLAB 4-26 PM Thu, Sep 5, 2024 Run8 .csv",0,5.597393311144483,2702.5786505298242,0.19579181299506024,1264.8062119900808,0.017806025150712435,-0.5566647829011,-0.5759980187217049,0.9407565281175003,0.0006,-0.08871551936069322,0.017857142857142856,1.147547311557989,52.290333789749816,16.92206078232576,0.10020478079624982,8.121765742236136e-12,0.00011381075120041049,3.210603934384087e-05,0.9997734036456825,4474.951295102697,4.550219473106718,450148.29366338026,6.546107227301208,0.05627987278460555,0.11222870484905571,1.0,-0.0071872644522539275,-0.5903650105908281,-1.087992145257921,0.053351221084594724,0.17829803839325903,0.2084560561180115,0.027481066624817772,1.169143855964557,5.827965648526955,3093.047222656573,-0.025081200124868475,1200.811525807616,0.01735872808665636,-0.5534959847423635,-0.5735282759003362,0.944422923694817,0.00092,-0.09771043786983835,0.017857142857142856,0.507346409045751,43.8395469918505,14.402840449227345,0.09768758204609791,1.3087437182349829e-11,0.00011703746596148127,9.443558799432126e-06,0.9996458177419955,8541.246254178071,4.249287602743786,535607.2248739465,7.047041148424091,0.07769260284025739,0.17998440239496588,1.0,0.15820652150021486,-0.17500764881892966,-0.9569771744369042,0.03980009317398073,0.1706851440668106,0.2163393557071686,0.020754143848070703,1.267476187748875,2.0,0.37412098669218286
"MATLAB 4-28 PM Thu, Oct 17, 2024 Run18 .csv",0,5.5174506263226055,2367.110229551225,0.2678241503703863,1321.1992859286802,0.05835754147528215,-0.043326125739572396,-0.05643321499746623,-3.166465732495973,0.00018,-1.0901399734816986,1.0,-0.6478034107058905,133.20744555697775,24.347278569845066,0.08431778209389916,4.133488521538947e-13,0.00027792626517838013,0.00012725205463908536,0.9992092428863489,-721.6307359008256,4.687355339612925,309832.87921930506,2.0477057000159657,0.008919733697646528,0.017671134825465305,0.0,-0.009956299922595502,-0.32489511700492396,-1.2906948597836394,0.010173305273055988,0.0963188984394073,0.1033252620697021,0.005515540876334253,1.072741318098674,5.800015302741333,2386.833598681,0.09891473425220126,1165.8261257781696,0.05834778377565304,-0.0401329558015977,-0.05477504029532709,-3.1627433993901057,0.0002,-1.0991350272537934,1.0,0.4622579719907895,102.95302320026786,21.801935585586957,0.08430020367204503,3.5522218956372473e-13,0.0005777313235859152,7.5919283137799e-05,0.9963871959678188,1724.654965535454,4.522566901674341,296600.5540263826,2.138670747513368,0.008233820509400285,0.01610310771731488,0.0,1.155561589786024,-0.08576155122958896,-0.7271476442316707,0.007245580554008452,0.10170632314682004,0.1139695477485656,0.007029499063123626,1.1205748494520125,1.0,-0.8489976309303886
"MATLAB 4-29 PM Thu, Oct 10, 2024 Run8 .csv",0,5.500689322471651,2295.172441616259,0.2240717723333723,1267.863883285261,0.04817773227305184,-0.6354757978408287,-0.6657684102781107,5.226437019205344,0.00495,1.9084355723972957,0.12121212121212122,-0.5416046937099669,21.06809327543954,17.246928447309,0.4768001138056958,1.921064815893272e-11,0.00016666372470397776,8.447400848752152e-05,0.9976304228712126,1661.7377054230847,5.1315074687722815,49836.97370476122,24.679748652628525,0.11502346310425533,0.21953801322248606,0.0945945945945946,-0.012725335392936632,2.2573714726217196,3.3030069722754396,0.006692676544189459,0.08126633948749962,0.2240678036212921,0.044999470360417744,2.7572031056690847,5.903192551070072,2773.201870045943,0.03349735319703734,1115.7329092312846,0.03955334801729909,-0.6433174583401755,-0.677571803683784,6.430227291021981,0.00493,1.8994403833622515,0.10810810810810811,0.11626225894025309,15.023367462384183,15.278324667126768,0.43927753627144095,1.0075536603741499e-11,0.0002146326766897775,4.159472126022855e-06,0.9992014072858113,4655.402069695202,5.616668011015372,58284.557880135195,17.781145213777705,0.08709281398475627,0.27967239135848876,0.06904761904761905,0.15291665807183352,2.5838834353933837,5.141867161432312,0.0072571462392806985,0.09281271984985277,0.2647700202465057,0.0457050607859571,2.852734201463289,4.0,-0.0019859173049748763
"MATLAB 4-29 PM Thu, Sep 5, 2024 Run9 .csv",0,5.722564829331297,2850.227273219674,0.196680279901393,1244.4715371325549,0.016097159969000206,-0.5753513989235308,-0.5965536061559726,1.519218758985943,0.00073,-0.09298888172370967,0.0,0.4369380464551796,17.453954064625346,13.785464766834867,0.09921358367381884,5.780615805010282e-12,8.520318020342334e-05,2.550722518936164e-05,0.9998139909281907,7403.029168087891,5.24801198828149,53144.61642017561,8.371905833558284,0.07909752659006963,0.16357498697403333,1.0,0.9845056291367218,0.08507108762717595,-1.0564383395873505,0.037895289063453685,0.15464759665150798,0.2034307658672333,0.0242733058919248,1.3154473155225048,5.917614384050195,3238.808267326194,-0.02988456718716881,1140.5265023532831,0.01637100019757205,-0.5721476587291545,-0.5940185676944897,1.5230529671489101,0.00228,-0.10198420602170355,0.0,0.21126301430812905,13.557476843832543,10.57980120907454,0.10087181948846678,9.709256595206598e-12,7.505535158490644e-05,7.946201467481795e-06,0.999679947298818,13319.236086289318,5.431679422279874,44247.410768391666,8.869548940855552,0.1230305915308622,0.2724688988780016,1.0,2.1502717263576425,-0.2607433415854396,-0.34241552750159077,0.030148207545280414,0.1536844217200433,0.1885296654701233,0.019140396938758797,1.226732438851579,2.0,0.013692039636436703
"MATLAB 4-29 PM Wed, Nov 6, 2024 Run15 .csv",0,5.441887477022276,2233.7868225040615,0.2234968565719137,1357.3220543836974,0.00633578899198663,-0.13011153809719123,-0.15723880236339294,-2.6879244969240053,0.00015,-0.09441333584471545,0.0,0.4339570525612014,93.12108147992392,20.61124621115302,0.01041100235131801,9.903752735012254e-12,0.0002570032764982286,8.259302616422279e-05,0.9990561614802171,-451.39865419804755,3.652500229651589,307665.4359731799,2.2790040033021564,0.006383546369350593,0.015474160617604408,1.0,-2.01826340633362,-0.7207699595704612,-0.8829815224499691,0.012967382073402423,0.19676603972911835,0.2162127757072449,0.0175482319710509,1.0988317699786927,5.591559237173345,2325.675472536183,0.060256165125284394,1201.6537877473872,0.007494442378657682,-0.1268262052024719,-0.1548153320217538,-2.6840343512324876,0.00025,-0.10340879540565862,0.0,-0.5719750680998598,73.00462721105734,17.926739202384923,0.012312210260059308,5.877062988832969e-12,0.0002767572993163335,3.522626651516581e-05,0.9992694567960367,3610.634513577443,3.30625384941755,524181.84270464396,2.1738088556927857,0.006053745884274666,0.014015161607123997,1.0,-1.852373205356548,0.7192721473657201,-0.8822941957673454,0.016050440371036534,0.15338138729333875,0.1895069658756256,0.022253077056039777,1.2355277861269922,0.0,-0.9999635801869464
"MATLAB 4-30 PM Thu, Oct 17, 2024 Run19 .csv",0,5.548345647176455,2347.074880910691,0.2807569223491959,1335.5249064440982,0.030148341556081686,1.3664925294518322,1.3280260005053715,-4.195200759778045,6e-05,-0.09583778996572079,0.0,0.5319396779135683,346.28226022131287,40.27914031957062,0.014313752680232555,1.371312912693799e-13,0.0009850846427507075,0.00016319434323972947,0.9983929668648037,-3332.505657496531,3.8428249972490356,536827.5267172783,0.6528324468447961,0.003056382284384887,0.006421734146266277,1.0,3.978967558196039,0.8813906992241353,-0.6716019499668038,0.0033360576629638955,0.09339020991325374,0.0991564750671386,0.003212970857848677,1.061743786198156,5.765144853487742,2376.494309580118,0.10955365905821984,1156.7262900547576,0.030901820310565816,1.3696403293640296,1.3306379027269066,-4.1912546765579775,5e-05,-0.10483338478961368,0.0,0.05035310108923645,157.46045671478473,32.47265128542134,0.014671487400778721,1.3497306459026232e-13,0.002210814006403501,0.00010219223593570808,0.9958868544038242,450.46161799196705,3.485719493035053,476865.28949773166,0.6853283294226943,0.0029019373035546895,0.005817307353669239,1.0,1.1449818629292612,-0.1259691698943686,-1.0047885658779085,0.0095172739028931,0.09694331693649287,0.1109733927249908,0.009682400107483089,1.144724528021761,0.0,-0.8927835870269171
"MATLAB 4-32 PM Thu, Mar 7, 2024 Run8.csv",True,0.0,0.0,0.0,0.0,0.0,-0.7408367331468674,-0.7645091934602886,-4.702387016844859,0.0,-1.0972622440867266,0.0,0.0,0.0,0.0,0.0,0.0,0.0,0.0,0.0,-4353.303816241792,0.0,0.0,0.0,0.0,0.0,0.0,-2.0238014772743025,0.0,0.0,0.0,0.0,0.0,0.0,0.0,0.0,0.0,-0.19475668021852355,0.0,0.0,-0.7376931328839795,-0.7621088593585149,-4.698384996096241,0.0,-1.1062579741735687,0.0,0.0,0.0,0.0,0.0,0.0,0.0,0.0,0.0,0.0,0.0,0.0,0.0,0.0,0.0,0.0,-1.8576630687849296,0.0,0.0,0.0,0.0,0.0,0.0,0.0,0.0,0.0
"MATLAB 4-32 PM Thu, Oct 17, 2024 Run20 .csv",0,5.363358139260898,2231.250618063518,0.2758557277021623,1309.9925172130609,0.08333179156637259,3.5635339985711965,3.524005606919619,-4.459567023190869,4e-05,-0.0986866982077319,0.4,0.7771914242773613,499.36466672593684,53.55651668502247,0.01935495514762091,6.826578943609935e-14,0.0038968054798547624,0.00016017689109662752,0.9958288151636229,-4105.04210210773,3.543962508568687,404475.17986654496,0.6619088666589041,0.0033694833351983,0.008915457499239866,1.0,3.9734294872553564,-0.8772213844733506,-0.3503552652361521,0.002593926191330004,0.0878940677642822,0.0950442314147949,0.006063108466918704,1.0813497865372246,5.702114681796919,2283.8773122443185,0.11613472408406603,1165.2466309796444,0.08323390226164339,3.566973399184511,3.5257443729020452,-4.455509064913701,2.5e-05,-0.10768256355752381,0.4,-0.09656365358079547,164.94212132904846,39.57895213742126,0.019330872051444774,5.0719443765728395e-14,0.007566825870163764,0.00011979768038123257,0.9908865431352738,130.9514134641807,3.042938171811477,348358.73460511625,0.6744709804653618,0.003297050373826825,0.008519517667810513,1.0,2.13969199950088,0.2779301493929045,-1.483984774382412,0.0209840083122253,0.08926408743858334,0.1065077531337738,0.011637220656772468,1.193175846972666,0.0,-0.6778034142842728
"MATLAB 4-32 PM Wed, Nov 6, 2024 Run16 .csv",0,5.356959158534228,2237.3961809641687,0.2162822103143341,1368.6486073480305,0.0,-0.7429952620690948,-0.7670795850929493,-4.716749529993303,0.0,-1.1001111523287377,0.0,0.0,0.0,0.0,0.0,0.0,0.0,0.0,0.0,-4367.880477681371,0.0,0.0,0.0,0.0,0.0,0.0,-2.029339548214985,0.0,0.0,0.0,0.0,0.0,0.0,0.0,5.641511672527333,2397.33318444099,0.08108636796358665,1247.7704821712653,0.0,-0.7398600611048232,-0.7647023872310406,-4.712635634187585,0.0,-1.1091071529414789,0.0,0.0,0.0,0.0,0.0,0.0,0.0,0.0,0.0,0.0,0.0,0.0,0.0,0.0,0.0,0.0,-1.862952932213311,0.0,0.0,0.0,0.0,0.0,0.0,0.0,0.0,1.0
"MATLAB 4-33 PM Thu, Oct 17, 2024 Run21 .csv",0,5.527620990898212,2320.2357311155693,0.29575016380209934,1330.7194796023216,0.10632824428161591,5.813692134314332,5.779635213272666,-4.523929786384956,2e-05,-1.101535606449743,1.0,-1.314964138315679,552.4281719532012,57.84202725562093,0.016214093879931137,3.176475274249428e-14,0.0022580176826250617,0.00019409764684056286,0.9972299587045022,-3933.529238269375,3.9266614131878366,483610.32212199765,0.48343186705866836,0.00280770589786839,0.006694120732392807,0.0,2.9678914163146732,0.2793502424211172,-1.6259842500903052,0.007006877660751393,0.08297704517841334,0.0889195585250854,0.004260710850015616,1.0716163528587304,5.781159095831886,2336.843369893582,0.13204396182952371,1196.8465989397696,0.10673338527309058,5.816823135629297,5.7804008430160785,-4.519759953050688,3e-05,-1.110531742325434,1.0,-0.43543922287487585,84.65257329678681,34.94546761558018,0.016275874210404568,2.903220450174629e-14,0.005729816961341376,0.0001386682417463285,0.9927392595016082,173.2584594236678,3.611000023864431,519696.23043673293,0.5145213508610571,0.0026372258603928906,0.005930147320077635,0.0,1.1344021360724983,-0.12655791490184023,-1.1024488208229744,0.01071785628795624,0.08927134811878204,0.1030643916130066,0.010228209199555208,1.1545069474684297,0.0,-0.9257989620020686
"MATLAB 4-34 PM Thu, Sep 5, 2024 Run10 .csv",0,5.740758371233638,3038.720879867613,0.18223782862022295,1220.0037032717735,0.019622074030506288,-0.668765329520477,-0.6978999767891869,8.369018969764152,0.00493,1.8970399394292512,0.015267175572519083,0.2826432378372866,9.738665572936707,20.975911336566615,0.25687222458322834,6.944319533672422e-13,0.0001384657609334904,1.871848103410391e-05,0.9997625799824724,2837.8301957581098,5.2618032089337445,25067.08276078163,2.732997815075516,0.030353477733070712,0.06721584041616475,0.09502262443438914,-0.034877619155667894,6.485545428280218,43.006563750846695,0.005073159337043796,0.04225225388548752,0.1924510753154754,0.018928364261557955,4.554812054217468,5.911209529953693,3324.8230319772642,-0.033907930238043504,1093.0315301114497,0.08737954322448194,-0.6448122835293638,-0.6947459151678507,5.573216737868458,0.00488,1.888043668290611,0.6019417475728155,0.0635960699101768,6.605257060939776,18.065313365911344,0.898830506236073,9.832361880126024e-13,0.00018302337872035286,9.206995512864892e-06,0.9996049105240588,5461.624178905507,5.46641138406209,17252.61722678264,3.147861276487234,0.047917598327631726,0.12197804805926848,0.21428571428571427,-1.8682427956416925,5.315405720051651,27.878837211329223,0.007068882584571896,0.04609834491627883,0.1674653398990631,0.019213597537789395,3.632784218244799,1.0,-0.023236389974257914
"MATLAB 4-34 PM Tue, Oct 1, 2024 Run5 .csv",0,5.904020080592095,2668.5391418729555,0.25792666295652755,1197.5253316881715,0.21023584092410313,1.7734336089870681,1.8491648251428434,-4.338289299321896,0.00016,-1.1043845146917541,1.0,-2.8324777084943213,579.3834219811437,53.03374812931543,0.0834379578422806,2.0684913951577602e-13,0.0008263692447538177,8.261708062740124e-05,0.9967296912002467,-3183.5901131064975,4.492665685286524,342084.4896075643,0.47548801896567466,0.003647446289110242,0.008748364897884692,0.0,1.9623533453739905,0.1762243753082998,-1.0029896561612146,0.017551569938659625,0.09737278938293452,0.1291604328155517,0.02163605062405017,1.3264530433405481,5.880623833516022,2945.1626697704473,0.061933605410504605,1013.4368282948798,0.21160192691632002,1.7763562110035933,1.850907318645496,-4.334007590930527,0.00012,-1.113380921093344,1.0,-2.9712561522872654,607.2816113764027,61.320609983129465,0.08398679367459673,4.283834755591394e-13,0.0016555837276769183,2.011618774287734e-05,0.9980375062858617,602.8311885417525,3.5814888589528864,594412.368992712,0.46147622715733555,0.003705043792854295,0.011661492561563916,0.0,2.1291122726441167,-0.79199345997495,-0.9509506284695362,0.020703219175338766,0.12389868855476377,0.1433213293552399,0.019554536185407433,1.156762279141407,0.0,0.8971301358403844
"MATLAB 4-36 PM Thu, Oct 17, 2024 Run22 .csv",0,5.635342357094462,2386.034482620202,0.3394486771737817,1366.1282776340622,0.3770499996384409,9.925737670607798,9.900829622163076,-4.6454742228668735,1e-05,-1.10580896881276,1.0,-0.5801921504241577,708.2698303216544,74.65606754085074,0.03532729631860584,1.2736380845992745e-14,0.004632160354756494,0.00029049965496704777,0.9945009181520788,-4182.338962301986,3.994462033857431,373417.38293395017,0.3023318428517471,0.00278729167352721,0.007843626939063875,0.0,2.9595843099036494,-0.6113940584954811,-1.5000000000000058,0.004226615428924552,0.07617438753445939,0.0795153713226318,0.003671267555248198,1.0438596737868229,5.7553206945554525,2318.411587252685,0.15662671980722542,1191.9534974262056,0.3762499996391506,9.92805607297555,9.90236054754597,-4.6411365769469555,1e-05,-1.114805510477299,1.0,0.15703719768507565,30.62483042111166,32.138526379084624,0.03525498371695708,1.2960594704312254e-14,0.01217182634991337,0.00023987666995184384,0.9854013851972305,80.95756190312754,3.766942125890892,578326.5951997442,0.33206001134008356,0.0028874794887172503,0.006917918372386624,0.0,-0.873532659070074,-0.474491314345013,-1.4999999999999996,0.010999287962913495,0.0874055246512095,0.0968157088756561,0.009257792673055577,1.1076612063367597,0.0,-0.40835671591489275
"MATLAB 4-38 PM Thu, Oct 10, 2024 Run9 .csv",0,5.63388961447748,2299.51377521993,0.2301317926880115,1253.0341196764284,0.11674500852779113,-0.5295393118410777,-0.5894555643372685,-0.25261080843108896,0.00494,-1.1072334229337653,1.0,-0.6965961557770782,23.230446455493166,16.813965698340517,0.5334420665422837,3.972097205440728e-11,0.00011533357164610583,9.219586456141937e-05,0.9975808665236962,4245.205081704236,5.256153068867807,70294.27903497485,38.31499416739736,0.18659514041032418,0.3551638944452007,0.0,-0.04318472556669217,-0.16371572566897388,-1.8033352697315987,0.13771968245506278,0.1545006636248694,0.235943192243576,0.06549957939339997,1.5271338433629686,5.865229551123196,2747.7341224588636,0.022099014470656347,1103.5928677810964,0.10353890770141978,-0.5964955636068033,-0.6459862070235615,1.9518047771847815,0.00492,-0.11623009986125399,0.8656716417910447,0.1192368005392087,16.089221232311285,12.933617920060003,0.6959110263495673,2.86412714518819e-11,8.627471718427232e-05,3.8325979890502085e-06,0.9994646847130663,11584.67645368609,5.516663118139616,96453.79005193803,29.619246418233914,0.1371792856306389,0.4616129422554437,1.0,0.1238224092157354,0.7734604655624261,-1.0198608315753304,0.11069485247135163,0.14429922434821055,0.3025422632694244,0.07066426823399738,2.0966312510409293,2.0,0.16824391757795787
"MATLAB 4-38 PM Thu, Oct 17, 2024 Run23 .csv",True,0.0,0.0,0.0,0.0,0.0,-0.7494708488357773,-0.7747907599909314,-4.759837069438635,0.0,-1.108657877054771,0.0,0.0,0.0,0.0,0.0,0.0,0.0,0.0,0.0,-4411.610462000107,0.0,0.0,0.0,0.0,0.0,0.0,-2.0459537610370337,0.0,0.0,0.0,0.0,0.0,0.0,0.0,0.0,0.0,-0.19574146873043888,0.0,0.0,-0.7463608457673541,-0.7724829708486175,-4.755387548461617,0.0,-1.117654689245209,0.0,0.0,0.0,0.0,0.0,0.0,0.0,0.0,0.0,0.0,0.0,0.0,0.0,0.0,0.0,0.0,-1.8788225224984554,0.0,0.0,0.0,0.0,0.0,0.0,0.0,0.0,0.0
"MATLAB 4-38 PM Tue, Oct 1, 2024 Run6 .csv",0,5.844489923812066,2737.8347544902767,0.2094912975247204,1351.2288978568245,0.01646867143733089,-0.694307175493568,-0.7287759558491724,13.033159691523403,0.0048,1.8899176688242236,0.0,-0.41435456954918815,4.254257873977807,5.94702746845522,0.2928131438460861,1.923485160474237e-13,7.397313802821984e-05,4.008086319346442e-05,0.9966023264782544,9053.59072229923,5.5904405856199935,3907.6160969766534,25.69109485399355,0.12200785805253844,0.2745387440241814,0.05298570227081581,-1.0487227965073749,0.5564541842284094,-0.23480377555416876,0.004977581799030267,0.06828003725309047,0.0794999504089355,0.0032624502096324543,1.1643220128052463,5.657288739526279,2851.168421900182,-0.03418919183945948,1139.614224799281,0.014885594349838192,-0.6902443099284074,-0.7279297348254051,12.737662149733413,0.00468,1.8809207213708359,0.0,-0.051056009200482734,3.669405120311877,5.30125817195058,0.26023766368906326,3.5599600204937653e-13,9.697639369022631e-05,1.3464759497738021e-06,0.9994124015418059,10305.728677994044,5.444778391078581,2413.336805682997,27.077916489667377,0.12173978583605331,0.4007943581640943,0.0499603489294211,-0.8814674542126462,-0.8935203813408154,-0.1238193863695809,0.0118249493837356,0.10205588221549984,0.114236843585968,0.008215225810655013,1.1193557990586667,0.0,0.06461882214973404
"MATLAB 4-39 PM Thu, Oct 10, 2024 Run10.csv",0,5.659764932545629,2356.1716866311103,0.22808951611619915,1212.3315632080719,0.0,-0.7516293777580048,-0.7773611516235921,-4.77419958258708,0.0,-1.1115067852967822,0.0,0.0,0.0,0.0,0.0,0.0,0.0,0.0,0.0,-4426.187123439686,0.0,0.0,0.0,0.0,0.0,0.0,-2.0514918319777165,0.0,0.0,0.0,0.0,0.0,0.0,0.0,5.832225229371328,2784.869818253754,0.01498534122249176,997.9579537739606,0.0,-0.7485277739881977,-0.7750764987211431,-4.769638186552962,0.0,-1.1205038680131192,0.0,0.0,0.0,0.0,0.0,0.0,0.0,0.0,0.0,0.0,0.0,0.0,0.0,0.0,0.0,0.0,-1.884112385926837,0.0,0.0,0.0,0.0,0.0,0.0,0.0,0.0,0.0
"MATLAB 4-40 PM Thu, Oct 17, 2024 Run24 .csv",True,0.0,0.0,0.0,0.0,0.0,-0.7527086422191185,-0.7786463474399223,-4.781380839161303,0.0,-1.1129312394177875,0.0,0.0,0.0,0.0,0.0,0.0,0.0,0.0,0.0,-4433.475454159475,0.0,0.0,0.0,0.0,0.0,0.0,-2.054260867448058,0.0,0.0,0.0,0.0,0.0,0.0,0.0,0.0,0.0,-0.1961107644224071,0.0,0.0,-0.7496112380986195,-0.776373262657406,-4.776763505598634,0.0,-1.121928457397074,0.0,0.0,0.0,0.0,0.0,0.0,0.0,0.0,0.0,0.0,0.0,0.0,0.0,0.0,0.0,0.0,-1.8867573176410277,0.0,0.0,0.0,0.0,0.0,0.0,0.0,0.0,0.0
"MATLAB 4-43 PM Tue, Oct 1, 2024 Run7 .csv",0,6.0967867419496535,2901.195654764473,0.25757372935917505,1166.542820274856,0.01700474599158596,-0.695436444743735,-0.7307815432998026,12.361523669919777,0.004985,1.8856443064612067,0.0,-0.3142530830870643,5.402121661350387,6.721938359895868,0.2914193651239089,4.1826309899612873e-13,0.0006361287271845935,4.432382783763489e-05,0.9938602963490024,-2878.4065859713114,5.8403587281240075,5149.11560699775,26.384047259134157,0.2205165131358254,0.5785714433100445,0.025609542185581476,-0.057029902918399156,0.11053565852383512,-0.767123925309996,0.0071093624830246005,0.07417081832885739,0.0867432820796966,0.004810315001710697,1.1695068766141372,5.786835921203641,3141.703126991971,0.00118507314932631,923.6463364552371,0.018576519141128883,-0.6920682316728568,-0.7302700266358789,12.266196440919712,0.004985,1.876646953218971,0.0,-0.05149098174996904,3.5239243046141384,5.592758480368457,0.3168623144329214,1.0753840014537317e-12,0.000862616003061626,3.743583901436186e-06,0.9982107740406746,1157.1901871722655,5.5595963560301005,2199.254887923116,24.771792331936677,0.260475132670074,0.9029984787306876,0.026142628490129823,0.1105977506447815,-0.2728533276661692,-0.8127683108163306,0.008938347101211497,0.09117695869938017,0.105379456281662,0.005858520745999082,1.1557684944187372,5.0,-0.010582170472005967
"MATLAB 4-47 PM Tue, Oct 1, 2024 Run8 .csv",0,5.932498706596419,2458.261600400126,0.2779853157692814,1208.9390838683037,0.04658716032265478,-0.4810866158288599,-0.5125167393106695,-1.1457250989778598,0.00062,-0.1157801476597986,0.1232876712328767,-1.5533168497414909,77.95056030819327,19.7355526235663,0.17016241445445754,2.152391217271975e-11,0.002944609346823964,0.00011262338553837996,0.9936516797092252,-4110.604406013749,3.7897046218465773,711143.1154687485,34.314095128416064,0.2338380197925097,0.6077213792558505,1.0,3.9402010616112593,0.6952834588994283,5.895309571392682,0.009451735019683799,0.1938453653250655,0.2398761677742004,0.009647701907105637,1.237461454762895,5.875311375199765,2859.0113798537895,0.05743946800554922,1053.7461306527184,0.04660236337325095,-0.4780295554513932,-0.5107167907688107,-1.140995890358091,0.00061,-0.12477763616498416,0.2054794520547945,-0.5530838203557328,68.31050171489082,19.00934460592356,0.17023780769324326,4.5301126395685405e-11,0.002098752098593291,1.246076579422244e-05,0.9974861325592076,475.2758237753675,3.5404546964505355,841385.7995792982,31.682597691516435,0.19847681728705452,0.7996153529892369,1.0,4.107952818930591,-0.9530513274854738,0.07717380526098205,0.016677075624465992,0.2395253507895012,0.256852023601532,0.012855911863315465,1.0723375323527142,1.0,-0.3936065852855374
"MATLAB 4-52 PM Tue, Oct 1, 2024 Run9 .csv",0,5.903564689465085,2472.7200310593075,0.24229562069039354,1194.136960286574,0.08932273797722629,-0.4186602290044407,-0.40930193522125125,-1.8028946059284188,0.00133,-0.11720460178080438,0.06666666666666667,-1.587156765212336,100.62399311100624,19.57784636158421,0.2648277226577546,1.893244427870682e-11,0.0001394453196622721,7.905095080687462e-05,0.9968655882634108,2693.451572500844,4.368157456105338,368395.50467376964,14.189453632009256,0.0803108821696282,0.17683021806368343,1.0,-0.06256797385908186,-0.7014560394571854,3.233156341446935,0.016772171258926355,0.19923499226570132,0.2517136466503143,0.019578202215313475,1.2634007901314195,5.8615994149272375,2901.528893125032,0.015656817391937417,1038.0177964307916,0.08890609328036275,-0.4155650790042893,-0.4081635547958995,-1.7981094597801004,0.00118,-0.12620222554893923,0.06666666666666667,-0.5642274316909849,88.50486940589425,21.379526157505655,0.2635843530110168,3.8007830505506604e-11,0.00011652015931457728,5.968268461488817e-06,0.9994155786086102,8577.19028610681,3.8625052929143386,611392.996352784,12.65293599486274,0.07738414363836017,0.25387668275544106,1.0,0.10530788721640016,-1.7296048826501909,3.891869224577305,0.023452478945255317,0.2437570334672928,0.2718585002422333,0.02456687916921808,1.1152847422501602,0.0,0.3269946979985731
"MATLAB 4-53 PM Thu, Oct 10, 2024 Run11.csv",0,5.751175854504002,2356.1809874274777,0.23744463251512246,1233.1576722995246,0.09428425523234267,-0.5261582584074582,-0.5368871309240135,-0.41006186112338483,0.0013,0.8813709440981903,0.2727272727272727,-0.8271665300962892,27.93310292836627,14.683853791902639,0.4083913026280346,5.976588214934007e-11,0.00010106621073071075,8.017789812339067e-05,0.9975196040765045,5407.332675601352,5.199283645369388,74753.6948774986,47.12731535058596,0.23531166507657192,0.4955789534177728,0.7352941176470589,-1.0653370093294234,-0.04226438197691264,0.7835831346483615,0.023506612777709962,0.2352658987045288,0.2799602627754212,0.022140830832837112,1.1899738309589194,5.839119759553031,2814.5282363682877,0.011774833757255798,1038.8894552668423,0.09637257070120234,-0.5553850947160602,-0.5599103185986825,0.2947862232431122,0.00583,1.8723731850671057,0.43137254901960786,0.15604585459471554,19.729448464131586,11.923586052131945,0.48535742740987936,7.08623527260269e-11,6.543496057550157e-05,3.62008566139255e-06,0.9993685127789149,15272.699853250497,5.411812872265732,97917.98087355601,35.431880572631904,0.198554704017261,0.7007741564806471,0.3333333333333333,-0.8973370444977906,-1.072297124226707,0.3083891589898258,0.07146469056606303,0.24934184964965375,0.335999220609665,0.06469954242456816,1.3475444297929613,0.0,-0.3033760513342191
"MATLAB 4-56 PM Tue, Oct 1, 2024 Run10 .csv",0,5.88746349735573,2440.935126353783,0.24720376985583078,1197.8131872588394,0.008352660574481448,-0.0753906794145881,-0.10167232712559904,-3.3172721205546383,0.00017,-0.1200535100228155,0.0,-2.115347305717823,197.78742892868166,25.98666261508637,0.012234489238985886,1.3265452888533366e-11,0.00020094121586794364,7.984146586997724e-05,0.9968085495733037,490.78020497405123,4.484205397465497,417288.8409294288,8.00543931274722,0.04321896128754203,0.09759904693065978,1.0,4.931893955200235,-0.03967643004548869,-1.7927170702504174,0.03293071866035463,0.21594560837745663,0.2336024260520935,0.016118739908306753,1.0817651157960761,5.883711132301865,2906.541342067596,0.023982055526610258,1050.010622448099,0.14990446929880646,-0.11785522588127917,-0.10275708293831476,-3.2123740992507006,0.00458,-0.12905140431684936,0.0625,-0.5928064668230933,180.80241755216903,29.0707865127065,0.23526481977400476,2.27167748547897e-11,0.00017017289521679288,6.629386755319419e-06,0.9992628880878337,5872.044938853606,3.7763073903585536,700103.2378702898,6.778078202191122,0.04243436112976103,0.13777802731519656,1.0,5.100018023788019,-2.906802526680326,7.94950221059047,0.02864707797765731,0.2467067490518093,0.2824372470378876,0.05066659458380603,1.1448298359222218,0.0,-0.36361109755361803
"MATLAB 4-57 PM Tue, Oct 1, 2024 Run11 .csv",0,5.856574870101072,2443.41036288083,0.23511365511022642,1187.3476886028755,0.1782487545964672,-0.06728422959816738,-0.04235752299714224,-3.3244533771288607,0.00076,-0.12147796414382084,0.0,-1.9537998662985392,195.93545788500765,26.422138573455662,0.25762213434633086,1.1619845952885637e-11,0.00015203062615847603,7.126079132654409e-05,0.9967980256721438,2079.35524182239,4.4747441710039695,461804.7488102353,7.4015208854348895,0.040120015011587615,0.09145281871245883,1.0,-0.07087508027010614,-2.119392828203712,4.967349138974634,0.021287928819656327,0.21024265464146927,0.2355416059494018,0.024503306885694888,1.1203321531069672,5.891659370972069,2932.261392426491,0.020711625898982178,1043.5941116700997,0.178258906366156,-0.06424059480206301,-0.041303846933196664,-3.319500418394891,0.00119,-0.13047599370080443,0.06666666666666667,-0.7594536616802374,188.68584903038968,30.93477188140393,0.2576474459886166,1.839207416406188e-11,0.00016419358987913364,6.913216007845766e-06,0.9992666446049804,6085.905334919357,3.806689397997857,691050.3298301238,6.188589454191776,0.040042189815458866,0.1270471623603765,1.0,0.09737309207382783,-2.4014564956756472,5.639820089778123,0.031066073179245007,0.24986604984601343,0.2822290647029877,0.0387679835683262,1.129521457104392,0.0,0.7021362289748763
"MATLAB 4-58 PM Thu, Oct 10, 2024 Run12.csv",0,5.814362401772581,2730.6574194178047,0.20315752643143228,1223.67879060891,0.024498877105681962,-0.6798277211603871,-0.706942718225382,7.568474377035414,0.00496,1.8770975817351734,0.0,-0.28117486138342557,9.510915044741456,8.479109194398644,0.30457688674153965,2.0902473696271614e-12,6.90081631286141e-05,3.1666024153341665e-05,0.9969234075605148,9961.962452256508,5.343926955452631,96366.9629636723,11.082977152859826,0.06793395393045407,0.17100060617845228,0.09386281588447654,-1.0736441157404477,-0.32307991337471964,0.26469844361524864,0.005281662940978954,0.07461128240631469,0.0826143324375152,0.0041731976328025,1.1072632686785608,5.776964024404813,3175.991516395365,-0.03672654334249914,986.5554112439643,0.02525088004151435,-0.6777114869419276,-0.7046506102824812,7.77348527349497,0.00459,1.8680994169152405,0.0,-0.021536794555909945,6.449878970828795,6.503814126785004,0.3176850694965682,3.689245338987572e-12,8.153446013613397e-05,1.4930799336553463e-06,0.999044445165644,12253.033177598649,5.4367165534996245,109646.26099554713,8.614238929512505,0.08880815606229552,0.28040530085735443,0.14442013129102846,-0.9052718396403627,-0.595951957979302,-0.6630244935545457,0.017537112832069365,0.0940062519576814,0.1109676098823547,0.011580295690351121,1.180427977623326,1.0,-0.04855211971349438
"MATLAB 4-59 PM Tue, Oct 1, 2024 Run12 .csv",0,5.896155905072323,2437.7282990222466,0.2496531700376654,1188.7445465009732,0.0070671034048691815,0.3019350189287665,0.27507208508599756,-3.838820890769896,0.0001,-0.12432687238583195,0.0,-2.539633370137707,293.56817959722906,31.62495637776057,0.006646526014954913,6.101240174636069e-12,0.0002149602375207361,7.93294581021244e-05,0.9974006244366407,148.14868886553904,4.215731044194919,300859.7103989854,5.110989429022216,0.02755147971363448,0.06347626205170435,1.0,-1.0764131512107888,-0.15356178747005558,-1.5715449434305948,0.028046304881572726,0.21881479787826538,0.2372276258468628,0.015484043994647612,1.0841480016303153,5.905047574497082,2927.660448476445,0.030171278397085305,1053.0791699033798,0.0066691291694646005,0.3047432702994717,0.2772526249049898,-3.833756056978827,9e-05,-0.13332517246871456,0.0,0.09295913867226405,273.06942799849975,34.10187464907649,0.00627374389354252,1.0524878065764768e-11,0.00024041109358341662,7.429066809533237e-06,0.9992142117973789,4156.273310452193,3.5677937579289574,559461.9749079174,4.285512961987113,0.028173051895436417,0.08938068860437372,1.0,0.09208322864544649,0.2919750340399481,-1.5065145710460843,0.02740119665861135,0.2635299860239029,0.285146187543869,0.014298403222317081,1.0820255859536436,0.0,-0.8327307067551191
"MATLAB 5-01 PM Thu, Oct 10, 2024 Run13.csv",0,5.74414535455977,2651.052542660503,0.20668996410241128,1222.7686855573306,0.0031902856029386853,-0.6736967972224502,-0.7016131098650076,6.35409986270475,0.00269,1.8742486734931623,0.0,-0.5062009364585485,22.362014570642152,11.786877869421884,0.03595691752445933,2.241170787266024e-12,8.001554546948109e-05,3.395128557693682e-05,0.9962128755825149,7951.171203501911,4.450476265185203,389262.1495377675,6.967953545690905,0.03915718454633592,0.09919330095724777,0.18006430868167203,-0.07918218668113042,-0.6541568888925783,-0.2474196611496322,0.005694654285907735,0.077727480456233,0.0836623120307922,0.0037916978028876215,1.0763543542093972,5.751993030252215,3114.2823291447576,-0.023512264676629535,992.9932375347355,0.0030902881215828636,-0.670657009765526,-0.7001441381616568,6.359220634024369,0.00204,1.8652502381473304,0.0,-0.029544094806702156,18.012660535749177,10.144719586525294,0.034837652905082804,3.601434204057635e-12,0.00012004243096289849,2.0913081204408794e-06,0.9988194513256351,8320.55335195886,4.504793332229922,672373.0601340669,5.3251929477813436,0.04800357398186629,0.16173608820734156,0.15730337078651685,2.089438296931256,-0.34284595708545657,-1.209806607397927,0.031192653179168722,0.10385947510600088,0.1312486815452576,0.016888012221736096,1.263714084933539,0.0,-0.4814422824669815
"MATLAB 5-01 PM Tue, Oct 1, 2024 Run13 .csv",0,5.903335460294668,2454.876254949449,0.2617027017548717,1175.8750945674167,0.0,-0.763501286830256,-0.7914983056032256,-4.853193404903523,0.0,-1.127175780627843,0.0,0.0,0.0,0.0,0.0,0.0,0.0,0.0,0.0,-4506.358761357367,0.0,0.0,0.0,0.0,0.0,0.0,-2.081951222151472,0.0,0.0,0.0,0.0,0.0,0.0,0.0,5.910536623602612,2958.2203563293033,0.061375586304771024,1032.9702299863334,0.0,-0.7604458792028375,-0.7893409020200343,-4.848016696055354,0.0,-1.1361743512366247,0.0,0.0,0.0,0.0,0.0,0.0,0.0,0.0,0.0,0.0,0.0,0.0,0.0,0.0,0.0,0.0,-1.913206634782935,0.0,0.0,0.0,0.0,0.0,0.0,0.0,0.0,-1.0
"MATLAB 5-05 PM Thu, Oct 10, 2024 Run14.csv",0,5.748273773679714,2616.706178303425,0.21833890270691408,1222.2566154729898,0.03446893908918293,-0.3966842553207145,-0.4315835017396039,-2.060346658719233,0.00045,-0.12860023474884885,0.0,-1.1072837546420906,95.50288304017631,22.60366028274294,0.09369199817095278,5.605799343714169e-13,0.0001937218109466175,3.6943278366199633e-05,0.9961844384937172,628.6981793503764,4.387680650430402,379346.6071951987,1.77812470540194,0.00969136506277485,0.02580092569009135,1.0,-2.084720257621813,-0.1018768583484173,-0.46615567247270384,0.0056578689813613775,0.08044335693120953,0.0884235191345215,0.004056097922957941,1.0992022524636327,5.824591264772266,3075.6098065298734,0.0002717965874397543,998.7976838533863,0.03496976468688554,-0.39352934363899283,-0.42603766627935746,-2.0551140123425133,0.00041,-0.13759894062057976,0.0,0.4568584428786369,82.03998442195521,19.90964259204997,0.09502653455934476,7.225453658466877e-13,0.0003744389736745968,5.7790118387772154e-06,0.9984081931758387,2666.41098648961,3.8293256454116267,657471.5412278299,1.3380680828590197,0.011348565025886466,0.03795288735018284,1.0,0.08414843350287415,-0.4951740172371187,-1.0603740214423296,0.022096241712570144,0.1132151851058006,0.1299732434749603,0.0128643566652982,1.14801952894834,0.0,-0.4054522216640435
